ISO-10303-21;
HEADER;
FILE_DESCRIPTION(('Creo Elements/Direct Modeling STEP Export'),'2;1');
FILE_NAME(
'D:/temp/JobSpoolerServerData/JobServer Files/ac2ad167-dbf1-4ae9-aa55-d1
4c7c8f6a1c/work/output/model.stp','2018-02-10T13:40:55',(''),(''),
'Creo Elements/Direct Modeling STEP processor for AP214 (Solid Model)',
'Creo Elements/Direct Modeling 18.1I  14-Aug-2016 (C) Parametric Technol
ogy GmbH','');
FILE_SCHEMA(('AUTOMOTIVE_DESIGN { 1 0 10303 214 1 1 1 1 }'));
ENDSEC;
DATA;
#10=CARTESIAN_POINT('',(16.1022666567551,40.6002563333334,
-35.1032861188318));
#20=DIRECTION('',(-0.,0.,-1.));
#30=DIRECTION('',(-1.,-1.4210854715202E-14,0.));
#40=AXIS2_PLACEMENT_3D('',#10,#20,#30);
#50=PLANE('',#40);
#60=CARTESIAN_POINT('',(18.1836462030948,43.7769229999999,
-35.1032861188318));
#70=DIRECTION('',(1.4210854715202E-14,-1.,0.));
#80=VECTOR('',#70,1.);
#90=LINE('',#60,#80);
#100=CARTESIAN_POINT('',(18.1836462030948,45.4502563333335,
-35.1032861188318));
#110=VERTEX_POINT('',#100);
#120=CARTESIAN_POINT('',(18.1836462030948,41.0002563333335,
-35.1032861188318));
#130=VERTEX_POINT('',#120);
#140=EDGE_CURVE('',#110,#130,#90,.T.);
#150=ORIENTED_EDGE('',*,*,#140,.T.);
#160=CARTESIAN_POINT('',(29.816979536428,45.4502563333335,
-35.1032861188318));
#170=DIRECTION('',(-1.,0.,0.));
#180=VECTOR('',#170,1.);
#190=LINE('',#160,#180);
#200=CARTESIAN_POINT('',(17.7836462030948,45.4502563333335,
-35.1032861188318));
#210=VERTEX_POINT('',#200);
#220=EDGE_CURVE('',#110,#210,#190,.T.);
#230=ORIENTED_EDGE('',*,*,#220,.F.);
#240=CARTESIAN_POINT('',(17.7836462030948,43.7769229999999,
-35.1032861188318));
#250=DIRECTION('',(0.,-1.,-0.));
#260=VECTOR('',#250,1.);
#270=LINE('',#240,#260);
#280=CARTESIAN_POINT('',(17.7836462030948,40.6002563333334,
-35.1032861188318));
#290=VERTEX_POINT('',#280);
#300=EDGE_CURVE('',#210,#290,#270,.T.);
#310=ORIENTED_EDGE('',*,*,#300,.F.);
#320=CARTESIAN_POINT('',(29.8169795364281,40.6002563333336,
-35.1032861188318));
#330=DIRECTION('',(1.,1.4210854715202E-14,0.));
#340=VECTOR('',#330,1.);
#350=LINE('',#320,#340);
#360=CARTESIAN_POINT('',(19.9836462030947,40.6002563333335,
-35.1032861188318));
#370=VERTEX_POINT('',#360);
#380=EDGE_CURVE('',#290,#370,#350,.T.);
#390=ORIENTED_EDGE('',*,*,#380,.F.);
#400=CARTESIAN_POINT('',(19.9836462030952,1.4210854715202E-14,
-35.1032861188318));
#410=DIRECTION('',(-1.4210854715202E-14,1.,0.));
#420=VECTOR('',#410,1.);
#430=LINE('',#400,#420);
#440=CARTESIAN_POINT('',(19.9836462030947,41.0002563333335,
-35.1032861188318));
#450=VERTEX_POINT('',#440);
#460=EDGE_CURVE('',#370,#450,#430,.T.);
#470=ORIENTED_EDGE('',*,*,#460,.F.);
#480=CARTESIAN_POINT('',(29.8169795364281,41.0002563333336,
-35.1032861188318));
#490=DIRECTION('',(1.,1.4210854715202E-14,0.));
#500=VECTOR('',#490,1.);
#510=LINE('',#480,#500);
#520=EDGE_CURVE('',#130,#450,#510,.T.);
#530=ORIENTED_EDGE('',*,*,#520,.T.);
#540=EDGE_LOOP('',(#530,#470,#390,#310,#230,#150));
#550=FACE_OUTER_BOUND('',#540,.T.);
#560=ADVANCED_FACE('',(#550),#50,.T.);
#570=CARTESIAN_POINT('',(24.8836462030947,43.776923,-35.6032861188319));
#580=DIRECTION('',(-0.00872653549837393,-1.24011528134445E-16,
-0.999961923064171));
#590=DIRECTION('',(-1.4210854715202E-14,1.,4.13041361561426E-32));
#600=AXIS2_PLACEMENT_3D('',#570,#580,#590);
#610=PLANE('',#600);
#620=CARTESIAN_POINT('',(22.3836462030947,43.7769230000001,
-35.581468949355));
#630=DIRECTION('',(1.4210854715202E-14,-1.,-7.88890943770854E-31));
#640=VECTOR('',#630,1.);
#650=LINE('',#620,#640);
#660=CARTESIAN_POINT('',(22.3836462030948,41.2220735028104,
-35.581468949355));
#670=VERTEX_POINT('',#660);
#680=CARTESIAN_POINT('',(22.3836462030948,40.6002563333335,
-35.581468949355));
#690=VERTEX_POINT('',#680);
#700=EDGE_CURVE('',#670,#690,#650,.T.);
#710=ORIENTED_EDGE('',*,*,#700,.T.);
#720=CARTESIAN_POINT('',(29.8169795364281,41.1572037855659,
-35.6463386665996));
#730=DIRECTION('',(0.999923850477571,-0.00872620324393001,
-0.00872620324394422));
#740=VECTOR('',#730,1.);
#750=LINE('',#720,#740);
#760=CARTESIAN_POINT('',(24.8836462030948,41.2002563333335,
-35.6032861188319));
#770=VERTEX_POINT('',#760);
#780=EDGE_CURVE('',#670,#770,#750,.T.);
#790=ORIENTED_EDGE('',*,*,#780,.F.);
#800=CARTESIAN_POINT('',(24.8836462030947,43.7769230000001,
-35.6032861188319));
#810=DIRECTION('',(-1.4210854715202E-14,1.,7.88890943770854E-31));
#820=VECTOR('',#810,1.);
#830=LINE('',#800,#820);
#840=CARTESIAN_POINT('',(24.8836462030948,40.6002563333335,
-35.6032861188319));
#850=VERTEX_POINT('',#840);
#860=EDGE_CURVE('',#850,#770,#830,.T.);
#870=ORIENTED_EDGE('',*,*,#860,.T.);
#880=CARTESIAN_POINT('',(29.8169795364281,40.6002563333336,
-35.6463386665996));
#890=DIRECTION('',(-0.999961923064171,-1.4209987353464E-14,
0.00872653549837393));
#900=VECTOR('',#890,1.);
#910=LINE('',#880,#900);
#920=EDGE_CURVE('',#850,#690,#910,.T.);
#930=ORIENTED_EDGE('',*,*,#920,.F.);
#940=EDGE_LOOP('',(#930,#870,#790,#710));
#950=FACE_OUTER_BOUND('',#940,.T.);
#960=ADVANCED_FACE('',(#950),#610,.F.);
#970=CARTESIAN_POINT('',(18.2011462030947,38.8502563333336,
-38.8857861188318));
#980=DIRECTION('',(0.,-0.363345276491644,-0.931654555106779));
#990=DIRECTION('',(0.,0.931654555106779,-0.363345276491644));
#1000=AXIS2_PLACEMENT_3D('',#970,#980,#990);
#1010=PLANE('',#1000);
#1020=CARTESIAN_POINT('',(19.0086462030946,40.6002563333335,
-39.5682861188318));
#1030=DIRECTION('',(0.341501416245907,0.875644657040788,
-0.341501416245907));
#1040=VECTOR('',#1030,1.);
#1050=LINE('',#1020,#1040);
#1060=CARTESIAN_POINT('',(18.2286462030947,38.6002563333336,
-38.7882861188318));
#1070=VERTEX_POINT('',#1060);
#1080=CARTESIAN_POINT('',(18.4236462030947,39.1002563333336,
-38.9832861188318));
#1090=VERTEX_POINT('',#1080);
#1100=EDGE_CURVE('',#1070,#1090,#1050,.T.);
#1110=ORIENTED_EDGE('',*,*,#1100,.F.);
#1120=CARTESIAN_POINT('',(29.8169795364281,39.1002563333336,
-38.9832861188318));
#1130=DIRECTION('',(-1.,0.,0.));
#1140=VECTOR('',#1130,1.);
#1150=LINE('',#1120,#1140);
#1160=CARTESIAN_POINT('',(17.7836462030947,39.1002563333336,
-38.9832861188318));
#1170=VERTEX_POINT('',#1160);
#1180=EDGE_CURVE('',#1090,#1170,#1150,.T.);
#1190=ORIENTED_EDGE('',*,*,#1180,.F.);
#1200=CARTESIAN_POINT('',(17.1986462030947,40.6002563333335,
-39.5682861188318));
#1210=DIRECTION('',(-0.341501416245907,0.875644657040788,
-0.341501416245907));
#1220=VECTOR('',#1210,1.);
#1230=LINE('',#1200,#1220);
#1240=CARTESIAN_POINT('',(17.9786462030947,38.6002563333336,
-38.7882861188318));
#1250=VERTEX_POINT('',#1240);
#1260=EDGE_CURVE('',#1250,#1170,#1230,.T.);
#1270=ORIENTED_EDGE('',*,*,#1260,.T.);
#1280=CARTESIAN_POINT('',(18.2011462030947,38.6002563333336,
-38.7882861188318));
#1290=DIRECTION('',(1.,0.,0.));
#1300=VECTOR('',#1290,1.);
#1310=LINE('',#1280,#1300);
#1320=EDGE_CURVE('',#1250,#1070,#1310,.T.);
#1330=ORIENTED_EDGE('',*,*,#1320,.F.);
#1340=EDGE_LOOP('',(#1330,#1270,#1190,#1110));
#1350=FACE_OUTER_BOUND('',#1340,.T.);
#1360=ADVANCED_FACE('',(#1350),#1010,.T.);
#1370=COLOUR_RGB('',1.,0.843137323856354,0.);
#1380=FILL_AREA_STYLE_COLOUR('',#1370);
#1390=FILL_AREA_STYLE('',(#1380));
#1400=SURFACE_STYLE_FILL_AREA(#1390);
#1410=SURFACE_SIDE_STYLE('',(#1400));
#1420=SURFACE_STYLE_USAGE(.BOTH.,#1410);
#1430=PRESENTATION_STYLE_ASSIGNMENT((#1420));
#1440=CARTESIAN_POINT('',(19.9836462030946,41.0002563333335,
-36.4432861188318));
#1450=DIRECTION('',(-1.,-1.4210854715202E-14,-0.));
#1460=DIRECTION('',(-1.4210854715202E-14,1.,0.));
#1470=AXIS2_PLACEMENT_3D('',#1440,#1450,#1460);
#1480=PLANE('',#1470);
#1490=CARTESIAN_POINT('',(19.9836462030952,2.8421709430404E-14,
-37.1432861188318));
#1500=DIRECTION('',(-1.4210854715202E-14,1.,0.));
#1510=VECTOR('',#1500,1.);
#1520=LINE('',#1490,#1510);
#1530=CARTESIAN_POINT('',(19.9836462030947,40.6002563333335,
-37.1432861188318));
#1540=VERTEX_POINT('',#1530);
#1550=CARTESIAN_POINT('',(19.9836462030946,41.0002563333335,
-37.1432861188318));
#1560=VERTEX_POINT('',#1550);
#1570=EDGE_CURVE('',#1540,#1560,#1520,.T.);
#1580=ORIENTED_EDGE('',*,*,#1570,.F.);
#1590=CARTESIAN_POINT('',(19.9836462030947,41.0002563333335,
-63.8665722376636));
#1600=DIRECTION('',(0.,0.,1.));
#1610=VECTOR('',#1600,1.);
#1620=LINE('',#1590,#1610);
#1630=EDGE_CURVE('',#1560,#450,#1620,.T.);
#1640=ORIENTED_EDGE('',*,*,#1630,.F.);
#1650=ORIENTED_EDGE('',*,*,#460,.T.);
#1660=CARTESIAN_POINT('',(19.9836462030947,40.6002563333335,
-42.4732861188318));
#1670=DIRECTION('',(0.,0.,-1.));
#1680=VECTOR('',#1670,1.);
#1690=LINE('',#1660,#1680);
#1700=EDGE_CURVE('',#370,#1540,#1690,.T.);
#1710=ORIENTED_EDGE('',*,*,#1700,.F.);
#1720=EDGE_LOOP('',(#1710,#1650,#1640,#1580));
#1730=FACE_OUTER_BOUND('',#1720,.T.);
#1740=ADVANCED_FACE('',(#1730),#1480,.T.);
#1750=CARTESIAN_POINT('',(24.8836462030948,40.6002563333335,
-42.4732861188318));
#1760=DIRECTION('',(-1.4210854715202E-14,1.,0.));
#1770=DIRECTION('',(1.,1.4210854715202E-14,0.));
#1780=AXIS2_PLACEMENT_3D('',#1750,#1760,#1770);
#1790=PLANE('',#1780);
#1800=ORIENTED_EDGE('',*,*,#920,.T.);
#1810=CARTESIAN_POINT('',(24.8836462030948,40.6002563333335,
-37.3932861188318));
#1820=DIRECTION('',(0.,0.,1.));
#1830=VECTOR('',#1820,1.);
#1840=LINE('',#1810,#1830);
#1850=CARTESIAN_POINT('',(24.8836462030948,40.6002563333336,
-46.8032861188318));
#1860=VERTEX_POINT('',#1850);
#1870=EDGE_CURVE('',#1860,#850,#1840,.T.);
#1880=ORIENTED_EDGE('',*,*,#1870,.T.);
#1890=CARTESIAN_POINT('',(29.8169795364281,40.6002563333337,
-46.760233571064));
#1900=DIRECTION('',(-0.999961923064171,-1.42103136093989E-14,
-0.00872653549837393));
#1910=VECTOR('',#1900,1.);
#1920=LINE('',#1890,#1910);
#1930=CARTESIAN_POINT('',(22.3836462030948,40.6002563333335,
-46.8251032883087));
#1940=VERTEX_POINT('',#1930);
#1950=EDGE_CURVE('',#1860,#1940,#1920,.T.);
#1960=ORIENTED_EDGE('',*,*,#1950,.F.);
#1970=CARTESIAN_POINT('',(22.3836462030948,40.6002563333335,
-45.0132861188318));
#1980=DIRECTION('',(0.,0.,1.));
#1990=VECTOR('',#1980,1.);
#2000=LINE('',#1970,#1990);
#2010=CARTESIAN_POINT('',(22.3836462030948,40.6002563333335,
-47.6032861188318));
#2020=VERTEX_POINT('',#2010);
#2030=EDGE_CURVE('',#2020,#1940,#2000,.T.);
#2040=ORIENTED_EDGE('',*,*,#2030,.T.);
#2050=CARTESIAN_POINT('',(29.8169795364281,40.6002563333337,
-47.6032861188318));
#2060=DIRECTION('',(-1.,-1.4210854715202E-14,0.));
#2070=VECTOR('',#2060,1.);
#2080=LINE('',#2050,#2070);
#2090=CARTESIAN_POINT('',(17.7836462030948,40.6002563333335,
-47.6032861188318));
#2100=VERTEX_POINT('',#2090);
#2110=EDGE_CURVE('',#2020,#2100,#2080,.T.);
#2120=ORIENTED_EDGE('',*,*,#2110,.F.);
#2130=CARTESIAN_POINT('',(17.7836462030948,40.6002563333335,
-45.0132861188318));
#2140=DIRECTION('',(0.,0.,1.));
#2150=VECTOR('',#2140,1.);
#2160=LINE('',#2130,#2150);
#2170=CARTESIAN_POINT('',(17.7836462030948,40.6002563333335,
-47.3032861188318));
#2180=VERTEX_POINT('',#2170);
#2190=EDGE_CURVE('',#2100,#2180,#2160,.T.);
#2200=ORIENTED_EDGE('',*,*,#2190,.F.);
#2210=CARTESIAN_POINT('',(29.8169795364281,40.6002563333337,
-47.3032861188318));
#2220=DIRECTION('',(1.,1.4210854715202E-14,0.));
#2230=VECTOR('',#2220,1.);
#2240=LINE('',#2210,#2230);
#2250=CARTESIAN_POINT('',(19.9836462030946,40.6002563333335,
-47.3032861188318));
#2260=VERTEX_POINT('',#2250);
#2270=EDGE_CURVE('',#2180,#2260,#2240,.T.);
#2280=ORIENTED_EDGE('',*,*,#2270,.F.);
#2290=CARTESIAN_POINT('',(19.9836462030946,40.6002563333335,
-39.9332861188318));
#2300=DIRECTION('',(0.,0.,1.));
#2310=VECTOR('',#2300,1.);
#2320=LINE('',#2290,#2310);
#2330=CARTESIAN_POINT('',(19.9836462030946,40.6002563333335,
-45.2632861188318));
#2340=VERTEX_POINT('',#2330);
#2350=EDGE_CURVE('',#2260,#2340,#2320,.T.);
#2360=ORIENTED_EDGE('',*,*,#2350,.F.);
#2370=CARTESIAN_POINT('',(-2.8421709430404E-14,40.6002563333335,
-45.2632861188318));
#2380=DIRECTION('',(1.,0.,0.));
#2390=VECTOR('',#2380,1.);
#2400=LINE('',#2370,#2390);
#2410=CARTESIAN_POINT('',(17.7836462030948,40.6002563333335,
-45.2632861188318));
#2420=VERTEX_POINT('',#2410);
#2430=EDGE_CURVE('',#2420,#2340,#2400,.T.);
#2440=ORIENTED_EDGE('',*,*,#2430,.T.);
#2450=CARTESIAN_POINT('',(17.7836462030948,40.6002563333335,
-45.2632861188318));
#2460=DIRECTION('',(0.,0.,1.));
#2470=VECTOR('',#2460,1.);
#2480=LINE('',#2450,#2470);
#2490=CARTESIAN_POINT('',(17.7836462030948,40.6002563333335,
-44.7632861188318));
#2500=VERTEX_POINT('',#2490);
#2510=EDGE_CURVE('',#2420,#2500,#2480,.T.);
#2520=ORIENTED_EDGE('',*,*,#2510,.F.);
#2530=CARTESIAN_POINT('',(-2.8421709430404E-14,40.6002563333335,
-44.7632861188318));
#2540=DIRECTION('',(1.,0.,0.));
#2550=VECTOR('',#2540,1.);
#2560=LINE('',#2530,#2550);
#2570=CARTESIAN_POINT('',(19.9836462030946,40.6002563333335,
-44.7632861188318));
#2580=VERTEX_POINT('',#2570);
#2590=EDGE_CURVE('',#2500,#2580,#2560,.T.);
#2600=ORIENTED_EDGE('',*,*,#2590,.F.);
#2610=CARTESIAN_POINT('',(19.9836462030946,40.6002563333335,
-37.3932861188318));
#2620=DIRECTION('',(0.,0.,1.));
#2630=VECTOR('',#2620,1.);
#2640=LINE('',#2610,#2630);
#2650=CARTESIAN_POINT('',(19.9836462030946,40.6002563333335,
-42.7232861188318));
#2660=VERTEX_POINT('',#2650);
#2670=EDGE_CURVE('',#2580,#2660,#2640,.T.);
#2680=ORIENTED_EDGE('',*,*,#2670,.F.);
#2690=CARTESIAN_POINT('',(-2.8421709430404E-14,40.6002563333335,
-42.7232861188318));
#2700=DIRECTION('',(1.,0.,0.));
#2710=VECTOR('',#2700,1.);
#2720=LINE('',#2690,#2710);
#2730=CARTESIAN_POINT('',(17.7836462030948,40.6002563333335,
-42.7232861188318));
#2740=VERTEX_POINT('',#2730);
#2750=EDGE_CURVE('',#2740,#2660,#2720,.T.);
#2760=ORIENTED_EDGE('',*,*,#2750,.T.);
#2770=CARTESIAN_POINT('',(17.7836462030948,40.6002563333335,
-42.7232861188318));
#2780=DIRECTION('',(0.,0.,1.));
#2790=VECTOR('',#2780,1.);
#2800=LINE('',#2770,#2790);
#2810=CARTESIAN_POINT('',(17.7836462030948,40.6002563333335,
-42.2232861188318));
#2820=VERTEX_POINT('',#2810);
#2830=EDGE_CURVE('',#2740,#2820,#2800,.T.);
#2840=ORIENTED_EDGE('',*,*,#2830,.F.);
#2850=CARTESIAN_POINT('',(-2.48689957516035E-14,40.6002563333335,
-42.2232861188318));
#2860=DIRECTION('',(1.,0.,0.));
#2870=VECTOR('',#2860,1.);
#2880=LINE('',#2850,#2870);
#2890=CARTESIAN_POINT('',(19.9836462030946,40.6002563333335,
-42.2232861188318));
#2900=VERTEX_POINT('',#2890);
#2910=EDGE_CURVE('',#2820,#2900,#2880,.T.);
#2920=ORIENTED_EDGE('',*,*,#2910,.F.);
#2930=CARTESIAN_POINT('',(19.9836462030946,40.6002563333335,
-34.8532861188318));
#2940=DIRECTION('',(0.,0.,1.));
#2950=VECTOR('',#2940,1.);
#2960=LINE('',#2930,#2950);
#2970=CARTESIAN_POINT('',(19.9836462030946,40.6002563333335,
-40.1832861188318));
#2980=VERTEX_POINT('',#2970);
#2990=EDGE_CURVE('',#2900,#2980,#2960,.T.);
#3000=ORIENTED_EDGE('',*,*,#2990,.F.);
#3010=CARTESIAN_POINT('',(-2.48689957516035E-14,40.6002563333335,
-40.1832861188318));
#3020=DIRECTION('',(1.,0.,0.));
#3030=VECTOR('',#3020,1.);
#3040=LINE('',#3010,#3030);
#3050=CARTESIAN_POINT('',(17.7836462030948,40.6002563333335,
-40.1832861188318));
#3060=VERTEX_POINT('',#3050);
#3070=EDGE_CURVE('',#3060,#2980,#3040,.T.);
#3080=ORIENTED_EDGE('',*,*,#3070,.T.);
#3090=CARTESIAN_POINT('',(17.7836462030948,40.6002563333335,
-40.1832861188318));
#3100=DIRECTION('',(0.,0.,1.));
#3110=VECTOR('',#3100,1.);
#3120=LINE('',#3090,#3110);
#3130=CARTESIAN_POINT('',(17.7836462030948,40.6002563333335,
-39.6832861188318));
#3140=VERTEX_POINT('',#3130);
#3150=EDGE_CURVE('',#3060,#3140,#3120,.T.);
#3160=ORIENTED_EDGE('',*,*,#3150,.F.);
#3170=CARTESIAN_POINT('',(-2.1316282072803E-14,40.6002563333335,
-39.6832861188318));
#3180=DIRECTION('',(1.,0.,0.));
#3190=VECTOR('',#3180,1.);
#3200=LINE('',#3170,#3190);
#3210=CARTESIAN_POINT('',(19.9836462030946,40.6002563333335,
-39.6832861188318));
#3220=VERTEX_POINT('',#3210);
#3230=EDGE_CURVE('',#3140,#3220,#3200,.T.);
#3240=ORIENTED_EDGE('',*,*,#3230,.F.);
#3250=CARTESIAN_POINT('',(19.9836462030946,40.6002563333335,
-32.3132861188318));
#3260=DIRECTION('',(0.,0.,1.));
#3270=VECTOR('',#3260,1.);
#3280=LINE('',#3250,#3270);
#3290=CARTESIAN_POINT('',(19.9836462030946,40.6002563333335,
-37.6432861188318));
#3300=VERTEX_POINT('',#3290);
#3310=EDGE_CURVE('',#3220,#3300,#3280,.T.);
#3320=ORIENTED_EDGE('',*,*,#3310,.F.);
#3330=CARTESIAN_POINT('',(-2.1316282072803E-14,40.6002563333335,
-37.6432861188318));
#3340=DIRECTION('',(1.,0.,0.));
#3350=VECTOR('',#3340,1.);
#3360=LINE('',#3330,#3350);
#3370=CARTESIAN_POINT('',(17.7836462030948,40.6002563333335,
-37.6432861188318));
#3380=VERTEX_POINT('',#3370);
#3390=EDGE_CURVE('',#3380,#3300,#3360,.T.);
#3400=ORIENTED_EDGE('',*,*,#3390,.T.);
#3410=CARTESIAN_POINT('',(17.7836462030948,40.6002563333335,
-37.6432861188318));
#3420=DIRECTION('',(0.,0.,1.));
#3430=VECTOR('',#3420,1.);
#3440=LINE('',#3410,#3430);
#3450=CARTESIAN_POINT('',(17.7836462030948,40.6002563333335,
-37.1432861188318));
#3460=VERTEX_POINT('',#3450);
#3470=EDGE_CURVE('',#3380,#3460,#3440,.T.);
#3480=ORIENTED_EDGE('',*,*,#3470,.F.);
#3490=CARTESIAN_POINT('',(-7.105427357601E-15,40.6002563333335,
-37.1432861188318));
#3500=DIRECTION('',(1.,0.,0.));
#3510=VECTOR('',#3500,1.);
#3520=LINE('',#3490,#3510);
#3530=EDGE_CURVE('',#3460,#1540,#3520,.T.);
#3540=ORIENTED_EDGE('',*,*,#3530,.F.);
#3550=ORIENTED_EDGE('',*,*,#1700,.T.);
#3560=ORIENTED_EDGE('',*,*,#380,.T.);
#3570=CARTESIAN_POINT('',(17.7836462030948,40.6002563333334,
-37.3932861188318));
#3580=DIRECTION('',(0.,0.,-1.));
#3590=VECTOR('',#3580,1.);
#3600=LINE('',#3570,#3590);
#3610=CARTESIAN_POINT('',(17.7836462030948,40.6002563333334,
-34.8032861188319));
#3620=VERTEX_POINT('',#3610);
#3630=EDGE_CURVE('',#3620,#290,#3600,.T.);
#3640=ORIENTED_EDGE('',*,*,#3630,.T.);
#3650=CARTESIAN_POINT('',(29.8169795364281,40.6002563333336,
-34.8032861188319));
#3660=DIRECTION('',(-1.,-1.4210854715202E-14,0.));
#3670=VECTOR('',#3660,1.);
#3680=LINE('',#3650,#3670);
#3690=CARTESIAN_POINT('',(22.3836462030948,40.6002563333335,
-34.8032861188319));
#3700=VERTEX_POINT('',#3690);
#3710=EDGE_CURVE('',#3700,#3620,#3680,.T.);
#3720=ORIENTED_EDGE('',*,*,#3710,.T.);
#3730=CARTESIAN_POINT('',(22.3836462030948,40.6002563333335,
-37.3932861188318));
#3740=DIRECTION('',(0.,0.,-1.));
#3750=VECTOR('',#3740,1.);
#3760=LINE('',#3730,#3750);
#3770=EDGE_CURVE('',#3700,#690,#3760,.T.);
#3780=ORIENTED_EDGE('',*,*,#3770,.F.);
#3790=EDGE_LOOP('',(#3780,#3720,#3640,#3560,#3550,#3540,#3480,#3400,
#3320,#3240,#3160,#3080,#3000,#2920,#2840,#2760,#2680,#2600,#2520,#2440,
#2360,#2280,#2200,#2120,#2040,#1960,#1880,#1800));
#3800=FACE_OUTER_BOUND('',#3790,.T.);
#3810=ADVANCED_FACE('',(#3800),#1790,.F.);
#3820=CARTESIAN_POINT('',(17.7836462030948,43.0252563333335,
-34.8532861188318));
#3830=DIRECTION('',(-1.,0.,0.));
#3840=DIRECTION('',(0.,0.,1.));
#3850=AXIS2_PLACEMENT_3D('',#3820,#3830,#3840);
#3860=PLANE('',#3850);
#3870=ORIENTED_EDGE('',*,*,#3470,.T.);
#3880=CARTESIAN_POINT('',(17.7836462030948,43.776923,-37.6432861188318))
;
#3890=DIRECTION('',(0.,-1.,-0.));
#3900=VECTOR('',#3890,1.);
#3910=LINE('',#3880,#3900);
#3920=CARTESIAN_POINT('',(17.7836462030948,41.3002563333335,
-37.6432861188318));
#3930=VERTEX_POINT('',#3920);
#3940=EDGE_CURVE('',#3930,#3380,#3910,.T.);
#3950=ORIENTED_EDGE('',*,*,#3940,.T.);
#3960=CARTESIAN_POINT('',(17.7836462030948,41.3002563333335,
-32.3132861188318));
#3970=DIRECTION('',(0.,0.,-1.));
#3980=VECTOR('',#3970,1.);
#3990=LINE('',#3960,#3980);
#4000=CARTESIAN_POINT('',(17.7836462030948,41.3002563333335,
-37.1432861188318));
#4010=VERTEX_POINT('',#4000);
#4020=EDGE_CURVE('',#4010,#3930,#3990,.T.);
#4030=ORIENTED_EDGE('',*,*,#4020,.T.);
#4040=CARTESIAN_POINT('',(17.7836462030948,43.7769229999999,
-37.1432861188318));
#4050=DIRECTION('',(0.,1.,0.));
#4060=VECTOR('',#4050,1.);
#4070=LINE('',#4040,#4060);
#4080=EDGE_CURVE('',#3460,#4010,#4070,.T.);
#4090=ORIENTED_EDGE('',*,*,#4080,.T.);
#4100=EDGE_LOOP('',(#4090,#4030,#3950,#3870));
#4110=FACE_OUTER_BOUND('',#4100,.T.);
#4120=ADVANCED_FACE('',(#4110),#3860,.T.);
#4130=CARTESIAN_POINT('',(24.8836462030948,43.0019229999999,
-37.4832861188318));
#4140=DIRECTION('',(-1.,-1.4210854715202E-14,0.));
#4150=DIRECTION('',(0.,0.,1.));
#4160=AXIS2_PLACEMENT_3D('',#4130,#4140,#4150);
#4170=PLANE('',#4160);
#4180=CARTESIAN_POINT('',(24.8836462030947,45.1502563333335,
-37.3932861188318));
#4190=DIRECTION('',(0.,0.,1.));
#4200=VECTOR('',#4190,1.);
#4210=LINE('',#4180,#4200);
#4220=CARTESIAN_POINT('',(24.8836462030947,45.1502563333335,
-35.2032861188318));
#4230=VERTEX_POINT('',#4220);
#4240=CARTESIAN_POINT('',(24.8836462030947,45.1502563333335,
-35.1282861188318));
#4250=VERTEX_POINT('',#4240);
#4260=EDGE_CURVE('',#4230,#4250,#4210,.T.);
#4270=ORIENTED_EDGE('',*,*,#4260,.F.);
#4280=CARTESIAN_POINT('',(24.8836462030947,43.7769230000001,
-34.6705083410541));
#4290=DIRECTION('',(1.34892097491957E-14,-0.948683298050515,
0.316227766016833));
#4300=VECTOR('',#4290,1.);
#4310=LINE('',#4280,#4300);
#4320=CARTESIAN_POINT('',(24.8836462030947,45.1221313333335,
-35.1189111188318));
#4330=VERTEX_POINT('',#4320);
#4340=EDGE_CURVE('',#4250,#4330,#4310,.T.);
#4350=ORIENTED_EDGE('',*,*,#4340,.F.);
#4360=CARTESIAN_POINT('',(24.8836462030947,43.7769230000001,
-34.1100048688318));
#4370=DIRECTION('',(1.13797860024079E-14,-0.799999999999995,
0.600000000000006));
#4380=VECTOR('',#4370,1.);
#4390=LINE('',#4360,#4380);
#4400=CARTESIAN_POINT('',(24.8836462030947,45.0846313333335,
-35.0907861188318));
#4410=VERTEX_POINT('',#4400);
#4420=EDGE_CURVE('',#4330,#4410,#4390,.T.);
#4430=ORIENTED_EDGE('',*,*,#4420,.F.);
#4440=CARTESIAN_POINT('',(24.8836462030947,43.7769230000001,
-33.7830777854985));
#4450=DIRECTION('',(1.00475183728577E-14,-0.707106781186553,
0.707106781186542));
#4460=VECTOR('',#4450,1.);
#4470=LINE('',#4440,#4460);
#4480=CARTESIAN_POINT('',(24.8836462030947,45.0565063333335,
-35.0626611188318));
#4490=VERTEX_POINT('',#4480);
#4500=EDGE_CURVE('',#4410,#4490,#4470,.T.);
#4510=ORIENTED_EDGE('',*,*,#4500,.F.);
#4520=CARTESIAN_POINT('',(24.8836462030947,46.2218188333334,
-37.3932861188318));
#4530=DIRECTION('',(6.35602681597902E-15,-0.447213595499954,
0.894427190999918));
#4540=VECTOR('',#4530,1.);
#4550=LINE('',#4520,#4540);
#4560=CARTESIAN_POINT('',(24.8836462030947,45.0377563333335,
-35.0251611188318));
#4570=VERTEX_POINT('',#4560);
#4580=EDGE_CURVE('',#4490,#4570,#4550,.T.);
#4590=ORIENTED_EDGE('',*,*,#4580,.F.);
#4600=CARTESIAN_POINT('',(24.8836462030947,45.8271313333335,
-37.3932861188318));
#4610=DIRECTION('',(4.49640324973188E-15,-0.316227766016847,
0.948683298050511));
#4620=VECTOR('',#4610,1.);
#4630=LINE('',#4600,#4620);
#4640=CARTESIAN_POINT('',(24.8836462030947,45.0283813333335,
-34.9970361188318));
#4650=VERTEX_POINT('',#4640);
#4660=EDGE_CURVE('',#4570,#4650,#4630,.T.);
#4670=ORIENTED_EDGE('',*,*,#4660,.F.);
#4680=CARTESIAN_POINT('',(24.8836462030947,45.5076313333335,
-37.3932861188318));
#4690=DIRECTION('',(2.78943534937071E-15,-0.196116135138182,
0.980580675690921));
#4700=VECTOR('',#4690,1.);
#4710=LINE('',#4680,#4700);
#4720=CARTESIAN_POINT('',(24.8836462030947,45.0190063333335,
-34.9501611188318));
#4730=VERTEX_POINT('',#4720);
#4740=EDGE_CURVE('',#4650,#4730,#4710,.T.);
#4750=ORIENTED_EDGE('',*,*,#4740,.F.);
#4760=CARTESIAN_POINT('',(24.8836462030947,45.0190063333335,
-37.3932861188318));
#4770=DIRECTION('',(0.,0.,1.));
#4780=VECTOR('',#4770,1.);
#4790=LINE('',#4760,#4780);
#4800=CARTESIAN_POINT('',(24.8836462030947,45.0190063333335,
-34.9314111188318));
#4810=VERTEX_POINT('',#4800);
#4820=EDGE_CURVE('',#4730,#4810,#4790,.T.);
#4830=ORIENTED_EDGE('',*,*,#4820,.F.);
#4840=CARTESIAN_POINT('',(24.8836462030947,43.7769230000001,
-34.9314111188318));
#4850=DIRECTION('',(1.4210854715202E-14,-1.,0.));
#4860=VECTOR('',#4850,1.);
#4870=LINE('',#4840,#4860);
#4880=CARTESIAN_POINT('',(24.8836462030947,44.9440063333335,
-34.9314111188318));
#4890=VERTEX_POINT('',#4880);
#4900=EDGE_CURVE('',#4810,#4890,#4870,.T.);
#4910=ORIENTED_EDGE('',*,*,#4900,.F.);
#4920=CARTESIAN_POINT('',(24.8836462030947,44.9440063333335,
-37.3932861188318));
#4930=DIRECTION('',(0.,0.,-1.));
#4940=VECTOR('',#4930,1.);
#4950=LINE('',#4920,#4940);
#4960=CARTESIAN_POINT('',(24.8836462030947,44.9440063333335,
-35.1095361188318));
#4970=VERTEX_POINT('',#4960);
#4980=EDGE_CURVE('',#4890,#4970,#4950,.T.);
#4990=ORIENTED_EDGE('',*,*,#4980,.F.);
#5000=CARTESIAN_POINT('',(24.8836462030947,43.7769230000001,
-35.1095361188318));
#5010=DIRECTION('',(1.4210854715202E-14,-1.,0.));
#5020=VECTOR('',#5010,1.);
#5030=LINE('',#5000,#5020);
#5040=CARTESIAN_POINT('',(24.8836462030947,44.4002563333335,
-35.1095361188318));
#5050=VERTEX_POINT('',#5040);
#5060=EDGE_CURVE('',#4970,#5050,#5030,.T.);
#5070=ORIENTED_EDGE('',*,*,#5060,.F.);
#5080=CARTESIAN_POINT('',(24.8836462030947,44.4002563333335,
-37.3932861188318));
#5090=DIRECTION('',(0.,0.,-1.));
#5100=VECTOR('',#5090,1.);
#5110=LINE('',#5080,#5100);
#5120=CARTESIAN_POINT('',(24.8836462030947,44.4002563333335,
-35.2032861188318));
#5130=VERTEX_POINT('',#5120);
#5140=EDGE_CURVE('',#5050,#5130,#5110,.T.);
#5150=ORIENTED_EDGE('',*,*,#5140,.F.);
#5160=CARTESIAN_POINT('',(24.8836462030947,43.7769230000001,
-35.2032861188318));
#5170=DIRECTION('',(-1.4210854715202E-14,1.,0.));
#5180=VECTOR('',#5170,1.);
#5190=LINE('',#5160,#5180);
#5200=EDGE_CURVE('',#5130,#4230,#5190,.T.);
#5210=ORIENTED_EDGE('',*,*,#5200,.F.);
#5220=EDGE_LOOP('',(#5210,#5150,#5070,#4990,#4910,#4830,#4750,#4670,
#4590,#4510,#4430,#4350,#4270));
#5230=FACE_BOUND('',#5220,.T.);
#5240=ORIENTED_EDGE('',*,*,#860,.F.);
#5250=CARTESIAN_POINT('',(24.8836462030948,41.2002563333336,
-37.3932861188318));
#5260=DIRECTION('',(0.,0.,-1.));
#5270=VECTOR('',#5260,1.);
#5280=LINE('',#5250,#5270);
#5290=CARTESIAN_POINT('',(24.8836462030948,41.2002563333336,
-36.8832964991752));
#5300=VERTEX_POINT('',#5290);
#5310=EDGE_CURVE('',#770,#5300,#5280,.T.);
#5320=ORIENTED_EDGE('',*,*,#5310,.F.);
#5330=CARTESIAN_POINT('',(24.8836462030948,41.5002677568493,
-36.8832667496224));
#5340=DIRECTION('',(1.,1.4210854715202E-14,0.));
#5350=DIRECTION('',(8.65554103571559E-15,-0.609079552861543,
-0.79310913390654));
#5360=AXIS2_PLACEMENT_3D('',#5330,#5340,#5350);
#5370=ELLIPSE('',#5360,0.300030791987682,0.3);
#5380=CARTESIAN_POINT('',(24.8836462030948,41.5002380080843,
-37.1832861188318));
#5390=VERTEX_POINT('',#5380);
#5400=EDGE_CURVE('',#5300,#5390,#5370,.T.);
#5410=ORIENTED_EDGE('',*,*,#5400,.F.);
#5420=CARTESIAN_POINT('',(24.8836462030947,43.776923,-37.1832861188318))
;
#5430=DIRECTION('',(-1.4210854715202E-14,1.,0.));
#5440=VECTOR('',#5430,1.);
#5450=LINE('',#5420,#5440);
#5460=CARTESIAN_POINT('',(24.8836462030947,43.6502746585828,
-37.1832861188318));
#5470=VERTEX_POINT('',#5460);
#5480=EDGE_CURVE('',#5390,#5470,#5450,.T.);
#5490=ORIENTED_EDGE('',*,*,#5480,.F.);
#5500=CARTESIAN_POINT('',(24.8836462030947,43.6502449098178,
-36.8832667496224));
#5510=DIRECTION('',(1.,1.4210854715202E-14,0.));
#5520=DIRECTION('',(-8.65554103571559E-15,0.609079552861543,
-0.79310913390654));
#5530=AXIS2_PLACEMENT_3D('',#5500,#5510,#5520);
#5540=ELLIPSE('',#5530,0.300030791987682,0.3);
#5550=CARTESIAN_POINT('',(24.8836462030947,43.9502563333336,
-36.8832964991752));
#5560=VERTEX_POINT('',#5550);
#5570=EDGE_CURVE('',#5470,#5560,#5540,.T.);
#5580=ORIENTED_EDGE('',*,*,#5570,.F.);
#5590=CARTESIAN_POINT('',(24.8836462030947,43.9502563333336,
-37.3932861188318));
#5600=DIRECTION('',(0.,0.,-1.));
#5610=VECTOR('',#5600,1.);
#5620=LINE('',#5590,#5610);
#5630=CARTESIAN_POINT('',(24.8836462030947,43.9502563333336,
-36.6432785034447));
#5640=VERTEX_POINT('',#5630);
#5650=EDGE_CURVE('',#5640,#5560,#5620,.T.);
#5660=ORIENTED_EDGE('',*,*,#5650,.T.);
#5670=CARTESIAN_POINT('',(24.8836462030947,44.1502639490107,
-36.643293734509));
#5680=DIRECTION('',(1.,1.4210854715202E-14,0.));
#5690=DIRECTION('',(-1.00485917355797E-14,0.707106781186795,
-0.7071067811863));
#5700=AXIS2_PLACEMENT_3D('',#5670,#5680,#5690);
#5710=ELLIPSE('',#5700,0.200015231064324,0.2);
#5720=CARTESIAN_POINT('',(24.8836462030947,44.1502487179464,
-36.4432861188318));
#5730=VERTEX_POINT('',#5720);
#5740=EDGE_CURVE('',#5730,#5640,#5710,.T.);
#5750=ORIENTED_EDGE('',*,*,#5740,.T.);
#5760=CARTESIAN_POINT('',(24.8836462030947,43.776923,-36.4432861188318))
;
#5770=DIRECTION('',(1.4210854715202E-14,-1.,-4.13057089509717E-32));
#5780=VECTOR('',#5770,1.);
#5790=LINE('',#5760,#5780);
#5800=CARTESIAN_POINT('',(24.8836462030947,44.5002639487207,
-36.4432861188318));
#5810=VERTEX_POINT('',#5800);
#5820=EDGE_CURVE('',#5810,#5730,#5790,.T.);
#5830=ORIENTED_EDGE('',*,*,#5820,.T.);
#5840=CARTESIAN_POINT('',(24.8836462030947,44.5002487176564,
-36.2432785031547));
#5850=DIRECTION('',(-1.,-1.4210854715202E-14,0.));
#5860=DIRECTION('',(-1.00485917355797E-14,0.707106781186795,
-0.7071067811863));
#5870=AXIS2_PLACEMENT_3D('',#5840,#5850,#5860);
#5880=ELLIPSE('',#5870,0.200015231064324,0.2);
#5890=CARTESIAN_POINT('',(24.8836462030947,44.7002563333336,
-36.243293734219));
#5900=VERTEX_POINT('',#5890);
#5910=EDGE_CURVE('',#5900,#5810,#5880,.T.);
#5920=ORIENTED_EDGE('',*,*,#5910,.T.);
#5930=CARTESIAN_POINT('',(24.8836462030947,44.7002563333335,
-37.3932861188318));
#5940=DIRECTION('',(0.,0.,1.));
#5950=VECTOR('',#5940,1.);
#5960=LINE('',#5930,#5950);
#5970=CARTESIAN_POINT('',(24.8836462030947,44.7002563333335,
-36.0032785034447));
#5980=VERTEX_POINT('',#5970);
#5990=EDGE_CURVE('',#5900,#5980,#5960,.T.);
#6000=ORIENTED_EDGE('',*,*,#5990,.F.);
#6010=CARTESIAN_POINT('',(24.8836462030947,44.5002487176564,
-36.003293734509));
#6020=DIRECTION('',(1.,1.4210854715202E-14,0.));
#6030=DIRECTION('',(-1.00485917355797E-14,0.707106781186795,
0.7071067811863));
#6040=AXIS2_PLACEMENT_3D('',#6010,#6020,#6030);
#6050=ELLIPSE('',#6040,0.200015231064324,0.2);
#6060=CARTESIAN_POINT('',(24.8836462030947,44.5002639487207,
-35.8032861188318));
#6070=VERTEX_POINT('',#6060);
#6080=EDGE_CURVE('',#5980,#6070,#6050,.T.);
#6090=ORIENTED_EDGE('',*,*,#6080,.F.);
#6100=CARTESIAN_POINT('',(24.8836462030947,43.776923,-35.8032861188318))
;
#6110=DIRECTION('',(1.4210854715202E-14,-1.,4.13057089509717E-32));
#6120=VECTOR('',#6110,1.);
#6130=LINE('',#6100,#6120);
#6140=CARTESIAN_POINT('',(24.8836462030947,44.1502487179464,
-35.8032861188318));
#6150=VERTEX_POINT('',#6140);
#6160=EDGE_CURVE('',#6070,#6150,#6130,.T.);
#6170=ORIENTED_EDGE('',*,*,#6160,.F.);
#6180=CARTESIAN_POINT('',(24.8836462030947,44.1502639490107,
-35.6032785031547));
#6190=DIRECTION('',(-1.,-1.4210854715202E-14,0.));
#6200=DIRECTION('',(-1.00485917355797E-14,0.707106781186795,
0.7071067811863));
#6210=AXIS2_PLACEMENT_3D('',#6180,#6190,#6200);
#6220=ELLIPSE('',#6210,0.200015231064324,0.2);
#6230=CARTESIAN_POINT('',(24.8836462030947,43.9502563333335,
-35.603293734219));
#6240=VERTEX_POINT('',#6230);
#6250=EDGE_CURVE('',#6150,#6240,#6220,.T.);
#6260=ORIENTED_EDGE('',*,*,#6250,.F.);
#6270=CARTESIAN_POINT('',(24.8836462030947,43.9502563333335,
-37.3932861188318));
#6280=DIRECTION('',(0.,0.,-1.));
#6290=VECTOR('',#6280,1.);
#6300=LINE('',#6270,#6290);
#6310=CARTESIAN_POINT('',(24.8836462030947,43.9502563333335,
-35.3632757384884));
#6320=VERTEX_POINT('',#6310);
#6330=EDGE_CURVE('',#6320,#6240,#6300,.T.);
#6340=ORIENTED_EDGE('',*,*,#6330,.T.);
#6350=CARTESIAN_POINT('',(24.8836462030947,43.6502449098178,
-35.3633054880413));
#6360=DIRECTION('',(-1.,-1.4210854715202E-14,0.));
#6370=DIRECTION('',(-8.65554103571559E-15,0.609079552861543,
0.79310913390654));
#6380=AXIS2_PLACEMENT_3D('',#6350,#6360,#6370);
#6390=ELLIPSE('',#6380,0.300030791987682,0.3);
#6400=CARTESIAN_POINT('',(24.8836462030947,43.6502746585828,
-35.0632861188318));
#6410=VERTEX_POINT('',#6400);
#6420=EDGE_CURVE('',#6410,#6320,#6390,.T.);
#6430=ORIENTED_EDGE('',*,*,#6420,.T.);
#6440=CARTESIAN_POINT('',(24.8836462030947,43.776923,-35.0632861188318))
;
#6450=DIRECTION('',(-1.4210854715202E-14,1.,0.));
#6460=VECTOR('',#6450,1.);
#6470=LINE('',#6440,#6460);
#6480=CARTESIAN_POINT('',(24.8836462030948,41.1002563333335,
-35.0632861188318));
#6490=VERTEX_POINT('',#6480);
#6500=EDGE_CURVE('',#6490,#6410,#6470,.T.);
#6510=ORIENTED_EDGE('',*,*,#6500,.T.);
#6520=CARTESIAN_POINT('',(24.8836462030948,41.1002563333335,
-37.3932861188318));
#6530=DIRECTION('',(0.,0.,-1.));
#6540=VECTOR('',#6530,1.);
#6550=LINE('',#6520,#6540);
#6560=CARTESIAN_POINT('',(24.8836462030948,41.1002563333335,
-34.8032861188319));
#6570=VERTEX_POINT('',#6560);
#6580=EDGE_CURVE('',#6570,#6490,#6550,.T.);
#6590=ORIENTED_EDGE('',*,*,#6580,.T.);
#6600=CARTESIAN_POINT('',(24.8836462030948,41.3002563333335,
-34.8032861188319));
#6610=DIRECTION('',(1.,1.4210854715202E-14,0.));
#6620=DIRECTION('',(-1.4210854715202E-14,1.,0.));
#6630=AXIS2_PLACEMENT_3D('',#6600,#6610,#6620);
#6640=CIRCLE('',#6630,0.2);
#6650=CARTESIAN_POINT('',(24.8836462030948,41.3002563333335,
-34.6032861188319));
#6660=VERTEX_POINT('',#6650);
#6670=EDGE_CURVE('',#6660,#6570,#6640,.T.);
#6680=ORIENTED_EDGE('',*,*,#6670,.T.);
#6690=CARTESIAN_POINT('',(24.8836462030947,43.776923,-34.6032861188319))
;
#6700=DIRECTION('',(1.4210854715202E-14,-1.,0.));
#6710=VECTOR('',#6700,1.);
#6720=LINE('',#6690,#6710);
#6730=CARTESIAN_POINT('',(24.8836462030947,45.2502563333336,
-34.6032861188319));
#6740=VERTEX_POINT('',#6730);
#6750=EDGE_CURVE('',#6740,#6660,#6720,.T.);
#6760=ORIENTED_EDGE('',*,*,#6750,.T.);
#6770=CARTESIAN_POINT('',(24.8836462030947,45.2502563333335,
-34.8032861188319));
#6780=DIRECTION('',(1.,0.,0.));
#6790=DIRECTION('',(0.,1.,0.));
#6800=AXIS2_PLACEMENT_3D('',#6770,#6780,#6790);
#6810=CIRCLE('',#6800,0.2);
#6820=CARTESIAN_POINT('',(24.8836462030947,45.4502563333335,
-34.8032861188319));
#6830=VERTEX_POINT('',#6820);
#6840=EDGE_CURVE('',#6830,#6740,#6810,.T.);
#6850=ORIENTED_EDGE('',*,*,#6840,.T.);
#6860=CARTESIAN_POINT('',(24.8836462030947,45.4502563333335,
-50.0932861188318));
#6870=DIRECTION('',(0.,0.,-1.));
#6880=VECTOR('',#6870,1.);
#6890=LINE('',#6860,#6880);
#6900=CARTESIAN_POINT('',(24.8836462030947,45.4502563333335,
-47.6032861188318));
#6910=VERTEX_POINT('',#6900);
#6920=EDGE_CURVE('',#6830,#6910,#6890,.T.);
#6930=ORIENTED_EDGE('',*,*,#6920,.F.);
#6940=CARTESIAN_POINT('',(24.8836462030947,45.2502563333335,
-47.6032861188318));
#6950=DIRECTION('',(-1.,0.,0.));
#6960=DIRECTION('',(0.,1.,0.));
#6970=AXIS2_PLACEMENT_3D('',#6940,#6950,#6960);
#6980=CIRCLE('',#6970,0.2);
#6990=CARTESIAN_POINT('',(24.8836462030947,45.2502563333336,
-47.8032861188318));
#7000=VERTEX_POINT('',#6990);
#7010=EDGE_CURVE('',#6910,#7000,#6980,.T.);
#7020=ORIENTED_EDGE('',*,*,#7010,.F.);
#7030=CARTESIAN_POINT('',(24.8836462030947,43.7769230000001,
-47.8032861188318));
#7040=DIRECTION('',(1.4210854715202E-14,-1.,0.));
#7050=VECTOR('',#7040,1.);
#7060=LINE('',#7030,#7050);
#7070=CARTESIAN_POINT('',(24.8836462030947,41.3002563333336,
-47.8032861188318));
#7080=VERTEX_POINT('',#7070);
#7090=EDGE_CURVE('',#7000,#7080,#7060,.T.);
#7100=ORIENTED_EDGE('',*,*,#7090,.F.);
#7110=CARTESIAN_POINT('',(24.8836462030947,41.3002563333336,
-47.6032861188318));
#7120=DIRECTION('',(-1.,-1.4210854715202E-14,0.));
#7130=DIRECTION('',(-1.4210854715202E-14,1.,0.));
#7140=AXIS2_PLACEMENT_3D('',#7110,#7120,#7130);
#7150=CIRCLE('',#7140,0.2);
#7160=CARTESIAN_POINT('',(24.8836462030948,41.1002563333336,
-47.6032861188318));
#7170=VERTEX_POINT('',#7160);
#7180=EDGE_CURVE('',#7080,#7170,#7150,.T.);
#7190=ORIENTED_EDGE('',*,*,#7180,.F.);
#7200=CARTESIAN_POINT('',(24.8836462030948,41.1002563333336,
-45.0132861188318));
#7210=DIRECTION('',(0.,0.,1.));
#7220=VECTOR('',#7210,1.);
#7230=LINE('',#7200,#7220);
#7240=CARTESIAN_POINT('',(24.8836462030947,41.1002563333336,
-47.3432861188318));
#7250=VERTEX_POINT('',#7240);
#7260=EDGE_CURVE('',#7170,#7250,#7230,.T.);
#7270=ORIENTED_EDGE('',*,*,#7260,.F.);
#7280=CARTESIAN_POINT('',(24.8836462030947,43.7769230000001,
-47.3432861188318));
#7290=DIRECTION('',(-1.4210854715202E-14,1.,0.));
#7300=VECTOR('',#7290,1.);
#7310=LINE('',#7280,#7300);
#7320=CARTESIAN_POINT('',(24.8836462030947,43.6502746585828,
-47.3432861188318));
#7330=VERTEX_POINT('',#7320);
#7340=EDGE_CURVE('',#7250,#7330,#7310,.T.);
#7350=ORIENTED_EDGE('',*,*,#7340,.F.);
#7360=CARTESIAN_POINT('',(24.8836462030947,43.6502449098179,
-47.0432667496224));
#7370=DIRECTION('',(1.,1.4210854715202E-14,0.));
#7380=DIRECTION('',(-8.65554103571559E-15,0.609079552861543,
-0.79310913390654));
#7390=AXIS2_PLACEMENT_3D('',#7360,#7370,#7380);
#7400=ELLIPSE('',#7390,0.300030791987682,0.3);
#7410=CARTESIAN_POINT('',(24.8836462030947,43.9502563333336,
-47.0432964991752));
#7420=VERTEX_POINT('',#7410);
#7430=EDGE_CURVE('',#7330,#7420,#7400,.T.);
#7440=ORIENTED_EDGE('',*,*,#7430,.F.);
#7450=CARTESIAN_POINT('',(24.8836462030947,43.9502563333336,
-45.0132861188318));
#7460=DIRECTION('',(0.,0.,1.));
#7470=VECTOR('',#7460,1.);
#7480=LINE('',#7450,#7470);
#7490=CARTESIAN_POINT('',(24.8836462030947,43.9502563333336,
-46.8032785034446));
#7500=VERTEX_POINT('',#7490);
#7510=EDGE_CURVE('',#7420,#7500,#7480,.T.);
#7520=ORIENTED_EDGE('',*,*,#7510,.F.);
#7530=CARTESIAN_POINT('',(24.8836462030947,44.1502639490107,
-46.8032937345089));
#7540=DIRECTION('',(1.,1.4210854715202E-14,0.));
#7550=DIRECTION('',(-1.00485917355797E-14,0.707106781186795,
-0.7071067811863));
#7560=AXIS2_PLACEMENT_3D('',#7530,#7540,#7550);
#7570=ELLIPSE('',#7560,0.200015231064324,0.2);
#7580=CARTESIAN_POINT('',(24.8836462030947,44.1502487179464,
-46.6032861188318));
#7590=VERTEX_POINT('',#7580);
#7600=EDGE_CURVE('',#7590,#7500,#7570,.T.);
#7610=ORIENTED_EDGE('',*,*,#7600,.T.);
#7620=CARTESIAN_POINT('',(24.8836462030947,43.7769230000001,
-46.6032861188318));
#7630=DIRECTION('',(1.4210854715202E-14,-1.,-4.13057089509717E-32));
#7640=VECTOR('',#7630,1.);
#7650=LINE('',#7620,#7640);
#7660=CARTESIAN_POINT('',(24.8836462030947,44.5002639487208,
-46.6032861188318));
#7670=VERTEX_POINT('',#7660);
#7680=EDGE_CURVE('',#7670,#7590,#7650,.T.);
#7690=ORIENTED_EDGE('',*,*,#7680,.T.);
#7700=CARTESIAN_POINT('',(24.8836462030947,44.5002487176564,
-46.4032785031547));
#7710=DIRECTION('',(-1.,-1.4210854715202E-14,0.));
#7720=DIRECTION('',(-1.00485917355797E-14,0.707106781186795,
-0.7071067811863));
#7730=AXIS2_PLACEMENT_3D('',#7700,#7710,#7720);
#7740=ELLIPSE('',#7730,0.200015231064324,0.2);
#7750=CARTESIAN_POINT('',(24.8836462030947,44.7002563333336,
-46.403293734219));
#7760=VERTEX_POINT('',#7750);
#7770=EDGE_CURVE('',#7760,#7670,#7740,.T.);
#7780=ORIENTED_EDGE('',*,*,#7770,.T.);
#7790=CARTESIAN_POINT('',(24.8836462030947,44.7002563333336,
-45.0132861188318));
#7800=DIRECTION('',(0.,0.,1.));
#7810=VECTOR('',#7800,1.);
#7820=LINE('',#7790,#7810);
#7830=CARTESIAN_POINT('',(24.8836462030947,44.7002563333336,
-46.1632785034446));
#7840=VERTEX_POINT('',#7830);
#7850=EDGE_CURVE('',#7760,#7840,#7820,.T.);
#7860=ORIENTED_EDGE('',*,*,#7850,.F.);
#7870=CARTESIAN_POINT('',(24.8836462030947,44.5002487176564,
-46.1632937345089));
#7880=DIRECTION('',(1.,1.4210854715202E-14,0.));
#7890=DIRECTION('',(1.00485917355797E-14,-0.707106781186795,
-0.7071067811863));
#7900=AXIS2_PLACEMENT_3D('',#7870,#7880,#7890);
#7910=ELLIPSE('',#7900,0.200015231064324,0.2);
#7920=CARTESIAN_POINT('',(24.8836462030947,44.5002639487207,
-45.9632861188318));
#7930=VERTEX_POINT('',#7920);
#7940=EDGE_CURVE('',#7840,#7930,#7910,.T.);
#7950=ORIENTED_EDGE('',*,*,#7940,.F.);
#7960=CARTESIAN_POINT('',(24.8836462030947,43.7769230000001,
-45.9632861188318));
#7970=DIRECTION('',(1.4210854715202E-14,-1.,4.13057089509717E-32));
#7980=VECTOR('',#7970,1.);
#7990=LINE('',#7960,#7980);
#8000=CARTESIAN_POINT('',(24.8836462030947,44.1502487179464,
-45.9632861188318));
#8010=VERTEX_POINT('',#8000);
#8020=EDGE_CURVE('',#7930,#8010,#7990,.T.);
#8030=ORIENTED_EDGE('',*,*,#8020,.F.);
#8040=CARTESIAN_POINT('',(24.8836462030947,44.1502639490107,
-45.7632785031547));
#8050=DIRECTION('',(-1.,-1.4210854715202E-14,0.));
#8060=DIRECTION('',(1.00485917355797E-14,-0.707106781186795,
-0.7071067811863));
#8070=AXIS2_PLACEMENT_3D('',#8040,#8050,#8060);
#8080=ELLIPSE('',#8070,0.200015231064324,0.2);
#8090=CARTESIAN_POINT('',(24.8836462030947,43.9502563333336,
-45.763293734219));
#8100=VERTEX_POINT('',#8090);
#8110=EDGE_CURVE('',#8010,#8100,#8080,.T.);
#8120=ORIENTED_EDGE('',*,*,#8110,.F.);
#8130=CARTESIAN_POINT('',(24.8836462030947,43.9502563333336,
-45.0132861188318));
#8140=DIRECTION('',(0.,0.,1.));
#8150=VECTOR('',#8140,1.);
#8160=LINE('',#8130,#8150);
#8170=CARTESIAN_POINT('',(24.8836462030947,43.9502563333336,
-45.5232757384884));
#8180=VERTEX_POINT('',#8170);
#8190=EDGE_CURVE('',#8100,#8180,#8160,.T.);
#8200=ORIENTED_EDGE('',*,*,#8190,.F.);
#8210=CARTESIAN_POINT('',(24.8836462030947,43.6502449098179,
-45.5233054880412));
#8220=DIRECTION('',(1.,1.4210854715202E-14,0.));
#8230=DIRECTION('',(8.65554103570617E-15,-0.60907955286088,
-0.793109133907049));
#8240=AXIS2_PLACEMENT_3D('',#8210,#8220,#8230);
#8250=ELLIPSE('',#8240,0.300030791987682,0.3);
#8260=CARTESIAN_POINT('',(24.8836462030947,43.6502746585828,
-45.2232861188318));
#8270=VERTEX_POINT('',#8260);
#8280=EDGE_CURVE('',#8180,#8270,#8250,.T.);
#8290=ORIENTED_EDGE('',*,*,#8280,.F.);
#8300=CARTESIAN_POINT('',(24.8836462030947,43.7769230000001,
-45.2232861188318));
#8310=DIRECTION('',(-1.4210854715202E-14,1.,0.));
#8320=VECTOR('',#8310,1.);
#8330=LINE('',#8300,#8320);
#8340=CARTESIAN_POINT('',(24.8836462030947,41.5002380080844,
-45.2232861188318));
#8350=VERTEX_POINT('',#8340);
#8360=EDGE_CURVE('',#8350,#8270,#8330,.T.);
#8370=ORIENTED_EDGE('',*,*,#8360,.T.);
#8380=CARTESIAN_POINT('',(24.8836462030947,41.5002677568493,
-45.5233054880412));
#8390=DIRECTION('',(-1.,-1.4210854715202E-14,0.));
#8400=DIRECTION('',(-8.65554103570617E-15,0.60907955286088,
-0.793109133907049));
#8410=AXIS2_PLACEMENT_3D('',#8380,#8390,#8400);
#8420=ELLIPSE('',#8410,0.300030791987682,0.3);
#8430=CARTESIAN_POINT('',(24.8836462030947,41.2002563333336,
-45.5232757384884));
#8440=VERTEX_POINT('',#8430);
#8450=EDGE_CURVE('',#8440,#8350,#8420,.T.);
#8460=ORIENTED_EDGE('',*,*,#8450,.T.);
#8470=CARTESIAN_POINT('',(24.8836462030947,41.2002563333336,
-45.0132861188318));
#8480=DIRECTION('',(0.,0.,1.));
#8490=VECTOR('',#8480,1.);
#8500=LINE('',#8470,#8490);
#8510=CARTESIAN_POINT('',(24.8836462030947,41.2002563333336,
-46.8032861188318));
#8520=VERTEX_POINT('',#8510);
#8530=EDGE_CURVE('',#8520,#8440,#8500,.T.);
#8540=ORIENTED_EDGE('',*,*,#8530,.T.);
#8550=CARTESIAN_POINT('',(24.8836462030947,43.7769230000001,
-46.8032861188318));
#8560=DIRECTION('',(-1.4210854715202E-14,1.,-4.13057089509717E-32));
#8570=VECTOR('',#8560,1.);
#8580=LINE('',#8550,#8570);
#8590=EDGE_CURVE('',#1860,#8520,#8580,.T.);
#8600=ORIENTED_EDGE('',*,*,#8590,.T.);
#8610=ORIENTED_EDGE('',*,*,#1870,.F.);
#8620=EDGE_LOOP('',(#8610,#8600,#8540,#8460,#8370,#8290,#8200,#8120,
#8030,#7950,#7860,#7780,#7690,#7610,#7520,#7440,#7350,#7270,#7190,#7100,
#7020,#6930,#6850,#6760,#6680,#6590,#6510,#6430,#6340,#6260,#6170,#6090,
#6000,#5920,#5830,#5750,#5660,#5580,#5490,#5410,#5320,#5240));
#8630=FACE_OUTER_BOUND('',#8620,.T.);
#8640=CARTESIAN_POINT('',(24.8836462030948,41.5002677568493,
-39.4232667496224));
#8650=DIRECTION('',(1.,1.4210854715202E-14,0.));
#8660=DIRECTION('',(8.65554103571559E-15,-0.609079552861543,
-0.79310913390654));
#8670=AXIS2_PLACEMENT_3D('',#8640,#8650,#8660);
#8680=ELLIPSE('',#8670,0.300030791987682,0.3);
#8690=CARTESIAN_POINT('',(24.8836462030948,41.2002563333336,
-39.4232964991752));
#8700=VERTEX_POINT('',#8690);
#8710=CARTESIAN_POINT('',(24.8836462030948,41.5002380080843,
-39.7232861188318));
#8720=VERTEX_POINT('',#8710);
#8730=EDGE_CURVE('',#8700,#8720,#8680,.T.);
#8740=ORIENTED_EDGE('',*,*,#8730,.F.);
#8750=CARTESIAN_POINT('',(24.8836462030947,43.7769230000001,
-39.7232861188318));
#8760=DIRECTION('',(-1.4210854715202E-14,1.,0.));
#8770=VECTOR('',#8760,1.);
#8780=LINE('',#8750,#8770);
#8790=CARTESIAN_POINT('',(24.8836462030947,43.6502746585828,
-39.7232861188318));
#8800=VERTEX_POINT('',#8790);
#8810=EDGE_CURVE('',#8720,#8800,#8780,.T.);
#8820=ORIENTED_EDGE('',*,*,#8810,.F.);
#8830=CARTESIAN_POINT('',(24.8836462030947,43.6502449098179,
-39.4232667496224));
#8840=DIRECTION('',(1.,1.4210854715202E-14,0.));
#8850=DIRECTION('',(-8.65554103571559E-15,0.609079552861543,
-0.79310913390654));
#8860=AXIS2_PLACEMENT_3D('',#8830,#8840,#8850);
#8870=ELLIPSE('',#8860,0.300030791987682,0.3);
#8880=CARTESIAN_POINT('',(24.8836462030947,43.9502563333336,
-39.4232964991752));
#8890=VERTEX_POINT('',#8880);
#8900=EDGE_CURVE('',#8800,#8890,#8870,.T.);
#8910=ORIENTED_EDGE('',*,*,#8900,.F.);
#8920=CARTESIAN_POINT('',(24.8836462030947,43.9502563333336,
-39.9332861188318));
#8930=DIRECTION('',(0.,0.,-1.));
#8940=VECTOR('',#8930,1.);
#8950=LINE('',#8920,#8940);
#8960=CARTESIAN_POINT('',(24.8836462030947,43.9502563333336,
-39.1832785034447));
#8970=VERTEX_POINT('',#8960);
#8980=EDGE_CURVE('',#8970,#8890,#8950,.T.);
#8990=ORIENTED_EDGE('',*,*,#8980,.T.);
#9000=CARTESIAN_POINT('',(24.8836462030947,44.1502639490107,
-39.183293734509));
#9010=DIRECTION('',(1.,1.4210854715202E-14,0.));
#9020=DIRECTION('',(-1.00485917355797E-14,0.707106781186795,
-0.7071067811863));
#9030=AXIS2_PLACEMENT_3D('',#9000,#9010,#9020);
#9040=ELLIPSE('',#9030,0.200015231064324,0.2);
#9050=CARTESIAN_POINT('',(24.8836462030947,44.1502487179464,
-38.9832861188318));
#9060=VERTEX_POINT('',#9050);
#9070=EDGE_CURVE('',#9060,#8970,#9040,.T.);
#9080=ORIENTED_EDGE('',*,*,#9070,.T.);
#9090=CARTESIAN_POINT('',(24.8836462030947,43.7769230000001,
-38.9832861188318));
#9100=DIRECTION('',(1.4210854715202E-14,-1.,-4.13057089509717E-32));
#9110=VECTOR('',#9100,1.);
#9120=LINE('',#9090,#9110);
#9130=CARTESIAN_POINT('',(24.8836462030947,44.5002639487207,
-38.9832861188318));
#9140=VERTEX_POINT('',#9130);
#9150=EDGE_CURVE('',#9140,#9060,#9120,.T.);
#9160=ORIENTED_EDGE('',*,*,#9150,.T.);
#9170=CARTESIAN_POINT('',(24.8836462030947,44.5002487176564,
-38.7832785031547));
#9180=DIRECTION('',(-1.,-1.4210854715202E-14,0.));
#9190=DIRECTION('',(-1.00485917355797E-14,0.707106781186795,
-0.7071067811863));
#9200=AXIS2_PLACEMENT_3D('',#9170,#9180,#9190);
#9210=ELLIPSE('',#9200,0.200015231064324,0.2);
#9220=CARTESIAN_POINT('',(24.8836462030947,44.7002563333336,
-38.783293734219));
#9230=VERTEX_POINT('',#9220);
#9240=EDGE_CURVE('',#9230,#9140,#9210,.T.);
#9250=ORIENTED_EDGE('',*,*,#9240,.T.);
#9260=CARTESIAN_POINT('',(24.8836462030947,44.7002563333336,
-37.3932861188318));
#9270=DIRECTION('',(0.,0.,1.));
#9280=VECTOR('',#9270,1.);
#9290=LINE('',#9260,#9280);
#9300=CARTESIAN_POINT('',(24.8836462030947,44.7002563333336,
-38.5432785034446));
#9310=VERTEX_POINT('',#9300);
#9320=EDGE_CURVE('',#9230,#9310,#9290,.T.);
#9330=ORIENTED_EDGE('',*,*,#9320,.F.);
#9340=CARTESIAN_POINT('',(24.8836462030947,44.5002487176564,
-38.5432937345089));
#9350=DIRECTION('',(1.,1.4210854715202E-14,0.));
#9360=DIRECTION('',(1.00485917355797E-14,-0.707106781186795,
-0.7071067811863));
#9370=AXIS2_PLACEMENT_3D('',#9340,#9350,#9360);
#9380=ELLIPSE('',#9370,0.200015231064324,0.2);
#9390=CARTESIAN_POINT('',(24.8836462030947,44.5002639487207,
-38.3432861188318));
#9400=VERTEX_POINT('',#9390);
#9410=EDGE_CURVE('',#9310,#9400,#9380,.T.);
#9420=ORIENTED_EDGE('',*,*,#9410,.F.);
#9430=CARTESIAN_POINT('',(24.8836462030947,43.7769230000001,
-38.3432861188318));
#9440=DIRECTION('',(1.4210854715202E-14,-1.,4.13057089509717E-32));
#9450=VECTOR('',#9440,1.);
#9460=LINE('',#9430,#9450);
#9470=CARTESIAN_POINT('',(24.8836462030947,44.1502487179464,
-38.3432861188318));
#9480=VERTEX_POINT('',#9470);
#9490=EDGE_CURVE('',#9400,#9480,#9460,.T.);
#9500=ORIENTED_EDGE('',*,*,#9490,.F.);
#9510=CARTESIAN_POINT('',(24.8836462030947,44.1502639490107,
-38.1432785031547));
#9520=DIRECTION('',(-1.,-1.4210854715202E-14,0.));
#9530=DIRECTION('',(1.00485917355797E-14,-0.707106781186795,
-0.7071067811863));
#9540=AXIS2_PLACEMENT_3D('',#9510,#9520,#9530);
#9550=ELLIPSE('',#9540,0.200015231064324,0.2);
#9560=CARTESIAN_POINT('',(24.8836462030947,43.9502563333336,
-38.143293734219));
#9570=VERTEX_POINT('',#9560);
#9580=EDGE_CURVE('',#9480,#9570,#9550,.T.);
#9590=ORIENTED_EDGE('',*,*,#9580,.F.);
#9600=CARTESIAN_POINT('',(24.8836462030947,43.9502563333336,
-37.3932861188318));
#9610=DIRECTION('',(0.,0.,1.));
#9620=VECTOR('',#9610,1.);
#9630=LINE('',#9600,#9620);
#9640=CARTESIAN_POINT('',(24.8836462030947,43.9502563333336,
-37.9032757384884));
#9650=VERTEX_POINT('',#9640);
#9660=EDGE_CURVE('',#9570,#9650,#9630,.T.);
#9670=ORIENTED_EDGE('',*,*,#9660,.F.);
#9680=CARTESIAN_POINT('',(24.8836462030947,43.6502449098179,
-37.9033054880412));
#9690=DIRECTION('',(1.,1.4210854715202E-14,0.));
#9700=DIRECTION('',(8.65554103570617E-15,-0.60907955286088,
-0.793109133907049));
#9710=AXIS2_PLACEMENT_3D('',#9680,#9690,#9700);
#9720=ELLIPSE('',#9710,0.300030791987682,0.3);
#9730=CARTESIAN_POINT('',(24.8836462030947,43.6502746585828,
-37.6032861188318));
#9740=VERTEX_POINT('',#9730);
#9750=EDGE_CURVE('',#9650,#9740,#9720,.T.);
#9760=ORIENTED_EDGE('',*,*,#9750,.F.);
#9770=CARTESIAN_POINT('',(24.8836462030947,43.7769230000001,
-37.6032861188318));
#9780=DIRECTION('',(-1.4210854715202E-14,1.,0.));
#9790=VECTOR('',#9780,1.);
#9800=LINE('',#9770,#9790);
#9810=CARTESIAN_POINT('',(24.8836462030948,41.5002380080844,
-37.6032861188318));
#9820=VERTEX_POINT('',#9810);
#9830=EDGE_CURVE('',#9820,#9740,#9800,.T.);
#9840=ORIENTED_EDGE('',*,*,#9830,.T.);
#9850=CARTESIAN_POINT('',(24.8836462030948,41.5002677568493,
-37.9033054880412));
#9860=DIRECTION('',(-1.,-1.4210854715202E-14,0.));
#9870=DIRECTION('',(-8.65554103570617E-15,0.60907955286088,
-0.793109133907049));
#9880=AXIS2_PLACEMENT_3D('',#9850,#9860,#9870);
#9890=ELLIPSE('',#9880,0.300030791987682,0.3);
#9900=CARTESIAN_POINT('',(24.8836462030948,41.2002563333336,
-37.9032757384884));
#9910=VERTEX_POINT('',#9900);
#9920=EDGE_CURVE('',#9910,#9820,#9890,.T.);
#9930=ORIENTED_EDGE('',*,*,#9920,.T.);
#9940=CARTESIAN_POINT('',(24.8836462030948,41.2002563333336,
-37.3932861188318));
#9950=DIRECTION('',(0.,0.,1.));
#9960=VECTOR('',#9950,1.);
#9970=LINE('',#9940,#9960);
#9980=EDGE_CURVE('',#8700,#9910,#9970,.T.);
#9990=ORIENTED_EDGE('',*,*,#9980,.T.);
#10000=EDGE_LOOP('',(#9990,#9930,#9840,#9760,#9670,#9590,#9500,#9420,
#9330,#9250,#9160,#9080,#8990,#8910,#8820,#8740));
#10010=FACE_BOUND('',#10000,.T.);
#10020=CARTESIAN_POINT('',(24.8836462030947,41.5002677568493,
-41.9632667496224));
#10030=DIRECTION('',(1.,1.4210854715202E-14,0.));
#10040=DIRECTION('',(8.65554103571559E-15,-0.609079552861543,
-0.79310913390654));
#10050=AXIS2_PLACEMENT_3D('',#10020,#10030,#10040);
#10060=ELLIPSE('',#10050,0.300030791987682,0.3);
#10070=CARTESIAN_POINT('',(24.8836462030948,41.2002563333336,
-41.9632964991752));
#10080=VERTEX_POINT('',#10070);
#10090=CARTESIAN_POINT('',(24.8836462030947,41.5002380080843,
-42.2632861188318));
#10100=VERTEX_POINT('',#10090);
#10110=EDGE_CURVE('',#10080,#10100,#10060,.T.);
#10120=ORIENTED_EDGE('',*,*,#10110,.F.);
#10130=CARTESIAN_POINT('',(24.8836462030947,43.7769230000001,
-42.2632861188318));
#10140=DIRECTION('',(-1.4210854715202E-14,1.,0.));
#10150=VECTOR('',#10140,1.);
#10160=LINE('',#10130,#10150);
#10170=CARTESIAN_POINT('',(24.8836462030947,43.6502746585828,
-42.2632861188318));
#10180=VERTEX_POINT('',#10170);
#10190=EDGE_CURVE('',#10100,#10180,#10160,.T.);
#10200=ORIENTED_EDGE('',*,*,#10190,.F.);
#10210=CARTESIAN_POINT('',(24.8836462030947,43.6502449098179,
-41.9632667496224));
#10220=DIRECTION('',(1.,1.4210854715202E-14,0.));
#10230=DIRECTION('',(-8.65554103571559E-15,0.609079552861543,
-0.79310913390654));
#10240=AXIS2_PLACEMENT_3D('',#10210,#10220,#10230);
#10250=ELLIPSE('',#10240,0.300030791987682,0.3);
#10260=CARTESIAN_POINT('',(24.8836462030947,43.9502563333336,
-41.9632964991752));
#10270=VERTEX_POINT('',#10260);
#10280=EDGE_CURVE('',#10180,#10270,#10250,.T.);
#10290=ORIENTED_EDGE('',*,*,#10280,.F.);
#10300=CARTESIAN_POINT('',(24.8836462030947,43.9502563333336,
-42.4732861188318));
#10310=DIRECTION('',(0.,0.,-1.));
#10320=VECTOR('',#10310,1.);
#10330=LINE('',#10300,#10320);
#10340=CARTESIAN_POINT('',(24.8836462030947,43.9502563333336,
-41.7232785034447));
#10350=VERTEX_POINT('',#10340);
#10360=EDGE_CURVE('',#10350,#10270,#10330,.T.);
#10370=ORIENTED_EDGE('',*,*,#10360,.T.);
#10380=CARTESIAN_POINT('',(24.8836462030947,44.1502639490107,
-41.723293734509));
#10390=DIRECTION('',(1.,1.4210854715202E-14,0.));
#10400=DIRECTION('',(-1.00485917355797E-14,0.707106781186795,
-0.7071067811863));
#10410=AXIS2_PLACEMENT_3D('',#10380,#10390,#10400);
#10420=ELLIPSE('',#10410,0.200015231064324,0.2);
#10430=CARTESIAN_POINT('',(24.8836462030947,44.1502487179464,
-41.5232861188318));
#10440=VERTEX_POINT('',#10430);
#10450=EDGE_CURVE('',#10440,#10350,#10420,.T.);
#10460=ORIENTED_EDGE('',*,*,#10450,.T.);
#10470=CARTESIAN_POINT('',(24.8836462030947,43.7769230000001,
-41.5232861188318));
#10480=DIRECTION('',(1.4210854715202E-14,-1.,-4.13057089509717E-32));
#10490=VECTOR('',#10480,1.);
#10500=LINE('',#10470,#10490);
#10510=CARTESIAN_POINT('',(24.8836462030947,44.5002639487207,
-41.5232861188318));
#10520=VERTEX_POINT('',#10510);
#10530=EDGE_CURVE('',#10520,#10440,#10500,.T.);
#10540=ORIENTED_EDGE('',*,*,#10530,.T.);
#10550=CARTESIAN_POINT('',(24.8836462030947,44.5002487176564,
-41.3232785031547));
#10560=DIRECTION('',(-1.,-1.4210854715202E-14,0.));
#10570=DIRECTION('',(-1.00485917355797E-14,0.707106781186795,
-0.7071067811863));
#10580=AXIS2_PLACEMENT_3D('',#10550,#10560,#10570);
#10590=ELLIPSE('',#10580,0.200015231064324,0.2);
#10600=CARTESIAN_POINT('',(24.8836462030947,44.7002563333336,
-41.323293734219));
#10610=VERTEX_POINT('',#10600);
#10620=EDGE_CURVE('',#10610,#10520,#10590,.T.);
#10630=ORIENTED_EDGE('',*,*,#10620,.T.);
#10640=CARTESIAN_POINT('',(24.8836462030947,44.7002563333336,
-39.9332861188318));
#10650=DIRECTION('',(0.,0.,1.));
#10660=VECTOR('',#10650,1.);
#10670=LINE('',#10640,#10660);
#10680=CARTESIAN_POINT('',(24.8836462030947,44.7002563333336,
-41.0832785034446));
#10690=VERTEX_POINT('',#10680);
#10700=EDGE_CURVE('',#10610,#10690,#10670,.T.);
#10710=ORIENTED_EDGE('',*,*,#10700,.F.);
#10720=CARTESIAN_POINT('',(24.8836462030947,44.5002487176564,
-41.083293734509));
#10730=DIRECTION('',(1.,1.4210854715202E-14,0.));
#10740=DIRECTION('',(1.00485917355797E-14,-0.707106781186795,
-0.7071067811863));
#10750=AXIS2_PLACEMENT_3D('',#10720,#10730,#10740);
#10760=ELLIPSE('',#10750,0.200015231064324,0.2);
#10770=CARTESIAN_POINT('',(24.8836462030947,44.5002639487207,
-40.8832861188318));
#10780=VERTEX_POINT('',#10770);
#10790=EDGE_CURVE('',#10690,#10780,#10760,.T.);
#10800=ORIENTED_EDGE('',*,*,#10790,.F.);
#10810=CARTESIAN_POINT('',(24.8836462030947,43.7769230000001,
-40.8832861188318));
#10820=DIRECTION('',(1.4210854715202E-14,-1.,4.13057089509717E-32));
#10830=VECTOR('',#10820,1.);
#10840=LINE('',#10810,#10830);
#10850=CARTESIAN_POINT('',(24.8836462030947,44.1502487179464,
-40.8832861188318));
#10860=VERTEX_POINT('',#10850);
#10870=EDGE_CURVE('',#10780,#10860,#10840,.T.);
#10880=ORIENTED_EDGE('',*,*,#10870,.F.);
#10890=CARTESIAN_POINT('',(24.8836462030947,44.1502639490107,
-40.6832785031547));
#10900=DIRECTION('',(-1.,-1.4210854715202E-14,0.));
#10910=DIRECTION('',(1.00485917355797E-14,-0.707106781186795,
-0.7071067811863));
#10920=AXIS2_PLACEMENT_3D('',#10890,#10900,#10910);
#10930=ELLIPSE('',#10920,0.200015231064324,0.2);
#10940=CARTESIAN_POINT('',(24.8836462030947,43.9502563333336,
-40.683293734219));
#10950=VERTEX_POINT('',#10940);
#10960=EDGE_CURVE('',#10860,#10950,#10930,.T.);
#10970=ORIENTED_EDGE('',*,*,#10960,.F.);
#10980=CARTESIAN_POINT('',(24.8836462030947,43.9502563333336,
-39.9332861188318));
#10990=DIRECTION('',(0.,0.,1.));
#11000=VECTOR('',#10990,1.);
#11010=LINE('',#10980,#11000);
#11020=CARTESIAN_POINT('',(24.8836462030947,43.9502563333336,
-40.4432757384884));
#11030=VERTEX_POINT('',#11020);
#11040=EDGE_CURVE('',#10950,#11030,#11010,.T.);
#11050=ORIENTED_EDGE('',*,*,#11040,.F.);
#11060=CARTESIAN_POINT('',(24.8836462030947,43.6502449098179,
-40.4433054880413));
#11070=DIRECTION('',(1.,1.4210854715202E-14,0.));
#11080=DIRECTION('',(8.65554103570617E-15,-0.60907955286088,
-0.793109133907049));
#11090=AXIS2_PLACEMENT_3D('',#11060,#11070,#11080);
#11100=ELLIPSE('',#11090,0.300030791987682,0.3);
#11110=CARTESIAN_POINT('',(24.8836462030947,43.6502746585828,
-40.1432861188318));
#11120=VERTEX_POINT('',#11110);
#11130=EDGE_CURVE('',#11030,#11120,#11100,.T.);
#11140=ORIENTED_EDGE('',*,*,#11130,.F.);
#11150=CARTESIAN_POINT('',(24.8836462030947,43.7769230000001,
-40.1432861188318));
#11160=DIRECTION('',(-1.4210854715202E-14,1.,0.));
#11170=VECTOR('',#11160,1.);
#11180=LINE('',#11150,#11170);
#11190=CARTESIAN_POINT('',(24.8836462030947,41.5002380080844,
-40.1432861188318));
#11200=VERTEX_POINT('',#11190);
#11210=EDGE_CURVE('',#11200,#11120,#11180,.T.);
#11220=ORIENTED_EDGE('',*,*,#11210,.T.);
#11230=CARTESIAN_POINT('',(24.8836462030947,41.5002677568493,
-40.4433054880413));
#11240=DIRECTION('',(-1.,-1.4210854715202E-14,0.));
#11250=DIRECTION('',(-8.65554103570617E-15,0.60907955286088,
-0.793109133907049));
#11260=AXIS2_PLACEMENT_3D('',#11230,#11240,#11250);
#11270=ELLIPSE('',#11260,0.300030791987682,0.3);
#11280=CARTESIAN_POINT('',(24.8836462030948,41.2002563333336,
-40.4432757384884));
#11290=VERTEX_POINT('',#11280);
#11300=EDGE_CURVE('',#11290,#11200,#11270,.T.);
#11310=ORIENTED_EDGE('',*,*,#11300,.T.);
#11320=CARTESIAN_POINT('',(24.8836462030948,41.2002563333336,
-39.9332861188318));
#11330=DIRECTION('',(0.,0.,1.));
#11340=VECTOR('',#11330,1.);
#11350=LINE('',#11320,#11340);
#11360=EDGE_CURVE('',#10080,#11290,#11350,.T.);
#11370=ORIENTED_EDGE('',*,*,#11360,.T.);
#11380=EDGE_LOOP('',(#11370,#11310,#11220,#11140,#11050,#10970,#10880,
#10800,#10710,#10630,#10540,#10460,#10370,#10290,#10200,#10120));
#11390=FACE_BOUND('',#11380,.T.);
#11400=CARTESIAN_POINT('',(24.8836462030947,41.5002677568493,
-44.5032667496224));
#11410=DIRECTION('',(1.,1.4210854715202E-14,0.));
#11420=DIRECTION('',(8.65554103571559E-15,-0.609079552861543,
-0.79310913390654));
#11430=AXIS2_PLACEMENT_3D('',#11400,#11410,#11420);
#11440=ELLIPSE('',#11430,0.300030791987682,0.3);
#11450=CARTESIAN_POINT('',(24.8836462030947,41.2002563333336,
-44.5032964991752));
#11460=VERTEX_POINT('',#11450);
#11470=CARTESIAN_POINT('',(24.8836462030947,41.5002380080843,
-44.8032861188318));
#11480=VERTEX_POINT('',#11470);
#11490=EDGE_CURVE('',#11460,#11480,#11440,.T.);
#11500=ORIENTED_EDGE('',*,*,#11490,.F.);
#11510=CARTESIAN_POINT('',(24.8836462030947,43.7769230000001,
-44.8032861188318));
#11520=DIRECTION('',(-1.4210854715202E-14,1.,0.));
#11530=VECTOR('',#11520,1.);
#11540=LINE('',#11510,#11530);
#11550=CARTESIAN_POINT('',(24.8836462030947,43.6502746585828,
-44.8032861188318));
#11560=VERTEX_POINT('',#11550);
#11570=EDGE_CURVE('',#11480,#11560,#11540,.T.);
#11580=ORIENTED_EDGE('',*,*,#11570,.F.);
#11590=CARTESIAN_POINT('',(24.8836462030947,43.6502449098179,
-44.5032667496224));
#11600=DIRECTION('',(1.,1.4210854715202E-14,0.));
#11610=DIRECTION('',(-8.65554103571559E-15,0.609079552861543,
-0.79310913390654));
#11620=AXIS2_PLACEMENT_3D('',#11590,#11600,#11610);
#11630=ELLIPSE('',#11620,0.300030791987682,0.3);
#11640=CARTESIAN_POINT('',(24.8836462030947,43.9502563333336,
-44.5032964991752));
#11650=VERTEX_POINT('',#11640);
#11660=EDGE_CURVE('',#11560,#11650,#11630,.T.);
#11670=ORIENTED_EDGE('',*,*,#11660,.F.);
#11680=CARTESIAN_POINT('',(24.8836462030947,43.9502563333336,
-45.0132861188318));
#11690=DIRECTION('',(0.,0.,-1.));
#11700=VECTOR('',#11690,1.);
#11710=LINE('',#11680,#11700);
#11720=CARTESIAN_POINT('',(24.8836462030947,43.9502563333336,
-44.2632785034447));
#11730=VERTEX_POINT('',#11720);
#11740=EDGE_CURVE('',#11730,#11650,#11710,.T.);
#11750=ORIENTED_EDGE('',*,*,#11740,.T.);
#11760=CARTESIAN_POINT('',(24.8836462030947,44.1502639490107,
-44.263293734509));
#11770=DIRECTION('',(1.,1.4210854715202E-14,0.));
#11780=DIRECTION('',(-1.00485917355797E-14,0.707106781186795,
-0.7071067811863));
#11790=AXIS2_PLACEMENT_3D('',#11760,#11770,#11780);
#11800=ELLIPSE('',#11790,0.200015231064324,0.2);
#11810=CARTESIAN_POINT('',(24.8836462030947,44.1502487179464,
-44.0632861188318));
#11820=VERTEX_POINT('',#11810);
#11830=EDGE_CURVE('',#11820,#11730,#11800,.T.);
#11840=ORIENTED_EDGE('',*,*,#11830,.T.);
#11850=CARTESIAN_POINT('',(24.8836462030947,43.7769230000001,
-44.0632861188318));
#11860=DIRECTION('',(1.4210854715202E-14,-1.,-4.13057089509717E-32));
#11870=VECTOR('',#11860,1.);
#11880=LINE('',#11850,#11870);
#11890=CARTESIAN_POINT('',(24.8836462030947,44.5002639487207,
-44.0632861188318));
#11900=VERTEX_POINT('',#11890);
#11910=EDGE_CURVE('',#11900,#11820,#11880,.T.);
#11920=ORIENTED_EDGE('',*,*,#11910,.T.);
#11930=CARTESIAN_POINT('',(24.8836462030947,44.5002487176564,
-43.8632785031547));
#11940=DIRECTION('',(-1.,-1.4210854715202E-14,0.));
#11950=DIRECTION('',(-1.00485917355797E-14,0.707106781186795,
-0.7071067811863));
#11960=AXIS2_PLACEMENT_3D('',#11930,#11940,#11950);
#11970=ELLIPSE('',#11960,0.200015231064324,0.2);
#11980=CARTESIAN_POINT('',(24.8836462030947,44.7002563333336,
-43.863293734219));
#11990=VERTEX_POINT('',#11980);
#12000=EDGE_CURVE('',#11990,#11900,#11970,.T.);
#12010=ORIENTED_EDGE('',*,*,#12000,.T.);
#12020=CARTESIAN_POINT('',(24.8836462030947,44.7002563333336,
-42.4732861188318));
#12030=DIRECTION('',(0.,0.,1.));
#12040=VECTOR('',#12030,1.);
#12050=LINE('',#12020,#12040);
#12060=CARTESIAN_POINT('',(24.8836462030947,44.7002563333336,
-43.6232785034446));
#12070=VERTEX_POINT('',#12060);
#12080=EDGE_CURVE('',#11990,#12070,#12050,.T.);
#12090=ORIENTED_EDGE('',*,*,#12080,.F.);
#12100=CARTESIAN_POINT('',(24.8836462030947,44.5002487176564,
-43.6232937345089));
#12110=DIRECTION('',(1.,1.4210854715202E-14,0.));
#12120=DIRECTION('',(1.00485917355797E-14,-0.707106781186795,
-0.7071067811863));
#12130=AXIS2_PLACEMENT_3D('',#12100,#12110,#12120);
#12140=ELLIPSE('',#12130,0.200015231064324,0.2);
#12150=CARTESIAN_POINT('',(24.8836462030947,44.5002639487207,
-43.4232861188318));
#12160=VERTEX_POINT('',#12150);
#12170=EDGE_CURVE('',#12070,#12160,#12140,.T.);
#12180=ORIENTED_EDGE('',*,*,#12170,.F.);
#12190=CARTESIAN_POINT('',(24.8836462030947,43.7769230000001,
-43.4232861188318));
#12200=DIRECTION('',(1.4210854715202E-14,-1.,4.13057089509717E-32));
#12210=VECTOR('',#12200,1.);
#12220=LINE('',#12190,#12210);
#12230=CARTESIAN_POINT('',(24.8836462030947,44.1502487179464,
-43.4232861188318));
#12240=VERTEX_POINT('',#12230);
#12250=EDGE_CURVE('',#12160,#12240,#12220,.T.);
#12260=ORIENTED_EDGE('',*,*,#12250,.F.);
#12270=CARTESIAN_POINT('',(24.8836462030947,44.1502639490107,
-43.2232785031547));
#12280=DIRECTION('',(-1.,-1.4210854715202E-14,0.));
#12290=DIRECTION('',(1.00485917355797E-14,-0.707106781186795,
-0.7071067811863));
#12300=AXIS2_PLACEMENT_3D('',#12270,#12280,#12290);
#12310=ELLIPSE('',#12300,0.200015231064324,0.2);
#12320=CARTESIAN_POINT('',(24.8836462030947,43.9502563333336,
-43.223293734219));
#12330=VERTEX_POINT('',#12320);
#12340=EDGE_CURVE('',#12240,#12330,#12310,.T.);
#12350=ORIENTED_EDGE('',*,*,#12340,.F.);
#12360=CARTESIAN_POINT('',(24.8836462030947,43.9502563333336,
-42.4732861188318));
#12370=DIRECTION('',(0.,0.,1.));
#12380=VECTOR('',#12370,1.);
#12390=LINE('',#12360,#12380);
#12400=CARTESIAN_POINT('',(24.8836462030947,43.9502563333336,
-42.9832757384884));
#12410=VERTEX_POINT('',#12400);
#12420=EDGE_CURVE('',#12330,#12410,#12390,.T.);
#12430=ORIENTED_EDGE('',*,*,#12420,.F.);
#12440=CARTESIAN_POINT('',(24.8836462030947,43.6502449098179,
-42.9833054880412));
#12450=DIRECTION('',(1.,1.4210854715202E-14,0.));
#12460=DIRECTION('',(8.65554103570617E-15,-0.60907955286088,
-0.793109133907049));
#12470=AXIS2_PLACEMENT_3D('',#12440,#12450,#12460);
#12480=ELLIPSE('',#12470,0.300030791987682,0.3);
#12490=CARTESIAN_POINT('',(24.8836462030947,43.6502746585828,
-42.6832861188318));
#12500=VERTEX_POINT('',#12490);
#12510=EDGE_CURVE('',#12410,#12500,#12480,.T.);
#12520=ORIENTED_EDGE('',*,*,#12510,.F.);
#12530=CARTESIAN_POINT('',(24.8836462030947,43.7769230000001,
-42.6832861188318));
#12540=DIRECTION('',(-1.4210854715202E-14,1.,0.));
#12550=VECTOR('',#12540,1.);
#12560=LINE('',#12530,#12550);
#12570=CARTESIAN_POINT('',(24.8836462030947,41.5002380080844,
-42.6832861188318));
#12580=VERTEX_POINT('',#12570);
#12590=EDGE_CURVE('',#12580,#12500,#12560,.T.);
#12600=ORIENTED_EDGE('',*,*,#12590,.T.);
#12610=CARTESIAN_POINT('',(24.8836462030947,41.5002677568493,
-42.9833054880412));
#12620=DIRECTION('',(-1.,-1.4210854715202E-14,0.));
#12630=DIRECTION('',(-8.65554103570617E-15,0.60907955286088,
-0.793109133907049));
#12640=AXIS2_PLACEMENT_3D('',#12610,#12620,#12630);
#12650=ELLIPSE('',#12640,0.300030791987682,0.3);
#12660=CARTESIAN_POINT('',(24.8836462030947,41.2002563333336,
-42.9832757384884));
#12670=VERTEX_POINT('',#12660);
#12680=EDGE_CURVE('',#12670,#12580,#12650,.T.);
#12690=ORIENTED_EDGE('',*,*,#12680,.T.);
#12700=CARTESIAN_POINT('',(24.8836462030947,41.2002563333336,
-42.4732861188318));
#12710=DIRECTION('',(0.,0.,1.));
#12720=VECTOR('',#12710,1.);
#12730=LINE('',#12700,#12720);
#12740=EDGE_CURVE('',#11460,#12670,#12730,.T.);
#12750=ORIENTED_EDGE('',*,*,#12740,.T.);
#12760=EDGE_LOOP('',(#12750,#12690,#12600,#12520,#12430,#12350,#12260,
#12180,#12090,#12010,#11920,#11840,#11750,#11670,#11580,#11500));
#12770=FACE_BOUND('',#12760,.T.);
#12780=ADVANCED_FACE('',(#5230,#8630,#10010,#11390,#12770),#4170,.F.);
#12790=CARTESIAN_POINT('',(24.8336462030947,43.2752563333336,
-34.7832861188318));
#12800=DIRECTION('',(1.,1.4210854715202E-14,0.));
#12810=DIRECTION('',(0.,0.,-1.));
#12820=AXIS2_PLACEMENT_3D('',#12790,#12800,#12810);
#12830=PLANE('',#12820);
#12840=CARTESIAN_POINT('',(24.8336462030947,45.0190063333335,
-37.3932861188318));
#12850=DIRECTION('',(0.,0.,1.));
#12860=VECTOR('',#12850,1.);
#12870=LINE('',#12840,#12860);
#12880=CARTESIAN_POINT('',(24.8336462030947,45.0190063333335,
-34.9501611188318));
#12890=VERTEX_POINT('',#12880);
#12900=CARTESIAN_POINT('',(24.8336462030947,45.0190063333335,
-34.9314111188318));
#12910=VERTEX_POINT('',#12900);
#12920=EDGE_CURVE('',#12890,#12910,#12870,.T.);
#12930=ORIENTED_EDGE('',*,*,#12920,.T.);
#12940=CARTESIAN_POINT('',(24.8336462030947,45.5076313333335,
-37.3932861188318));
#12950=DIRECTION('',(2.78697790375563E-15,-0.196116135138182,
0.980580675690921));
#12960=VECTOR('',#12950,1.);
#12970=LINE('',#12940,#12960);
#12980=CARTESIAN_POINT('',(24.8336462030947,45.0283813333335,
-34.9970361188318));
#12990=VERTEX_POINT('',#12980);
#13000=EDGE_CURVE('',#12990,#12890,#12970,.T.);
#13010=ORIENTED_EDGE('',*,*,#13000,.T.);
#13020=CARTESIAN_POINT('',(24.8336462030947,45.8271313333335,
-37.3932861188318));
#13030=DIRECTION('',(4.49386683977831E-15,-0.316227766016847,
0.948683298050511));
#13040=VECTOR('',#13030,1.);
#13050=LINE('',#13020,#13040);
#13060=CARTESIAN_POINT('',(24.8336462030947,45.0377563333335,
-35.0251611188318));
#13070=VERTEX_POINT('',#13060);
#13080=EDGE_CURVE('',#13070,#12990,#13050,.T.);
#13090=ORIENTED_EDGE('',*,*,#13080,.T.);
#13100=CARTESIAN_POINT('',(24.8336462030947,46.2218188333334,
-37.3932861188318));
#13110=DIRECTION('',(6.35528743231296E-15,-0.447213595499954,
0.894427190999918));
#13120=VECTOR('',#13110,1.);
#13130=LINE('',#13100,#13120);
#13140=CARTESIAN_POINT('',(24.8336462030947,45.0565063333335,
-35.0626611188318));
#13150=VERTEX_POINT('',#13140);
#13160=EDGE_CURVE('',#13150,#13070,#13130,.T.);
#13170=ORIENTED_EDGE('',*,*,#13160,.T.);
#13180=CARTESIAN_POINT('',(24.8336462030947,43.776923,-33.7830777854984)
);
#13190=DIRECTION('',(1.00485917355762E-14,-0.707106781186553,
0.707106781186542));
#13200=VECTOR('',#13190,1.);
#13210=LINE('',#13180,#13200);
#13220=CARTESIAN_POINT('',(24.8336462030947,45.0846313333335,
-35.0907861188318));
#13230=VERTEX_POINT('',#13220);
#13240=EDGE_CURVE('',#13230,#13150,#13210,.T.);
#13250=ORIENTED_EDGE('',*,*,#13240,.T.);
#13260=CARTESIAN_POINT('',(24.8336462030947,43.776923,-34.1100048688318)
);
#13270=DIRECTION('',(1.13686837721615E-14,-0.799999999999995,
0.600000000000006));
#13280=VECTOR('',#13270,1.);
#13290=LINE('',#13260,#13280);
#13300=CARTESIAN_POINT('',(24.8336462030947,45.1221313333335,
-35.1189111188318));
#13310=VERTEX_POINT('',#13300);
#13320=EDGE_CURVE('',#13310,#13230,#13290,.T.);
#13330=ORIENTED_EDGE('',*,*,#13320,.T.);
#13340=CARTESIAN_POINT('',(24.8336462030947,43.776923,-34.670508341054))
;
#13350=DIRECTION('',(1.34816005193346E-14,-0.948683298050515,
0.316227766016833));
#13360=VECTOR('',#13350,1.);
#13370=LINE('',#13340,#13360);
#13380=CARTESIAN_POINT('',(24.8336462030947,45.1502563333335,
-35.1282861188318));
#13390=VERTEX_POINT('',#13380);
#13400=EDGE_CURVE('',#13390,#13310,#13370,.T.);
#13410=ORIENTED_EDGE('',*,*,#13400,.T.);
#13420=CARTESIAN_POINT('',(24.8336462030947,45.1502563333335,
-37.3932861188318));
#13430=DIRECTION('',(0.,0.,1.));
#13440=VECTOR('',#13430,1.);
#13450=LINE('',#13420,#13440);
#13460=CARTESIAN_POINT('',(24.8336462030947,45.1502563333335,
-35.2032861188318));
#13470=VERTEX_POINT('',#13460);
#13480=EDGE_CURVE('',#13470,#13390,#13450,.T.);
#13490=ORIENTED_EDGE('',*,*,#13480,.T.);
#13500=CARTESIAN_POINT('',(24.8336462030947,43.776923,-35.2032861188318)
);
#13510=DIRECTION('',(-1.4210854715202E-14,1.,0.));
#13520=VECTOR('',#13510,1.);
#13530=LINE('',#13500,#13520);
#13540=CARTESIAN_POINT('',(24.8336462030947,44.4002563333335,
-35.2032861188318));
#13550=VERTEX_POINT('',#13540);
#13560=EDGE_CURVE('',#13550,#13470,#13530,.T.);
#13570=ORIENTED_EDGE('',*,*,#13560,.T.);
#13580=CARTESIAN_POINT('',(24.8336462030947,44.4002563333335,
-37.3932861188318));
#13590=DIRECTION('',(0.,0.,-1.));
#13600=VECTOR('',#13590,1.);
#13610=LINE('',#13580,#13600);
#13620=CARTESIAN_POINT('',(24.8336462030947,44.4002563333335,
-35.1095361188318));
#13630=VERTEX_POINT('',#13620);
#13640=EDGE_CURVE('',#13630,#13550,#13610,.T.);
#13650=ORIENTED_EDGE('',*,*,#13640,.T.);
#13660=CARTESIAN_POINT('',(24.8336462030947,43.776923,-35.1095361188318)
);
#13670=DIRECTION('',(1.4210854715202E-14,-1.,0.));
#13680=VECTOR('',#13670,1.);
#13690=LINE('',#13660,#13680);
#13700=CARTESIAN_POINT('',(24.8336462030947,44.9440063333335,
-35.1095361188318));
#13710=VERTEX_POINT('',#13700);
#13720=EDGE_CURVE('',#13710,#13630,#13690,.T.);
#13730=ORIENTED_EDGE('',*,*,#13720,.T.);
#13740=CARTESIAN_POINT('',(24.8336462030947,44.9440063333335,
-37.3932861188318));
#13750=DIRECTION('',(0.,0.,-1.));
#13760=VECTOR('',#13750,1.);
#13770=LINE('',#13740,#13760);
#13780=CARTESIAN_POINT('',(24.8336462030947,44.9440063333335,
-34.9314111188318));
#13790=VERTEX_POINT('',#13780);
#13800=EDGE_CURVE('',#13790,#13710,#13770,.T.);
#13810=ORIENTED_EDGE('',*,*,#13800,.T.);
#13820=CARTESIAN_POINT('',(24.8336462030947,43.776923,-34.9314111188318)
);
#13830=DIRECTION('',(1.4210854715202E-14,-1.,0.));
#13840=VECTOR('',#13830,1.);
#13850=LINE('',#13820,#13840);
#13860=EDGE_CURVE('',#12910,#13790,#13850,.T.);
#13870=ORIENTED_EDGE('',*,*,#13860,.T.);
#13880=EDGE_LOOP('',(#13870,#13810,#13730,#13650,#13570,#13490,#13410,
#13330,#13250,#13170,#13090,#13010,#12930));
#13890=FACE_OUTER_BOUND('',#13880,.T.);
#13900=ADVANCED_FACE('',(#13890),#12830,.T.);
#13910=CARTESIAN_POINT('',(24.8836462030947,45.1502563333335,
-35.1282861188318));
#13920=DIRECTION('',(1.4210854715202E-14,-1.,0.));
#13930=DIRECTION('',(0.,0.,1.));
#13940=AXIS2_PLACEMENT_3D('',#13910,#13920,#13930);
#13950=PLANE('',#13940);
#13960=CARTESIAN_POINT('',(24.8836462030947,45.1502563333335,
-35.2032861188318));
#13970=DIRECTION('',(-1.,-1.4210854715202E-14,0.));
#13980=VECTOR('',#13970,1.);
#13990=LINE('',#13960,#13980);
#14000=EDGE_CURVE('',#4230,#13470,#13990,.T.);
#14010=ORIENTED_EDGE('',*,*,#14000,.F.);
#14020=ORIENTED_EDGE('',*,*,#13480,.F.);
#14030=CARTESIAN_POINT('',(24.8836462030947,45.1502563333335,
-35.1282861188318));
#14040=DIRECTION('',(-1.,-1.4210854715202E-14,0.));
#14050=VECTOR('',#14040,1.);
#14060=LINE('',#14030,#14050);
#14070=EDGE_CURVE('',#4250,#13390,#14060,.T.);
#14080=ORIENTED_EDGE('',*,*,#14070,.T.);
#14090=ORIENTED_EDGE('',*,*,#4260,.T.);
#14100=EDGE_LOOP('',(#14090,#14080,#14020,#14010));
#14110=FACE_OUTER_BOUND('',#14100,.T.);
#14120=ADVANCED_FACE('',(#14110),#13950,.T.);
#14130=CARTESIAN_POINT('',(24.8836462030947,45.1221313333335,
-35.1189111188318));
#14140=DIRECTION('',(4.49386683977811E-15,-0.316227766016833,
-0.948683298050515));
#14150=DIRECTION('',(1.34816005193346E-14,-0.948683298050515,
0.316227766016833));
#14160=AXIS2_PLACEMENT_3D('',#14130,#14140,#14150);
#14170=PLANE('',#14160);
#14180=ORIENTED_EDGE('',*,*,#14070,.F.);
#14190=ORIENTED_EDGE('',*,*,#13400,.F.);
#14200=CARTESIAN_POINT('',(24.8836462030947,45.1221313333335,
-35.1189111188318));
#14210=DIRECTION('',(-1.,-1.4210854715202E-14,0.));
#14220=VECTOR('',#14210,1.);
#14230=LINE('',#14200,#14220);
#14240=EDGE_CURVE('',#4330,#13310,#14230,.T.);
#14250=ORIENTED_EDGE('',*,*,#14240,.T.);
#14260=ORIENTED_EDGE('',*,*,#4340,.T.);
#14270=EDGE_LOOP('',(#14260,#14250,#14190,#14180));
#14280=FACE_OUTER_BOUND('',#14270,.T.);
#14290=ADVANCED_FACE('',(#14280),#14170,.T.);
#14300=CARTESIAN_POINT('',(24.8836462030947,45.0846313333335,
-35.0907861188318));
#14310=DIRECTION('',(8.52651282912129E-15,-0.600000000000006,
-0.799999999999995));
#14320=DIRECTION('',(1.13686837721615E-14,-0.799999999999995,
0.600000000000006));
#14330=AXIS2_PLACEMENT_3D('',#14300,#14310,#14320);
#14340=PLANE('',#14330);
#14350=ORIENTED_EDGE('',*,*,#14240,.F.);
#14360=ORIENTED_EDGE('',*,*,#13320,.F.);
#14370=CARTESIAN_POINT('',(24.8836462030947,45.0846313333335,
-35.0907861188318));
#14380=DIRECTION('',(-1.,-1.4210854715202E-14,0.));
#14390=VECTOR('',#14380,1.);
#14400=LINE('',#14370,#14390);
#14410=EDGE_CURVE('',#4410,#13230,#14400,.T.);
#14420=ORIENTED_EDGE('',*,*,#14410,.T.);
#14430=ORIENTED_EDGE('',*,*,#4420,.T.);
#14440=EDGE_LOOP('',(#14430,#14420,#14360,#14350));
#14450=FACE_OUTER_BOUND('',#14440,.T.);
#14460=ADVANCED_FACE('',(#14450),#14340,.T.);
#14470=CARTESIAN_POINT('',(24.8836462030947,45.0565063333335,
-35.0626611188318));
#14480=DIRECTION('',(1.00485917355761E-14,-0.707106781186542,
-0.707106781186553));
#14490=DIRECTION('',(1.00485917355762E-14,-0.707106781186553,
0.707106781186542));
#14500=AXIS2_PLACEMENT_3D('',#14470,#14480,#14490);
#14510=PLANE('',#14500);
#14520=ORIENTED_EDGE('',*,*,#14410,.F.);
#14530=ORIENTED_EDGE('',*,*,#13240,.F.);
#14540=CARTESIAN_POINT('',(24.8836462030947,45.0565063333335,
-35.0626611188318));
#14550=DIRECTION('',(-1.,-1.4210854715202E-14,0.));
#14560=VECTOR('',#14550,1.);
#14570=LINE('',#14540,#14560);
#14580=EDGE_CURVE('',#4490,#13150,#14570,.T.);
#14590=ORIENTED_EDGE('',*,*,#14580,.T.);
#14600=ORIENTED_EDGE('',*,*,#4500,.T.);
#14610=EDGE_LOOP('',(#14600,#14590,#14530,#14520));
#14620=FACE_OUTER_BOUND('',#14610,.T.);
#14630=ADVANCED_FACE('',(#14620),#14510,.T.);
#14640=CARTESIAN_POINT('',(24.8836462030947,45.0377563333335,
-35.0251611188318));
#14650=DIRECTION('',(1.27105748646261E-14,-0.894427190999918,
-0.447213595499954));
#14660=DIRECTION('',(6.35528743231296E-15,-0.447213595499954,
0.894427190999918));
#14670=AXIS2_PLACEMENT_3D('',#14640,#14650,#14660);
#14680=PLANE('',#14670);
#14690=ORIENTED_EDGE('',*,*,#14580,.F.);
#14700=ORIENTED_EDGE('',*,*,#13160,.F.);
#14710=CARTESIAN_POINT('',(24.8836462030947,45.0377563333335,
-35.0251611188318));
#14720=DIRECTION('',(-1.,-1.4210854715202E-14,0.));
#14730=VECTOR('',#14720,1.);
#14740=LINE('',#14710,#14730);
#14750=EDGE_CURVE('',#4570,#13070,#14740,.T.);
#14760=ORIENTED_EDGE('',*,*,#14750,.T.);
#14770=ORIENTED_EDGE('',*,*,#4580,.T.);
#14780=EDGE_LOOP('',(#14770,#14760,#14700,#14690));
#14790=FACE_OUTER_BOUND('',#14780,.T.);
#14800=ADVANCED_FACE('',(#14790),#14680,.T.);
#14810=CARTESIAN_POINT('',(24.8836462030947,45.0283813333335,
-34.9970361188318));
#14820=DIRECTION('',(1.34816005193345E-14,-0.948683298050511,
-0.316227766016847));
#14830=DIRECTION('',(4.49386683977831E-15,-0.316227766016847,
0.948683298050511));
#14840=AXIS2_PLACEMENT_3D('',#14810,#14820,#14830);
#14850=PLANE('',#14840);
#14860=ORIENTED_EDGE('',*,*,#14750,.F.);
#14870=ORIENTED_EDGE('',*,*,#13080,.F.);
#14880=CARTESIAN_POINT('',(24.8836462030947,45.0283813333335,
-34.9970361188318));
#14890=DIRECTION('',(-1.,-1.4210854715202E-14,0.));
#14900=VECTOR('',#14890,1.);
#14910=LINE('',#14880,#14900);
#14920=EDGE_CURVE('',#4650,#12990,#14910,.T.);
#14930=ORIENTED_EDGE('',*,*,#14920,.T.);
#14940=ORIENTED_EDGE('',*,*,#4660,.T.);
#14950=EDGE_LOOP('',(#14940,#14930,#14870,#14860));
#14960=FACE_OUTER_BOUND('',#14950,.T.);
#14970=ADVANCED_FACE('',(#14960),#14850,.T.);
#14980=CARTESIAN_POINT('',(24.8836462030947,45.0190063333335,
-34.9501611188318));
#14990=DIRECTION('',(1.39348895187783E-14,-0.980580675690921,
-0.196116135138182));
#15000=DIRECTION('',(2.78697790375563E-15,-0.196116135138182,
0.980580675690921));
#15010=AXIS2_PLACEMENT_3D('',#14980,#14990,#15000);
#15020=PLANE('',#15010);
#15030=ORIENTED_EDGE('',*,*,#14920,.F.);
#15040=ORIENTED_EDGE('',*,*,#13000,.F.);
#15050=CARTESIAN_POINT('',(24.8836462030947,45.0190063333335,
-34.9501611188318));
#15060=DIRECTION('',(-1.,-1.4210854715202E-14,0.));
#15070=VECTOR('',#15060,1.);
#15080=LINE('',#15050,#15070);
#15090=EDGE_CURVE('',#4730,#12890,#15080,.T.);
#15100=ORIENTED_EDGE('',*,*,#15090,.T.);
#15110=ORIENTED_EDGE('',*,*,#4740,.T.);
#15120=EDGE_LOOP('',(#15110,#15100,#15040,#15030));
#15130=FACE_OUTER_BOUND('',#15120,.T.);
#15140=ADVANCED_FACE('',(#15130),#15020,.T.);
#15150=CARTESIAN_POINT('',(24.8836462030947,45.0190063333335,
-34.9314111188318));
#15160=DIRECTION('',(1.4210854715202E-14,-1.,0.));
#15170=DIRECTION('',(0.,0.,1.));
#15180=AXIS2_PLACEMENT_3D('',#15150,#15160,#15170);
#15190=PLANE('',#15180);
#15200=ORIENTED_EDGE('',*,*,#15090,.F.);
#15210=ORIENTED_EDGE('',*,*,#12920,.F.);
#15220=CARTESIAN_POINT('',(24.8836462030947,45.0190063333335,
-34.9314111188318));
#15230=DIRECTION('',(-1.,-1.4210854715202E-14,0.));
#15240=VECTOR('',#15230,1.);
#15250=LINE('',#15220,#15240);
#15260=EDGE_CURVE('',#4810,#12910,#15250,.T.);
#15270=ORIENTED_EDGE('',*,*,#15260,.T.);
#15280=ORIENTED_EDGE('',*,*,#4820,.T.);
#15290=EDGE_LOOP('',(#15280,#15270,#15210,#15200));
#15300=FACE_OUTER_BOUND('',#15290,.T.);
#15310=ADVANCED_FACE('',(#15300),#15190,.T.);
#15320=CARTESIAN_POINT('',(24.8836462030947,44.9440063333335,
-34.9314111188318));
#15330=DIRECTION('',(0.,-0.,-1.));
#15340=DIRECTION('',(1.4210854715202E-14,-1.,0.));
#15350=AXIS2_PLACEMENT_3D('',#15320,#15330,#15340);
#15360=PLANE('',#15350);
#15370=ORIENTED_EDGE('',*,*,#15260,.F.);
#15380=ORIENTED_EDGE('',*,*,#13860,.F.);
#15390=CARTESIAN_POINT('',(24.8836462030947,44.9440063333335,
-34.9314111188318));
#15400=DIRECTION('',(-1.,-1.4210854715202E-14,0.));
#15410=VECTOR('',#15400,1.);
#15420=LINE('',#15390,#15410);
#15430=EDGE_CURVE('',#4890,#13790,#15420,.T.);
#15440=ORIENTED_EDGE('',*,*,#15430,.T.);
#15450=ORIENTED_EDGE('',*,*,#4900,.T.);
#15460=EDGE_LOOP('',(#15450,#15440,#15380,#15370));
#15470=FACE_OUTER_BOUND('',#15460,.T.);
#15480=ADVANCED_FACE('',(#15470),#15360,.T.);
#15490=CARTESIAN_POINT('',(24.8836462030947,44.9440063333335,
-35.1095361188318));
#15500=DIRECTION('',(-1.4210854715202E-14,1.,0.));
#15510=DIRECTION('',(0.,0.,-1.));
#15520=AXIS2_PLACEMENT_3D('',#15490,#15500,#15510);
#15530=PLANE('',#15520);
#15540=ORIENTED_EDGE('',*,*,#15430,.F.);
#15550=ORIENTED_EDGE('',*,*,#13800,.F.);
#15560=CARTESIAN_POINT('',(24.8836462030947,44.9440063333335,
-35.1095361188318));
#15570=DIRECTION('',(-1.,-1.4210854715202E-14,0.));
#15580=VECTOR('',#15570,1.);
#15590=LINE('',#15560,#15580);
#15600=EDGE_CURVE('',#4970,#13710,#15590,.T.);
#15610=ORIENTED_EDGE('',*,*,#15600,.T.);
#15620=ORIENTED_EDGE('',*,*,#4980,.T.);
#15630=EDGE_LOOP('',(#15620,#15610,#15550,#15540));
#15640=FACE_OUTER_BOUND('',#15630,.T.);
#15650=ADVANCED_FACE('',(#15640),#15530,.T.);
#15660=CARTESIAN_POINT('',(24.8836462030947,44.4002563333335,
-35.1095361188318));
#15670=DIRECTION('',(0.,-0.,-1.));
#15680=DIRECTION('',(1.4210854715202E-14,-1.,0.));
#15690=AXIS2_PLACEMENT_3D('',#15660,#15670,#15680);
#15700=PLANE('',#15690);
#15710=ORIENTED_EDGE('',*,*,#15600,.F.);
#15720=ORIENTED_EDGE('',*,*,#13720,.F.);
#15730=CARTESIAN_POINT('',(24.8836462030947,44.4002563333335,
-35.1095361188318));
#15740=DIRECTION('',(-1.,-1.4210854715202E-14,0.));
#15750=VECTOR('',#15740,1.);
#15760=LINE('',#15730,#15750);
#15770=EDGE_CURVE('',#5050,#13630,#15760,.T.);
#15780=ORIENTED_EDGE('',*,*,#15770,.T.);
#15790=ORIENTED_EDGE('',*,*,#5060,.T.);
#15800=EDGE_LOOP('',(#15790,#15780,#15720,#15710));
#15810=FACE_OUTER_BOUND('',#15800,.T.);
#15820=ADVANCED_FACE('',(#15810),#15700,.T.);
#15830=CARTESIAN_POINT('',(24.8836462030947,44.4002563333335,
-35.2032861188318));
#15840=DIRECTION('',(-1.4210854715202E-14,1.,0.));
#15850=DIRECTION('',(0.,0.,-1.));
#15860=AXIS2_PLACEMENT_3D('',#15830,#15840,#15850);
#15870=PLANE('',#15860);
#15880=ORIENTED_EDGE('',*,*,#15770,.F.);
#15890=ORIENTED_EDGE('',*,*,#13640,.F.);
#15900=CARTESIAN_POINT('',(24.8836462030947,44.4002563333335,
-35.2032861188318));
#15910=DIRECTION('',(-1.,-1.4210854715202E-14,0.));
#15920=VECTOR('',#15910,1.);
#15930=LINE('',#15900,#15920);
#15940=EDGE_CURVE('',#5130,#13550,#15930,.T.);
#15950=ORIENTED_EDGE('',*,*,#15940,.T.);
#15960=ORIENTED_EDGE('',*,*,#5140,.T.);
#15970=EDGE_LOOP('',(#15960,#15950,#15890,#15880));
#15980=FACE_OUTER_BOUND('',#15970,.T.);
#15990=ADVANCED_FACE('',(#15980),#15870,.T.);
#16000=CARTESIAN_POINT('',(24.8836462030947,45.1502563333335,
-35.2032861188318));
#16010=DIRECTION('',(0.,0.,1.));
#16020=DIRECTION('',(-1.4210854715202E-14,1.,0.));
#16030=AXIS2_PLACEMENT_3D('',#16000,#16010,#16020);
#16040=PLANE('',#16030);
#16050=ORIENTED_EDGE('',*,*,#15940,.F.);
#16060=ORIENTED_EDGE('',*,*,#13560,.F.);
#16070=ORIENTED_EDGE('',*,*,#14000,.T.);
#16080=ORIENTED_EDGE('',*,*,#5200,.T.);
#16090=EDGE_LOOP('',(#16080,#16070,#16060,#16050));
#16100=FACE_OUTER_BOUND('',#16090,.T.);
#16110=ADVANCED_FACE('',(#16100),#16040,.T.);
#16120=CARTESIAN_POINT('',(25.6376486030948,40.6002563333334,
-34.6032861188319));
#16130=DIRECTION('',(0.,0.,-1.));
#16140=DIRECTION('',(0.,1.,0.));
#16150=AXIS2_PLACEMENT_3D('',#16120,#16130,#16140);
#16160=PLANE('',#16150);
#16170=CARTESIAN_POINT('',(21.7836462030953,43.776923,-34.6032861188319)
);
#16180=DIRECTION('',(0.,1.,0.));
#16190=VECTOR('',#16180,1.);
#16200=LINE('',#16170,#16190);
#16210=CARTESIAN_POINT('',(21.7836462030953,41.4002563333336,
-34.6032861188319));
#16220=VERTEX_POINT('',#16210);
#16230=CARTESIAN_POINT('',(21.7836462030953,44.3002563333335,
-34.6032861188319));
#16240=VERTEX_POINT('',#16230);
#16250=EDGE_CURVE('',#16220,#16240,#16200,.T.);
#16260=ORIENTED_EDGE('',*,*,#16250,.F.);
#16270=CARTESIAN_POINT('',(21.4836462030953,44.3002563333335,
-34.6032861188319));
#16280=DIRECTION('',(0.,0.,1.));
#16290=DIRECTION('',(1.4210854715202E-14,-1.,0.));
#16300=AXIS2_PLACEMENT_3D('',#16270,#16280,#16290);
#16310=CIRCLE('',#16300,0.3);
#16320=CARTESIAN_POINT('',(21.4836462030953,44.6002563333335,
-34.6032861188319));
#16330=VERTEX_POINT('',#16320);
#16340=EDGE_CURVE('',#16240,#16330,#16310,.T.);
#16350=ORIENTED_EDGE('',*,*,#16340,.F.);
#16360=CARTESIAN_POINT('',(29.8169795364281,44.6002563333335,
-34.6032861188319));
#16370=DIRECTION('',(1.,0.,0.));
#16380=VECTOR('',#16370,1.);
#16390=LINE('',#16360,#16380);
#16400=CARTESIAN_POINT('',(18.9336462030944,44.6002563333335,
-34.6032861188319));
#16410=VERTEX_POINT('',#16400);
#16420=EDGE_CURVE('',#16410,#16330,#16390,.T.);
#16430=ORIENTED_EDGE('',*,*,#16420,.T.);
#16440=CARTESIAN_POINT('',(18.9336462030944,44.3002563333335,
-34.6032861188319));
#16450=DIRECTION('',(0.,0.,-1.));
#16460=DIRECTION('',(-1.4210854715202E-14,1.,0.));
#16470=AXIS2_PLACEMENT_3D('',#16440,#16450,#16460);
#16480=CIRCLE('',#16470,0.3);
#16490=CARTESIAN_POINT('',(18.6336462030944,44.3002563333335,
-34.6032861188319));
#16500=VERTEX_POINT('',#16490);
#16510=EDGE_CURVE('',#16500,#16410,#16480,.T.);
#16520=ORIENTED_EDGE('',*,*,#16510,.T.);
#16530=CARTESIAN_POINT('',(18.6336462030944,43.7769229999999,
-34.6032861188319));
#16540=DIRECTION('',(0.,-1.,-0.));
#16550=VECTOR('',#16540,1.);
#16560=LINE('',#16530,#16550);
#16570=CARTESIAN_POINT('',(18.6336462030944,41.4002563333336,
-34.6032861188319));
#16580=VERTEX_POINT('',#16570);
#16590=EDGE_CURVE('',#16500,#16580,#16560,.T.);
#16600=ORIENTED_EDGE('',*,*,#16590,.F.);
#16610=CARTESIAN_POINT('',(18.9336462030944,41.4002563333336,
-34.6032861188319));
#16620=DIRECTION('',(0.,0.,-1.));
#16630=DIRECTION('',(-1.4210854715202E-14,1.,0.));
#16640=AXIS2_PLACEMENT_3D('',#16610,#16620,#16630);
#16650=CIRCLE('',#16640,0.3);
#16660=CARTESIAN_POINT('',(18.9336462030944,41.1002563333336,
-34.6032861188319));
#16670=VERTEX_POINT('',#16660);
#16680=EDGE_CURVE('',#16670,#16580,#16650,.T.);
#16690=ORIENTED_EDGE('',*,*,#16680,.T.);
#16700=CARTESIAN_POINT('',(29.8169795364281,41.1002563333336,
-34.6032861188319));
#16710=DIRECTION('',(-1.,0.,0.));
#16720=VECTOR('',#16710,1.);
#16730=LINE('',#16700,#16720);
#16740=CARTESIAN_POINT('',(21.4836462030953,41.1002563333336,
-34.6032861188319));
#16750=VERTEX_POINT('',#16740);
#16760=EDGE_CURVE('',#16750,#16670,#16730,.T.);
#16770=ORIENTED_EDGE('',*,*,#16760,.T.);
#16780=CARTESIAN_POINT('',(21.4836462030953,41.4002563333336,
-34.6032861188319));
#16790=DIRECTION('',(0.,0.,-1.));
#16800=DIRECTION('',(-1.4210854715202E-14,1.,0.));
#16810=AXIS2_PLACEMENT_3D('',#16780,#16790,#16800);
#16820=CIRCLE('',#16810,0.3);
#16830=EDGE_CURVE('',#16220,#16750,#16820,.T.);
#16840=ORIENTED_EDGE('',*,*,#16830,.T.);
#16850=EDGE_LOOP('',(#16840,#16770,#16690,#16600,#16520,#16430,#16350,
#16260));
#16860=FACE_BOUND('',#16850,.T.);
#16870=CARTESIAN_POINT('',(29.8169795364281,40.8002563333336,
-34.6032861188319));
#16880=DIRECTION('',(-1.,-1.4210854715202E-14,0.));
#16890=VECTOR('',#16880,1.);
#16900=LINE('',#16870,#16890);
#16910=CARTESIAN_POINT('',(22.3836462030948,40.8002563333335,
-34.6032861188319));
#16920=VERTEX_POINT('',#16910);
#16930=CARTESIAN_POINT('',(17.7836462030948,40.8002563333334,
-34.6032861188319));
#16940=VERTEX_POINT('',#16930);
#16950=EDGE_CURVE('',#16920,#16940,#16900,.T.);
#16960=ORIENTED_EDGE('',*,*,#16950,.F.);
#16970=CARTESIAN_POINT('',(17.7836462030948,43.7769229999999,
-34.6032861188319));
#16980=DIRECTION('',(0.,1.,0.));
#16990=VECTOR('',#16980,1.);
#17000=LINE('',#16970,#16990);
#17010=CARTESIAN_POINT('',(17.7836462030948,45.2502563333334,
-34.6032861188319));
#17020=VERTEX_POINT('',#17010);
#17030=EDGE_CURVE('',#16940,#17020,#17000,.T.);
#17040=ORIENTED_EDGE('',*,*,#17030,.F.);
#17050=CARTESIAN_POINT('',(29.8169795364281,45.2502563333336,
-34.6032861188319));
#17060=DIRECTION('',(1.,1.4210854715202E-14,0.));
#17070=VECTOR('',#17060,1.);
#17080=LINE('',#17050,#17070);
#17090=EDGE_CURVE('',#17020,#6740,#17080,.T.);
#17100=ORIENTED_EDGE('',*,*,#17090,.F.);
#17110=ORIENTED_EDGE('',*,*,#6750,.F.);
#17120=CARTESIAN_POINT('',(29.8169795364281,41.3002563333336,
-34.6032861188319));
#17130=DIRECTION('',(1.,1.4210854715202E-14,0.));
#17140=VECTOR('',#17130,1.);
#17150=LINE('',#17120,#17140);
#17160=CARTESIAN_POINT('',(23.3836462030948,41.3002563333335,
-34.6032861188319));
#17170=VERTEX_POINT('',#17160);
#17180=EDGE_CURVE('',#17170,#6660,#17150,.T.);
#17190=ORIENTED_EDGE('',*,*,#17180,.T.);
#17200=CARTESIAN_POINT('',(23.3836462030947,43.776923,-34.6032861188319)
);
#17210=DIRECTION('',(-1.4210854715202E-14,1.,0.));
#17220=VECTOR('',#17210,1.);
#17230=LINE('',#17200,#17220);
#17240=CARTESIAN_POINT('',(23.3836462030948,41.9002563333335,
-34.6032861188319));
#17250=VERTEX_POINT('',#17240);
#17260=EDGE_CURVE('',#17170,#17250,#17230,.T.);
#17270=ORIENTED_EDGE('',*,*,#17260,.F.);
#17280=CARTESIAN_POINT('',(23.0836462030948,41.9002563333335,
-34.6032861188319));
#17290=DIRECTION('',(0.,0.,1.));
#17300=DIRECTION('',(-1.,0.,0.));
#17310=AXIS2_PLACEMENT_3D('',#17280,#17290,#17300);
#17320=CIRCLE('',#17310,0.3);
#17330=CARTESIAN_POINT('',(23.0836462030948,42.2002563333335,
-34.6032861188319));
#17340=VERTEX_POINT('',#17330);
#17350=EDGE_CURVE('',#17250,#17340,#17320,.T.);
#17360=ORIENTED_EDGE('',*,*,#17350,.F.);
#17370=CARTESIAN_POINT('',(29.8169795364281,42.2002563333336,
-34.6032861188319));
#17380=DIRECTION('',(1.,1.1867943986037E-14,0.));
#17390=VECTOR('',#17380,1.);
#17400=LINE('',#17370,#17390);
#17410=CARTESIAN_POINT('',(22.6836462030948,42.2002563333335,
-34.6032861188319));
#17420=VERTEX_POINT('',#17410);
#17430=EDGE_CURVE('',#17420,#17340,#17400,.T.);
#17440=ORIENTED_EDGE('',*,*,#17430,.T.);
#17450=CARTESIAN_POINT('',(22.6836462030948,41.9002563333335,
-34.6032861188319));
#17460=DIRECTION('',(0.,0.,-1.));
#17470=DIRECTION('',(1.,0.,0.));
#17480=AXIS2_PLACEMENT_3D('',#17450,#17460,#17470);
#17490=CIRCLE('',#17480,0.3);
#17500=CARTESIAN_POINT('',(22.3836462030948,41.9002563333335,
-34.6032861188319));
#17510=VERTEX_POINT('',#17500);
#17520=EDGE_CURVE('',#17510,#17420,#17490,.T.);
#17530=ORIENTED_EDGE('',*,*,#17520,.T.);
#17540=CARTESIAN_POINT('',(22.3836462030947,43.776923,-34.6032861188319)
);
#17550=DIRECTION('',(1.4210854715202E-14,-1.,0.));
#17560=VECTOR('',#17550,1.);
#17570=LINE('',#17540,#17560);
#17580=EDGE_CURVE('',#17510,#16920,#17570,.T.);
#17590=ORIENTED_EDGE('',*,*,#17580,.F.);
#17600=EDGE_LOOP('',(#17590,#17530,#17440,#17360,#17270,#17190,#17110,
#17100,#17040,#16960));
#17610=FACE_OUTER_BOUND('',#17600,.T.);
#17620=ADVANCED_FACE('mc_0.5-nnn-g-2.54-thr',(#16860,#17610),#16160,.F.)
;
#17630=CARTESIAN_POINT('',(21.7836462030953,44.2802563333335,
-45.9632861188318));
#17640=DIRECTION('',(-1.,-0.,0.));
#17650=DIRECTION('',(0.,-1.,-0.));
#17660=AXIS2_PLACEMENT_3D('',#17630,#17640,#17650);
#17670=PLANE('',#17660);
#17680=CARTESIAN_POINT('',(21.7836462030953,41.4002563333336,
-37.3932861188318));
#17690=DIRECTION('',(0.,0.,1.));
#17700=VECTOR('',#17690,1.);
#17710=LINE('',#17680,#17700);
#17720=CARTESIAN_POINT('',(21.7836462030953,41.4002563333336,
-32.8632861188318));
#17730=VERTEX_POINT('',#17720);
#17740=EDGE_CURVE('',#16220,#17730,#17710,.T.);
#17750=ORIENTED_EDGE('',*,*,#17740,.F.);
#17760=CARTESIAN_POINT('',(21.7836462030953,43.776923,-32.8632861188318)
);
#17770=DIRECTION('',(0.,1.,0.));
#17780=VECTOR('',#17770,1.);
#17790=LINE('',#17760,#17780);
#17800=CARTESIAN_POINT('',(21.7836462030953,44.3002563333335,
-32.8632861188318));
#17810=VERTEX_POINT('',#17800);
#17820=EDGE_CURVE('',#17730,#17810,#17790,.T.);
#17830=ORIENTED_EDGE('',*,*,#17820,.F.);
#17840=CARTESIAN_POINT('',(21.7836462030953,44.3002563333335,
-37.3932861188318));
#17850=DIRECTION('',(0.,0.,-1.));
#17860=VECTOR('',#17850,1.);
#17870=LINE('',#17840,#17860);
#17880=EDGE_CURVE('',#17810,#16240,#17870,.T.);
#17890=ORIENTED_EDGE('',*,*,#17880,.F.);
#17900=ORIENTED_EDGE('',*,*,#16250,.T.);
#17910=EDGE_LOOP('',(#17900,#17890,#17830,#17750));
#17920=FACE_OUTER_BOUND('',#17910,.T.);
#17930=ADVANCED_FACE('',(#17920),#17670,.F.);
#17940=CARTESIAN_POINT('',(21.4836462030953,41.4002563333336,
-37.3932861188318));
#17950=DIRECTION('',(0.,0.,1.));
#17960=DIRECTION('',(-1.4210854715202E-14,1.,0.));
#17970=AXIS2_PLACEMENT_3D('',#17940,#17950,#17960);
#17980=CYLINDRICAL_SURFACE('',#17970,0.3);
#17990=CARTESIAN_POINT('',(21.4836462030953,41.4002563333336,
-32.8632861188318));
#18000=DIRECTION('',(0.,0.,1.));
#18010=DIRECTION('',(-1.,0.,0.));
#18020=AXIS2_PLACEMENT_3D('',#17990,#18000,#18010);
#18030=CIRCLE('',#18020,0.3);
#18040=CARTESIAN_POINT('',(21.4836462030953,41.1002563333336,
-32.8632861188318));
#18050=VERTEX_POINT('',#18040);
#18060=EDGE_CURVE('',#18050,#17730,#18030,.T.);
#18070=ORIENTED_EDGE('',*,*,#18060,.F.);
#18080=ORIENTED_EDGE('',*,*,#17740,.T.);
#18090=ORIENTED_EDGE('',*,*,#16830,.F.);
#18100=CARTESIAN_POINT('',(21.4836462030953,41.1002563333336,
-37.3932861188318));
#18110=DIRECTION('',(0.,0.,1.));
#18120=VECTOR('',#18110,1.);
#18130=LINE('',#18100,#18120);
#18140=EDGE_CURVE('',#16750,#18050,#18130,.T.);
#18150=ORIENTED_EDGE('',*,*,#18140,.F.);
#18160=EDGE_LOOP('',(#18150,#18090,#18080,#18070));
#18170=FACE_OUTER_BOUND('',#18160,.T.);
#18180=ADVANCED_FACE('',(#18170),#17980,.T.);
#18190=CARTESIAN_POINT('',(18.6336462030944,44.0802563333335,
-45.9632861188318));
#18200=DIRECTION('',(1.,0.,0.));
#18210=DIRECTION('',(0.,1.,0.));
#18220=AXIS2_PLACEMENT_3D('',#18190,#18200,#18210);
#18230=PLANE('',#18220);
#18240=CARTESIAN_POINT('',(18.6336462030944,43.7769229999999,
-32.8632861188318));
#18250=DIRECTION('',(0.,-1.,-0.));
#18260=VECTOR('',#18250,1.);
#18270=LINE('',#18240,#18260);
#18280=CARTESIAN_POINT('',(18.6336462030944,44.3002563333335,
-32.8632861188318));
#18290=VERTEX_POINT('',#18280);
#18300=CARTESIAN_POINT('',(18.6336462030944,41.4002563333336,
-32.8632861188318));
#18310=VERTEX_POINT('',#18300);
#18320=EDGE_CURVE('',#18290,#18310,#18270,.T.);
#18330=ORIENTED_EDGE('',*,*,#18320,.F.);
#18340=CARTESIAN_POINT('',(18.6336462030944,41.4002563333336,
-37.3932861188318));
#18350=DIRECTION('',(0.,0.,1.));
#18360=VECTOR('',#18350,1.);
#18370=LINE('',#18340,#18360);
#18380=EDGE_CURVE('',#16580,#18310,#18370,.T.);
#18390=ORIENTED_EDGE('',*,*,#18380,.T.);
#18400=ORIENTED_EDGE('',*,*,#16590,.T.);
#18410=CARTESIAN_POINT('',(18.6336462030944,44.3002563333335,
-37.3932861188318));
#18420=DIRECTION('',(0.,0.,1.));
#18430=VECTOR('',#18420,1.);
#18440=LINE('',#18410,#18430);
#18450=EDGE_CURVE('',#16500,#18290,#18440,.T.);
#18460=ORIENTED_EDGE('',*,*,#18450,.F.);
#18470=EDGE_LOOP('',(#18460,#18400,#18390,#18330));
#18480=FACE_OUTER_BOUND('',#18470,.T.);
#18490=ADVANCED_FACE('',(#18480),#18230,.F.);
#18500=CARTESIAN_POINT('',(20.601691221536,44.6002563333335,
-33.5832861188319));
#18510=DIRECTION('',(-0.,1.,0.));
#18520=DIRECTION('',(1.,0.,0.));
#18530=AXIS2_PLACEMENT_3D('',#18500,#18510,#18520);
#18540=PLANE('',#18530);
#18550=CARTESIAN_POINT('',(19.6736462030943,44.6002563333335,
-37.3932861188318));
#18560=DIRECTION('',(0.,0.,1.));
#18570=VECTOR('',#18560,1.);
#18580=LINE('',#18550,#18570);
#18590=CARTESIAN_POINT('',(19.6736462030943,44.6002563333335,
-33.9032861188319));
#18600=VERTEX_POINT('',#18590);
#18610=CARTESIAN_POINT('',(19.6736462030943,44.6002563333335,
-33.2632861188319));
#18620=VERTEX_POINT('',#18610);
#18630=EDGE_CURVE('',#18600,#18620,#18580,.T.);
#18640=ORIENTED_EDGE('',*,*,#18630,.F.);
#18650=CARTESIAN_POINT('',(29.8169795364281,44.6002563333335,
-33.2632861188319));
#18660=DIRECTION('',(1.,0.,0.));
#18670=VECTOR('',#18660,1.);
#18680=LINE('',#18650,#18670);
#18690=CARTESIAN_POINT('',(21.4836462030953,44.6002563333335,
-33.2632861188319));
#18700=VERTEX_POINT('',#18690);
#18710=EDGE_CURVE('',#18620,#18700,#18680,.T.);
#18720=ORIENTED_EDGE('',*,*,#18710,.F.);
#18730=CARTESIAN_POINT('',(21.4836462030953,44.6002563333335,
-37.3932861188318));
#18740=DIRECTION('',(0.,0.,-1.));
#18750=VECTOR('',#18740,1.);
#18760=LINE('',#18730,#18750);
#18770=CARTESIAN_POINT('',(21.4836462030953,44.6002563333335,
-32.8632861188318));
#18780=VERTEX_POINT('',#18770);
#18790=EDGE_CURVE('',#18780,#18700,#18760,.T.);
#18800=ORIENTED_EDGE('',*,*,#18790,.T.);
#18810=CARTESIAN_POINT('',(29.8169795364281,44.6002563333335,
-32.8632861188318));
#18820=DIRECTION('',(1.,0.,0.));
#18830=VECTOR('',#18820,1.);
#18840=LINE('',#18810,#18830);
#18850=CARTESIAN_POINT('',(18.9336462030944,44.6002563333335,
-32.8632861188318));
#18860=VERTEX_POINT('',#18850);
#18870=EDGE_CURVE('',#18860,#18780,#18840,.T.);
#18880=ORIENTED_EDGE('',*,*,#18870,.T.);
#18890=CARTESIAN_POINT('',(18.9336462030944,44.6002563333335,
-37.3932861188318));
#18900=DIRECTION('',(0.,0.,1.));
#18910=VECTOR('',#18900,1.);
#18920=LINE('',#18890,#18910);
#18930=EDGE_CURVE('',#16410,#18860,#18920,.T.);
#18940=ORIENTED_EDGE('',*,*,#18930,.T.);
#18950=ORIENTED_EDGE('',*,*,#16420,.F.);
#18960=CARTESIAN_POINT('',(21.4836462030953,44.6002563333335,
-33.9032861188319));
#18970=VERTEX_POINT('',#18960);
#18980=EDGE_CURVE('',#18970,#16330,#18760,.T.);
#18990=ORIENTED_EDGE('',*,*,#18980,.T.);
#19000=CARTESIAN_POINT('',(29.8169795364281,44.6002563333335,
-33.9032861188319));
#19010=DIRECTION('',(-1.,0.,0.));
#19020=VECTOR('',#19010,1.);
#19030=LINE('',#19000,#19020);
#19040=EDGE_CURVE('',#18970,#18600,#19030,.T.);
#19050=ORIENTED_EDGE('',*,*,#19040,.F.);
#19060=EDGE_LOOP('',(#19050,#18990,#18950,#18940,#18880,#18800,#18720,
#18640));
#19070=FACE_OUTER_BOUND('',#19060,.T.);
#19080=ADVANCED_FACE('',(#19070),#18540,.T.);
#19090=CARTESIAN_POINT('',(19.6736462030943,42.8802563333335,
-33.9032861188319));
#19100=DIRECTION('',(-1.,-0.,0.));
#19110=DIRECTION('',(0.,-1.,-0.));
#19120=AXIS2_PLACEMENT_3D('',#19090,#19100,#19110);
#19130=PLANE('',#19120);
#19140=ORIENTED_EDGE('',*,*,#18630,.T.);
#19150=CARTESIAN_POINT('',(19.6736462030943,38.4869815216159,
-33.9032861188319));
#19160=DIRECTION('',(0.,1.,0.));
#19170=VECTOR('',#19160,1.);
#19180=LINE('',#19150,#19170);
#19190=CARTESIAN_POINT('',(19.6736462030943,45.2202563333335,
-33.9032861188319));
#19200=VERTEX_POINT('',#19190);
#19210=EDGE_CURVE('',#18600,#19200,#19180,.T.);
#19220=ORIENTED_EDGE('',*,*,#19210,.F.);
#19230=CARTESIAN_POINT('',(19.6736462030943,45.2202563333335,
-33.5832861188319));
#19240=DIRECTION('',(0.,0.,1.));
#19250=VECTOR('',#19240,1.);
#19260=LINE('',#19230,#19250);
#19270=CARTESIAN_POINT('',(19.6736462030943,45.2202563333335,
-33.2632861188319));
#19280=VERTEX_POINT('',#19270);
#19290=EDGE_CURVE('',#19200,#19280,#19260,.T.);
#19300=ORIENTED_EDGE('',*,*,#19290,.F.);
#19310=CARTESIAN_POINT('',(19.6736462030943,38.4869815216159,
-33.2632861188319));
#19320=DIRECTION('',(0.,-1.,-0.));
#19330=VECTOR('',#19320,1.);
#19340=LINE('',#19310,#19330);
#19350=EDGE_CURVE('',#19280,#18620,#19340,.T.);
#19360=ORIENTED_EDGE('',*,*,#19350,.F.);
#19370=EDGE_LOOP('',(#19360,#19300,#19220,#19140));
#19380=FACE_OUTER_BOUND('',#19370,.T.);
#19390=ADVANCED_FACE('',(#19380),#19130,.T.);
#19400=COLOUR_RGB('',0.823529481887817,0.823529481887817,
0.784313797950745);
#19410=FILL_AREA_STYLE_COLOUR('',#19400);
#19420=FILL_AREA_STYLE('',(#19410));
#19430=SURFACE_STYLE_FILL_AREA(#19420);
#19440=SURFACE_SIDE_STYLE('',(#19430));
#19450=SURFACE_STYLE_USAGE(.BOTH.,#19440);
#19460=PRESENTATION_STYLE_ASSIGNMENT((#19450));
#19470=CARTESIAN_POINT('',(20.6436462030946,40.2652563333336,
-33.2632861188319));
#19480=DIRECTION('',(0.,0.,1.));
#19490=DIRECTION('',(1.,0.,0.));
#19500=AXIS2_PLACEMENT_3D('',#19470,#19480,#19490);
#19510=PLANE('',#19500);
#19520=CARTESIAN_POINT('',(28.3469210148127,38.4869815216159,
-33.2632861188319));
#19530=DIRECTION('',(0.707106781186548,-0.707106781186548,0.));
#19540=VECTOR('',#19530,1.);
#19550=LINE('',#19520,#19540);
#19560=CARTESIAN_POINT('',(21.4136462030952,45.4202563333335,
-33.2632861188319));
#19570=VERTEX_POINT('',#19560);
#19580=CARTESIAN_POINT('',(21.6136462030952,45.2202563333335,
-33.2632861188319));
#19590=VERTEX_POINT('',#19580);
#19600=EDGE_CURVE('',#19570,#19590,#19550,.T.);
#19610=ORIENTED_EDGE('',*,*,#19600,.F.);
#19620=CARTESIAN_POINT('',(21.6136462030952,38.4869815216159,
-33.2632861188319));
#19630=DIRECTION('',(0.,-1.,-0.));
#19640=VECTOR('',#19630,1.);
#19650=LINE('',#19620,#19640);
#19660=CARTESIAN_POINT('',(21.6136462030952,44.6002563333335,
-33.2632861188319));
#19670=VERTEX_POINT('',#19660);
#19680=EDGE_CURVE('',#19590,#19670,#19650,.T.);
#19690=ORIENTED_EDGE('',*,*,#19680,.F.);
#19700=CARTESIAN_POINT('',(20.1236462030947,44.6002563333335,
-33.2632861188319));
#19710=DIRECTION('',(-1.,0.,0.));
#19720=VECTOR('',#19710,1.);
#19730=LINE('',#19700,#19720);
#19740=EDGE_CURVE('',#19670,#18700,#19730,.T.);
#19750=ORIENTED_EDGE('',*,*,#19740,.F.);
#19760=ORIENTED_EDGE('',*,*,#18710,.T.);
#19770=ORIENTED_EDGE('',*,*,#19350,.T.);
#19780=CARTESIAN_POINT('',(12.9403713913767,38.4869815216159,
-33.2632861188319));
#19790=DIRECTION('',(-0.707106781186548,-0.707106781186548,-0.));
#19800=VECTOR('',#19790,1.);
#19810=LINE('',#19780,#19800);
#19820=CARTESIAN_POINT('',(19.8736462030943,45.4202563333335,
-33.2632861188319));
#19830=VERTEX_POINT('',#19820);
#19840=EDGE_CURVE('',#19830,#19280,#19810,.T.);
#19850=ORIENTED_EDGE('',*,*,#19840,.T.);
#19860=CARTESIAN_POINT('',(29.8169795364281,45.4202563333335,
-33.2632861188319));
#19870=DIRECTION('',(-1.,0.,0.));
#19880=VECTOR('',#19870,1.);
#19890=LINE('',#19860,#19880);
#19900=EDGE_CURVE('',#19570,#19830,#19890,.T.);
#19910=ORIENTED_EDGE('',*,*,#19900,.T.);
#19920=EDGE_LOOP('',(#19910,#19850,#19770,#19760,#19750,#19690,#19610));
#19930=FACE_OUTER_BOUND('',#19920,.T.);
#19940=ADVANCED_FACE('',(#19930),#19510,.T.);
#19950=COLOUR_RGB('',0.823529481887817,0.823529481887817,
0.784313797950745);
#19960=FILL_AREA_STYLE_COLOUR('',#19950);
#19970=FILL_AREA_STYLE('',(#19960));
#19980=SURFACE_STYLE_FILL_AREA(#19970);
#19990=SURFACE_SIDE_STYLE('',(#19980));
#20000=SURFACE_STYLE_USAGE(.BOTH.,#19990);
#20010=PRESENTATION_STYLE_ASSIGNMENT((#20000));
#20020=CARTESIAN_POINT('',(21.2967919550274,44.6002563333335,
-33.2632861188319));
#20030=DIRECTION('',(-0.,-1.,-0.));
#20040=DIRECTION('',(-1.,0.,0.));
#20050=AXIS2_PLACEMENT_3D('',#20020,#20030,#20040);
#20060=PLANE('',#20050);
#20070=ORIENTED_EDGE('',*,*,#19740,.T.);
#20080=CARTESIAN_POINT('',(21.6136462030952,44.6002563333335,
-33.5832861188319));
#20090=DIRECTION('',(0.,0.,1.));
#20100=VECTOR('',#20090,1.);
#20110=LINE('',#20080,#20100);
#20120=CARTESIAN_POINT('',(21.6136462030952,44.6002563333335,
-33.9032861188319));
#20130=VERTEX_POINT('',#20120);
#20140=EDGE_CURVE('',#20130,#19670,#20110,.T.);
#20150=ORIENTED_EDGE('',*,*,#20140,.T.);
#20160=CARTESIAN_POINT('',(20.1236462030947,44.6002563333335,
-33.9032861188319));
#20170=DIRECTION('',(1.,0.,0.));
#20180=VECTOR('',#20170,1.);
#20190=LINE('',#20160,#20180);
#20200=EDGE_CURVE('',#18970,#20130,#20190,.T.);
#20210=ORIENTED_EDGE('',*,*,#20200,.T.);
#20220=CARTESIAN_POINT('',(21.4836462030953,44.6002563333335,
-32.8632761188318));
#20230=DIRECTION('',(0.,0.,-1.));
#20240=VECTOR('',#20230,1.);
#20250=LINE('',#20220,#20240);
#20260=EDGE_CURVE('',#18700,#18970,#20250,.T.);
#20270=ORIENTED_EDGE('',*,*,#20260,.T.);
#20280=EDGE_LOOP('',(#20270,#20210,#20150,#20070));
#20290=FACE_OUTER_BOUND('',#20280,.T.);
#20300=ADVANCED_FACE('',(#20290),#20060,.T.);
#20310=COLOUR_RGB('',0.823529481887817,0.823529481887817,
0.784313797950745);
#20320=FILL_AREA_STYLE_COLOUR('',#20310);
#20330=FILL_AREA_STYLE('',(#20320));
#20340=SURFACE_STYLE_FILL_AREA(#20330);
#20350=SURFACE_SIDE_STYLE('',(#20340));
#20360=SURFACE_STYLE_USAGE(.BOTH.,#20350);
#20370=PRESENTATION_STYLE_ASSIGNMENT((#20360));
#20380=CARTESIAN_POINT('',(21.6136462030952,42.8802563333335,
-33.9032861188319));
#20390=DIRECTION('',(-1.,-0.,0.));
#20400=DIRECTION('',(0.,-1.,-0.));
#20410=AXIS2_PLACEMENT_3D('',#20380,#20390,#20400);
#20420=PLANE('',#20410);
#20430=ORIENTED_EDGE('',*,*,#19680,.T.);
#20440=CARTESIAN_POINT('',(21.6136462030952,45.2202563333335,
-33.5832861188319));
#20450=DIRECTION('',(0.,0.,1.));
#20460=VECTOR('',#20450,1.);
#20470=LINE('',#20440,#20460);
#20480=CARTESIAN_POINT('',(21.6136462030952,45.2202563333335,
-33.9032861188319));
#20490=VERTEX_POINT('',#20480);
#20500=EDGE_CURVE('',#20490,#19590,#20470,.T.);
#20510=ORIENTED_EDGE('',*,*,#20500,.T.);
#20520=CARTESIAN_POINT('',(21.6136462030952,38.4869815216159,
-33.9032861188319));
#20530=DIRECTION('',(0.,1.,0.));
#20540=VECTOR('',#20530,1.);
#20550=LINE('',#20520,#20540);
#20560=EDGE_CURVE('',#20130,#20490,#20550,.T.);
#20570=ORIENTED_EDGE('',*,*,#20560,.T.);
#20580=ORIENTED_EDGE('',*,*,#20140,.F.);
#20590=EDGE_LOOP('',(#20580,#20570,#20510,#20430));
#20600=FACE_OUTER_BOUND('',#20590,.T.);
#20610=ADVANCED_FACE('',(#20600),#20420,.F.);
#20620=COLOUR_RGB('',0.823529481887817,0.823529481887817,
0.784313797950745);
#20630=FILL_AREA_STYLE_COLOUR('',#20620);
#20640=FILL_AREA_STYLE('',(#20630));
#20650=SURFACE_STYLE_FILL_AREA(#20640);
#20660=SURFACE_SIDE_STYLE('',(#20650));
#20670=SURFACE_STYLE_USAGE(.BOTH.,#20660);
#20680=PRESENTATION_STYLE_ASSIGNMENT((#20670));
#20690=CARTESIAN_POINT('',(20.3236462030947,38.4869815216159,
-33.9032861188319));
#20700=DIRECTION('',(0.,0.,-1.));
#20710=DIRECTION('',(1.,0.,0.));
#20720=AXIS2_PLACEMENT_3D('',#20690,#20700,#20710);
#20730=PLANE('',#20720);
#20740=ORIENTED_EDGE('',*,*,#20200,.F.);
#20750=ORIENTED_EDGE('',*,*,#20560,.F.);
#20760=CARTESIAN_POINT('',(28.3469210148127,38.4869815216159,
-33.9032861188319));
#20770=DIRECTION('',(-0.707106781186548,0.707106781186548,0.));
#20780=VECTOR('',#20770,1.);
#20790=LINE('',#20760,#20780);
#20800=CARTESIAN_POINT('',(21.4136462030952,45.4202563333335,
-33.9032861188319));
#20810=VERTEX_POINT('',#20800);
#20820=EDGE_CURVE('',#20490,#20810,#20790,.T.);
#20830=ORIENTED_EDGE('',*,*,#20820,.F.);
#20840=CARTESIAN_POINT('',(29.8169795364281,45.4202563333335,
-33.9032861188319));
#20850=DIRECTION('',(-1.,0.,0.));
#20860=VECTOR('',#20850,1.);
#20870=LINE('',#20840,#20860);
#20880=CARTESIAN_POINT('',(19.8736462030943,45.4202563333335,
-33.9032861188319));
#20890=VERTEX_POINT('',#20880);
#20900=EDGE_CURVE('',#20810,#20890,#20870,.T.);
#20910=ORIENTED_EDGE('',*,*,#20900,.F.);
#20920=CARTESIAN_POINT('',(12.9403713913767,38.4869815216159,
-33.9032861188319));
#20930=DIRECTION('',(0.707106781186548,0.707106781186548,0.));
#20940=VECTOR('',#20930,1.);
#20950=LINE('',#20920,#20940);
#20960=EDGE_CURVE('',#19200,#20890,#20950,.T.);
#20970=ORIENTED_EDGE('',*,*,#20960,.T.);
#20980=ORIENTED_EDGE('',*,*,#19210,.T.);
#20990=ORIENTED_EDGE('',*,*,#19040,.T.);
#21000=EDGE_LOOP('',(#20990,#20980,#20970,#20910,#20830,#20750,#20740));
#21010=FACE_OUTER_BOUND('',#21000,.T.);
#21020=ADVANCED_FACE('',(#21010),#20730,.T.);
#21030=COLOUR_RGB('',0.823529481887817,0.823529481887817,
0.784313797950745);
#21040=FILL_AREA_STYLE_COLOUR('',#21030);
#21050=FILL_AREA_STYLE('',(#21040));
#21060=SURFACE_STYLE_FILL_AREA(#21050);
#21070=SURFACE_SIDE_STYLE('',(#21060));
#21080=SURFACE_STYLE_USAGE(.BOTH.,#21070);
#21090=PRESENTATION_STYLE_ASSIGNMENT((#21080));
#21100=CARTESIAN_POINT('',(19.7736462030943,45.3202563333335,
-33.5832861188319));
#21110=DIRECTION('',(0.707106781186548,-0.707106781186548,0.));
#21120=DIRECTION('',(0.707106781186547,0.707106781186547,0.));
#21130=AXIS2_PLACEMENT_3D('',#21100,#21110,#21120);
#21140=PLANE('',#21130);
#21150=ORIENTED_EDGE('',*,*,#20960,.F.);
#21160=CARTESIAN_POINT('',(19.8736462030943,45.4202563333335,
-33.5832861188319));
#21170=DIRECTION('',(0.,0.,1.));
#21180=VECTOR('',#21170,1.);
#21190=LINE('',#21160,#21180);
#21200=EDGE_CURVE('',#20890,#19830,#21190,.T.);
#21210=ORIENTED_EDGE('',*,*,#21200,.F.);
#21220=ORIENTED_EDGE('',*,*,#19840,.F.);
#21230=ORIENTED_EDGE('',*,*,#19290,.T.);
#21240=EDGE_LOOP('',(#21230,#21220,#21210,#21150));
#21250=FACE_OUTER_BOUND('',#21240,.T.);
#21260=ADVANCED_FACE('',(#21250),#21140,.F.);
#21270=COLOUR_RGB('',0.823529481887817,0.823529481887817,
0.784313797950745);
#21280=FILL_AREA_STYLE_COLOUR('',#21270);
#21290=FILL_AREA_STYLE('',(#21280));
#21300=SURFACE_STYLE_FILL_AREA(#21290);
#21310=SURFACE_SIDE_STYLE('',(#21300));
#21320=SURFACE_STYLE_USAGE(.BOTH.,#21310);
#21330=PRESENTATION_STYLE_ASSIGNMENT((#21320));
#21340=CARTESIAN_POINT('',(17.7736462030942,45.4202563333335,
-32.8632837188319));
#21350=DIRECTION('',(0.,-1.,0.));
#21360=DIRECTION('',(1.,0.,0.));
#21370=AXIS2_PLACEMENT_3D('',#21340,#21350,#21360);
#21380=PLANE('',#21370);
#21390=ORIENTED_EDGE('',*,*,#21200,.T.);
#21400=ORIENTED_EDGE('',*,*,#20900,.T.);
#21410=CARTESIAN_POINT('',(21.4136462030952,45.4202563333335,
-33.5832861188319));
#21420=DIRECTION('',(0.,0.,1.));
#21430=VECTOR('',#21420,1.);
#21440=LINE('',#21410,#21430);
#21450=EDGE_CURVE('',#20810,#19570,#21440,.T.);
#21460=ORIENTED_EDGE('',*,*,#21450,.F.);
#21470=ORIENTED_EDGE('',*,*,#19900,.F.);
#21480=EDGE_LOOP('',(#21470,#21460,#21400,#21390));
#21490=FACE_OUTER_BOUND('',#21480,.T.);
#21500=ADVANCED_FACE('',(#21490),#21380,.F.);
#21510=COLOUR_RGB('',0.823529481887817,0.823529481887817,
0.784313797950745);
#21520=FILL_AREA_STYLE_COLOUR('',#21510);
#21530=FILL_AREA_STYLE('',(#21520));
#21540=SURFACE_STYLE_FILL_AREA(#21530);
#21550=SURFACE_SIDE_STYLE('',(#21540));
#21560=SURFACE_STYLE_USAGE(.BOTH.,#21550);
#21570=PRESENTATION_STYLE_ASSIGNMENT((#21560));
#21580=CARTESIAN_POINT('',(21.5136462030952,45.3202563333335,
-33.5832861188319));
#21590=DIRECTION('',(0.707106781186548,0.707106781186548,-0.));
#21600=DIRECTION('',(-0.707106781186547,0.707106781186547,0.));
#21610=AXIS2_PLACEMENT_3D('',#21580,#21590,#21600);
#21620=PLANE('',#21610);
#21630=ORIENTED_EDGE('',*,*,#19600,.T.);
#21640=ORIENTED_EDGE('',*,*,#21450,.T.);
#21650=ORIENTED_EDGE('',*,*,#20820,.T.);
#21660=ORIENTED_EDGE('',*,*,#20500,.F.);
#21670=EDGE_LOOP('',(#21660,#21650,#21640,#21630));
#21680=FACE_OUTER_BOUND('',#21670,.T.);
#21690=ADVANCED_FACE('',(#21680),#21620,.T.);
#21700=COLOUR_RGB('',0.823529481887817,0.823529481887817,
0.784313797950745);
#21710=FILL_AREA_STYLE_COLOUR('',#21700);
#21720=FILL_AREA_STYLE('',(#21710));
#21730=SURFACE_STYLE_FILL_AREA(#21720);
#21740=SURFACE_SIDE_STYLE('',(#21730));
#21750=SURFACE_STYLE_USAGE(.BOTH.,#21740);
#21760=PRESENTATION_STYLE_ASSIGNMENT((#21750));
#21770=CARTESIAN_POINT('',(18.9336462030944,44.3002563333335,
-37.3932861188318));
#21780=DIRECTION('',(0.,0.,1.));
#21790=DIRECTION('',(-1.4210854715202E-14,1.,0.));
#21800=AXIS2_PLACEMENT_3D('',#21770,#21780,#21790);
#21810=CYLINDRICAL_SURFACE('',#21800,0.3);
#21820=CARTESIAN_POINT('',(18.9336462030944,44.3002563333335,
-32.8632861188318));
#21830=DIRECTION('',(0.,0.,1.));
#21840=DIRECTION('',(-1.,0.,0.));
#21850=AXIS2_PLACEMENT_3D('',#21820,#21830,#21840);
#21860=CIRCLE('',#21850,0.3);
#21870=EDGE_CURVE('',#18860,#18290,#21860,.T.);
#21880=ORIENTED_EDGE('',*,*,#21870,.F.);
#21890=ORIENTED_EDGE('',*,*,#18450,.T.);
#21900=ORIENTED_EDGE('',*,*,#16510,.F.);
#21910=ORIENTED_EDGE('',*,*,#18930,.F.);
#21920=EDGE_LOOP('',(#21910,#21900,#21890,#21880));
#21930=FACE_OUTER_BOUND('',#21920,.T.);
#21940=ADVANCED_FACE('',(#21930),#21810,.T.);
#21950=CARTESIAN_POINT('',(18.9336462030944,44.3002563333335,
-32.8632861188318));
#21960=DIRECTION('',(1.,1.4802973661672E-16,0.));
#21970=DIRECTION('',(1.4802973661672E-16,-1.,0.));
#21980=AXIS2_PLACEMENT_3D('',#21950,#21960,#21970);
#21990=SPHERICAL_SURFACE('',#21980,0.3);
#22000=ORIENTED_EDGE('',*,*,#21870,.T.);
#22010=CARTESIAN_POINT('',(18.9336462030944,44.3002563333335,
-32.8632861188318));
#22020=DIRECTION('',(-1.,0.,0.));
#22030=DIRECTION('',(0.,1.,0.));
#22040=AXIS2_PLACEMENT_3D('',#22010,#22020,#22030);
#22050=CIRCLE('',#22040,0.3);
#22060=CARTESIAN_POINT('',(18.9336462030944,44.3002563333335,
-32.5632861188318));
#22070=VERTEX_POINT('',#22060);
#22080=EDGE_CURVE('',#22070,#18860,#22050,.T.);
#22090=ORIENTED_EDGE('',*,*,#22080,.T.);
#22100=CARTESIAN_POINT('',(18.9336462030944,44.3002563333335,
-32.8632861188318));
#22110=DIRECTION('',(0.,1.,0.));
#22120=DIRECTION('',(1.,0.,0.));
#22130=AXIS2_PLACEMENT_3D('',#22100,#22110,#22120);
#22140=CIRCLE('',#22130,0.3);
#22150=EDGE_CURVE('',#18290,#22070,#22140,.T.);
#22160=ORIENTED_EDGE('',*,*,#22150,.T.);
#22170=EDGE_LOOP('',(#22160,#22090,#22000));
#22180=FACE_OUTER_BOUND('',#22170,.T.);
#22190=ADVANCED_FACE('',(#22180),#21990,.T.);
#22200=CARTESIAN_POINT('',(29.8169795364281,44.3002563333335,
-32.8632861188318));
#22210=DIRECTION('',(1.,0.,0.));
#22220=DIRECTION('',(0.,1.,0.));
#22230=AXIS2_PLACEMENT_3D('',#22200,#22210,#22220);
#22240=CYLINDRICAL_SURFACE('',#22230,0.3);
#22250=ORIENTED_EDGE('',*,*,#18870,.F.);
#22260=CARTESIAN_POINT('',(21.4836462030953,44.3002563333335,
-32.8632861188318));
#22270=DIRECTION('',(-1.,0.,0.));
#22280=DIRECTION('',(0.,1.,0.));
#22290=AXIS2_PLACEMENT_3D('',#22260,#22270,#22280);
#22300=CIRCLE('',#22290,0.3);
#22310=CARTESIAN_POINT('',(21.4836462030953,44.3002563333335,
-32.5632861188318));
#22320=VERTEX_POINT('',#22310);
#22330=EDGE_CURVE('',#22320,#18780,#22300,.T.);
#22340=ORIENTED_EDGE('',*,*,#22330,.T.);
#22350=CARTESIAN_POINT('',(29.8169795364281,44.3002563333335,
-32.5632861188318));
#22360=DIRECTION('',(1.,0.,0.));
#22370=VECTOR('',#22360,1.);
#22380=LINE('',#22350,#22370);
#22390=EDGE_CURVE('',#22070,#22320,#22380,.T.);
#22400=ORIENTED_EDGE('',*,*,#22390,.T.);
#22410=ORIENTED_EDGE('',*,*,#22080,.F.);
#22420=EDGE_LOOP('',(#22410,#22400,#22340,#22250));
#22430=FACE_OUTER_BOUND('',#22420,.T.);
#22440=ADVANCED_FACE('',(#22430),#22240,.T.);
#22450=CARTESIAN_POINT('',(21.4836462030953,44.3002563333335,
-32.8632861188318));
#22460=DIRECTION('',(-1.,-1.4802973661672E-16,0.));
#22470=DIRECTION('',(-1.4802973661672E-16,1.,0.));
#22480=AXIS2_PLACEMENT_3D('',#22450,#22460,#22470);
#22490=SPHERICAL_SURFACE('',#22480,0.3);
#22500=CARTESIAN_POINT('',(21.4836462030953,44.3002563333335,
-32.8632861188318));
#22510=DIRECTION('',(0.,-1.,-0.));
#22520=DIRECTION('',(-1.,0.,0.));
#22530=AXIS2_PLACEMENT_3D('',#22500,#22510,#22520);
#22540=CIRCLE('',#22530,0.3);
#22550=EDGE_CURVE('',#17810,#22320,#22540,.T.);
#22560=ORIENTED_EDGE('',*,*,#22550,.F.);
#22570=ORIENTED_EDGE('',*,*,#22330,.F.);
#22580=CARTESIAN_POINT('',(21.4836462030953,44.3002563333335,
-32.8632861188318));
#22590=DIRECTION('',(0.,0.,1.));
#22600=DIRECTION('',(-1.,0.,0.));
#22610=AXIS2_PLACEMENT_3D('',#22580,#22590,#22600);
#22620=CIRCLE('',#22610,0.3);
#22630=EDGE_CURVE('',#17810,#18780,#22620,.T.);
#22640=ORIENTED_EDGE('',*,*,#22630,.T.);
#22650=EDGE_LOOP('',(#22640,#22570,#22560));
#22660=FACE_OUTER_BOUND('',#22650,.T.);
#22670=ADVANCED_FACE('',(#22660),#22490,.T.);
#22680=CARTESIAN_POINT('',(21.4836462030953,44.3002563333335,
-37.3932861188318));
#22690=DIRECTION('',(0.,0.,-1.));
#22700=DIRECTION('',(1.4210854715202E-14,-1.,0.));
#22710=AXIS2_PLACEMENT_3D('',#22680,#22690,#22700);
#22720=CYLINDRICAL_SURFACE('',#22710,0.3);
#22730=ORIENTED_EDGE('',*,*,#18790,.F.);
#22740=ORIENTED_EDGE('',*,*,#20260,.F.);
#22750=ORIENTED_EDGE('',*,*,#18980,.F.);
#22760=ORIENTED_EDGE('',*,*,#16340,.T.);
#22770=ORIENTED_EDGE('',*,*,#17880,.T.);
#22780=ORIENTED_EDGE('',*,*,#22630,.F.);
#22790=EDGE_LOOP('',(#22780,#22770,#22760,#22750,#22740,#22730));
#22800=FACE_OUTER_BOUND('',#22790,.T.);
#22810=ADVANCED_FACE('',(#22800),#22720,.T.);
#22820=CARTESIAN_POINT('',(21.4836462030953,43.776923,-32.8632861188318)
);
#22830=DIRECTION('',(0.,1.,0.));
#22840=DIRECTION('',(-1.,0.,0.));
#22850=AXIS2_PLACEMENT_3D('',#22820,#22830,#22840);
#22860=CYLINDRICAL_SURFACE('',#22850,0.3);
#22870=ORIENTED_EDGE('',*,*,#22550,.T.);
#22880=ORIENTED_EDGE('',*,*,#17820,.T.);
#22890=CARTESIAN_POINT('',(21.4836462030953,41.4002563333336,
-32.8632861188318));
#22900=DIRECTION('',(0.,-1.,-0.));
#22910=DIRECTION('',(-1.,0.,0.));
#22920=AXIS2_PLACEMENT_3D('',#22890,#22900,#22910);
#22930=CIRCLE('',#22920,0.3);
#22940=CARTESIAN_POINT('',(21.4836462030953,41.4002563333336,
-32.5632861188318));
#22950=VERTEX_POINT('',#22940);
#22960=EDGE_CURVE('',#17730,#22950,#22930,.T.);
#22970=ORIENTED_EDGE('',*,*,#22960,.F.);
#22980=CARTESIAN_POINT('',(21.4836462030953,43.776923,-32.5632861188318)
);
#22990=DIRECTION('',(0.,1.,0.));
#23000=VECTOR('',#22990,1.);
#23010=LINE('',#22980,#23000);
#23020=EDGE_CURVE('',#22950,#22320,#23010,.T.);
#23030=ORIENTED_EDGE('',*,*,#23020,.F.);
#23040=EDGE_LOOP('',(#23030,#22970,#22880,#22870));
#23050=FACE_OUTER_BOUND('',#23040,.T.);
#23060=ADVANCED_FACE('',(#23050),#22860,.T.);
#23070=CARTESIAN_POINT('',(21.4836462030953,41.4002563333336,
-32.8632861188318));
#23080=DIRECTION('',(-1.,5.92118946466717E-16,0.));
#23090=DIRECTION('',(5.92118946466717E-16,1.,0.));
#23100=AXIS2_PLACEMENT_3D('',#23070,#23080,#23090);
#23110=SPHERICAL_SURFACE('',#23100,0.3);
#23120=ORIENTED_EDGE('',*,*,#18060,.T.);
#23130=CARTESIAN_POINT('',(21.4836462030953,41.4002563333336,
-32.8632861188318));
#23140=DIRECTION('',(-1.,0.,0.));
#23150=DIRECTION('',(0.,1.,0.));
#23160=AXIS2_PLACEMENT_3D('',#23130,#23140,#23150);
#23170=CIRCLE('',#23160,0.3);
#23180=EDGE_CURVE('',#18050,#22950,#23170,.T.);
#23190=ORIENTED_EDGE('',*,*,#23180,.F.);
#23200=ORIENTED_EDGE('',*,*,#22960,.T.);
#23210=EDGE_LOOP('',(#23200,#23190,#23120));
#23220=FACE_OUTER_BOUND('',#23210,.T.);
#23230=ADVANCED_FACE('',(#23220),#23110,.T.);
#23240=CARTESIAN_POINT('',(21.1142706094608,41.1002563333336,
-46.2832861188318));
#23250=DIRECTION('',(0.,1.,0.));
#23260=DIRECTION('',(0.,0.,1.));
#23270=AXIS2_PLACEMENT_3D('',#23240,#23250,#23260);
#23280=PLANE('',#23270);
#23290=CARTESIAN_POINT('',(29.8169795364281,41.1002563333336,
-33.2632861188319));
#23300=DIRECTION('',(-1.,0.,0.));
#23310=VECTOR('',#23300,1.);
#23320=LINE('',#23290,#23310);
#23330=CARTESIAN_POINT('',(21.0165442973073,41.1002563333336,
-33.2632861188319));
#23340=VERTEX_POINT('',#23330);
#23350=CARTESIAN_POINT('',(20.2707481088822,41.1002563333336,
-33.2632861188319));
#23360=VERTEX_POINT('',#23350);
#23370=EDGE_CURVE('',#23340,#23360,#23320,.T.);
#23380=ORIENTED_EDGE('',*,*,#23370,.F.);
#23390=CARTESIAN_POINT('',(20.2707481088822,41.1002563333336,
-37.3932861188318));
#23400=DIRECTION('',(0.,0.,-1.));
#23410=VECTOR('',#23400,1.);
#23420=LINE('',#23390,#23410);
#23430=CARTESIAN_POINT('',(20.2707481088822,41.1002563333336,
-33.9032861188319));
#23440=VERTEX_POINT('',#23430);
#23450=EDGE_CURVE('',#23360,#23440,#23420,.T.);
#23460=ORIENTED_EDGE('',*,*,#23450,.F.);
#23470=CARTESIAN_POINT('',(29.8169795364281,41.1002563333336,
-33.9032861188319));
#23480=DIRECTION('',(-1.,0.,0.));
#23490=VECTOR('',#23480,1.);
#23500=LINE('',#23470,#23490);
#23510=CARTESIAN_POINT('',(21.0165442973072,41.1002563333336,
-33.9032861188319));
#23520=VERTEX_POINT('',#23510);
#23530=EDGE_CURVE('',#23520,#23440,#23500,.T.);
#23540=ORIENTED_EDGE('',*,*,#23530,.T.);
#23550=CARTESIAN_POINT('',(21.0165442973073,41.1002563333336,
-37.3932861188318));
#23560=DIRECTION('',(0.,0.,-1.));
#23570=VECTOR('',#23560,1.);
#23580=LINE('',#23550,#23570);
#23590=EDGE_CURVE('',#23340,#23520,#23580,.T.);
#23600=ORIENTED_EDGE('',*,*,#23590,.T.);
#23610=EDGE_LOOP('',(#23600,#23540,#23460,#23380));
#23620=FACE_BOUND('',#23610,.T.);
#23630=ORIENTED_EDGE('',*,*,#18140,.T.);
#23640=ORIENTED_EDGE('',*,*,#16760,.F.);
#23650=CARTESIAN_POINT('',(18.9336462030944,41.1002563333336,
-37.3932861188318));
#23660=DIRECTION('',(0.,0.,1.));
#23670=VECTOR('',#23660,1.);
#23680=LINE('',#23650,#23670);
#23690=CARTESIAN_POINT('',(18.9336462030944,41.1002563333336,
-32.8632861188318));
#23700=VERTEX_POINT('',#23690);
#23710=EDGE_CURVE('',#16670,#23700,#23680,.T.);
#23720=ORIENTED_EDGE('',*,*,#23710,.F.);
#23730=CARTESIAN_POINT('',(29.8169795364281,41.1002563333336,
-32.8632861188318));
#23740=DIRECTION('',(1.,0.,0.));
#23750=VECTOR('',#23740,1.);
#23760=LINE('',#23730,#23750);
#23770=EDGE_CURVE('',#23700,#18050,#23760,.T.);
#23780=ORIENTED_EDGE('',*,*,#23770,.F.);
#23790=EDGE_LOOP('',(#23780,#23720,#23640,#23630));
#23800=FACE_OUTER_BOUND('',#23790,.T.);
#23810=ADVANCED_FACE('',(#23620,#23800),#23280,.F.);
#23820=CARTESIAN_POINT('',(20.6436462030946,40.2652563333336,
-33.2632861188319));
#23830=DIRECTION('',(0.,0.,1.));
#23840=DIRECTION('',(1.,0.,0.));
#23850=AXIS2_PLACEMENT_3D('',#23820,#23830,#23840);
#23860=PLANE('',#23850);
#23870=ORIENTED_EDGE('',*,*,#23370,.T.);
#23880=CARTESIAN_POINT('',(21.4885128490036,43.7769230000001,
-33.2632861188319));
#23890=DIRECTION('',(0.17364817766693,0.984807753012208,0.));
#23900=VECTOR('',#23890,1.);
#23910=LINE('',#23880,#23900);
#23920=CARTESIAN_POINT('',(20.9636462030947,40.8002563333335,
-33.2632861188319));
#23930=VERTEX_POINT('',#23920);
#23940=EDGE_CURVE('',#23930,#23340,#23910,.T.);
#23950=ORIENTED_EDGE('',*,*,#23940,.T.);
#23960=CARTESIAN_POINT('',(20.9636462030947,43.776923,-33.2632861188319)
);
#23970=DIRECTION('',(1.4210854715202E-14,-1.,0.));
#23980=VECTOR('',#23970,1.);
#23990=LINE('',#23960,#23980);
#24000=CARTESIAN_POINT('',(20.9636462030947,38.9002563333335,
-33.2632861188319));
#24010=VERTEX_POINT('',#24000);
#24020=EDGE_CURVE('',#23930,#24010,#23990,.T.);
#24030=ORIENTED_EDGE('',*,*,#24020,.F.);
#24040=CARTESIAN_POINT('',(29.8169795364281,38.9002563333335,
-33.2632861188319));
#24050=DIRECTION('',(-1.,0.,0.));
#24060=VECTOR('',#24050,1.);
#24070=LINE('',#24040,#24060);
#24080=CARTESIAN_POINT('',(20.3236462030948,38.9002563333335,
-33.2632861188319));
#24090=VERTEX_POINT('',#24080);
#24100=EDGE_CURVE('',#24010,#24090,#24070,.T.);
#24110=ORIENTED_EDGE('',*,*,#24100,.F.);
#24120=CARTESIAN_POINT('',(20.3236462030947,43.776923,-33.2632861188319)
);
#24130=DIRECTION('',(-1.4210854715202E-14,1.,0.));
#24140=VECTOR('',#24130,1.);
#24150=LINE('',#24120,#24140);
#24160=CARTESIAN_POINT('',(20.3236462030947,40.8002563333335,
-33.2632861188319));
#24170=VERTEX_POINT('',#24160);
#24180=EDGE_CURVE('',#24090,#24170,#24150,.T.);
#24190=ORIENTED_EDGE('',*,*,#24180,.F.);
#24200=CARTESIAN_POINT('',(19.7987795571859,43.7769230000001,
-33.2632861188319));
#24210=DIRECTION('',(-0.17364817766693,0.984807753012208,0.));
#24220=VECTOR('',#24210,1.);
#24230=LINE('',#24200,#24220);
#24240=EDGE_CURVE('',#24170,#23360,#24230,.T.);
#24250=ORIENTED_EDGE('',*,*,#24240,.F.);
#24260=EDGE_LOOP('',(#24250,#24190,#24110,#24030,#23950,#23870));
#24270=FACE_OUTER_BOUND('',#24260,.T.);
#24280=ADVANCED_FACE('',(#24270),#23860,.T.);
#24290=COLOUR_RGB('',0.823529481887817,0.823529481887817,
0.784313797950745);
#24300=FILL_AREA_STYLE_COLOUR('',#24290);
#24310=FILL_AREA_STYLE('',(#24300));
#24320=SURFACE_STYLE_FILL_AREA(#24310);
#24330=SURFACE_SIDE_STYLE('',(#24320));
#24340=SURFACE_STYLE_USAGE(.BOTH.,#24330);
#24350=PRESENTATION_STYLE_ASSIGNMENT((#24340));
#24360=CARTESIAN_POINT('',(20.3986462030947,38.7502563333335,
-33.5832861188319));
#24370=DIRECTION('',(0.894427190999916,0.447213595499958,-0.));
#24380=DIRECTION('',(-0.447213595499958,0.894427190999916,
8.27511384415758E-17));
#24390=AXIS2_PLACEMENT_3D('',#24360,#24370,#24380);
#24400=PLANE('',#24390);
#24410=CARTESIAN_POINT('',(20.5302836089535,38.4869815216159,
-33.6966487129731));
#24420=DIRECTION('',(-0.408248290463863,0.816496580927726,
-0.408248290463863));
#24430=VECTOR('',#24420,1.);
#24440=LINE('',#24410,#24430);
#24450=CARTESIAN_POINT('',(20.4736462030947,38.6002563333335,
-33.7532861188319));
#24460=VERTEX_POINT('',#24450);
#24470=CARTESIAN_POINT('',(20.3236462030948,38.9002563333335,
-33.9032861188319));
#24480=VERTEX_POINT('',#24470);
#24490=EDGE_CURVE('',#24460,#24480,#24440,.T.);
#24500=ORIENTED_EDGE('',*,*,#24490,.F.);
#24510=CARTESIAN_POINT('',(20.3236462030948,38.9002563333335,
-37.3932861188318));
#24520=DIRECTION('',(0.,0.,-1.));
#24530=VECTOR('',#24520,1.);
#24540=LINE('',#24510,#24530);
#24550=EDGE_CURVE('',#24090,#24480,#24540,.T.);
#24560=ORIENTED_EDGE('',*,*,#24550,.T.);
#24570=CARTESIAN_POINT('',(20.5302836089535,38.4869815216159,
-33.4699235246907));
#24580=DIRECTION('',(0.408248290463863,-0.816496580927726,
-0.408248290463863));
#24590=VECTOR('',#24580,1.);
#24600=LINE('',#24570,#24590);
#24610=CARTESIAN_POINT('',(20.4736462030947,38.6002563333335,
-33.4132861188319));
#24620=VERTEX_POINT('',#24610);
#24630=EDGE_CURVE('',#24090,#24620,#24600,.T.);
#24640=ORIENTED_EDGE('',*,*,#24630,.F.);
#24650=CARTESIAN_POINT('',(20.4736462030947,38.6002563333335,
-33.5832861188319));
#24660=DIRECTION('',(0.,0.,1.));
#24670=VECTOR('',#24660,1.);
#24680=LINE('',#24650,#24670);
#24690=EDGE_CURVE('',#24460,#24620,#24680,.T.);
#24700=ORIENTED_EDGE('',*,*,#24690,.T.);
#24710=EDGE_LOOP('',(#24700,#24640,#24560,#24500));
#24720=FACE_OUTER_BOUND('',#24710,.T.);
#24730=ADVANCED_FACE('',(#24720),#24400,.F.);
#24740=COLOUR_RGB('',0.823529481887817,0.823529481887817,
0.784313797950745);
#24750=FILL_AREA_STYLE_COLOUR('',#24740);
#24760=FILL_AREA_STYLE('',(#24750));
#24770=SURFACE_STYLE_FILL_AREA(#24760);
#24780=SURFACE_SIDE_STYLE('',(#24770));
#24790=SURFACE_STYLE_USAGE(.BOTH.,#24780);
#24800=PRESENTATION_STYLE_ASSIGNMENT((#24790));
#24810=CARTESIAN_POINT('',(20.6436462030947,38.7502563333335,
-33.3382861188319));
#24820=DIRECTION('',(0.,0.447213595499958,-0.894427190999916));
#24830=DIRECTION('',(0.,0.894427190999916,0.447213595499958));
#24840=AXIS2_PLACEMENT_3D('',#24810,#24820,#24830);
#24850=PLANE('',#24840);
#24860=ORIENTED_EDGE('',*,*,#24630,.T.);
#24870=ORIENTED_EDGE('',*,*,#24100,.T.);
#24880=CARTESIAN_POINT('',(20.7570087972359,38.4869815216159,
-33.4699235246907));
#24890=DIRECTION('',(-0.408248290463863,-0.816496580927726,
-0.408248290463863));
#24900=VECTOR('',#24890,1.);
#24910=LINE('',#24880,#24900);
#24920=CARTESIAN_POINT('',(20.8136462030947,38.6002563333335,
-33.4132861188319));
#24930=VERTEX_POINT('',#24920);
#24940=EDGE_CURVE('',#24010,#24930,#24910,.T.);
#24950=ORIENTED_EDGE('',*,*,#24940,.F.);
#24960=CARTESIAN_POINT('',(20.6436462030947,38.6002563333335,
-33.4132861188319));
#24970=DIRECTION('',(1.,0.,0.));
#24980=VECTOR('',#24970,1.);
#24990=LINE('',#24960,#24980);
#25000=EDGE_CURVE('',#24620,#24930,#24990,.T.);
#25010=ORIENTED_EDGE('',*,*,#25000,.T.);
#25020=EDGE_LOOP('',(#25010,#24950,#24870,#24860));
#25030=FACE_OUTER_BOUND('',#25020,.T.);
#25040=ADVANCED_FACE('',(#25030),#24850,.F.);
#25050=COLOUR_RGB('',0.823529481887817,0.823529481887817,
0.784313797950745);
#25060=FILL_AREA_STYLE_COLOUR('',#25050);
#25070=FILL_AREA_STYLE('',(#25060));
#25080=SURFACE_STYLE_FILL_AREA(#25070);
#25090=SURFACE_SIDE_STYLE('',(#25080));
#25100=SURFACE_STYLE_USAGE(.BOTH.,#25090);
#25110=PRESENTATION_STYLE_ASSIGNMENT((#25100));
#25120=CARTESIAN_POINT('',(20.9636462030947,38.4869815216159,
-33.2632861188319));
#25130=DIRECTION('',(-1.,0.,-0.));
#25140=DIRECTION('',(0.,0.,-1.));
#25150=AXIS2_PLACEMENT_3D('',#25120,#25130,#25140);
#25160=PLANE('',#25150);
#25170=CARTESIAN_POINT('',(20.9636462030947,40.8002563333335,
-37.3932861188318));
#25180=DIRECTION('',(0.,0.,-1.));
#25190=VECTOR('',#25180,1.);
#25200=LINE('',#25170,#25190);
#25210=CARTESIAN_POINT('',(20.9636462030947,40.8002563333335,
-33.9032861188319));
#25220=VERTEX_POINT('',#25210);
#25230=EDGE_CURVE('',#23930,#25220,#25200,.T.);
#25240=ORIENTED_EDGE('',*,*,#25230,.F.);
#25250=CARTESIAN_POINT('',(20.9636462030947,43.776923,-33.9032861188319)
);
#25260=DIRECTION('',(0.,1.,0.));
#25270=VECTOR('',#25260,1.);
#25280=LINE('',#25250,#25270);
#25290=CARTESIAN_POINT('',(20.9636462030947,38.9002563333335,
-33.9032861188319));
#25300=VERTEX_POINT('',#25290);
#25310=EDGE_CURVE('',#25300,#25220,#25280,.T.);
#25320=ORIENTED_EDGE('',*,*,#25310,.T.);
#25330=CARTESIAN_POINT('',(20.9636462030947,38.9002563333336,
-37.3932861188318));
#25340=DIRECTION('',(0.,0.,-1.));
#25350=VECTOR('',#25340,1.);
#25360=LINE('',#25330,#25350);
#25370=EDGE_CURVE('',#24010,#25300,#25360,.T.);
#25380=ORIENTED_EDGE('',*,*,#25370,.T.);
#25390=ORIENTED_EDGE('',*,*,#24020,.T.);
#25400=EDGE_LOOP('',(#25390,#25380,#25320,#25240));
#25410=FACE_OUTER_BOUND('',#25400,.T.);
#25420=ADVANCED_FACE('',(#25410),#25160,.F.);
#25430=COLOUR_RGB('',0.823529481887817,0.823529481887817,
0.784313797950745);
#25440=FILL_AREA_STYLE_COLOUR('',#25430);
#25450=FILL_AREA_STYLE('',(#25440));
#25460=SURFACE_STYLE_FILL_AREA(#25450);
#25470=SURFACE_SIDE_STYLE('',(#25460));
#25480=SURFACE_STYLE_USAGE(.BOTH.,#25470);
#25490=PRESENTATION_STYLE_ASSIGNMENT((#25480));
#25500=CARTESIAN_POINT('',(20.8886462030947,38.7502563333335,
-33.5832861188319));
#25510=DIRECTION('',(0.894427190999916,-0.447213595499958,0.));
#25520=DIRECTION('',(0.447213595499958,0.894427190999916,
8.27511384415758E-17));
#25530=AXIS2_PLACEMENT_3D('',#25500,#25510,#25520);
#25540=PLANE('',#25530);
#25550=ORIENTED_EDGE('',*,*,#24940,.T.);
#25560=ORIENTED_EDGE('',*,*,#25370,.F.);
#25570=CARTESIAN_POINT('',(20.7570087972359,38.4869815216159,
-33.6966487129731));
#25580=DIRECTION('',(-0.408248290463863,-0.816496580927726,
0.408248290463863));
#25590=VECTOR('',#25580,1.);
#25600=LINE('',#25570,#25590);
#25610=CARTESIAN_POINT('',(20.8136462030947,38.6002563333335,
-33.7532861188319));
#25620=VERTEX_POINT('',#25610);
#25630=EDGE_CURVE('',#25300,#25620,#25600,.T.);
#25640=ORIENTED_EDGE('',*,*,#25630,.F.);
#25650=CARTESIAN_POINT('',(20.8136462030947,38.6002563333335,
-33.5832861188319));
#25660=DIRECTION('',(0.,0.,1.));
#25670=VECTOR('',#25660,1.);
#25680=LINE('',#25650,#25670);
#25690=EDGE_CURVE('',#25620,#24930,#25680,.T.);
#25700=ORIENTED_EDGE('',*,*,#25690,.F.);
#25710=EDGE_LOOP('',(#25700,#25640,#25560,#25550));
#25720=FACE_OUTER_BOUND('',#25710,.T.);
#25730=ADVANCED_FACE('',(#25720),#25540,.T.);
#25740=COLOUR_RGB('',0.823529481887817,0.823529481887817,
0.784313797950745);
#25750=FILL_AREA_STYLE_COLOUR('',#25740);
#25760=FILL_AREA_STYLE('',(#25750));
#25770=SURFACE_STYLE_FILL_AREA(#25760);
#25780=SURFACE_SIDE_STYLE('',(#25770));
#25790=SURFACE_STYLE_USAGE(.BOTH.,#25780);
#25800=PRESENTATION_STYLE_ASSIGNMENT((#25790));
#25810=CARTESIAN_POINT('',(20.6436462030947,38.7502563333335,
-33.8282861188319));
#25820=DIRECTION('',(0.,0.447213595499958,0.894427190999916));
#25830=DIRECTION('',(0.,0.894427190999916,-0.447213595499958));
#25840=AXIS2_PLACEMENT_3D('',#25810,#25820,#25830);
#25850=PLANE('',#25840);
#25860=ORIENTED_EDGE('',*,*,#25630,.T.);
#25870=CARTESIAN_POINT('',(29.8169795364281,38.9002563333335,
-33.9032861188319));
#25880=DIRECTION('',(1.,0.,0.));
#25890=VECTOR('',#25880,1.);
#25900=LINE('',#25870,#25890);
#25910=EDGE_CURVE('',#24480,#25300,#25900,.T.);
#25920=ORIENTED_EDGE('',*,*,#25910,.T.);
#25930=ORIENTED_EDGE('',*,*,#24490,.T.);
#25940=CARTESIAN_POINT('',(20.6436462030947,38.6002563333335,
-33.7532861188319));
#25950=DIRECTION('',(-1.,0.,0.));
#25960=VECTOR('',#25950,1.);
#25970=LINE('',#25940,#25960);
#25980=EDGE_CURVE('',#25620,#24460,#25970,.T.);
#25990=ORIENTED_EDGE('',*,*,#25980,.T.);
#26000=EDGE_LOOP('',(#25990,#25930,#25920,#25860));
#26010=FACE_OUTER_BOUND('',#26000,.T.);
#26020=ADVANCED_FACE('',(#26010),#25850,.F.);
#26030=COLOUR_RGB('',0.823529481887817,0.823529481887817,
0.784313797950745);
#26040=FILL_AREA_STYLE_COLOUR('',#26030);
#26050=FILL_AREA_STYLE('',(#26040));
#26060=SURFACE_STYLE_FILL_AREA(#26050);
#26070=SURFACE_SIDE_STYLE('',(#26060));
#26080=SURFACE_STYLE_USAGE(.BOTH.,#26070);
#26090=PRESENTATION_STYLE_ASSIGNMENT((#26080));
#26100=CARTESIAN_POINT('',(20.1902836089535,38.6002563333335,
-33.6499235246907));
#26110=DIRECTION('',(0.,1.,0.));
#26120=DIRECTION('',(0.,0.,-1.));
#26130=AXIS2_PLACEMENT_3D('',#26100,#26110,#26120);
#26140=PLANE('',#26130);
#26150=ORIENTED_EDGE('',*,*,#25000,.F.);
#26160=ORIENTED_EDGE('',*,*,#25690,.T.);
#26170=ORIENTED_EDGE('',*,*,#25980,.F.);
#26180=ORIENTED_EDGE('',*,*,#24690,.F.);
#26190=EDGE_LOOP('',(#26180,#26170,#26160,#26150));
#26200=FACE_OUTER_BOUND('',#26190,.T.);
#26210=ADVANCED_FACE('',(#26200),#26140,.F.);
#26220=COLOUR_RGB('',0.823529481887817,0.823529481887817,
0.784313797950745);
#26230=FILL_AREA_STYLE_COLOUR('',#26220);
#26240=FILL_AREA_STYLE('',(#26230));
#26250=SURFACE_STYLE_FILL_AREA(#26240);
#26260=SURFACE_SIDE_STYLE('',(#26250));
#26270=SURFACE_STYLE_USAGE(.BOTH.,#26260);
#26280=PRESENTATION_STYLE_ASSIGNMENT((#26270));
#26290=CARTESIAN_POINT('',(20.3236462030947,38.4869815216159,
-33.2632861188319));
#26300=DIRECTION('',(-1.,0.,-0.));
#26310=DIRECTION('',(0.,0.,-1.));
#26320=AXIS2_PLACEMENT_3D('',#26290,#26300,#26310);
#26330=PLANE('',#26320);
#26340=CARTESIAN_POINT('',(20.3236462030947,40.8002563333335,
-37.3932861188318));
#26350=DIRECTION('',(0.,0.,1.));
#26360=VECTOR('',#26350,1.);
#26370=LINE('',#26340,#26360);
#26380=CARTESIAN_POINT('',(20.3236462030947,40.8002563333335,
-33.9032861188319));
#26390=VERTEX_POINT('',#26380);
#26400=EDGE_CURVE('',#26390,#24170,#26370,.T.);
#26410=ORIENTED_EDGE('',*,*,#26400,.F.);
#26420=ORIENTED_EDGE('',*,*,#24180,.T.);
#26430=ORIENTED_EDGE('',*,*,#24550,.F.);
#26440=CARTESIAN_POINT('',(20.3236462030947,43.776923,-33.9032861188319)
);
#26450=DIRECTION('',(1.4210854715202E-14,-1.,0.));
#26460=VECTOR('',#26450,1.);
#26470=LINE('',#26440,#26460);
#26480=EDGE_CURVE('',#26390,#24480,#26470,.T.);
#26490=ORIENTED_EDGE('',*,*,#26480,.T.);
#26500=EDGE_LOOP('',(#26490,#26430,#26420,#26410));
#26510=FACE_OUTER_BOUND('',#26500,.T.);
#26520=ADVANCED_FACE('',(#26510),#26330,.T.);
#26530=COLOUR_RGB('',0.823529481887817,0.823529481887817,
0.784313797950745);
#26540=FILL_AREA_STYLE_COLOUR('',#26530);
#26550=FILL_AREA_STYLE('',(#26540));
#26560=SURFACE_STYLE_FILL_AREA(#26550);
#26570=SURFACE_SIDE_STYLE('',(#26560));
#26580=SURFACE_STYLE_USAGE(.BOTH.,#26570);
#26590=PRESENTATION_STYLE_ASSIGNMENT((#26580));
#26600=CARTESIAN_POINT('',(20.3236462030947,40.8002563333335,
-33.9672885188319));
#26610=DIRECTION('',(-0.984807753012208,-0.17364817766693,-0.));
#26620=DIRECTION('',(-0.17364817766693,0.984807753012208,0.));
#26630=AXIS2_PLACEMENT_3D('',#26600,#26610,#26620);
#26640=PLANE('',#26630);
#26650=ORIENTED_EDGE('',*,*,#23450,.T.);
#26660=ORIENTED_EDGE('',*,*,#24240,.T.);
#26670=ORIENTED_EDGE('',*,*,#26400,.T.);
#26680=CARTESIAN_POINT('',(19.7987795571859,43.7769230000001,
-33.9032861188319));
#26690=DIRECTION('',(-0.17364817766693,0.984807753012208,0.));
#26700=VECTOR('',#26690,1.);
#26710=LINE('',#26680,#26700);
#26720=EDGE_CURVE('',#26390,#23440,#26710,.T.);
#26730=ORIENTED_EDGE('',*,*,#26720,.F.);
#26740=EDGE_LOOP('',(#26730,#26670,#26660,#26650));
#26750=FACE_OUTER_BOUND('',#26740,.T.);
#26760=ADVANCED_FACE('',(#26750),#26640,.T.);
#26770=COLOUR_RGB('',0.823529481887817,0.823529481887817,
0.784313797950745);
#26780=FILL_AREA_STYLE_COLOUR('',#26770);
#26790=FILL_AREA_STYLE('',(#26780));
#26800=SURFACE_STYLE_FILL_AREA(#26790);
#26810=SURFACE_SIDE_STYLE('',(#26800));
#26820=SURFACE_STYLE_USAGE(.BOTH.,#26810);
#26830=PRESENTATION_STYLE_ASSIGNMENT((#26820));
#26840=CARTESIAN_POINT('',(20.3236462030947,38.486981521616,
-33.9032861188319));
#26850=DIRECTION('',(0.,0.,-1.));
#26860=DIRECTION('',(1.,0.,0.));
#26870=AXIS2_PLACEMENT_3D('',#26840,#26850,#26860);
#26880=PLANE('',#26870);
#26890=ORIENTED_EDGE('',*,*,#23530,.F.);
#26900=ORIENTED_EDGE('',*,*,#26720,.T.);
#26910=ORIENTED_EDGE('',*,*,#26480,.F.);
#26920=ORIENTED_EDGE('',*,*,#25910,.F.);
#26930=ORIENTED_EDGE('',*,*,#25310,.F.);
#26940=CARTESIAN_POINT('',(21.4885128490036,43.7769230000001,
-33.9032861188319));
#26950=DIRECTION('',(0.17364817766693,0.984807753012208,0.));
#26960=VECTOR('',#26950,1.);
#26970=LINE('',#26940,#26960);
#26980=EDGE_CURVE('',#25220,#23520,#26970,.T.);
#26990=ORIENTED_EDGE('',*,*,#26980,.F.);
#27000=EDGE_LOOP('',(#26990,#26930,#26920,#26910,#26900,#26890));
#27010=FACE_OUTER_BOUND('',#27000,.T.);
#27020=ADVANCED_FACE('',(#27010),#26880,.T.);
#27030=COLOUR_RGB('',0.823529481887817,0.823529481887817,
0.784313797950745);
#27040=FILL_AREA_STYLE_COLOUR('',#27030);
#27050=FILL_AREA_STYLE('',(#27040));
#27060=SURFACE_STYLE_FILL_AREA(#27050);
#27070=SURFACE_SIDE_STYLE('',(#27060));
#27080=SURFACE_STYLE_USAGE(.BOTH.,#27070);
#27090=PRESENTATION_STYLE_ASSIGNMENT((#27080));
#27100=CARTESIAN_POINT('',(20.9636462030947,40.8002563333335,
-33.9672885188319));
#27110=DIRECTION('',(-0.984807753012208,0.17364817766693,0.));
#27120=DIRECTION('',(0.17364817766693,0.984807753012208,0.));
#27130=AXIS2_PLACEMENT_3D('',#27100,#27110,#27120);
#27140=PLANE('',#27130);
#27150=ORIENTED_EDGE('',*,*,#23590,.F.);
#27160=ORIENTED_EDGE('',*,*,#26980,.T.);
#27170=ORIENTED_EDGE('',*,*,#25230,.T.);
#27180=ORIENTED_EDGE('',*,*,#23940,.F.);
#27190=EDGE_LOOP('',(#27180,#27170,#27160,#27150));
#27200=FACE_OUTER_BOUND('',#27190,.T.);
#27210=ADVANCED_FACE('',(#27200),#27140,.F.);
#27220=COLOUR_RGB('',0.823529481887817,0.823529481887817,
0.784313797950745);
#27230=FILL_AREA_STYLE_COLOUR('',#27220);
#27240=FILL_AREA_STYLE('',(#27230));
#27250=SURFACE_STYLE_FILL_AREA(#27240);
#27260=SURFACE_SIDE_STYLE('',(#27250));
#27270=SURFACE_STYLE_USAGE(.BOTH.,#27260);
#27280=PRESENTATION_STYLE_ASSIGNMENT((#27270));
#27290=CARTESIAN_POINT('',(18.9336462030944,41.4002563333336,
-37.3932861188318));
#27300=DIRECTION('',(0.,0.,1.));
#27310=DIRECTION('',(-1.4210854715202E-14,1.,0.));
#27320=AXIS2_PLACEMENT_3D('',#27290,#27300,#27310);
#27330=CYLINDRICAL_SURFACE('',#27320,0.3);
#27340=ORIENTED_EDGE('',*,*,#23710,.T.);
#27350=ORIENTED_EDGE('',*,*,#16680,.F.);
#27360=ORIENTED_EDGE('',*,*,#18380,.F.);
#27370=CARTESIAN_POINT('',(18.9336462030944,41.4002563333336,
-32.8632861188318));
#27380=DIRECTION('',(0.,0.,-1.));
#27390=DIRECTION('',(-1.4210854715202E-14,1.,0.));
#27400=AXIS2_PLACEMENT_3D('',#27370,#27380,#27390);
#27410=CIRCLE('',#27400,0.3);
#27420=EDGE_CURVE('',#23700,#18310,#27410,.T.);
#27430=ORIENTED_EDGE('',*,*,#27420,.T.);
#27440=EDGE_LOOP('',(#27430,#27360,#27350,#27340));
#27450=FACE_OUTER_BOUND('',#27440,.T.);
#27460=ADVANCED_FACE('',(#27450),#27330,.T.);
#27470=CARTESIAN_POINT('',(18.9336462030944,41.4002563333336,
-32.8632861188318));
#27480=DIRECTION('',(0.,0.,-1.));
#27490=DIRECTION('',(-1.18423789293351E-14,1.,0.));
#27500=AXIS2_PLACEMENT_3D('',#27470,#27480,#27490);
#27510=SPHERICAL_SURFACE('',#27500,0.3);
#27520=CARTESIAN_POINT('',(18.9336462030944,41.4002563333336,
-32.8632861188318));
#27530=DIRECTION('',(-1.,-1.4210854715202E-14,0.));
#27540=DIRECTION('',(-1.4210854715202E-14,1.,0.));
#27550=AXIS2_PLACEMENT_3D('',#27520,#27530,#27540);
#27560=CIRCLE('',#27550,0.3);
#27570=CARTESIAN_POINT('',(18.9336462030944,41.4002563333336,
-32.5632861188318));
#27580=VERTEX_POINT('',#27570);
#27590=EDGE_CURVE('',#23700,#27580,#27560,.T.);
#27600=ORIENTED_EDGE('',*,*,#27590,.T.);
#27610=ORIENTED_EDGE('',*,*,#27420,.F.);
#27620=CARTESIAN_POINT('',(18.9336462030944,41.4002563333336,
-32.8632861188318));
#27630=DIRECTION('',(0.,1.,0.));
#27640=DIRECTION('',(1.,0.,0.));
#27650=AXIS2_PLACEMENT_3D('',#27620,#27630,#27640);
#27660=CIRCLE('',#27650,0.3);
#27670=EDGE_CURVE('',#18310,#27580,#27660,.T.);
#27680=ORIENTED_EDGE('',*,*,#27670,.F.);
#27690=EDGE_LOOP('',(#27680,#27610,#27600));
#27700=FACE_OUTER_BOUND('',#27690,.T.);
#27710=ADVANCED_FACE('',(#27700),#27510,.T.);
#27720=CARTESIAN_POINT('',(18.9336462030944,43.7769229999999,
-32.8632861188318));
#27730=DIRECTION('',(0.,-1.,-0.));
#27740=DIRECTION('',(1.,0.,0.));
#27750=AXIS2_PLACEMENT_3D('',#27720,#27730,#27740);
#27760=CYLINDRICAL_SURFACE('',#27750,0.3);
#27770=ORIENTED_EDGE('',*,*,#18320,.T.);
#27780=ORIENTED_EDGE('',*,*,#22150,.F.);
#27790=CARTESIAN_POINT('',(18.9336462030944,43.7769229999999,
-32.5632861188318));
#27800=DIRECTION('',(0.,-1.,-0.));
#27810=VECTOR('',#27800,1.);
#27820=LINE('',#27790,#27810);
#27830=EDGE_CURVE('',#22070,#27580,#27820,.T.);
#27840=ORIENTED_EDGE('',*,*,#27830,.F.);
#27850=ORIENTED_EDGE('',*,*,#27670,.T.);
#27860=EDGE_LOOP('',(#27850,#27840,#27780,#27770));
#27870=FACE_OUTER_BOUND('',#27860,.T.);
#27880=ADVANCED_FACE('',(#27870),#27760,.T.);
#27890=CARTESIAN_POINT('',(29.8169795364281,41.4002563333336,
-32.8632861188318));
#27900=DIRECTION('',(1.,0.,0.));
#27910=DIRECTION('',(0.,1.,0.));
#27920=AXIS2_PLACEMENT_3D('',#27890,#27900,#27910);
#27930=CYLINDRICAL_SURFACE('',#27920,0.3);
#27940=ORIENTED_EDGE('',*,*,#27590,.F.);
#27950=CARTESIAN_POINT('',(29.8169795364281,41.4002563333336,
-32.5632861188318));
#27960=DIRECTION('',(1.,0.,0.));
#27970=VECTOR('',#27960,1.);
#27980=LINE('',#27950,#27970);
#27990=EDGE_CURVE('',#27580,#22950,#27980,.T.);
#28000=ORIENTED_EDGE('',*,*,#27990,.F.);
#28010=ORIENTED_EDGE('',*,*,#23180,.T.);
#28020=ORIENTED_EDGE('',*,*,#23770,.T.);
#28030=EDGE_LOOP('',(#28020,#28010,#28000,#27940));
#28040=FACE_OUTER_BOUND('',#28030,.T.);
#28050=ADVANCED_FACE('',(#28040),#27930,.T.);
#28060=CARTESIAN_POINT('',(20.9636462030948,40.9802563333336,
-32.5632861188318));
#28070=DIRECTION('',(0.,0.,-1.));
#28080=DIRECTION('',(1.,0.,0.));
#28090=AXIS2_PLACEMENT_3D('',#28060,#28070,#28080);
#28100=PLANE('',#28090);
#28110=ORIENTED_EDGE('',*,*,#27990,.T.);
#28120=ORIENTED_EDGE('',*,*,#27830,.T.);
#28130=ORIENTED_EDGE('',*,*,#22390,.F.);
#28140=ORIENTED_EDGE('',*,*,#23020,.T.);
#28150=EDGE_LOOP('',(#28140,#28130,#28120,#28110));
#28160=FACE_OUTER_BOUND('',#28150,.T.);
#28170=ADVANCED_FACE('',(#28160),#28100,.F.);
#28180=CARTESIAN_POINT('',(22.6836462030948,42.2002563333335,
-34.8457861188318));
#28190=DIRECTION('',(1.1867943986037E-14,-1.,0.));
#28200=DIRECTION('',(-1.,-1.1867943986037E-14,0.));
#28210=AXIS2_PLACEMENT_3D('',#28180,#28190,#28200);
#28220=PLANE('',#28210);
#28230=CARTESIAN_POINT('',(29.8169795364281,42.2002563333336,
-35.0072255127712));
#28240=DIRECTION('',(-0.9999354401368,-1.18663759374193E-14,
-0.0113629027288245));
#28250=VECTOR('',#28240,1.);
#28260=LINE('',#28230,#28250);
#28270=CARTESIAN_POINT('',(23.0836462030948,42.2002563333335,
-35.0837406642864));
#28280=VERTEX_POINT('',#28270);
#28290=CARTESIAN_POINT('',(22.6836462030948,42.2002563333335,
-35.0882861188318));
#28300=VERTEX_POINT('',#28290);
#28310=EDGE_CURVE('',#28280,#28300,#28260,.T.);
#28320=ORIENTED_EDGE('',*,*,#28310,.F.);
#28330=CARTESIAN_POINT('',(22.6836462030948,42.2002563333335,
-37.3932861188318));
#28340=DIRECTION('',(0.,0.,-1.));
#28350=VECTOR('',#28340,1.);
#28360=LINE('',#28330,#28350);
#28370=EDGE_CURVE('',#17420,#28300,#28360,.T.);
#28380=ORIENTED_EDGE('',*,*,#28370,.T.);
#28390=ORIENTED_EDGE('',*,*,#17430,.F.);
#28400=CARTESIAN_POINT('',(23.0836462030948,42.2002563333335,
-37.3932861188318));
#28410=DIRECTION('',(0.,0.,1.));
#28420=VECTOR('',#28410,1.);
#28430=LINE('',#28400,#28420);
#28440=EDGE_CURVE('',#28280,#17340,#28430,.T.);
#28450=ORIENTED_EDGE('',*,*,#28440,.T.);
#28460=EDGE_LOOP('',(#28450,#28390,#28380,#28320));
#28470=FACE_OUTER_BOUND('',#28460,.T.);
#28480=ADVANCED_FACE('',(#28470),#28220,.T.);
#28490=CARTESIAN_POINT('',(22.6836462030948,41.9002563333335,
-37.3932861188318));
#28500=DIRECTION('',(0.,0.,-1.));
#28510=DIRECTION('',(1.,0.,0.));
#28520=AXIS2_PLACEMENT_3D('',#28490,#28500,#28510);
#28530=CYLINDRICAL_SURFACE('',#28520,0.3);
#28540=CARTESIAN_POINT('',(22.6836462030948,41.9002563333335,
-35.0882861188318));
#28550=DIRECTION('',(-0.0113629027288245,-1.61476559822297E-16,
0.9999354401368));
#28560=DIRECTION('',(0.9999354401368,1.42099372643656E-14,
0.0113629027288245));
#28570=AXIS2_PLACEMENT_3D('',#28540,#28550,#28560);
#28580=ELLIPSE('',#28570,0.300019369209434,0.3);
#28590=CARTESIAN_POINT('',(22.3836462030948,41.9002563333335,
-35.0916952097409));
#28600=VERTEX_POINT('',#28590);
#28610=EDGE_CURVE('',#28300,#28600,#28580,.T.);
#28620=ORIENTED_EDGE('',*,*,#28610,.F.);
#28630=CARTESIAN_POINT('',(22.3836462030948,41.9002563333335,
-37.3932861188318));
#28640=DIRECTION('',(0.,0.,-1.));
#28650=VECTOR('',#28640,1.);
#28660=LINE('',#28630,#28650);
#28670=EDGE_CURVE('',#17510,#28600,#28660,.T.);
#28680=ORIENTED_EDGE('',*,*,#28670,.T.);
#28690=ORIENTED_EDGE('',*,*,#17520,.F.);
#28700=ORIENTED_EDGE('',*,*,#28370,.F.);
#28710=EDGE_LOOP('',(#28700,#28690,#28680,#28620));
#28720=FACE_OUTER_BOUND('',#28710,.T.);
#28730=ADVANCED_FACE('',(#28720),#28530,.F.);
#28740=CARTESIAN_POINT('',(22.78372616466,40.6002563333335,
-35.0871488465413));
#28750=DIRECTION('',(-0.0113629027288245,-1.61476559822297E-16,
0.9999354401368));
#28760=DIRECTION('',(0.9999354401368,1.42099372643656E-14,
0.0113629027288245));
#28770=AXIS2_PLACEMENT_3D('',#28740,#28750,#28760);
#28780=PLANE('',#28770);
#28790=CARTESIAN_POINT('',(29.8169795364281,41.1002563333336,
-35.0072255127712));
#28800=DIRECTION('',(0.9999354401368,1.4209987353464E-14,
0.0113629027288245));
#28810=VECTOR('',#28800,1.);
#28820=LINE('',#28790,#28810);
#28830=CARTESIAN_POINT('',(23.3836462030948,41.1002563333335,
-35.0803315733773));
#28840=VERTEX_POINT('',#28830);
#28850=EDGE_CURVE('',#28840,#6490,#28820,.T.);
#28860=ORIENTED_EDGE('',*,*,#28850,.F.);
#28870=ORIENTED_EDGE('',*,*,#6500,.F.);
#28880=CARTESIAN_POINT('',(29.8135706656094,43.6932974575856,
-35.0072642499396));
#28890=DIRECTION('',(-0.999897370574939,-0.00872597215734906,
-0.0113624701201671));
#28900=VECTOR('',#28890,1.);
#28910=LINE('',#28880,#28900);
#28920=CARTESIAN_POINT('',(20.4836462030948,43.6118764403034,
-35.1132861188318));
#28930=VERTEX_POINT('',#28920);
#28940=EDGE_CURVE('',#6410,#28930,#28910,.T.);
#28950=ORIENTED_EDGE('',*,*,#28940,.F.);
#28960=CARTESIAN_POINT('',(20.4836462030948,43.776923,-35.1132861188318)
);
#28970=DIRECTION('',(1.4210854715202E-14,-1.,4.13057089509717E-32));
#28980=VECTOR('',#28970,1.);
#28990=LINE('',#28960,#28980);
#29000=CARTESIAN_POINT('',(20.4836462030948,41.2386545516128,
-35.1132861188318));
#29010=VERTEX_POINT('',#29000);
#29020=EDGE_CURVE('',#28930,#29010,#28990,.T.);
#29030=ORIENTED_EDGE('',*,*,#29020,.F.);
#29040=CARTESIAN_POINT('',(29.8169795364281,41.1572037855659,
-35.0072255127712));
#29050=DIRECTION('',(-0.99989737057494,0.00872597215732064,
-0.0113624701201671));
#29060=VECTOR('',#29050,1.);
#29070=LINE('',#29040,#29060);
#29080=CARTESIAN_POINT('',(22.3836462030948,41.2220735028104,
-35.0916952097409));
#29090=VERTEX_POINT('',#29080);
#29100=EDGE_CURVE('',#29090,#29010,#29070,.T.);
#29110=ORIENTED_EDGE('',*,*,#29100,.T.);
#29120=CARTESIAN_POINT('',(22.3836462030947,43.776923,-35.0916952097409)
);
#29130=DIRECTION('',(1.4210854715202E-14,-1.,0.));
#29140=VECTOR('',#29130,1.);
#29150=LINE('',#29120,#29140);
#29160=EDGE_CURVE('',#28600,#29090,#29150,.T.);
#29170=ORIENTED_EDGE('',*,*,#29160,.T.);
#29180=ORIENTED_EDGE('',*,*,#28610,.T.);
#29190=ORIENTED_EDGE('',*,*,#28310,.T.);
#29200=CARTESIAN_POINT('',(23.0836462030948,41.9002563333335,
-35.0837406642864));
#29210=DIRECTION('',(-0.0113629027288245,-1.61476559822297E-16,
0.9999354401368));
#29220=DIRECTION('',(0.9999354401368,1.42099372643656E-14,
0.0113629027288245));
#29230=AXIS2_PLACEMENT_3D('',#29200,#29210,#29220);
#29240=ELLIPSE('',#29230,0.300019369209434,0.3);
#29250=CARTESIAN_POINT('',(23.3836462030948,41.9002563333335,
-35.0803315733773));
#29260=VERTEX_POINT('',#29250);
#29270=EDGE_CURVE('',#29260,#28280,#29240,.T.);
#29280=ORIENTED_EDGE('',*,*,#29270,.T.);
#29290=CARTESIAN_POINT('',(23.3836462030947,43.7769230000001,
-35.0803315733773));
#29300=DIRECTION('',(1.4210854715202E-14,-1.,0.));
#29310=VECTOR('',#29300,1.);
#29320=LINE('',#29290,#29310);
#29330=EDGE_CURVE('',#29260,#28840,#29320,.T.);
#29340=ORIENTED_EDGE('',*,*,#29330,.F.);
#29350=EDGE_LOOP('',(#29340,#29280,#29190,#29180,#29170,#29110,#29030,
#28950,#28870,#28860));
#29360=FACE_OUTER_BOUND('',#29350,.T.);
#29370=ADVANCED_FACE('',(#29360),#28780,.F.);
#29380=CARTESIAN_POINT('',(29.8169795364281,41.4572152090816,
-36.939327355683));
#29390=DIRECTION('',(0.99989737057494,-0.00872597215732064,
-0.0113624701201671));
#29400=DIRECTION('',(0.0113629027288246,1.61476559822299E-16,
0.9999354401368));
#29410=AXIS2_PLACEMENT_3D('',#29380,#29390,#29400);
#29420=CYLINDRICAL_SURFACE('',#29410,0.3);
#29430=ORIENTED_EDGE('',*,*,#5400,.T.);
#29440=CARTESIAN_POINT('',(29.8143615757786,41.1572266321624,
-36.939327355683));
#29450=DIRECTION('',(0.99989737057494,-0.00872597215732064,
-0.0113624701201671));
#29460=VECTOR('',#29450,1.);
#29470=LINE('',#29440,#29460);
#29480=CARTESIAN_POINT('',(20.4836462030948,41.2386545516128,
-36.8332964991752));
#29490=VERTEX_POINT('',#29480);
#29500=EDGE_CURVE('',#29490,#5300,#29470,.T.);
#29510=ORIENTED_EDGE('',*,*,#29500,.T.);
#29520=CARTESIAN_POINT('',(20.4836462030948,41.5386659751286,
-36.8332667496224));
#29530=DIRECTION('',(1.,1.4210854715202E-14,0.));
#29540=DIRECTION('',(-8.65554103571559E-15,0.609079552861543,
0.79310913390654));
#29550=AXIS2_PLACEMENT_3D('',#29520,#29530,#29540);
#29560=ELLIPSE('',#29550,0.300030791987682,0.3);
#29570=CARTESIAN_POINT('',(20.4836462030948,41.5386362263636,
-37.1332861188318));
#29580=VERTEX_POINT('',#29570);
#29590=EDGE_CURVE('',#29490,#29580,#29560,.T.);
#29600=ORIENTED_EDGE('',*,*,#29590,.F.);
#29610=CARTESIAN_POINT('',(29.8135706656095,41.4572152090816,
-37.239307987724));
#29620=DIRECTION('',(0.99989737057494,-0.00872597215732064,
-0.0113624701201671));
#29630=VECTOR('',#29620,1.);
#29640=LINE('',#29610,#29630);
#29650=EDGE_CURVE('',#29580,#5390,#29640,.T.);
#29660=ORIENTED_EDGE('',*,*,#29650,.F.);
#29670=EDGE_LOOP('',(#29660,#29600,#29510,#29430));
#29680=FACE_OUTER_BOUND('',#29670,.T.);
#29690=ADVANCED_FACE('',(#29680),#29420,.F.);
#29700=CARTESIAN_POINT('',(20.4836462030948,40.6002563333335,
-37.1332861188318));
#29710=DIRECTION('',(0.0113629027288246,1.61476559822299E-16,
0.9999354401368));
#29720=DIRECTION('',(0.9999354401368,1.42099372643656E-14,
-0.0113629027288246));
#29730=AXIS2_PLACEMENT_3D('',#29700,#29710,#29720);
#29740=PLANE('',#29730);
#29750=ORIENTED_EDGE('',*,*,#29650,.T.);
#29760=CARTESIAN_POINT('',(20.4836462030948,43.776923,-37.1332861188318)
);
#29770=DIRECTION('',(1.4210854715202E-14,-1.,-4.13057089509717E-32));
#29780=VECTOR('',#29770,1.);
#29790=LINE('',#29760,#29780);
#29800=CARTESIAN_POINT('',(20.4836462030948,43.6118764403034,
-37.1332861188318));
#29810=VERTEX_POINT('',#29800);
#29820=EDGE_CURVE('',#29810,#29580,#29790,.T.);
#29830=ORIENTED_EDGE('',*,*,#29820,.T.);
#29840=CARTESIAN_POINT('',(29.8135706656094,43.6932974575857,
-37.239307987724));
#29850=DIRECTION('',(0.999897370574939,0.00872597215734906,
-0.0113624701201671));
#29860=VECTOR('',#29850,1.);
#29870=LINE('',#29840,#29860);
#29880=EDGE_CURVE('',#29810,#5470,#29870,.T.);
#29890=ORIENTED_EDGE('',*,*,#29880,.F.);
#29900=ORIENTED_EDGE('',*,*,#5480,.T.);
#29910=EDGE_LOOP('',(#29900,#29890,#29830,#29750));
#29920=FACE_OUTER_BOUND('',#29910,.T.);
#29930=ADVANCED_FACE('',(#29920),#29740,.T.);
#29940=CARTESIAN_POINT('',(20.4836462030948,44.7035896666662,
-37.3932861188318));
#29950=DIRECTION('',(1.,1.4210854715202E-14,-0.));
#29960=DIRECTION('',(-1.4210854715202E-14,1.,0.));
#29970=AXIS2_PLACEMENT_3D('',#29940,#29950,#29960);
#29980=PLANE('',#29970);
#29990=CARTESIAN_POINT('',(20.4836462030948,43.776923,-36.4432861188318)
);
#30000=DIRECTION('',(-1.4210854715202E-14,1.,0.));
#30010=VECTOR('',#30000,1.);
#30020=LINE('',#29990,#30010);
#30030=CARTESIAN_POINT('',(20.4836462030948,42.2502563333339,
-36.4432861188318));
#30040=VERTEX_POINT('',#30030);
#30050=CARTESIAN_POINT('',(20.4836462030948,42.8902563333339,
-36.4432861188318));
#30060=VERTEX_POINT('',#30050);
#30070=EDGE_CURVE('',#30040,#30060,#30020,.T.);
#30080=ORIENTED_EDGE('',*,*,#30070,.F.);
#30090=CARTESIAN_POINT('',(20.4836462030948,42.8902563333339,
-37.3932861188318));
#30100=DIRECTION('',(0.,0.,-1.));
#30110=VECTOR('',#30100,1.);
#30120=LINE('',#30090,#30110);
#30130=CARTESIAN_POINT('',(20.4836462030948,42.8902563333339,
-35.8032861188318));
#30140=VERTEX_POINT('',#30130);
#30150=EDGE_CURVE('',#30140,#30060,#30120,.T.);
#30160=ORIENTED_EDGE('',*,*,#30150,.T.);
#30170=CARTESIAN_POINT('',(20.4836462030948,43.7769230000001,
-35.8032861188318));
#30180=DIRECTION('',(-1.4210854715202E-14,1.,0.));
#30190=VECTOR('',#30180,1.);
#30200=LINE('',#30170,#30190);
#30210=CARTESIAN_POINT('',(20.4836462030948,42.2502563333339,
-35.8032861188318));
#30220=VERTEX_POINT('',#30210);
#30230=EDGE_CURVE('',#30220,#30140,#30200,.T.);
#30240=ORIENTED_EDGE('',*,*,#30230,.T.);
#30250=CARTESIAN_POINT('',(20.4836462030948,42.2502563333339,
-37.3932861188318));
#30260=DIRECTION('',(0.,0.,1.));
#30270=VECTOR('',#30260,1.);
#30280=LINE('',#30250,#30270);
#30290=EDGE_CURVE('',#30040,#30220,#30280,.T.);
#30300=ORIENTED_EDGE('',*,*,#30290,.T.);
#30310=EDGE_LOOP('',(#30300,#30240,#30160,#30080));
#30320=FACE_BOUND('',#30310,.T.);
#30330=ORIENTED_EDGE('',*,*,#29020,.T.);
#30340=CARTESIAN_POINT('',(20.4836462030948,43.6118466915384,
-35.4133054880412));
#30350=DIRECTION('',(1.,1.4210854715202E-14,0.));
#30360=DIRECTION('',(-8.65554103571559E-15,0.609079552861543,
0.79310913390654));
#30370=AXIS2_PLACEMENT_3D('',#30340,#30350,#30360);
#30380=ELLIPSE('',#30370,0.300030791987682,0.3);
#30390=CARTESIAN_POINT('',(20.4836462030948,43.9118581150542,
-35.4132757384884));
#30400=VERTEX_POINT('',#30390);
#30410=EDGE_CURVE('',#30400,#28930,#30380,.T.);
#30420=ORIENTED_EDGE('',*,*,#30410,.T.);
#30430=CARTESIAN_POINT('',(20.4836462030948,43.9118581150542,
-42.4732861188318));
#30440=DIRECTION('',(0.,0.,1.));
#30450=VECTOR('',#30440,1.);
#30460=LINE('',#30430,#30450);
#30470=CARTESIAN_POINT('',(20.4836462030948,43.9118581150542,
-35.6416919524983));
#30480=VERTEX_POINT('',#30470);
#30490=EDGE_CURVE('',#30480,#30400,#30460,.T.);
#30500=ORIENTED_EDGE('',*,*,#30490,.T.);
#30510=CARTESIAN_POINT('',(20.4836462030948,44.1118657307313,
-35.641676721434));
#30520=DIRECTION('',(1.,1.4210854715202E-14,0.));
#30530=DIRECTION('',(-1.00485917355726E-14,0.7071067811863,
0.707106781186795));
#30540=AXIS2_PLACEMENT_3D('',#30510,#30520,#30530);
#30550=ELLIPSE('',#30540,0.200015231064324,0.2);
#30560=CARTESIAN_POINT('',(20.4836462030948,44.111850499667,
-35.8416843371112));
#30570=VERTEX_POINT('',#30560);
#30580=EDGE_CURVE('',#30480,#30570,#30550,.T.);
#30590=ORIENTED_EDGE('',*,*,#30580,.F.);
#30600=CARTESIAN_POINT('',(20.4836462030948,43.776923,-35.8416843371112)
);
#30610=DIRECTION('',(1.4210854715202E-14,-1.,4.13057089509717E-32));
#30620=VECTOR('',#30610,1.);
#30630=LINE('',#30600,#30620);
#30640=CARTESIAN_POINT('',(20.4836462030948,44.4618657304413,
-35.8416843371112));
#30650=VERTEX_POINT('',#30640);
#30660=EDGE_CURVE('',#30650,#30570,#30630,.T.);
#30670=ORIENTED_EDGE('',*,*,#30660,.T.);
#30680=CARTESIAN_POINT('',(20.4836462030948,44.461850499377,
-36.0416919527883));
#30690=DIRECTION('',(1.,1.4210854715202E-14,0.));
#30700=DIRECTION('',(-1.00485917355726E-14,0.7071067811863,
0.707106781186795));
#30710=AXIS2_PLACEMENT_3D('',#30680,#30690,#30700);
#30720=ELLIPSE('',#30710,0.200015231064324,0.2);
#30730=CARTESIAN_POINT('',(20.4836462030948,44.6618581150541,
-36.041676721724));
#30740=VERTEX_POINT('',#30730);
#30750=EDGE_CURVE('',#30740,#30650,#30720,.T.);
#30760=ORIENTED_EDGE('',*,*,#30750,.T.);
#30770=CARTESIAN_POINT('',(20.4836462030948,44.6618581150542,
-37.3932861188318));
#30780=DIRECTION('',(0.,0.,-1.));
#30790=VECTOR('',#30780,1.);
#30800=LINE('',#30770,#30790);
#30810=CARTESIAN_POINT('',(20.4836462030948,44.6618581150542,
-36.2048955159396));
#30820=VERTEX_POINT('',#30810);
#30830=EDGE_CURVE('',#30740,#30820,#30800,.T.);
#30840=ORIENTED_EDGE('',*,*,#30830,.F.);
#30850=CARTESIAN_POINT('',(20.4836462030948,44.461850499377,
-36.2048802848753));
#30860=DIRECTION('',(1.,1.4210854715202E-14,0.));
#30870=DIRECTION('',(-1.00485917355726E-14,0.7071067811863,
-0.707106781186795));
#30880=AXIS2_PLACEMENT_3D('',#30850,#30860,#30870);
#30890=ELLIPSE('',#30880,0.200015231064324,0.2);
#30900=CARTESIAN_POINT('',(20.4836462030948,44.4618657304413,
-36.4048879005525));
#30910=VERTEX_POINT('',#30900);
#30920=EDGE_CURVE('',#30910,#30820,#30890,.T.);
#30930=ORIENTED_EDGE('',*,*,#30920,.T.);
#30940=CARTESIAN_POINT('',(20.4836462030948,43.776923,-36.4048879005525)
);
#30950=DIRECTION('',(1.4210854715202E-14,-1.,-4.13057089509717E-32));
#30960=VECTOR('',#30950,1.);
#30970=LINE('',#30940,#30960);
#30980=CARTESIAN_POINT('',(20.4836462030948,44.111850499667,
-36.4048879005525));
#30990=VERTEX_POINT('',#30980);
#31000=EDGE_CURVE('',#30910,#30990,#30970,.T.);
#31010=ORIENTED_EDGE('',*,*,#31000,.F.);
#31020=CARTESIAN_POINT('',(20.4836462030948,44.1118657307313,
-36.6048955162296));
#31030=DIRECTION('',(1.,1.4210854715202E-14,0.));
#31040=DIRECTION('',(-1.00485917355726E-14,0.7071067811863,
-0.707106781186795));
#31050=AXIS2_PLACEMENT_3D('',#31020,#31030,#31040);
#31060=ELLIPSE('',#31050,0.200015231064324,0.2);
#31070=CARTESIAN_POINT('',(20.4836462030948,43.9118581150542,
-36.6048802851653));
#31080=VERTEX_POINT('',#31070);
#31090=EDGE_CURVE('',#30990,#31080,#31060,.T.);
#31100=ORIENTED_EDGE('',*,*,#31090,.F.);
#31110=CARTESIAN_POINT('',(20.4836462030948,43.9118581150542,
-37.3932861188318));
#31120=DIRECTION('',(0.,0.,1.));
#31130=VECTOR('',#31120,1.);
#31140=LINE('',#31110,#31130);
#31150=CARTESIAN_POINT('',(20.4836462030948,43.9118581150542,
-36.8332964991752));
#31160=VERTEX_POINT('',#31150);
#31170=EDGE_CURVE('',#31160,#31080,#31140,.T.);
#31180=ORIENTED_EDGE('',*,*,#31170,.T.);
#31190=CARTESIAN_POINT('',(20.4836462030948,43.6118466915384,
-36.8332667496224));
#31200=DIRECTION('',(1.,1.4210854715202E-14,0.));
#31210=DIRECTION('',(8.65554103571559E-15,-0.609079552861543,
0.79310913390654));
#31220=AXIS2_PLACEMENT_3D('',#31190,#31200,#31210);
#31230=ELLIPSE('',#31220,0.300030791987682,0.3);
#31240=EDGE_CURVE('',#29810,#31160,#31230,.T.);
#31250=ORIENTED_EDGE('',*,*,#31240,.T.);
#31260=ORIENTED_EDGE('',*,*,#29820,.F.);
#31270=ORIENTED_EDGE('',*,*,#29590,.T.);
#31280=CARTESIAN_POINT('',(20.4836462030948,41.2386545516128,
-42.4732861188318));
#31290=DIRECTION('',(0.,0.,-1.));
#31300=VECTOR('',#31290,1.);
#31310=LINE('',#31280,#31300);
#31320=EDGE_CURVE('',#29010,#29490,#31310,.T.);
#31330=ORIENTED_EDGE('',*,*,#31320,.T.);
#31340=EDGE_LOOP('',(#31330,#31270,#31260,#31250,#31180,#31100,#31010,
#30930,#30840,#30760,#30670,#30590,#30500,#30420,#30330));
#31350=FACE_OUTER_BOUND('',#31340,.T.);
#31360=ADVANCED_FACE('',(#30320,#31350),#29980,.T.);
#31370=CARTESIAN_POINT('',(21.8836462030946,42.5702563333339,
-36.4432861188318));
#31380=DIRECTION('',(0.,0.,-1.));
#31390=DIRECTION('',(1.,0.,0.));
#31400=AXIS2_PLACEMENT_3D('',#31370,#31380,#31390);
#31410=PLANE('',#31400);
#31420=CARTESIAN_POINT('',(18.7236462030947,42.8902563333339,
-36.4432861188318));
#31430=DIRECTION('',(1.,0.,0.));
#31440=VECTOR('',#31430,1.);
#31450=LINE('',#31420,#31440);
#31460=CARTESIAN_POINT('',(23.3836462030946,42.8902563333339,
-36.4432861188318));
#31470=VERTEX_POINT('',#31460);
#31480=EDGE_CURVE('',#30060,#31470,#31450,.T.);
#31490=ORIENTED_EDGE('',*,*,#31480,.T.);
#31500=ORIENTED_EDGE('',*,*,#30070,.T.);
#31510=CARTESIAN_POINT('',(23.3836462030946,42.2502563333339,
-36.4432861188318));
#31520=DIRECTION('',(-1.,0.,0.));
#31530=VECTOR('',#31520,1.);
#31540=LINE('',#31510,#31530);
#31550=CARTESIAN_POINT('',(23.3836462030946,42.2502563333339,
-36.4432861188318));
#31560=VERTEX_POINT('',#31550);
#31570=EDGE_CURVE('',#31560,#30040,#31540,.T.);
#31580=ORIENTED_EDGE('',*,*,#31570,.T.);
#31590=CARTESIAN_POINT('',(23.3836462030946,42.4727563333339,
-36.4432861188318));
#31600=DIRECTION('',(0.,-1.,-0.));
#31610=VECTOR('',#31600,1.);
#31620=LINE('',#31590,#31610);
#31630=EDGE_CURVE('',#31470,#31560,#31620,.T.);
#31640=ORIENTED_EDGE('',*,*,#31630,.T.);
#31650=EDGE_LOOP('',(#31640,#31580,#31500,#31490));
#31660=FACE_OUTER_BOUND('',#31650,.T.);
#31670=ADVANCED_FACE('',(#31660),#31410,.T.);
#31680=COLOUR_RGB('',1.,0.843137323856354,0.);
#31690=FILL_AREA_STYLE_COLOUR('',#31680);
#31700=FILL_AREA_STYLE('',(#31690));
#31710=SURFACE_STYLE_FILL_AREA(#31700);
#31720=SURFACE_SIDE_STYLE('',(#31710));
#31730=SURFACE_STYLE_USAGE(.BOTH.,#31720);
#31740=PRESENTATION_STYLE_ASSIGNMENT((#31730));
#31750=CARTESIAN_POINT('',(18.7236462030947,42.2502563333339,
-36.4432861188318));
#31760=DIRECTION('',(0.,1.,-0.));
#31770=DIRECTION('',(-1.,0.,0.));
#31780=AXIS2_PLACEMENT_3D('',#31750,#31760,#31770);
#31790=PLANE('',#31780);
#31800=ORIENTED_EDGE('',*,*,#31570,.F.);
#31810=ORIENTED_EDGE('',*,*,#30290,.F.);
#31820=CARTESIAN_POINT('',(23.3836462030946,42.2502563333339,
-35.8032861188318));
#31830=DIRECTION('',(-1.,0.,0.));
#31840=VECTOR('',#31830,1.);
#31850=LINE('',#31820,#31840);
#31860=CARTESIAN_POINT('',(23.3836462030946,42.2502563333339,
-35.8032861188318));
#31870=VERTEX_POINT('',#31860);
#31880=EDGE_CURVE('',#31870,#30220,#31850,.T.);
#31890=ORIENTED_EDGE('',*,*,#31880,.T.);
#31900=CARTESIAN_POINT('',(23.3836462030946,42.2502563333339,
-36.0257861188318));
#31910=DIRECTION('',(0.,0.,1.));
#31920=VECTOR('',#31910,1.);
#31930=LINE('',#31900,#31920);
#31940=EDGE_CURVE('',#31560,#31870,#31930,.T.);
#31950=ORIENTED_EDGE('',*,*,#31940,.T.);
#31960=EDGE_LOOP('',(#31950,#31890,#31810,#31800));
#31970=FACE_OUTER_BOUND('',#31960,.T.);
#31980=ADVANCED_FACE('',(#31970),#31790,.F.);
#31990=COLOUR_RGB('',1.,0.843137323856354,0.);
#32000=FILL_AREA_STYLE_COLOUR('',#31990);
#32010=FILL_AREA_STYLE('',(#32000));
#32020=SURFACE_STYLE_FILL_AREA(#32010);
#32030=SURFACE_SIDE_STYLE('',(#32020));
#32040=SURFACE_STYLE_USAGE(.BOTH.,#32030);
#32050=PRESENTATION_STYLE_ASSIGNMENT((#32040));
#32060=CARTESIAN_POINT('',(23.3836462030946,42.8902563333339,
-36.4432861188318));
#32070=DIRECTION('',(0.,-1.,0.));
#32080=DIRECTION('',(1.,0.,0.));
#32090=AXIS2_PLACEMENT_3D('',#32060,#32070,#32080);
#32100=PLANE('',#32090);
#32110=CARTESIAN_POINT('',(18.7236462030947,42.8902563333339,
-35.8032861188318));
#32120=DIRECTION('',(1.,0.,0.));
#32130=VECTOR('',#32120,1.);
#32140=LINE('',#32110,#32130);
#32150=CARTESIAN_POINT('',(23.3836462030946,42.8902563333339,
-35.8032861188318));
#32160=VERTEX_POINT('',#32150);
#32170=EDGE_CURVE('',#30140,#32160,#32140,.T.);
#32180=ORIENTED_EDGE('',*,*,#32170,.T.);
#32190=ORIENTED_EDGE('',*,*,#30150,.F.);
#32200=ORIENTED_EDGE('',*,*,#31480,.F.);
#32210=CARTESIAN_POINT('',(23.3836462030946,42.8902563333339,
-36.1232861188318));
#32220=DIRECTION('',(0.,0.,1.));
#32230=VECTOR('',#32220,1.);
#32240=LINE('',#32210,#32230);
#32250=EDGE_CURVE('',#31470,#32160,#32240,.T.);
#32260=ORIENTED_EDGE('',*,*,#32250,.F.);
#32270=EDGE_LOOP('',(#32260,#32200,#32190,#32180));
#32280=FACE_OUTER_BOUND('',#32270,.T.);
#32290=ADVANCED_FACE('',(#32280),#32100,.F.);
#32300=COLOUR_RGB('',1.,0.843137323856354,0.);
#32310=FILL_AREA_STYLE_COLOUR('',#32300);
#32320=FILL_AREA_STYLE('',(#32310));
#32330=SURFACE_STYLE_FILL_AREA(#32320);
#32340=SURFACE_SIDE_STYLE('',(#32330));
#32350=SURFACE_STYLE_USAGE(.BOTH.,#32340);
#32360=PRESENTATION_STYLE_ASSIGNMENT((#32350));
#32370=CARTESIAN_POINT('',(23.6336462030946,42.7927563333339,
-36.1232861188318));
#32380=DIRECTION('',(-0.363345276491644,-0.931654555106779,0.));
#32390=DIRECTION('',(0.931654555106779,-0.363345276491644,0.));
#32400=AXIS2_PLACEMENT_3D('',#32370,#32380,#32390);
#32410=PLANE('',#32400);
#32420=CARTESIAN_POINT('',(21.8836462030946,43.4752563333339,
-37.0282861188318));
#32430=DIRECTION('',(-0.875644657040788,0.341501416245907,
-0.341501416245907));
#32440=VECTOR('',#32430,1.);
#32450=LINE('',#32420,#32440);
#32460=CARTESIAN_POINT('',(23.8836462030946,42.6952563333339,
-36.2482861188318));
#32470=VERTEX_POINT('',#32460);
#32480=EDGE_CURVE('',#32470,#31470,#32450,.T.);
#32490=ORIENTED_EDGE('',*,*,#32480,.T.);
#32500=CARTESIAN_POINT('',(23.8836462030946,42.6952563333339,
-36.1232861188318));
#32510=DIRECTION('',(0.,0.,1.));
#32520=VECTOR('',#32510,1.);
#32530=LINE('',#32500,#32520);
#32540=CARTESIAN_POINT('',(23.8836462030946,42.6952563333339,
-35.9982861188318));
#32550=VERTEX_POINT('',#32540);
#32560=EDGE_CURVE('',#32470,#32550,#32530,.T.);
#32570=ORIENTED_EDGE('',*,*,#32560,.F.);
#32580=CARTESIAN_POINT('',(21.8836462030946,43.4752563333339,
-35.2182861188318));
#32590=DIRECTION('',(-0.875644657040788,0.341501416245907,
0.341501416245907));
#32600=VECTOR('',#32590,1.);
#32610=LINE('',#32580,#32600);
#32620=EDGE_CURVE('',#32550,#32160,#32610,.T.);
#32630=ORIENTED_EDGE('',*,*,#32620,.F.);
#32640=ORIENTED_EDGE('',*,*,#32250,.T.);
#32650=EDGE_LOOP('',(#32640,#32630,#32570,#32490));
#32660=FACE_OUTER_BOUND('',#32650,.T.);
#32670=ADVANCED_FACE('',(#32660),#32410,.F.);
#32680=COLOUR_RGB('',1.,0.843137323856354,0.);
#32690=FILL_AREA_STYLE_COLOUR('',#32680);
#32700=FILL_AREA_STYLE('',(#32690));
#32710=SURFACE_STYLE_FILL_AREA(#32700);
#32720=SURFACE_SIDE_STYLE('',(#32710));
#32730=SURFACE_STYLE_USAGE(.BOTH.,#32720);
#32740=PRESENTATION_STYLE_ASSIGNMENT((#32730));
#32750=CARTESIAN_POINT('',(23.6336462030946,42.4727563333339,
-36.3457861188318));
#32760=DIRECTION('',(0.363345276491644,0.,-0.931654555106779));
#32770=DIRECTION('',(0.931654555106779,0.,0.363345276491644));
#32780=AXIS2_PLACEMENT_3D('',#32750,#32760,#32770);
#32790=PLANE('',#32780);
#32800=CARTESIAN_POINT('',(21.8836462030946,41.6652563333339,
-37.0282861188318));
#32810=DIRECTION('',(-0.875644657040788,-0.341501416245907,
-0.341501416245907));
#32820=VECTOR('',#32810,1.);
#32830=LINE('',#32800,#32820);
#32840=CARTESIAN_POINT('',(23.8836462030946,42.4452563333339,
-36.2482861188318));
#32850=VERTEX_POINT('',#32840);
#32860=EDGE_CURVE('',#32850,#31560,#32830,.T.);
#32870=ORIENTED_EDGE('',*,*,#32860,.T.);
#32880=CARTESIAN_POINT('',(23.8836462030946,42.4727563333339,
-36.2482861188318));
#32890=DIRECTION('',(0.,-1.,-0.));
#32900=VECTOR('',#32890,1.);
#32910=LINE('',#32880,#32900);
#32920=EDGE_CURVE('',#32470,#32850,#32910,.T.);
#32930=ORIENTED_EDGE('',*,*,#32920,.T.);
#32940=ORIENTED_EDGE('',*,*,#32480,.F.);
#32950=ORIENTED_EDGE('',*,*,#31630,.F.);
#32960=EDGE_LOOP('',(#32950,#32940,#32930,#32870));
#32970=FACE_OUTER_BOUND('',#32960,.T.);
#32980=ADVANCED_FACE('',(#32970),#32790,.T.);
#32990=COLOUR_RGB('',1.,0.843137323856354,0.);
#33000=FILL_AREA_STYLE_COLOUR('',#32990);
#33010=FILL_AREA_STYLE('',(#33000));
#33020=SURFACE_STYLE_FILL_AREA(#33010);
#33030=SURFACE_SIDE_STYLE('',(#33020));
#33040=SURFACE_STYLE_USAGE(.BOTH.,#33030);
#33050=PRESENTATION_STYLE_ASSIGNMENT((#33040));
#33060=CARTESIAN_POINT('',(23.6336462030946,42.3477563333339,
-36.0257861188318));
#33070=DIRECTION('',(-0.363345276491644,0.931654555106779,0.));
#33080=DIRECTION('',(-0.931654555106779,-0.363345276491644,-0.));
#33090=AXIS2_PLACEMENT_3D('',#33060,#33070,#33080);
#33100=PLANE('',#33090);
#33110=ORIENTED_EDGE('',*,*,#32860,.F.);
#33120=ORIENTED_EDGE('',*,*,#31940,.F.);
#33130=CARTESIAN_POINT('',(21.8836462030946,41.6652563333339,
-35.2182861188318));
#33140=DIRECTION('',(0.875644657040788,0.341501416245907,
-0.341501416245907));
#33150=VECTOR('',#33140,1.);
#33160=LINE('',#33130,#33150);
#33170=CARTESIAN_POINT('',(23.8836462030946,42.4452563333339,
-35.9982861188318));
#33180=VERTEX_POINT('',#33170);
#33190=EDGE_CURVE('',#31870,#33180,#33160,.T.);
#33200=ORIENTED_EDGE('',*,*,#33190,.F.);
#33210=CARTESIAN_POINT('',(23.8836462030946,42.4452563333339,
-36.0257861188318));
#33220=DIRECTION('',(0.,0.,1.));
#33230=VECTOR('',#33220,1.);
#33240=LINE('',#33210,#33230);
#33250=EDGE_CURVE('',#32850,#33180,#33240,.T.);
#33260=ORIENTED_EDGE('',*,*,#33250,.T.);
#33270=EDGE_LOOP('',(#33260,#33200,#33120,#33110));
#33280=FACE_OUTER_BOUND('',#33270,.T.);
#33290=ADVANCED_FACE('',(#33280),#33100,.F.);
#33300=COLOUR_RGB('',1.,0.843137323856354,0.);
#33310=FILL_AREA_STYLE_COLOUR('',#33300);
#33320=FILL_AREA_STYLE('',(#33310));
#33330=SURFACE_STYLE_FILL_AREA(#33320);
#33340=SURFACE_SIDE_STYLE('',(#33330));
#33350=SURFACE_STYLE_USAGE(.BOTH.,#33340);
#33360=PRESENTATION_STYLE_ASSIGNMENT((#33350));
#33370=CARTESIAN_POINT('',(23.6336462030946,42.5702563333339,
-35.9007861188318));
#33380=DIRECTION('',(-0.363345276491644,0.,-0.931654555106779));
#33390=DIRECTION('',(0.931654555106779,0.,-0.363345276491644));
#33400=AXIS2_PLACEMENT_3D('',#33370,#33380,#33390);
#33410=PLANE('',#33400);
#33420=ORIENTED_EDGE('',*,*,#32620,.T.);
#33430=CARTESIAN_POINT('',(23.8836462030946,42.5702563333339,
-35.9982861188318));
#33440=DIRECTION('',(0.,-1.,-0.));
#33450=VECTOR('',#33440,1.);
#33460=LINE('',#33430,#33450);
#33470=EDGE_CURVE('',#32550,#33180,#33460,.T.);
#33480=ORIENTED_EDGE('',*,*,#33470,.F.);
#33490=ORIENTED_EDGE('',*,*,#33190,.T.);
#33500=CARTESIAN_POINT('',(23.3836462030946,42.5702563333339,
-35.8032861188318));
#33510=DIRECTION('',(0.,-1.,-0.));
#33520=VECTOR('',#33510,1.);
#33530=LINE('',#33500,#33520);
#33540=EDGE_CURVE('',#32160,#31870,#33530,.T.);
#33550=ORIENTED_EDGE('',*,*,#33540,.T.);
#33560=EDGE_LOOP('',(#33550,#33490,#33480,#33420));
#33570=FACE_OUTER_BOUND('',#33560,.T.);
#33580=ADVANCED_FACE('',(#33570),#33410,.F.);
#33590=COLOUR_RGB('',1.,0.843137323856354,0.);
#33600=FILL_AREA_STYLE_COLOUR('',#33590);
#33610=FILL_AREA_STYLE('',(#33600));
#33620=SURFACE_STYLE_FILL_AREA(#33610);
#33630=SURFACE_SIDE_STYLE('',(#33620));
#33640=SURFACE_STYLE_USAGE(.BOTH.,#33630);
#33650=PRESENTATION_STYLE_ASSIGNMENT((#33640));
#33660=CARTESIAN_POINT('',(21.8836462030946,42.5702563333339,
-35.8032861188318));
#33670=DIRECTION('',(0.,0.,-1.));
#33680=DIRECTION('',(1.,0.,0.));
#33690=AXIS2_PLACEMENT_3D('',#33660,#33670,#33680);
#33700=PLANE('',#33690);
#33710=ORIENTED_EDGE('',*,*,#31880,.F.);
#33720=ORIENTED_EDGE('',*,*,#30230,.F.);
#33730=ORIENTED_EDGE('',*,*,#32170,.F.);
#33740=ORIENTED_EDGE('',*,*,#33540,.F.);
#33750=EDGE_LOOP('',(#33740,#33730,#33720,#33710));
#33760=FACE_OUTER_BOUND('',#33750,.T.);
#33770=ADVANCED_FACE('',(#33760),#33700,.F.);
#33780=COLOUR_RGB('',1.,0.843137323856354,0.);
#33790=FILL_AREA_STYLE_COLOUR('',#33780);
#33800=FILL_AREA_STYLE('',(#33790));
#33810=SURFACE_STYLE_FILL_AREA(#33800);
#33820=SURFACE_SIDE_STYLE('',(#33810));
#33830=SURFACE_STYLE_USAGE(.BOTH.,#33820);
#33840=PRESENTATION_STYLE_ASSIGNMENT((#33830));
#33850=CARTESIAN_POINT('',(23.8836462030946,42.2502563333339,
-36.4432861188318));
#33860=DIRECTION('',(-1.,-0.,0.));
#33870=DIRECTION('',(0.,-1.,-0.));
#33880=AXIS2_PLACEMENT_3D('',#33850,#33860,#33870);
#33890=PLANE('',#33880);
#33900=ORIENTED_EDGE('',*,*,#33470,.T.);
#33910=ORIENTED_EDGE('',*,*,#32560,.T.);
#33920=ORIENTED_EDGE('',*,*,#32920,.F.);
#33930=ORIENTED_EDGE('',*,*,#33250,.F.);
#33940=EDGE_LOOP('',(#33930,#33920,#33910,#33900));
#33950=FACE_OUTER_BOUND('',#33940,.T.);
#33960=ADVANCED_FACE('',(#33950),#33890,.F.);
#33970=COLOUR_RGB('',1.,0.843137323856354,0.);
#33980=FILL_AREA_STYLE_COLOUR('',#33970);
#33990=FILL_AREA_STYLE('',(#33980));
#34000=SURFACE_STYLE_FILL_AREA(#33990);
#34010=SURFACE_SIDE_STYLE('',(#34000));
#34020=SURFACE_STYLE_USAGE(.BOTH.,#34010);
#34030=PRESENTATION_STYLE_ASSIGNMENT((#34020));
#34040=CARTESIAN_POINT('',(29.8169795364281,43.6932974575856,
-35.3072448819807));
#34050=DIRECTION('',(-0.999897370574939,-0.00872597215734906,
-0.0113624701201671));
#34060=DIRECTION('',(-0.0113629027288246,-1.61476559822299E-16,
0.9999354401368));
#34070=AXIS2_PLACEMENT_3D('',#34040,#34050,#34060);
#34080=CYLINDRICAL_SURFACE('',#34070,0.3);
#34090=CARTESIAN_POINT('',(29.8143615757786,43.9932860345049,
-35.3072448819807));
#34100=DIRECTION('',(-0.999897370574939,-0.00872597215734906,
-0.0113624701201671));
#34110=VECTOR('',#34100,1.);
#34120=LINE('',#34090,#34110);
#34130=EDGE_CURVE('',#6320,#30400,#34120,.T.);
#34140=ORIENTED_EDGE('',*,*,#34130,.F.);
#34150=ORIENTED_EDGE('',*,*,#30410,.F.);
#34160=ORIENTED_EDGE('',*,*,#28940,.T.);
#34170=ORIENTED_EDGE('',*,*,#6420,.F.);
#34180=EDGE_LOOP('',(#34170,#34160,#34150,#34140));
#34190=FACE_OUTER_BOUND('',#34180,.T.);
#34200=ADVANCED_FACE('',(#34190),#34080,.F.);
#34210=CARTESIAN_POINT('',(24.8836462030947,43.9502563333335,
-37.3932861188318));
#34220=DIRECTION('',(-0.00872653549838815,0.999961923064171,0.));
#34230=DIRECTION('',(-0.999961923064171,-0.00872653549838815,-0.));
#34240=AXIS2_PLACEMENT_3D('',#34210,#34220,#34230);
#34250=PLANE('',#34240);
#34260=ORIENTED_EDGE('',*,*,#6330,.F.);
#34270=CARTESIAN_POINT('',(29.8187248435277,43.9933241121657,
-35.560225955387));
#34280=DIRECTION('',(-0.99992385047757,-0.00872620324395843,
-0.00872620324394422));
#34290=VECTOR('',#34280,1.);
#34300=LINE('',#34270,#34290);
#34310=EDGE_CURVE('',#6240,#30480,#34300,.T.);
#34320=ORIENTED_EDGE('',*,*,#34310,.F.);
#34330=ORIENTED_EDGE('',*,*,#30490,.F.);
#34340=ORIENTED_EDGE('',*,*,#34130,.T.);
#34350=EDGE_LOOP('',(#34340,#34330,#34320,#34260));
#34360=FACE_OUTER_BOUND('',#34350,.T.);
#34370=ADVANCED_FACE('',(#34360),#34250,.F.);
#34380=CARTESIAN_POINT('',(29.8169795364281,44.1933164967785,
-35.560225955387));
#34390=DIRECTION('',(-0.99992385047757,-0.00872620324395843,
-0.00872620324394422));
#34400=DIRECTION('',(0.00872653549838815,-0.999961923064171,0.));
#34410=AXIS2_PLACEMENT_3D('',#34380,#34390,#34400);
#34420=CYLINDRICAL_SURFACE('',#34410,0.2);
#34430=ORIENTED_EDGE('',*,*,#6250,.T.);
#34440=CARTESIAN_POINT('',(29.8187248435277,44.1933164967785,
-35.7602183399998));
#34450=DIRECTION('',(-0.99992385047757,-0.00872620324395843,
-0.00872620324394422));
#34460=VECTOR('',#34450,1.);
#34470=LINE('',#34440,#34460);
#34480=EDGE_CURVE('',#6150,#30570,#34470,.T.);
#34490=ORIENTED_EDGE('',*,*,#34480,.F.);
#34500=ORIENTED_EDGE('',*,*,#30580,.T.);
#34510=ORIENTED_EDGE('',*,*,#34310,.T.);
#34520=EDGE_LOOP('',(#34510,#34500,#34490,#34430));
#34530=FACE_OUTER_BOUND('',#34520,.T.);
#34540=ADVANCED_FACE('',(#34530),#34420,.T.);
#34550=CARTESIAN_POINT('',(24.8836462030947,43.776923,-35.8032861188318)
);
#34560=DIRECTION('',(-0.00872653549837393,-1.24011528134445E-16,
0.999961923064171));
#34570=DIRECTION('',(1.4210854715202E-14,-1.,4.13041361561426E-32));
#34580=AXIS2_PLACEMENT_3D('',#34550,#34560,#34570);
#34590=PLANE('',#34580);
#34600=ORIENTED_EDGE('',*,*,#6160,.T.);
#34610=CARTESIAN_POINT('',(29.8152342293284,44.5433012654242,
-35.7602488021284));
#34620=DIRECTION('',(-0.99992385047757,-0.00872620324395843,
-0.00872620324394422));
#34630=VECTOR('',#34620,1.);
#34640=LINE('',#34610,#34630);
#34650=EDGE_CURVE('',#6070,#30650,#34640,.T.);
#34660=ORIENTED_EDGE('',*,*,#34650,.F.);
#34670=ORIENTED_EDGE('',*,*,#30660,.F.);
#34680=ORIENTED_EDGE('',*,*,#34480,.T.);
#34690=EDGE_LOOP('',(#34680,#34670,#34660,#34600));
#34700=FACE_OUTER_BOUND('',#34690,.T.);
#34710=ADVANCED_FACE('',(#34700),#34590,.F.);
#34720=CARTESIAN_POINT('',(29.8169795364281,44.5433012654242,
-35.9602411867412));
#34730=DIRECTION('',(-0.99992385047757,-0.00872620324395843,
-0.00872620324394422));
#34740=DIRECTION('',(0.00872653549838815,-0.999961923064171,0.));
#34750=AXIS2_PLACEMENT_3D('',#34720,#34730,#34740);
#34760=CYLINDRICAL_SURFACE('',#34750,0.2);
#34770=ORIENTED_EDGE('',*,*,#6080,.T.);
#34780=CARTESIAN_POINT('',(29.8152342293284,44.743293650037,
-35.9602411867412));
#34790=DIRECTION('',(-0.99992385047757,-0.00872620324395843,
-0.00872620324394422));
#34800=VECTOR('',#34790,1.);
#34810=LINE('',#34780,#34800);
#34820=EDGE_CURVE('',#5980,#30740,#34810,.T.);
#34830=ORIENTED_EDGE('',*,*,#34820,.F.);
#34840=ORIENTED_EDGE('',*,*,#30750,.F.);
#34850=ORIENTED_EDGE('',*,*,#34650,.T.);
#34860=EDGE_LOOP('',(#34850,#34840,#34830,#34770));
#34870=FACE_OUTER_BOUND('',#34860,.T.);
#34880=ADVANCED_FACE('',(#34870),#34760,.F.);
#34890=CARTESIAN_POINT('',(24.8836462030947,44.7002563333335,
-37.3932861188318));
#34900=DIRECTION('',(0.00872653549838815,-0.999961923064171,0.));
#34910=DIRECTION('',(0.999961923064171,0.00872653549838815,0.));
#34920=AXIS2_PLACEMENT_3D('',#34890,#34900,#34910);
#34930=PLANE('',#34920);
#34940=ORIENTED_EDGE('',*,*,#5990,.T.);
#34950=CARTESIAN_POINT('',(29.8152342293284,44.7432936500371,
-36.2863310509224));
#34960=DIRECTION('',(0.99992385047757,0.00872620324395843,
-0.00872620324394422));
#34970=VECTOR('',#34960,1.);
#34980=LINE('',#34950,#34970);
#34990=EDGE_CURVE('',#30820,#5900,#34980,.T.);
#35000=ORIENTED_EDGE('',*,*,#34990,.T.);
#35010=ORIENTED_EDGE('',*,*,#30830,.T.);
#35020=ORIENTED_EDGE('',*,*,#34820,.T.);
#35030=EDGE_LOOP('',(#35020,#35010,#35000,#34940));
#35040=FACE_OUTER_BOUND('',#35030,.T.);
#35050=ADVANCED_FACE('',(#35040),#34930,.T.);
#35060=CARTESIAN_POINT('',(24.8836462030947,43.776923,-36.4432861188318)
);
#35070=DIRECTION('',(0.00872653549837393,1.24011528134445E-16,
0.999961923064171));
#35080=DIRECTION('',(1.4210854715202E-14,-1.,-4.13041361561426E-32));
#35090=AXIS2_PLACEMENT_3D('',#35060,#35070,#35080);
#35100=PLANE('',#35090);
#35110=CARTESIAN_POINT('',(29.8187248435277,44.1933164967785,
-36.4863538976639));
#35120=DIRECTION('',(0.99992385047757,0.00872620324395843,
-0.00872620324394422));
#35130=VECTOR('',#35120,1.);
#35140=LINE('',#35110,#35130);
#35150=EDGE_CURVE('',#30990,#5730,#35140,.T.);
#35160=ORIENTED_EDGE('',*,*,#35150,.T.);
#35170=ORIENTED_EDGE('',*,*,#31000,.T.);
#35180=CARTESIAN_POINT('',(29.8152342293284,44.5433012654242,
-36.4863234355353));
#35190=DIRECTION('',(0.99992385047757,0.00872620324395843,
-0.00872620324394422));
#35200=VECTOR('',#35190,1.);
#35210=LINE('',#35180,#35200);
#35220=EDGE_CURVE('',#30910,#5810,#35210,.T.);
#35230=ORIENTED_EDGE('',*,*,#35220,.F.);
#35240=ORIENTED_EDGE('',*,*,#5820,.F.);
#35250=EDGE_LOOP('',(#35240,#35230,#35170,#35160));
#35260=FACE_OUTER_BOUND('',#35250,.T.);
#35270=ADVANCED_FACE('',(#35260),#35100,.T.);
#35280=CARTESIAN_POINT('',(29.8169795364281,44.1933164967785,
-36.6863462822767));
#35290=DIRECTION('',(0.99992385047757,0.00872620324395843,
-0.00872620324394422));
#35300=DIRECTION('',(-0.00872653549838815,0.999961923064171,0.));
#35310=AXIS2_PLACEMENT_3D('',#35280,#35290,#35300);
#35320=CYLINDRICAL_SURFACE('',#35310,0.2);
#35330=CARTESIAN_POINT('',(29.8187248435277,43.9933241121657,
-36.6863462822767));
#35340=DIRECTION('',(0.99992385047757,0.00872620324395843,
-0.00872620324394422));
#35350=VECTOR('',#35340,1.);
#35360=LINE('',#35330,#35350);
#35370=EDGE_CURVE('',#31080,#5640,#35360,.T.);
#35380=ORIENTED_EDGE('',*,*,#35370,.T.);
#35390=ORIENTED_EDGE('',*,*,#31090,.T.);
#35400=ORIENTED_EDGE('',*,*,#35150,.F.);
#35410=ORIENTED_EDGE('',*,*,#5740,.F.);
#35420=EDGE_LOOP('',(#35410,#35400,#35390,#35380));
#35430=FACE_OUTER_BOUND('',#35420,.T.);
#35440=ADVANCED_FACE('',(#35430),#35320,.T.);
#35450=CARTESIAN_POINT('',(24.8836462030947,43.9502563333336,
-37.3932861188318));
#35460=DIRECTION('',(-0.00872653549838815,0.999961923064171,0.));
#35470=DIRECTION('',(-0.999961923064171,-0.00872653549838815,-0.));
#35480=AXIS2_PLACEMENT_3D('',#35450,#35460,#35470);
#35490=PLANE('',#35480);
#35500=CARTESIAN_POINT('',(29.8143615757785,43.9932860345049,
-36.939327355683));
#35510=DIRECTION('',(0.999897370574939,0.00872597215734906,
-0.0113624701201671));
#35520=VECTOR('',#35510,1.);
#35530=LINE('',#35500,#35520);
#35540=EDGE_CURVE('',#31160,#5560,#35530,.T.);
#35550=ORIENTED_EDGE('',*,*,#35540,.T.);
#35560=ORIENTED_EDGE('',*,*,#31170,.F.);
#35570=ORIENTED_EDGE('',*,*,#35370,.F.);
#35580=ORIENTED_EDGE('',*,*,#5650,.F.);
#35590=EDGE_LOOP('',(#35580,#35570,#35560,#35550));
#35600=FACE_OUTER_BOUND('',#35590,.T.);
#35610=ADVANCED_FACE('',(#35600),#35490,.F.);
#35620=CARTESIAN_POINT('',(29.8169795364281,43.6932974575857,
-36.939327355683));
#35630=DIRECTION('',(0.999897370574939,0.00872597215734906,
-0.0113624701201671));
#35640=DIRECTION('',(0.0113629027288246,1.61476559822299E-16,
0.9999354401368));
#35650=AXIS2_PLACEMENT_3D('',#35620,#35630,#35640);
#35660=CYLINDRICAL_SURFACE('',#35650,0.3);
#35670=ORIENTED_EDGE('',*,*,#29880,.T.);
#35680=ORIENTED_EDGE('',*,*,#31240,.F.);
#35690=ORIENTED_EDGE('',*,*,#35540,.F.);
#35700=ORIENTED_EDGE('',*,*,#5570,.T.);
#35710=EDGE_LOOP('',(#35700,#35690,#35680,#35670));
#35720=FACE_OUTER_BOUND('',#35710,.T.);
#35730=ADVANCED_FACE('',(#35720),#35660,.F.);
#35740=CARTESIAN_POINT('',(29.8169795364281,44.5433012654242,
-36.2863310509224));
#35750=DIRECTION('',(0.99992385047757,0.00872620324395843,
-0.00872620324394422));
#35760=DIRECTION('',(-0.00872653549838815,0.999961923064171,0.));
#35770=AXIS2_PLACEMENT_3D('',#35740,#35750,#35760);
#35780=CYLINDRICAL_SURFACE('',#35770,0.2);
#35790=ORIENTED_EDGE('',*,*,#35220,.T.);
#35800=ORIENTED_EDGE('',*,*,#30920,.F.);
#35810=ORIENTED_EDGE('',*,*,#34990,.F.);
#35820=ORIENTED_EDGE('',*,*,#5910,.F.);
#35830=EDGE_LOOP('',(#35820,#35810,#35800,#35790));
#35840=FACE_OUTER_BOUND('',#35830,.T.);
#35850=ADVANCED_FACE('',(#35840),#35780,.F.);
#35860=CARTESIAN_POINT('',(24.8836462030948,41.2002563333336,
-37.3932861188318));
#35870=DIRECTION('',(0.00872653549835972,0.999961923064171,-0.));
#35880=DIRECTION('',(-0.999961923064171,0.00872653549835972,0.));
#35890=AXIS2_PLACEMENT_3D('',#35860,#35870,#35880);
#35900=PLANE('',#35890);
#35910=ORIENTED_EDGE('',*,*,#29500,.F.);
#35920=ORIENTED_EDGE('',*,*,#5310,.T.);
#35930=ORIENTED_EDGE('',*,*,#780,.T.);
#35940=CARTESIAN_POINT('',(22.3836462030948,41.2220735028104,
-42.4732861188318));
#35950=DIRECTION('',(0.,0.,-1.));
#35960=VECTOR('',#35950,1.);
#35970=LINE('',#35940,#35960);
#35980=EDGE_CURVE('',#29090,#670,#35970,.T.);
#35990=ORIENTED_EDGE('',*,*,#35980,.T.);
#36000=ORIENTED_EDGE('',*,*,#29100,.F.);
#36010=ORIENTED_EDGE('',*,*,#31320,.F.);
#36020=EDGE_LOOP('',(#36010,#36000,#35990,#35930,#35920,#35910));
#36030=FACE_OUTER_BOUND('',#36020,.T.);
#36040=ADVANCED_FACE('',(#36030),#35900,.T.);
#36050=CARTESIAN_POINT('',(24.8836462030948,41.1002563333335,
-37.3932861188318));
#36060=DIRECTION('',(1.4210854715202E-14,-1.,0.));
#36070=DIRECTION('',(1.,1.4210854715202E-14,0.));
#36080=AXIS2_PLACEMENT_3D('',#36050,#36060,#36070);
#36090=PLANE('',#36080);
#36100=CARTESIAN_POINT('',(23.3836462030948,41.1002563333335,
-37.3932861188318));
#36110=DIRECTION('',(0.,0.,1.));
#36120=VECTOR('',#36110,1.);
#36130=LINE('',#36100,#36120);
#36140=CARTESIAN_POINT('',(23.3836462030948,41.1002563333335,
-34.8032861188319));
#36150=VERTEX_POINT('',#36140);
#36160=EDGE_CURVE('',#28840,#36150,#36130,.T.);
#36170=ORIENTED_EDGE('',*,*,#36160,.F.);
#36180=CARTESIAN_POINT('',(29.8169795364281,41.1002563333336,
-34.8032861188319));
#36190=DIRECTION('',(1.,1.4210854715202E-14,0.));
#36200=VECTOR('',#36190,1.);
#36210=LINE('',#36180,#36200);
#36220=EDGE_CURVE('',#36150,#6570,#36210,.T.);
#36230=ORIENTED_EDGE('',*,*,#36220,.F.);
#36240=ORIENTED_EDGE('',*,*,#6580,.F.);
#36250=ORIENTED_EDGE('',*,*,#28850,.T.);
#36260=EDGE_LOOP('',(#36250,#36240,#36230,#36170));
#36270=FACE_OUTER_BOUND('',#36260,.T.);
#36280=ADVANCED_FACE('',(#36270),#36090,.T.);
#36290=CARTESIAN_POINT('',(23.3836462030948,40.2802563333335,
-34.6029073309531));
#36300=DIRECTION('',(1.,1.4210854715202E-14,0.));
#36310=DIRECTION('',(1.4210854715202E-14,-1.,0.));
#36320=AXIS2_PLACEMENT_3D('',#36290,#36300,#36310);
#36330=PLANE('',#36320);
#36340=ORIENTED_EDGE('',*,*,#29330,.T.);
#36350=CARTESIAN_POINT('',(23.3836462030948,41.9002563333335,
-37.3932861188318));
#36360=DIRECTION('',(0.,0.,1.));
#36370=VECTOR('',#36360,1.);
#36380=LINE('',#36350,#36370);
#36390=EDGE_CURVE('',#29260,#17250,#36380,.T.);
#36400=ORIENTED_EDGE('',*,*,#36390,.F.);
#36410=ORIENTED_EDGE('',*,*,#17260,.T.);
#36420=CARTESIAN_POINT('',(23.3836462030948,41.3002563333335,
-34.8032861188319));
#36430=DIRECTION('',(1.,1.4210854715202E-14,0.));
#36440=DIRECTION('',(-1.4210854715202E-14,1.,0.));
#36450=AXIS2_PLACEMENT_3D('',#36420,#36430,#36440);
#36460=CIRCLE('',#36450,0.2);
#36470=EDGE_CURVE('',#17170,#36150,#36460,.T.);
#36480=ORIENTED_EDGE('',*,*,#36470,.F.);
#36490=ORIENTED_EDGE('',*,*,#36160,.T.);
#36500=EDGE_LOOP('',(#36490,#36480,#36410,#36400,#36340));
#36510=FACE_OUTER_BOUND('',#36500,.T.);
#36520=ADVANCED_FACE('',(#36510),#36330,.F.);
#36530=CARTESIAN_POINT('',(29.8169795364281,41.3002563333336,
-34.8032861188319));
#36540=DIRECTION('',(1.,1.4210854715202E-14,0.));
#36550=DIRECTION('',(-1.4210854715202E-14,1.,0.));
#36560=AXIS2_PLACEMENT_3D('',#36530,#36540,#36550);
#36570=CYLINDRICAL_SURFACE('',#36560,0.2);
#36580=ORIENTED_EDGE('',*,*,#6670,.F.);
#36590=ORIENTED_EDGE('',*,*,#36220,.T.);
#36600=ORIENTED_EDGE('',*,*,#36470,.T.);
#36610=ORIENTED_EDGE('',*,*,#17180,.F.);
#36620=EDGE_LOOP('',(#36610,#36600,#36590,#36580));
#36630=FACE_OUTER_BOUND('',#36620,.T.);
#36640=ADVANCED_FACE('',(#36630),#36570,.T.);
#36650=CARTESIAN_POINT('',(23.0836462030948,41.9002563333335,
-37.3932861188318));
#36660=DIRECTION('',(0.,0.,1.));
#36670=DIRECTION('',(-1.,0.,0.));
#36680=AXIS2_PLACEMENT_3D('',#36650,#36660,#36670);
#36690=CYLINDRICAL_SURFACE('',#36680,0.3);
#36700=ORIENTED_EDGE('',*,*,#17350,.T.);
#36710=ORIENTED_EDGE('',*,*,#36390,.T.);
#36720=ORIENTED_EDGE('',*,*,#29270,.F.);
#36730=ORIENTED_EDGE('',*,*,#28440,.F.);
#36740=EDGE_LOOP('',(#36730,#36720,#36710,#36700));
#36750=FACE_OUTER_BOUND('',#36740,.T.);
#36760=ADVANCED_FACE('',(#36750),#36690,.F.);
#36770=CARTESIAN_POINT('',(29.8169795364281,45.2502563333336,
-34.8032861188319));
#36780=DIRECTION('',(1.,1.4210854715202E-14,0.));
#36790=DIRECTION('',(-1.4210854715202E-14,1.,0.));
#36800=AXIS2_PLACEMENT_3D('',#36770,#36780,#36790);
#36810=CYLINDRICAL_SURFACE('',#36800,0.2);
#36820=ORIENTED_EDGE('',*,*,#6840,.F.);
#36830=ORIENTED_EDGE('',*,*,#17090,.T.);
#36840=CARTESIAN_POINT('',(17.7836462030948,45.2502563333335,
-34.8032861188319));
#36850=DIRECTION('',(1.,0.,0.));
#36860=DIRECTION('',(0.,1.,0.));
#36870=AXIS2_PLACEMENT_3D('',#36840,#36850,#36860);
#36880=CIRCLE('',#36870,0.2);
#36890=CARTESIAN_POINT('',(17.7836462030948,45.4502563333335,
-34.8032861188319));
#36900=VERTEX_POINT('',#36890);
#36910=EDGE_CURVE('',#36900,#17020,#36880,.T.);
#36920=ORIENTED_EDGE('',*,*,#36910,.T.);
#36930=CARTESIAN_POINT('',(17.0696288030948,45.4502563333335,
-34.8032861188319));
#36940=DIRECTION('',(1.,9.17996256015724E-18,0.));
#36950=VECTOR('',#36940,1.);
#36960=LINE('',#36930,#36950);
#36970=EDGE_CURVE('',#36900,#6830,#36960,.T.);
#36980=ORIENTED_EDGE('',*,*,#36970,.F.);
#36990=EDGE_LOOP('',(#36980,#36920,#36830,#36820));
#37000=FACE_OUTER_BOUND('',#36990,.T.);
#37010=ADVANCED_FACE('',(#37000),#36810,.T.);
#37020=CARTESIAN_POINT('',(17.7836462030948,45.4502563333335,
-32.0632861188318));
#37030=DIRECTION('',(0.,1.,0.));
#37040=DIRECTION('',(0.,0.,1.));
#37050=AXIS2_PLACEMENT_3D('',#37020,#37030,#37040);
#37060=PLANE('',#37050);
#37070=CARTESIAN_POINT('',(29.816979536428,45.4502563333335,
-30.1958378795834));
#37080=DIRECTION('',(0.866025403784439,-4.42699561000565E-17,0.5));
#37090=VECTOR('',#37080,1.);
#37100=LINE('',#37070,#37090);
#37110=CARTESIAN_POINT('',(17.7836462030948,45.4502563333335,
-37.1432861188318));
#37120=VERTEX_POINT('',#37110);
#37130=CARTESIAN_POINT('',(18.1836462030948,45.4502563333335,
-36.912346011156));
#37140=VERTEX_POINT('',#37130);
#37150=EDGE_CURVE('',#37120,#37140,#37100,.T.);
#37160=ORIENTED_EDGE('',*,*,#37150,.T.);
#37170=CARTESIAN_POINT('',(17.7836462030948,45.4502563333335,
-37.3932861188318));
#37180=DIRECTION('',(0.,0.,1.));
#37190=VECTOR('',#37180,1.);
#37200=LINE('',#37170,#37190);
#37210=CARTESIAN_POINT('',(17.7836462030948,45.4502563333335,
-37.6432861188318));
#37220=VERTEX_POINT('',#37210);
#37230=EDGE_CURVE('',#37220,#37120,#37200,.T.);
#37240=ORIENTED_EDGE('',*,*,#37230,.T.);
#37250=CARTESIAN_POINT('',(2.3825568193,45.4502563333335,
-28.7514630172844));
#37260=DIRECTION('',(0.866025403784439,0.,-0.5));
#37270=VECTOR('',#37260,1.);
#37280=LINE('',#37250,#37270);
#37290=CARTESIAN_POINT('',(18.1836462030948,45.4502563333335,
-37.8742262265076));
#37300=VERTEX_POINT('',#37290);
#37310=EDGE_CURVE('',#37220,#37300,#37280,.T.);
#37320=ORIENTED_EDGE('',*,*,#37310,.F.);
#37330=CARTESIAN_POINT('',(18.1836462030948,45.4502563333335,
-37.3932861188318));
#37340=DIRECTION('',(0.,0.,1.));
#37350=VECTOR('',#37340,1.);
#37360=LINE('',#37330,#37350);
#37370=CARTESIAN_POINT('',(18.1836462030948,45.4502563333335,
-39.452346011156));
#37380=VERTEX_POINT('',#37370);
#37390=EDGE_CURVE('',#37380,#37300,#37360,.T.);
#37400=ORIENTED_EDGE('',*,*,#37390,.T.);
#37410=CARTESIAN_POINT('',(29.816979536428,45.4502563333335,
-32.7358378795834));
#37420=DIRECTION('',(0.866025403784439,-4.42699561000565E-17,0.5));
#37430=VECTOR('',#37420,1.);
#37440=LINE('',#37410,#37430);
#37450=CARTESIAN_POINT('',(17.7836462030948,45.4502563333335,
-39.6832861188318));
#37460=VERTEX_POINT('',#37450);
#37470=EDGE_CURVE('',#37460,#37380,#37440,.T.);
#37480=ORIENTED_EDGE('',*,*,#37470,.T.);
#37490=CARTESIAN_POINT('',(17.7836462030948,45.4502563333335,
-39.9332861188318));
#37500=DIRECTION('',(0.,0.,1.));
#37510=VECTOR('',#37500,1.);
#37520=LINE('',#37490,#37510);
#37530=CARTESIAN_POINT('',(17.7836462030948,45.4502563333335,
-40.1832861188318));
#37540=VERTEX_POINT('',#37530);
#37550=EDGE_CURVE('',#37540,#37460,#37520,.T.);
#37560=ORIENTED_EDGE('',*,*,#37550,.T.);
#37570=CARTESIAN_POINT('',(2.3825568193,45.4502563333335,
-31.2914630172844));
#37580=DIRECTION('',(0.866025403784439,0.,-0.5));
#37590=VECTOR('',#37580,1.);
#37600=LINE('',#37570,#37590);
#37610=CARTESIAN_POINT('',(18.1836462030947,45.4502563333335,
-40.4142262265076));
#37620=VERTEX_POINT('',#37610);
#37630=EDGE_CURVE('',#37540,#37620,#37600,.T.);
#37640=ORIENTED_EDGE('',*,*,#37630,.F.);
#37650=CARTESIAN_POINT('',(18.1836462030947,45.4502563333335,
-39.9332861188318));
#37660=DIRECTION('',(0.,0.,1.));
#37670=VECTOR('',#37660,1.);
#37680=LINE('',#37650,#37670);
#37690=CARTESIAN_POINT('',(18.1836462030947,45.4502563333335,
-41.992346011156));
#37700=VERTEX_POINT('',#37690);
#37710=EDGE_CURVE('',#37700,#37620,#37680,.T.);
#37720=ORIENTED_EDGE('',*,*,#37710,.T.);
#37730=CARTESIAN_POINT('',(29.816979536428,45.4502563333335,
-35.2758378795834));
#37740=DIRECTION('',(0.866025403784439,-4.42699561000565E-17,0.5));
#37750=VECTOR('',#37740,1.);
#37760=LINE('',#37730,#37750);
#37770=CARTESIAN_POINT('',(17.7836462030948,45.4502563333335,
-42.2232861188318));
#37780=VERTEX_POINT('',#37770);
#37790=EDGE_CURVE('',#37780,#37700,#37760,.T.);
#37800=ORIENTED_EDGE('',*,*,#37790,.T.);
#37810=CARTESIAN_POINT('',(17.7836462030948,45.4502563333335,
-42.4732861188318));
#37820=DIRECTION('',(0.,0.,1.));
#37830=VECTOR('',#37820,1.);
#37840=LINE('',#37810,#37830);
#37850=CARTESIAN_POINT('',(17.7836462030948,45.4502563333335,
-42.7232861188318));
#37860=VERTEX_POINT('',#37850);
#37870=EDGE_CURVE('',#37860,#37780,#37840,.T.);
#37880=ORIENTED_EDGE('',*,*,#37870,.T.);
#37890=CARTESIAN_POINT('',(2.3825568193,45.4502563333335,
-33.8314630172844));
#37900=DIRECTION('',(0.866025403784439,0.,-0.5));
#37910=VECTOR('',#37900,1.);
#37920=LINE('',#37890,#37910);
#37930=CARTESIAN_POINT('',(18.1836462030947,45.4502563333335,
-42.9542262265076));
#37940=VERTEX_POINT('',#37930);
#37950=EDGE_CURVE('',#37860,#37940,#37920,.T.);
#37960=ORIENTED_EDGE('',*,*,#37950,.F.);
#37970=CARTESIAN_POINT('',(18.1836462030947,45.4502563333335,
-42.4732861188318));
#37980=DIRECTION('',(0.,0.,1.));
#37990=VECTOR('',#37980,1.);
#38000=LINE('',#37970,#37990);
#38010=CARTESIAN_POINT('',(18.1836462030947,45.4502563333335,
-44.532346011156));
#38020=VERTEX_POINT('',#38010);
#38030=EDGE_CURVE('',#38020,#37940,#38000,.T.);
#38040=ORIENTED_EDGE('',*,*,#38030,.T.);
#38050=CARTESIAN_POINT('',(29.816979536428,45.4502563333335,
-37.8158378795834));
#38060=DIRECTION('',(0.866025403784439,-4.42699561000565E-17,0.5));
#38070=VECTOR('',#38060,1.);
#38080=LINE('',#38050,#38070);
#38090=CARTESIAN_POINT('',(17.7836462030948,45.4502563333335,
-44.7632861188318));
#38100=VERTEX_POINT('',#38090);
#38110=EDGE_CURVE('',#38100,#38020,#38080,.T.);
#38120=ORIENTED_EDGE('',*,*,#38110,.T.);
#38130=CARTESIAN_POINT('',(17.7836462030948,45.4502563333335,
-45.0132861188318));
#38140=DIRECTION('',(0.,0.,1.));
#38150=VECTOR('',#38140,1.);
#38160=LINE('',#38130,#38150);
#38170=CARTESIAN_POINT('',(17.7836462030948,45.4502563333335,
-45.2632861188318));
#38180=VERTEX_POINT('',#38170);
#38190=EDGE_CURVE('',#38180,#38100,#38160,.T.);
#38200=ORIENTED_EDGE('',*,*,#38190,.T.);
#38210=CARTESIAN_POINT('',(2.3825568193,45.4502563333335,
-36.3714630172844));
#38220=DIRECTION('',(0.866025403784439,0.,-0.5));
#38230=VECTOR('',#38220,1.);
#38240=LINE('',#38210,#38230);
#38250=CARTESIAN_POINT('',(18.1836462030947,45.4502563333335,
-45.4942262265076));
#38260=VERTEX_POINT('',#38250);
#38270=EDGE_CURVE('',#38180,#38260,#38240,.T.);
#38280=ORIENTED_EDGE('',*,*,#38270,.F.);
#38290=CARTESIAN_POINT('',(18.1836462030947,45.4502563333335,
-45.0132861188318));
#38300=DIRECTION('',(0.,0.,1.));
#38310=VECTOR('',#38300,1.);
#38320=LINE('',#38290,#38310);
#38330=CARTESIAN_POINT('',(18.1836462030947,45.4502563333335,
-47.3032861188318));
#38340=VERTEX_POINT('',#38330);
#38350=EDGE_CURVE('',#38340,#38260,#38320,.T.);
#38360=ORIENTED_EDGE('',*,*,#38350,.T.);
#38370=CARTESIAN_POINT('',(29.816979536428,45.4502563333335,
-47.3032861188318));
#38380=DIRECTION('',(-1.,0.,0.));
#38390=VECTOR('',#38380,1.);
#38400=LINE('',#38370,#38390);
#38410=CARTESIAN_POINT('',(17.7836462030948,45.4502563333335,
-47.3032861188318));
#38420=VERTEX_POINT('',#38410);
#38430=EDGE_CURVE('',#38340,#38420,#38400,.T.);
#38440=ORIENTED_EDGE('',*,*,#38430,.F.);
#38450=CARTESIAN_POINT('',(17.7836462030948,45.4502563333335,
-45.0132861188318));
#38460=DIRECTION('',(0.,0.,-1.));
#38470=VECTOR('',#38460,1.);
#38480=LINE('',#38450,#38470);
#38490=CARTESIAN_POINT('',(17.7836462030948,45.4502563333335,
-47.6032861188318));
#38500=VERTEX_POINT('',#38490);
#38510=EDGE_CURVE('',#38420,#38500,#38480,.T.);
#38520=ORIENTED_EDGE('',*,*,#38510,.F.);
#38530=CARTESIAN_POINT('',(17.0696288030947,45.4502563333335,
-47.6032861188318));
#38540=DIRECTION('',(1.,9.17996256015724E-18,0.));
#38550=VECTOR('',#38540,1.);
#38560=LINE('',#38530,#38550);
#38570=EDGE_CURVE('',#38500,#6910,#38560,.T.);
#38580=ORIENTED_EDGE('',*,*,#38570,.F.);
#38590=ORIENTED_EDGE('',*,*,#6920,.T.);
#38600=ORIENTED_EDGE('',*,*,#36970,.T.);
#38610=CARTESIAN_POINT('',(17.7836462030948,45.4502563333335,
-37.3932861188318));
#38620=DIRECTION('',(0.,0.,1.));
#38630=VECTOR('',#38620,1.);
#38640=LINE('',#38610,#38630);
#38650=EDGE_CURVE('',#210,#36900,#38640,.T.);
#38660=ORIENTED_EDGE('',*,*,#38650,.T.);
#38670=ORIENTED_EDGE('',*,*,#220,.T.);
#38680=CARTESIAN_POINT('',(18.1836462030948,45.4502563333335,
-37.3932861188318));
#38690=DIRECTION('',(0.,0.,-1.));
#38700=VECTOR('',#38690,1.);
#38710=LINE('',#38680,#38700);
#38720=EDGE_CURVE('',#110,#37140,#38710,.T.);
#38730=ORIENTED_EDGE('',*,*,#38720,.F.);
#38740=EDGE_LOOP('',(#38730,#38670,#38660,#38600,#38590,#38580,#38520,
#38440,#38360,#38280,#38200,#38120,#38040,#37960,#37880,#37800,#37720,
#37640,#37560,#37480,#37400,#37320,#37240,#37160));
#38750=FACE_OUTER_BOUND('',#38740,.T.);
#38760=ADVANCED_FACE('',(#38750),#37060,.T.);
#38770=CARTESIAN_POINT('',(19.4836462030948,44.9502563333335,
-39.1178891184926));
#38780=DIRECTION('',(-0.0348994967024868,-0.999390827019096,-0.));
#38790=DIRECTION('',(0.,0.,-1.));
#38800=AXIS2_PLACEMENT_3D('',#38770,#38780,#38790);
#38810=PLANE('',#38800);
#38820=CARTESIAN_POINT('',(18.1836462030948,44.9956533336727,
-37.3932861188318));
#38830=DIRECTION('',(0.,0.,1.));
#38840=VECTOR('',#38830,1.);
#38850=LINE('',#38820,#38840);
#38860=CARTESIAN_POINT('',(18.1836462030948,44.9956533336727,
-37.8742262265076));
#38870=VERTEX_POINT('',#38860);
#38880=CARTESIAN_POINT('',(18.1836462030948,44.9956533336727,
-36.912346011156));
#38890=VERTEX_POINT('',#38880);
#38900=EDGE_CURVE('',#38870,#38890,#38850,.T.);
#38910=ORIENTED_EDGE('',*,*,#38900,.T.);
#38920=CARTESIAN_POINT('',(29.816979536428,44.5894083819189,
-44.5907343580803));
#38930=DIRECTION('',(0.865629643935605,-0.0302284532610866,
-0.499771507944741));
#38940=VECTOR('',#38930,1.);
#38950=LINE('',#38920,#38940);
#38960=CARTESIAN_POINT('',(17.7836462030948,45.0096216414694,
-37.6432861188318));
#38970=VERTEX_POINT('',#38960);
#38980=EDGE_CURVE('',#38970,#38870,#38950,.T.);
#38990=ORIENTED_EDGE('',*,*,#38980,.T.);
#39000=CARTESIAN_POINT('',(17.7836462030948,45.0096216414694,
-37.3932861188318));
#39010=DIRECTION('',(0.,0.,1.));
#39020=VECTOR('',#39010,1.);
#39030=LINE('',#39000,#39020);
#39040=CARTESIAN_POINT('',(17.7836462030948,45.0096216414694,
-37.1432861188318));
#39050=VERTEX_POINT('',#39040);
#39060=EDGE_CURVE('',#38970,#39050,#39030,.T.);
#39070=ORIENTED_EDGE('',*,*,#39060,.F.);
#39080=CARTESIAN_POINT('',(29.8169795364281,44.5894083819189,
-30.1958378795834));
#39090=DIRECTION('',(-0.865629643935605,0.0302284532610866,
-0.499771507944741));
#39100=VECTOR('',#39090,1.);
#39110=LINE('',#39080,#39100);
#39120=EDGE_CURVE('',#38890,#39050,#39110,.T.);
#39130=ORIENTED_EDGE('',*,*,#39120,.T.);
#39140=EDGE_LOOP('',(#39130,#39070,#38990,#38910));
#39150=FACE_OUTER_BOUND('',#39140,.T.);
#39160=ADVANCED_FACE('',(#39150),#38810,.T.);
#39170=CARTESIAN_POINT('',(17.7836462030948,43.0252563333335,
-34.8532861188318));
#39180=DIRECTION('',(-1.,0.,0.));
#39190=DIRECTION('',(0.,0.,1.));
#39200=AXIS2_PLACEMENT_3D('',#39170,#39180,#39190);
#39210=PLANE('',#39200);
#39220=CARTESIAN_POINT('',(17.7836462030948,43.7769229999999,
-37.1432861188318));
#39230=DIRECTION('',(0.,1.,0.));
#39240=VECTOR('',#39230,1.);
#39250=LINE('',#39220,#39240);
#39260=EDGE_CURVE('',#39050,#37120,#39250,.T.);
#39270=ORIENTED_EDGE('',*,*,#39260,.T.);
#39280=ORIENTED_EDGE('',*,*,#39060,.T.);
#39290=CARTESIAN_POINT('',(17.7836462030948,43.776923,-37.6432861188318)
);
#39300=DIRECTION('',(0.,-1.,-0.));
#39310=VECTOR('',#39300,1.);
#39320=LINE('',#39290,#39310);
#39330=EDGE_CURVE('',#37220,#38970,#39320,.T.);
#39340=ORIENTED_EDGE('',*,*,#39330,.T.);
#39350=ORIENTED_EDGE('',*,*,#37230,.F.);
#39360=EDGE_LOOP('',(#39350,#39340,#39280,#39270));
#39370=FACE_OUTER_BOUND('',#39360,.T.);
#39380=ADVANCED_FACE('',(#39370),#39210,.T.);
#39390=CARTESIAN_POINT('',(17.7836462030948,44.9956533336727,
-37.1432861188318));
#39400=DIRECTION('',(-0.5,-0.,0.866025403784439));
#39410=DIRECTION('',(0.,-1.,-0.));
#39420=AXIS2_PLACEMENT_3D('',#39390,#39400,#39410);
#39430=PLANE('',#39420);
#39440=CARTESIAN_POINT('',(18.1836462030948,43.776923,-36.912346011156))
;
#39450=DIRECTION('',(-1.4210854715202E-14,1.,-8.20464079523654E-15));
#39460=VECTOR('',#39450,1.);
#39470=LINE('',#39440,#39460);
#39480=EDGE_CURVE('',#38890,#37140,#39470,.T.);
#39490=ORIENTED_EDGE('',*,*,#39480,.T.);
#39500=ORIENTED_EDGE('',*,*,#39120,.F.);
#39510=ORIENTED_EDGE('',*,*,#39260,.F.);
#39520=ORIENTED_EDGE('',*,*,#37150,.F.);
#39530=EDGE_LOOP('',(#39520,#39510,#39500,#39490));
#39540=FACE_OUTER_BOUND('',#39530,.T.);
#39550=ADVANCED_FACE('',(#39540),#39430,.T.);
#39560=CARTESIAN_POINT('',(16.102266656755,40.6002563333334,
-39.6832861188318));
#39570=DIRECTION('',(-0.,0.,-1.));
#39580=DIRECTION('',(-1.,-1.4210854715202E-14,0.));
#39590=AXIS2_PLACEMENT_3D('',#39560,#39570,#39580);
#39600=PLANE('',#39590);
#39610=ORIENTED_EDGE('',*,*,#3230,.T.);
#39620=CARTESIAN_POINT('',(17.7836462030948,43.776923,-39.6832861188318)
);
#39630=DIRECTION('',(0.,1.,0.));
#39640=VECTOR('',#39630,1.);
#39650=LINE('',#39620,#39640);
#39660=CARTESIAN_POINT('',(17.7836462030948,41.3002563333335,
-39.6832861188318));
#39670=VERTEX_POINT('',#39660);
#39680=EDGE_CURVE('',#3140,#39670,#39650,.T.);
#39690=ORIENTED_EDGE('',*,*,#39680,.F.);
#39700=CARTESIAN_POINT('',(29.8169795364281,41.7204695928842,
-39.6832861188318));
#39710=DIRECTION('',(0.999390827019096,0.034899496702501,0.));
#39720=VECTOR('',#39710,1.);
#39730=LINE('',#39700,#39720);
#39740=CARTESIAN_POINT('',(18.1836462030948,41.3142246411302,
-39.6832861188318));
#39750=VERTEX_POINT('',#39740);
#39760=EDGE_CURVE('',#39670,#39750,#39730,.T.);
#39770=ORIENTED_EDGE('',*,*,#39760,.F.);
#39780=CARTESIAN_POINT('',(18.1836462030948,43.776923,-39.6832861188318)
);
#39790=DIRECTION('',(1.4210854715202E-14,-1.,0.));
#39800=VECTOR('',#39790,1.);
#39810=LINE('',#39780,#39800);
#39820=CARTESIAN_POINT('',(18.1836462030948,41.0002563333335,
-39.6832861188318));
#39830=VERTEX_POINT('',#39820);
#39840=EDGE_CURVE('',#39750,#39830,#39810,.T.);
#39850=ORIENTED_EDGE('',*,*,#39840,.F.);
#39860=CARTESIAN_POINT('',(-2.1316282072803E-14,41.0002563333332,
-39.6832861188318));
#39870=DIRECTION('',(-1.,-1.4210854715202E-14,0.));
#39880=VECTOR('',#39870,1.);
#39890=LINE('',#39860,#39880);
#39900=CARTESIAN_POINT('',(19.9836462030946,41.0002563333335,
-39.6832861188318));
#39910=VERTEX_POINT('',#39900);
#39920=EDGE_CURVE('',#39910,#39830,#39890,.T.);
#39930=ORIENTED_EDGE('',*,*,#39920,.T.);
#39940=CARTESIAN_POINT('',(19.9836462030952,3.5527136788005E-14,
-39.6832861188318));
#39950=DIRECTION('',(-1.4210854715202E-14,1.,0.));
#39960=VECTOR('',#39950,1.);
#39970=LINE('',#39940,#39960);
#39980=EDGE_CURVE('',#3220,#39910,#39970,.T.);
#39990=ORIENTED_EDGE('',*,*,#39980,.T.);
#40000=EDGE_LOOP('',(#39990,#39930,#39850,#39770,#39690,#39610));
#40010=FACE_OUTER_BOUND('',#40000,.T.);
#40020=ADVANCED_FACE('',(#40010),#39600,.F.);
#40030=CARTESIAN_POINT('',(18.4236462030947,40.6002563333335,
-35.8032861188318));
#40040=DIRECTION('',(1.,-0.,0.));
#40050=DIRECTION('',(0.,0.,-1.));
#40060=AXIS2_PLACEMENT_3D('',#40030,#40040,#40050);
#40070=PLANE('',#40060);
#40080=CARTESIAN_POINT('',(18.4236462030947,43.776923,-36.4432861188318)
);
#40090=DIRECTION('',(0.,-1.,-0.));
#40100=VECTOR('',#40090,1.);
#40110=LINE('',#40080,#40100);
#40120=CARTESIAN_POINT('',(18.4236462030947,41.0002563333335,
-36.4432861188318));
#40130=VERTEX_POINT('',#40120);
#40140=CARTESIAN_POINT('',(18.4236462030947,39.1002563333336,
-36.4432861188318));
#40150=VERTEX_POINT('',#40140);
#40160=EDGE_CURVE('',#40130,#40150,#40110,.T.);
#40170=ORIENTED_EDGE('',*,*,#40160,.F.);
#40180=CARTESIAN_POINT('',(18.4236462030947,39.1002563333336,
-37.3932861188318));
#40190=DIRECTION('',(0.,0.,-1.));
#40200=VECTOR('',#40190,1.);
#40210=LINE('',#40180,#40200);
#40220=CARTESIAN_POINT('',(18.4236462030947,39.1002563333336,
-35.8032861188318));
#40230=VERTEX_POINT('',#40220);
#40240=EDGE_CURVE('',#40230,#40150,#40210,.T.);
#40250=ORIENTED_EDGE('',*,*,#40240,.T.);
#40260=CARTESIAN_POINT('',(18.4236462030946,43.776923,-35.8032861188318)
);
#40270=DIRECTION('',(-1.4210854715202E-14,1.,0.));
#40280=VECTOR('',#40270,1.);
#40290=LINE('',#40260,#40280);
#40300=CARTESIAN_POINT('',(18.4236462030947,41.0002563333335,
-35.8032861188318));
#40310=VERTEX_POINT('',#40300);
#40320=EDGE_CURVE('',#40230,#40310,#40290,.T.);
#40330=ORIENTED_EDGE('',*,*,#40320,.F.);
#40340=CARTESIAN_POINT('',(18.4236462030947,41.0002563333335,
-37.3932861188318));
#40350=DIRECTION('',(0.,0.,-1.));
#40360=VECTOR('',#40350,1.);
#40370=LINE('',#40340,#40360);
#40380=EDGE_CURVE('',#40310,#40130,#40370,.T.);
#40390=ORIENTED_EDGE('',*,*,#40380,.F.);
#40400=EDGE_LOOP('',(#40390,#40330,#40250,#40170));
#40410=FACE_OUTER_BOUND('',#40400,.T.);
#40420=ADVANCED_FACE('',(#40410),#40070,.T.);
#40430=COLOUR_RGB('',1.,0.843137323856354,0.);
#40440=FILL_AREA_STYLE_COLOUR('',#40430);
#40450=FILL_AREA_STYLE('',(#40440));
#40460=SURFACE_STYLE_FILL_AREA(#40450);
#40470=SURFACE_SIDE_STYLE('',(#40460));
#40480=SURFACE_STYLE_USAGE(.BOTH.,#40470);
#40490=PRESENTATION_STYLE_ASSIGNMENT((#40480));
#40500=CARTESIAN_POINT('',(21.8836462030946,42.570256333334,
-36.4432861188318));
#40510=DIRECTION('',(0.,0.,-1.));
#40520=DIRECTION('',(1.,0.,0.));
#40530=AXIS2_PLACEMENT_3D('',#40500,#40510,#40520);
#40540=PLANE('',#40530);
#40550=CARTESIAN_POINT('',(18.7236462030947,41.950256333334,
-36.4432861188318));
#40560=DIRECTION('',(0.,0.,-1.));
#40570=DIRECTION('',(0.,1.,0.));
#40580=AXIS2_PLACEMENT_3D('',#40550,#40560,#40570);
#40590=CIRCLE('',#40580,0.94);
#40600=CARTESIAN_POINT('',(17.7836462030947,41.950256333334,
-36.4432861188318));
#40610=VERTEX_POINT('',#40600);
#40620=CARTESIAN_POINT('',(18.1836462030948,42.7196716958009,
-36.4432861188318));
#40630=VERTEX_POINT('',#40620);
#40640=EDGE_CURVE('',#40610,#40630,#40590,.T.);
#40650=ORIENTED_EDGE('',*,*,#40640,.T.);
#40660=CARTESIAN_POINT('',(17.7836462030947,43.776923,-36.4432861188318)
);
#40670=DIRECTION('',(0.,-1.,-0.));
#40680=VECTOR('',#40670,1.);
#40690=LINE('',#40660,#40680);
#40700=CARTESIAN_POINT('',(17.7836462030947,39.1002563333336,
-36.4432861188318));
#40710=VERTEX_POINT('',#40700);
#40720=EDGE_CURVE('',#40610,#40710,#40690,.T.);
#40730=ORIENTED_EDGE('',*,*,#40720,.F.);
#40740=CARTESIAN_POINT('',(29.8169795364281,39.1002563333336,
-36.4432861188318));
#40750=DIRECTION('',(-1.,0.,0.));
#40760=VECTOR('',#40750,1.);
#40770=LINE('',#40740,#40760);
#40780=EDGE_CURVE('',#40150,#40710,#40770,.T.);
#40790=ORIENTED_EDGE('',*,*,#40780,.T.);
#40800=ORIENTED_EDGE('',*,*,#40160,.T.);
#40810=CARTESIAN_POINT('',(29.8169795364281,41.0002563333336,
-36.4432861188318));
#40820=DIRECTION('',(-1.,-1.4210854715202E-14,0.));
#40830=VECTOR('',#40820,1.);
#40840=LINE('',#40810,#40830);
#40850=CARTESIAN_POINT('',(18.1836462030948,41.0002563333335,
-36.4432861188318));
#40860=VERTEX_POINT('',#40850);
#40870=EDGE_CURVE('',#40130,#40860,#40840,.T.);
#40880=ORIENTED_EDGE('',*,*,#40870,.F.);
#40890=CARTESIAN_POINT('',(18.1836462030948,43.7769229999999,
-36.4432861188318));
#40900=DIRECTION('',(-1.4210854715202E-14,1.,0.));
#40910=VECTOR('',#40900,1.);
#40920=LINE('',#40890,#40910);
#40930=EDGE_CURVE('',#40860,#40630,#40920,.T.);
#40940=ORIENTED_EDGE('',*,*,#40930,.F.);
#40950=EDGE_LOOP('',(#40940,#40880,#40800,#40790,#40730,#40650));
#40960=FACE_OUTER_BOUND('',#40950,.T.);
#40970=ADVANCED_FACE('',(#40960),#40540,.T.);
#40980=COLOUR_RGB('',1.,0.843137323856354,0.);
#40990=FILL_AREA_STYLE_COLOUR('',#40980);
#41000=FILL_AREA_STYLE('',(#40990));
#41010=SURFACE_STYLE_FILL_AREA(#41000);
#41020=SURFACE_SIDE_STYLE('',(#41010));
#41030=SURFACE_STYLE_USAGE(.BOTH.,#41020);
#41040=PRESENTATION_STYLE_ASSIGNMENT((#41030));
#41050=CARTESIAN_POINT('',(18.7236462030947,41.950256333334,
-36.1232861188318));
#41060=DIRECTION('',(0.,0.,-1.));
#41070=DIRECTION('',(0.,1.,0.));
#41080=AXIS2_PLACEMENT_3D('',#41050,#41060,#41070);
#41090=CYLINDRICAL_SURFACE('',#41080,0.94);
#41100=CARTESIAN_POINT('',(18.7236462030947,41.950256333334,
-35.8032861188318));
#41110=DIRECTION('',(0.,0.,-1.));
#41120=DIRECTION('',(0.,1.,0.));
#41130=AXIS2_PLACEMENT_3D('',#41100,#41110,#41120);
#41140=CIRCLE('',#41130,0.94);
#41150=CARTESIAN_POINT('',(17.7836462030947,41.9502563333339,
-35.8032861188318));
#41160=VERTEX_POINT('',#41150);
#41170=CARTESIAN_POINT('',(18.1836462030948,42.7196716958009,
-35.8032861188318));
#41180=VERTEX_POINT('',#41170);
#41190=EDGE_CURVE('',#41160,#41180,#41140,.T.);
#41200=ORIENTED_EDGE('',*,*,#41190,.T.);
#41210=CARTESIAN_POINT('',(17.7836462030947,41.950256333334,
-35.8032829273425));
#41220=DIRECTION('',(0.,0.,-1.));
#41230=VECTOR('',#41220,1.);
#41240=LINE('',#41210,#41230);
#41250=EDGE_CURVE('',#41160,#40610,#41240,.T.);
#41260=ORIENTED_EDGE('',*,*,#41250,.F.);
#41270=ORIENTED_EDGE('',*,*,#40640,.F.);
#41280=CARTESIAN_POINT('',(18.1836462030948,42.7196716958009,
-36.1232861188318));
#41290=DIRECTION('',(0.,0.,1.));
#41300=VECTOR('',#41290,1.);
#41310=LINE('',#41280,#41300);
#41320=EDGE_CURVE('',#40630,#41180,#41310,.T.);
#41330=ORIENTED_EDGE('',*,*,#41320,.F.);
#41340=EDGE_LOOP('',(#41330,#41270,#41260,#41200));
#41350=FACE_OUTER_BOUND('',#41340,.T.);
#41360=ADVANCED_FACE('',(#41350),#41090,.T.);
#41370=COLOUR_RGB('',1.,0.843137323856354,0.);
#41380=FILL_AREA_STYLE_COLOUR('',#41370);
#41390=FILL_AREA_STYLE('',(#41380));
#41400=SURFACE_STYLE_FILL_AREA(#41390);
#41410=SURFACE_SIDE_STYLE('',(#41400));
#41420=SURFACE_STYLE_USAGE(.BOTH.,#41410);
#41430=PRESENTATION_STYLE_ASSIGNMENT((#41420));
#41440=CARTESIAN_POINT('',(17.7836462030947,41.950256333334,
-36.4432861188318));
#41450=DIRECTION('',(1.,0.,0.));
#41460=DIRECTION('',(0.,1.,0.));
#41470=AXIS2_PLACEMENT_3D('',#41440,#41450,#41460);
#41480=PLANE('',#41470);
#41490=ORIENTED_EDGE('',*,*,#40720,.T.);
#41500=ORIENTED_EDGE('',*,*,#41250,.T.);
#41510=CARTESIAN_POINT('',(17.7836462030947,43.776923,-35.8032861188318)
);
#41520=DIRECTION('',(0.,1.,0.));
#41530=VECTOR('',#41520,1.);
#41540=LINE('',#41510,#41530);
#41550=CARTESIAN_POINT('',(17.7836462030947,39.1002563333336,
-35.8032861188318));
#41560=VERTEX_POINT('',#41550);
#41570=EDGE_CURVE('',#41560,#41160,#41540,.T.);
#41580=ORIENTED_EDGE('',*,*,#41570,.T.);
#41590=CARTESIAN_POINT('',(17.7836462030947,39.1002563333335,
-37.3932861188318));
#41600=DIRECTION('',(0.,0.,1.));
#41610=VECTOR('',#41600,1.);
#41620=LINE('',#41590,#41610);
#41630=EDGE_CURVE('',#40710,#41560,#41620,.T.);
#41640=ORIENTED_EDGE('',*,*,#41630,.T.);
#41650=EDGE_LOOP('',(#41640,#41580,#41500,#41490));
#41660=FACE_OUTER_BOUND('',#41650,.T.);
#41670=ADVANCED_FACE('',(#41660),#41480,.F.);
#41680=COLOUR_RGB('',1.,0.843137323856354,0.);
#41690=FILL_AREA_STYLE_COLOUR('',#41680);
#41700=FILL_AREA_STYLE('',(#41690));
#41710=SURFACE_STYLE_FILL_AREA(#41700);
#41720=SURFACE_SIDE_STYLE('',(#41710));
#41730=SURFACE_STYLE_USAGE(.BOTH.,#41720);
#41740=PRESENTATION_STYLE_ASSIGNMENT((#41730));
#41750=CARTESIAN_POINT('',(18.2011462030947,38.8502563333336,
-36.3457861188318));
#41760=DIRECTION('',(0.,-0.363345276491644,-0.931654555106779));
#41770=DIRECTION('',(0.,0.931654555106779,-0.363345276491644));
#41780=AXIS2_PLACEMENT_3D('',#41750,#41760,#41770);
#41790=PLANE('',#41780);
#41800=CARTESIAN_POINT('',(19.0086462030946,40.6002563333335,
-37.0282861188318));
#41810=DIRECTION('',(0.341501416245907,0.875644657040788,
-0.341501416245907));
#41820=VECTOR('',#41810,1.);
#41830=LINE('',#41800,#41820);
#41840=CARTESIAN_POINT('',(18.2286462030947,38.6002563333336,
-36.2482861188318));
#41850=VERTEX_POINT('',#41840);
#41860=EDGE_CURVE('',#41850,#40150,#41830,.T.);
#41870=ORIENTED_EDGE('',*,*,#41860,.F.);
#41880=ORIENTED_EDGE('',*,*,#40780,.F.);
#41890=CARTESIAN_POINT('',(17.1986462030947,40.6002563333335,
-37.0282861188318));
#41900=DIRECTION('',(-0.341501416245907,0.875644657040788,
-0.341501416245907));
#41910=VECTOR('',#41900,1.);
#41920=LINE('',#41890,#41910);
#41930=CARTESIAN_POINT('',(17.9786462030947,38.6002563333336,
-36.2482861188318));
#41940=VERTEX_POINT('',#41930);
#41950=EDGE_CURVE('',#41940,#40710,#41920,.T.);
#41960=ORIENTED_EDGE('',*,*,#41950,.T.);
#41970=CARTESIAN_POINT('',(18.2011462030947,38.6002563333336,
-36.2482861188318));
#41980=DIRECTION('',(1.,0.,0.));
#41990=VECTOR('',#41980,1.);
#42000=LINE('',#41970,#41990);
#42010=EDGE_CURVE('',#41940,#41850,#42000,.T.);
#42020=ORIENTED_EDGE('',*,*,#42010,.F.);
#42030=EDGE_LOOP('',(#42020,#41960,#41880,#41870));
#42040=FACE_OUTER_BOUND('',#42030,.T.);
#42050=ADVANCED_FACE('',(#42040),#41790,.T.);
#42060=COLOUR_RGB('',1.,0.843137323856354,0.);
#42070=FILL_AREA_STYLE_COLOUR('',#42060);
#42080=FILL_AREA_STYLE('',(#42070));
#42090=SURFACE_STYLE_FILL_AREA(#42080);
#42100=SURFACE_SIDE_STYLE('',(#42090));
#42110=SURFACE_STYLE_USAGE(.BOTH.,#42100);
#42120=PRESENTATION_STYLE_ASSIGNMENT((#42110));
#42130=CARTESIAN_POINT('',(18.3261462030947,38.8502563333336,
-36.1232861188318));
#42140=DIRECTION('',(0.931654555106779,-0.363345276491644,0.));
#42150=DIRECTION('',(0.363345276491644,0.931654555106779,0.));
#42160=AXIS2_PLACEMENT_3D('',#42130,#42140,#42150);
#42170=PLANE('',#42160);
#42180=CARTESIAN_POINT('',(19.0086462030946,40.6002563333335,
-35.2182861188318));
#42190=DIRECTION('',(-0.341501416245907,-0.875644657040788,
-0.341501416245907));
#42200=VECTOR('',#42190,1.);
#42210=LINE('',#42180,#42200);
#42220=CARTESIAN_POINT('',(18.2286462030947,38.6002563333336,
-35.9982861188318));
#42230=VERTEX_POINT('',#42220);
#42240=EDGE_CURVE('',#40230,#42230,#42210,.T.);
#42250=ORIENTED_EDGE('',*,*,#42240,.T.);
#42260=ORIENTED_EDGE('',*,*,#40240,.F.);
#42270=ORIENTED_EDGE('',*,*,#41860,.T.);
#42280=CARTESIAN_POINT('',(18.2286462030947,38.6002563333336,
-36.1232861188318));
#42290=DIRECTION('',(0.,0.,1.));
#42300=VECTOR('',#42290,1.);
#42310=LINE('',#42280,#42300);
#42320=EDGE_CURVE('',#41850,#42230,#42310,.T.);
#42330=ORIENTED_EDGE('',*,*,#42320,.F.);
#42340=EDGE_LOOP('',(#42330,#42270,#42260,#42250));
#42350=FACE_OUTER_BOUND('',#42340,.T.);
#42360=ADVANCED_FACE('',(#42350),#42170,.T.);
#42370=COLOUR_RGB('',1.,0.843137323856354,0.);
#42380=FILL_AREA_STYLE_COLOUR('',#42370);
#42390=FILL_AREA_STYLE('',(#42380));
#42400=SURFACE_STYLE_FILL_AREA(#42390);
#42410=SURFACE_SIDE_STYLE('',(#42400));
#42420=SURFACE_STYLE_USAGE(.BOTH.,#42410);
#42430=PRESENTATION_STYLE_ASSIGNMENT((#42420));
#42440=CARTESIAN_POINT('',(18.1036462030947,38.8502563333336,
-35.9007861188318));
#42450=DIRECTION('',(0.,-0.363345276491644,0.931654555106779));
#42460=DIRECTION('',(0.,0.931654555106779,0.363345276491644));
#42470=AXIS2_PLACEMENT_3D('',#42440,#42450,#42460);
#42480=PLANE('',#42470);
#42490=CARTESIAN_POINT('',(17.1986462030947,40.6002563333335,
-35.2182861188318));
#42500=DIRECTION('',(-0.341501416245907,0.875644657040788,
0.341501416245907));
#42510=VECTOR('',#42500,1.);
#42520=LINE('',#42490,#42510);
#42530=CARTESIAN_POINT('',(17.9786462030947,38.6002563333336,
-35.9982861188318));
#42540=VERTEX_POINT('',#42530);
#42550=EDGE_CURVE('',#42540,#41560,#42520,.T.);
#42560=ORIENTED_EDGE('',*,*,#42550,.F.);
#42570=CARTESIAN_POINT('',(29.8169795364281,39.1002563333336,
-35.8032861188318));
#42580=DIRECTION('',(1.,0.,0.));
#42590=VECTOR('',#42580,1.);
#42600=LINE('',#42570,#42590);
#42610=EDGE_CURVE('',#41560,#40230,#42600,.T.);
#42620=ORIENTED_EDGE('',*,*,#42610,.F.);
#42630=ORIENTED_EDGE('',*,*,#42240,.F.);
#42640=CARTESIAN_POINT('',(18.1036462030947,38.6002563333336,
-35.9982861188318));
#42650=DIRECTION('',(-1.,0.,0.));
#42660=VECTOR('',#42650,1.);
#42670=LINE('',#42640,#42660);
#42680=EDGE_CURVE('',#42230,#42540,#42670,.T.);
#42690=ORIENTED_EDGE('',*,*,#42680,.F.);
#42700=EDGE_LOOP('',(#42690,#42630,#42620,#42560));
#42710=FACE_OUTER_BOUND('',#42700,.T.);
#42720=ADVANCED_FACE('',(#42710),#42480,.T.);
#42730=COLOUR_RGB('',1.,0.843137323856354,0.);
#42740=FILL_AREA_STYLE_COLOUR('',#42730);
#42750=FILL_AREA_STYLE('',(#42740));
#42760=SURFACE_STYLE_FILL_AREA(#42750);
#42770=SURFACE_SIDE_STYLE('',(#42760));
#42780=SURFACE_STYLE_USAGE(.BOTH.,#42770);
#42790=PRESENTATION_STYLE_ASSIGNMENT((#42780));
#42800=CARTESIAN_POINT('',(17.8811462030947,38.8502563333336,
-36.2207861188318));
#42810=DIRECTION('',(-0.931654555106779,-0.363345276491644,-0.));
#42820=DIRECTION('',(-0.363345276491644,0.931654555106779,0.));
#42830=AXIS2_PLACEMENT_3D('',#42800,#42810,#42820);
#42840=PLANE('',#42830);
#42850=ORIENTED_EDGE('',*,*,#41950,.F.);
#42860=ORIENTED_EDGE('',*,*,#41630,.F.);
#42870=ORIENTED_EDGE('',*,*,#42550,.T.);
#42880=CARTESIAN_POINT('',(17.9786462030947,38.6002563333336,
-36.2207861188318));
#42890=DIRECTION('',(0.,0.,-1.));
#42900=VECTOR('',#42890,1.);
#42910=LINE('',#42880,#42900);
#42920=EDGE_CURVE('',#42540,#41940,#42910,.T.);
#42930=ORIENTED_EDGE('',*,*,#42920,.F.);
#42940=EDGE_LOOP('',(#42930,#42870,#42860,#42850));
#42950=FACE_OUTER_BOUND('',#42940,.T.);
#42960=ADVANCED_FACE('',(#42950),#42840,.T.);
#42970=COLOUR_RGB('',1.,0.843137323856354,0.);
#42980=FILL_AREA_STYLE_COLOUR('',#42970);
#42990=FILL_AREA_STYLE('',(#42980));
#43000=SURFACE_STYLE_FILL_AREA(#42990);
#43010=SURFACE_SIDE_STYLE('',(#43000));
#43020=SURFACE_STYLE_USAGE(.BOTH.,#43010);
#43030=PRESENTATION_STYLE_ASSIGNMENT((#43020));
#43040=CARTESIAN_POINT('',(19.0536462030947,38.6002563333336,
-35.9632861188318));
#43050=DIRECTION('',(0.,-1.,0.));
#43060=DIRECTION('',(1.,0.,0.));
#43070=AXIS2_PLACEMENT_3D('',#43040,#43050,#43060);
#43080=PLANE('',#43070);
#43090=ORIENTED_EDGE('',*,*,#42010,.T.);
#43100=ORIENTED_EDGE('',*,*,#42920,.T.);
#43110=ORIENTED_EDGE('',*,*,#42680,.T.);
#43120=ORIENTED_EDGE('',*,*,#42320,.T.);
#43130=EDGE_LOOP('',(#43120,#43110,#43100,#43090));
#43140=FACE_OUTER_BOUND('',#43130,.T.);
#43150=ADVANCED_FACE('',(#43140),#43080,.T.);
#43160=COLOUR_RGB('',1.,0.843137323856354,0.);
#43170=FILL_AREA_STYLE_COLOUR('',#43160);
#43180=FILL_AREA_STYLE('',(#43170));
#43190=SURFACE_STYLE_FILL_AREA(#43180);
#43200=SURFACE_SIDE_STYLE('',(#43190));
#43210=SURFACE_STYLE_USAGE(.BOTH.,#43200);
#43220=PRESENTATION_STYLE_ASSIGNMENT((#43210));
#43230=CARTESIAN_POINT('',(21.8836462030946,42.570256333334,
-35.8032861188318));
#43240=DIRECTION('',(0.,0.,-1.));
#43250=DIRECTION('',(1.,0.,0.));
#43260=AXIS2_PLACEMENT_3D('',#43230,#43240,#43250);
#43270=PLANE('',#43260);
#43280=CARTESIAN_POINT('',(29.8169795364281,41.0002563333336,
-35.8032861188318));
#43290=DIRECTION('',(-1.,-1.4210854715202E-14,0.));
#43300=VECTOR('',#43290,1.);
#43310=LINE('',#43280,#43300);
#43320=CARTESIAN_POINT('',(18.1836462030948,41.0002563333335,
-35.8032861188318));
#43330=VERTEX_POINT('',#43320);
#43340=EDGE_CURVE('',#40310,#43330,#43310,.T.);
#43350=ORIENTED_EDGE('',*,*,#43340,.T.);
#43360=ORIENTED_EDGE('',*,*,#40320,.T.);
#43370=ORIENTED_EDGE('',*,*,#42610,.T.);
#43380=ORIENTED_EDGE('',*,*,#41570,.F.);
#43390=ORIENTED_EDGE('',*,*,#41190,.F.);
#43400=CARTESIAN_POINT('',(18.1836462030948,43.7769229999999,
-35.8032861188318));
#43410=DIRECTION('',(-1.4210854715202E-14,1.,0.));
#43420=VECTOR('',#43410,1.);
#43430=LINE('',#43400,#43420);
#43440=EDGE_CURVE('',#43330,#41180,#43430,.T.);
#43450=ORIENTED_EDGE('',*,*,#43440,.T.);
#43460=EDGE_LOOP('',(#43450,#43390,#43380,#43370,#43360,#43350));
#43470=FACE_OUTER_BOUND('',#43460,.T.);
#43480=ADVANCED_FACE('',(#43470),#43270,.F.);
#43490=COLOUR_RGB('',1.,0.843137323856354,0.);
#43500=FILL_AREA_STYLE_COLOUR('',#43490);
#43510=FILL_AREA_STYLE('',(#43500));
#43520=SURFACE_STYLE_FILL_AREA(#43510);
#43530=SURFACE_SIDE_STYLE('',(#43520));
#43540=SURFACE_STYLE_USAGE(.BOTH.,#43530);
#43550=PRESENTATION_STYLE_ASSIGNMENT((#43540));
#43560=CARTESIAN_POINT('',(21.5336462030948,41.0002563333335,
-23.9332861188318));
#43570=DIRECTION('',(-1.4210854715202E-14,1.,0.));
#43580=DIRECTION('',(0.,0.,1.));
#43590=AXIS2_PLACEMENT_3D('',#43560,#43570,#43580);
#43600=PLANE('',#43590);
#43610=ORIENTED_EDGE('',*,*,#40870,.T.);
#43620=ORIENTED_EDGE('',*,*,#40380,.T.);
#43630=ORIENTED_EDGE('',*,*,#43340,.F.);
#43640=CARTESIAN_POINT('',(18.1836462030948,41.0002563333335,
-37.3932861188318));
#43650=DIRECTION('',(0.,0.,1.));
#43660=VECTOR('',#43650,1.);
#43670=LINE('',#43640,#43660);
#43680=EDGE_CURVE('',#43330,#130,#43670,.T.);
#43690=ORIENTED_EDGE('',*,*,#43680,.F.);
#43700=ORIENTED_EDGE('',*,*,#520,.F.);
#43710=ORIENTED_EDGE('',*,*,#1630,.T.);
#43720=CARTESIAN_POINT('',(-7.105427357601E-15,41.0002563333332,
-37.1432861188318));
#43730=DIRECTION('',(-1.,-1.4210854715202E-14,0.));
#43740=VECTOR('',#43730,1.);
#43750=LINE('',#43720,#43740);
#43760=CARTESIAN_POINT('',(18.1836462030948,41.0002563333335,
-37.1432861188318));
#43770=VERTEX_POINT('',#43760);
#43780=EDGE_CURVE('',#1560,#43770,#43750,.T.);
#43790=ORIENTED_EDGE('',*,*,#43780,.F.);
#43800=CARTESIAN_POINT('',(18.1836462030948,41.0002563333335,
-37.3932861188318));
#43810=DIRECTION('',(0.,0.,-1.));
#43820=VECTOR('',#43810,1.);
#43830=LINE('',#43800,#43820);
#43840=EDGE_CURVE('',#40860,#43770,#43830,.T.);
#43850=ORIENTED_EDGE('',*,*,#43840,.T.);
#43860=EDGE_LOOP('',(#43850,#43790,#43710,#43700,#43690,#43630,#43620,
#43610));
#43870=FACE_OUTER_BOUND('',#43860,.T.);
#43880=ADVANCED_FACE('',(#43870),#43600,.F.);
#43890=CARTESIAN_POINT('',(16.1022666567551,40.6002563333334,
-37.1432861188318));
#43900=DIRECTION('',(-0.,0.,-1.));
#43910=DIRECTION('',(-1.,-1.4210854715202E-14,0.));
#43920=AXIS2_PLACEMENT_3D('',#43890,#43900,#43910);
#43930=PLANE('',#43920);
#43940=ORIENTED_EDGE('',*,*,#3530,.T.);
#43950=ORIENTED_EDGE('',*,*,#4080,.F.);
#43960=CARTESIAN_POINT('',(29.8169795364281,41.7204695928842,
-37.1432861188318));
#43970=DIRECTION('',(0.999390827019096,0.034899496702501,0.));
#43980=VECTOR('',#43970,1.);
#43990=LINE('',#43960,#43980);
#44000=CARTESIAN_POINT('',(18.1836462030948,41.3142246411302,
-37.1432861188318));
#44010=VERTEX_POINT('',#44000);
#44020=EDGE_CURVE('',#4010,#44010,#43990,.T.);
#44030=ORIENTED_EDGE('',*,*,#44020,.F.);
#44040=CARTESIAN_POINT('',(18.1836462030948,43.776923,-37.1432861188318)
);
#44050=DIRECTION('',(1.4210854715202E-14,-1.,0.));
#44060=VECTOR('',#44050,1.);
#44070=LINE('',#44040,#44060);
#44080=EDGE_CURVE('',#44010,#43770,#44070,.T.);
#44090=ORIENTED_EDGE('',*,*,#44080,.F.);
#44100=ORIENTED_EDGE('',*,*,#43780,.T.);
#44110=ORIENTED_EDGE('',*,*,#1570,.T.);
#44120=EDGE_LOOP('',(#44110,#44100,#44090,#44030,#43950,#43940));
#44130=FACE_OUTER_BOUND('',#44120,.T.);
#44140=ADVANCED_FACE('',(#44130),#43930,.F.);
#44150=CARTESIAN_POINT('',(17.7836462030948,44.5765540405977,
-45.9632861188318));
#44160=DIRECTION('',(1.,0.,-0.));
#44170=DIRECTION('',(0.,0.,1.));
#44180=AXIS2_PLACEMENT_3D('',#44150,#44160,#44170);
#44190=PLANE('',#44180);
#44200=ORIENTED_EDGE('',*,*,#3630,.F.);
#44210=ORIENTED_EDGE('',*,*,#300,.T.);
#44220=ORIENTED_EDGE('',*,*,#38650,.F.);
#44230=ORIENTED_EDGE('',*,*,#36910,.F.);
#44240=ORIENTED_EDGE('',*,*,#17030,.T.);
#44250=CARTESIAN_POINT('',(17.7836462030948,40.8002563333334,
-34.8032861188319));
#44260=DIRECTION('',(1.,1.4210854715202E-14,0.));
#44270=DIRECTION('',(1.4210854715202E-14,-1.,0.));
#44280=AXIS2_PLACEMENT_3D('',#44250,#44260,#44270);
#44290=CIRCLE('',#44280,0.2);
#44300=EDGE_CURVE('',#16940,#3620,#44290,.T.);
#44310=ORIENTED_EDGE('',*,*,#44300,.F.);
#44320=EDGE_LOOP('',(#44310,#44240,#44230,#44220,#44210,#44200));
#44330=FACE_OUTER_BOUND('',#44320,.T.);
#44340=ADVANCED_FACE('',(#44330),#44190,.F.);
#44350=CARTESIAN_POINT('',(29.8169795364281,40.8002563333336,
-34.8032861188319));
#44360=DIRECTION('',(-1.,-1.4210854715202E-14,0.));
#44370=DIRECTION('',(1.4210854715202E-14,-1.,0.));
#44380=AXIS2_PLACEMENT_3D('',#44350,#44360,#44370);
#44390=CYLINDRICAL_SURFACE('',#44380,0.2);
#44400=ORIENTED_EDGE('',*,*,#16950,.T.);
#44410=CARTESIAN_POINT('',(22.3836462030948,40.8002563333335,
-34.8032861188319));
#44420=DIRECTION('',(1.,1.4210854715202E-14,0.));
#44430=DIRECTION('',(1.4210854715202E-14,-1.,0.));
#44440=AXIS2_PLACEMENT_3D('',#44410,#44420,#44430);
#44450=CIRCLE('',#44440,0.2);
#44460=EDGE_CURVE('',#16920,#3700,#44450,.T.);
#44470=ORIENTED_EDGE('',*,*,#44460,.F.);
#44480=ORIENTED_EDGE('',*,*,#3710,.F.);
#44490=ORIENTED_EDGE('',*,*,#44300,.T.);
#44500=EDGE_LOOP('',(#44490,#44480,#44470,#44400));
#44510=FACE_OUTER_BOUND('',#44500,.T.);
#44520=ADVANCED_FACE('',(#44510),#44390,.T.);
#44530=CARTESIAN_POINT('',(22.3836462030948,42.0002563333335,
-34.6029073309531));
#44540=DIRECTION('',(-1.,-1.4210854715202E-14,-0.));
#44550=DIRECTION('',(-1.4210854715202E-14,1.,0.));
#44560=AXIS2_PLACEMENT_3D('',#44530,#44540,#44550);
#44570=PLANE('',#44560);
#44580=ORIENTED_EDGE('',*,*,#3770,.T.);
#44590=ORIENTED_EDGE('',*,*,#44460,.T.);
#44600=ORIENTED_EDGE('',*,*,#17580,.T.);
#44610=ORIENTED_EDGE('',*,*,#28670,.F.);
#44620=ORIENTED_EDGE('',*,*,#29160,.F.);
#44630=ORIENTED_EDGE('',*,*,#35980,.F.);
#44640=ORIENTED_EDGE('',*,*,#700,.F.);
#44650=EDGE_LOOP('',(#44640,#44630,#44620,#44610,#44600,#44590,#44580));
#44660=FACE_OUTER_BOUND('',#44650,.T.);
#44670=ADVANCED_FACE('',(#44660),#44570,.F.);
#44680=CARTESIAN_POINT('',(21.8836462030946,42.570256333334,
-38.3432861188318));
#44690=DIRECTION('',(0.,0.,-1.));
#44700=DIRECTION('',(1.,0.,0.));
#44710=AXIS2_PLACEMENT_3D('',#44680,#44690,#44700);
#44720=PLANE('',#44710);
#44730=CARTESIAN_POINT('',(18.4236462030946,43.776923,-38.3432861188318)
);
#44740=DIRECTION('',(-1.4210854715202E-14,1.,0.));
#44750=VECTOR('',#44740,1.);
#44760=LINE('',#44730,#44750);
#44770=CARTESIAN_POINT('',(18.4236462030947,39.1002563333336,
-38.3432861188318));
#44780=VERTEX_POINT('',#44770);
#44790=CARTESIAN_POINT('',(18.4236462030946,41.0002563333335,
-38.3432861188318));
#44800=VERTEX_POINT('',#44790);
#44810=EDGE_CURVE('',#44780,#44800,#44760,.T.);
#44820=ORIENTED_EDGE('',*,*,#44810,.T.);
#44830=CARTESIAN_POINT('',(29.8169795364281,39.1002563333336,
-38.3432861188318));
#44840=DIRECTION('',(1.,0.,0.));
#44850=VECTOR('',#44840,1.);
#44860=LINE('',#44830,#44850);
#44870=CARTESIAN_POINT('',(17.7836462030947,39.1002563333336,
-38.3432861188318));
#44880=VERTEX_POINT('',#44870);
#44890=EDGE_CURVE('',#44880,#44780,#44860,.T.);
#44900=ORIENTED_EDGE('',*,*,#44890,.T.);
#44910=CARTESIAN_POINT('',(17.7836462030947,43.776923,-38.3432861188318)
);
#44920=DIRECTION('',(0.,1.,0.));
#44930=VECTOR('',#44920,1.);
#44940=LINE('',#44910,#44930);
#44950=CARTESIAN_POINT('',(17.7836462030947,41.950256333334,
-38.3432861188318));
#44960=VERTEX_POINT('',#44950);
#44970=EDGE_CURVE('',#44880,#44960,#44940,.T.);
#44980=ORIENTED_EDGE('',*,*,#44970,.F.);
#44990=CARTESIAN_POINT('',(18.7236462030947,41.950256333334,
-38.3432861188318));
#45000=DIRECTION('',(0.,0.,-1.));
#45010=DIRECTION('',(0.,1.,0.));
#45020=AXIS2_PLACEMENT_3D('',#44990,#45000,#45010);
#45030=CIRCLE('',#45020,0.94);
#45040=CARTESIAN_POINT('',(18.1836462030948,42.7196716958009,
-38.3432861188318));
#45050=VERTEX_POINT('',#45040);
#45060=EDGE_CURVE('',#44960,#45050,#45030,.T.);
#45070=ORIENTED_EDGE('',*,*,#45060,.F.);
#45080=CARTESIAN_POINT('',(18.1836462030948,43.776923,-38.3432861188318)
);
#45090=DIRECTION('',(1.4210854715202E-14,-1.,0.));
#45100=VECTOR('',#45090,1.);
#45110=LINE('',#45080,#45100);
#45120=CARTESIAN_POINT('',(18.1836462030948,41.0002563333335,
-38.3432861188318));
#45130=VERTEX_POINT('',#45120);
#45140=EDGE_CURVE('',#45050,#45130,#45110,.T.);
#45150=ORIENTED_EDGE('',*,*,#45140,.F.);
#45160=CARTESIAN_POINT('',(29.8169795364281,41.0002563333337,
-38.3432861188318));
#45170=DIRECTION('',(1.,1.4210854715202E-14,0.));
#45180=VECTOR('',#45170,1.);
#45190=LINE('',#45160,#45180);
#45200=EDGE_CURVE('',#45130,#44800,#45190,.T.);
#45210=ORIENTED_EDGE('',*,*,#45200,.F.);
#45220=EDGE_LOOP('',(#45210,#45150,#45070,#44980,#44900,#44820));
#45230=FACE_OUTER_BOUND('',#45220,.T.);
#45240=ADVANCED_FACE('',(#45230),#44720,.F.);
#45250=COLOUR_RGB('',1.,0.843137323856354,0.);
#45260=FILL_AREA_STYLE_COLOUR('',#45250);
#45270=FILL_AREA_STYLE('',(#45260));
#45280=SURFACE_STYLE_FILL_AREA(#45270);
#45290=SURFACE_SIDE_STYLE('',(#45280));
#45300=SURFACE_STYLE_USAGE(.BOTH.,#45290);
#45310=PRESENTATION_STYLE_ASSIGNMENT((#45300));
#45320=CARTESIAN_POINT('',(18.3261462030947,38.8502563333336,
-41.2032861188318));
#45330=DIRECTION('',(0.931654555106779,-0.363345276491644,0.));
#45340=DIRECTION('',(0.363345276491644,0.931654555106779,0.));
#45350=AXIS2_PLACEMENT_3D('',#45320,#45330,#45340);
#45360=PLANE('',#45350);
#45370=CARTESIAN_POINT('',(19.0086462030946,40.6002563333335,
-40.2982861188318));
#45380=DIRECTION('',(-0.341501416245907,-0.875644657040788,
-0.341501416245907));
#45390=VECTOR('',#45380,1.);
#45400=LINE('',#45370,#45390);
#45410=CARTESIAN_POINT('',(18.4236462030947,39.1002563333336,
-40.8832861188318));
#45420=VERTEX_POINT('',#45410);
#45430=CARTESIAN_POINT('',(18.2286462030947,38.6002563333336,
-41.0782861188318));
#45440=VERTEX_POINT('',#45430);
#45450=EDGE_CURVE('',#45420,#45440,#45400,.T.);
#45460=ORIENTED_EDGE('',*,*,#45450,.T.);
#45470=CARTESIAN_POINT('',(18.4236462030947,39.1002563333336,
-39.9332861188318));
#45480=DIRECTION('',(0.,0.,-1.));
#45490=VECTOR('',#45480,1.);
#45500=LINE('',#45470,#45490);
#45510=CARTESIAN_POINT('',(18.4236462030947,39.1002563333336,
-41.5232861188318));
#45520=VERTEX_POINT('',#45510);
#45530=EDGE_CURVE('',#45420,#45520,#45500,.T.);
#45540=ORIENTED_EDGE('',*,*,#45530,.F.);
#45550=CARTESIAN_POINT('',(19.0086462030946,40.6002563333335,
-42.1082861188318));
#45560=DIRECTION('',(0.341501416245907,0.875644657040788,
-0.341501416245907));
#45570=VECTOR('',#45560,1.);
#45580=LINE('',#45550,#45570);
#45590=CARTESIAN_POINT('',(18.2286462030947,38.6002563333336,
-41.3282861188318));
#45600=VERTEX_POINT('',#45590);
#45610=EDGE_CURVE('',#45600,#45520,#45580,.T.);
#45620=ORIENTED_EDGE('',*,*,#45610,.T.);
#45630=CARTESIAN_POINT('',(18.2286462030947,38.6002563333336,
-41.2032861188318));
#45640=DIRECTION('',(0.,0.,1.));
#45650=VECTOR('',#45640,1.);
#45660=LINE('',#45630,#45650);
#45670=EDGE_CURVE('',#45600,#45440,#45660,.T.);
#45680=ORIENTED_EDGE('',*,*,#45670,.F.);
#45690=EDGE_LOOP('',(#45680,#45620,#45540,#45460));
#45700=FACE_OUTER_BOUND('',#45690,.T.);
#45710=ADVANCED_FACE('',(#45700),#45360,.T.);
#45720=COLOUR_RGB('',1.,0.843137323856354,0.);
#45730=FILL_AREA_STYLE_COLOUR('',#45720);
#45740=FILL_AREA_STYLE('',(#45730));
#45750=SURFACE_STYLE_FILL_AREA(#45740);
#45760=SURFACE_SIDE_STYLE('',(#45750));
#45770=SURFACE_STYLE_USAGE(.BOTH.,#45760);
#45780=PRESENTATION_STYLE_ASSIGNMENT((#45770));
#45790=CARTESIAN_POINT('',(19.0536462030946,38.6002563333336,
-41.0432861188318));
#45800=DIRECTION('',(0.,-1.,0.));
#45810=DIRECTION('',(1.,0.,0.));
#45820=AXIS2_PLACEMENT_3D('',#45790,#45800,#45810);
#45830=PLANE('',#45820);
#45840=CARTESIAN_POINT('',(18.2011462030947,38.6002563333336,
-41.3282861188318));
#45850=DIRECTION('',(1.,0.,0.));
#45860=VECTOR('',#45850,1.);
#45870=LINE('',#45840,#45860);
#45880=CARTESIAN_POINT('',(17.9786462030947,38.6002563333336,
-41.3282861188318));
#45890=VERTEX_POINT('',#45880);
#45900=EDGE_CURVE('',#45890,#45600,#45870,.T.);
#45910=ORIENTED_EDGE('',*,*,#45900,.T.);
#45920=CARTESIAN_POINT('',(17.9786462030947,38.6002563333336,
-41.3007861188318));
#45930=DIRECTION('',(0.,0.,-1.));
#45940=VECTOR('',#45930,1.);
#45950=LINE('',#45920,#45940);
#45960=CARTESIAN_POINT('',(17.9786462030947,38.6002563333336,
-41.0782861188318));
#45970=VERTEX_POINT('',#45960);
#45980=EDGE_CURVE('',#45970,#45890,#45950,.T.);
#45990=ORIENTED_EDGE('',*,*,#45980,.T.);
#46000=CARTESIAN_POINT('',(18.1036462030947,38.6002563333336,
-41.0782861188318));
#46010=DIRECTION('',(-1.,0.,0.));
#46020=VECTOR('',#46010,1.);
#46030=LINE('',#46000,#46020);
#46040=EDGE_CURVE('',#45440,#45970,#46030,.T.);
#46050=ORIENTED_EDGE('',*,*,#46040,.T.);
#46060=ORIENTED_EDGE('',*,*,#45670,.T.);
#46070=EDGE_LOOP('',(#46060,#46050,#45990,#45910));
#46080=FACE_OUTER_BOUND('',#46070,.T.);
#46090=ADVANCED_FACE('',(#46080),#45830,.T.);
#46100=COLOUR_RGB('',1.,0.843137323856354,0.);
#46110=FILL_AREA_STYLE_COLOUR('',#46100);
#46120=FILL_AREA_STYLE('',(#46110));
#46130=SURFACE_STYLE_FILL_AREA(#46120);
#46140=SURFACE_SIDE_STYLE('',(#46130));
#46150=SURFACE_STYLE_USAGE(.BOTH.,#46140);
#46160=PRESENTATION_STYLE_ASSIGNMENT((#46150));
#46170=CARTESIAN_POINT('',(17.8811462030947,38.8502563333336,
-41.3007861188318));
#46180=DIRECTION('',(-0.931654555106779,-0.363345276491644,-0.));
#46190=DIRECTION('',(-0.363345276491644,0.931654555106779,0.));
#46200=AXIS2_PLACEMENT_3D('',#46170,#46180,#46190);
#46210=PLANE('',#46200);
#46220=CARTESIAN_POINT('',(17.1986462030947,40.6002563333335,
-42.1082861188318));
#46230=DIRECTION('',(-0.341501416245907,0.875644657040788,
-0.341501416245907));
#46240=VECTOR('',#46230,1.);
#46250=LINE('',#46220,#46240);
#46260=CARTESIAN_POINT('',(17.7836462030947,39.1002563333336,
-41.5232861188318));
#46270=VERTEX_POINT('',#46260);
#46280=EDGE_CURVE('',#45890,#46270,#46250,.T.);
#46290=ORIENTED_EDGE('',*,*,#46280,.F.);
#46300=CARTESIAN_POINT('',(17.7836462030947,39.1002563333335,
-39.9332861188318));
#46310=DIRECTION('',(0.,0.,1.));
#46320=VECTOR('',#46310,1.);
#46330=LINE('',#46300,#46320);
#46340=CARTESIAN_POINT('',(17.7836462030947,39.1002563333336,
-40.8832861188318));
#46350=VERTEX_POINT('',#46340);
#46360=EDGE_CURVE('',#46270,#46350,#46330,.T.);
#46370=ORIENTED_EDGE('',*,*,#46360,.F.);
#46380=CARTESIAN_POINT('',(17.1986462030947,40.6002563333335,
-40.2982861188318));
#46390=DIRECTION('',(-0.341501416245907,0.875644657040788,
0.341501416245907));
#46400=VECTOR('',#46390,1.);
#46410=LINE('',#46380,#46400);
#46420=EDGE_CURVE('',#45970,#46350,#46410,.T.);
#46430=ORIENTED_EDGE('',*,*,#46420,.T.);
#46440=ORIENTED_EDGE('',*,*,#45980,.F.);
#46450=EDGE_LOOP('',(#46440,#46430,#46370,#46290));
#46460=FACE_OUTER_BOUND('',#46450,.T.);
#46470=ADVANCED_FACE('',(#46460),#46210,.T.);
#46480=COLOUR_RGB('',1.,0.843137323856354,0.);
#46490=FILL_AREA_STYLE_COLOUR('',#46480);
#46500=FILL_AREA_STYLE('',(#46490));
#46510=SURFACE_STYLE_FILL_AREA(#46500);
#46520=SURFACE_SIDE_STYLE('',(#46510));
#46530=SURFACE_STYLE_USAGE(.BOTH.,#46520);
#46540=PRESENTATION_STYLE_ASSIGNMENT((#46530));
#46550=CARTESIAN_POINT('',(17.7836462030947,41.950256333334,
-41.5232861188318));
#46560=DIRECTION('',(1.,0.,0.));
#46570=DIRECTION('',(0.,1.,0.));
#46580=AXIS2_PLACEMENT_3D('',#46550,#46560,#46570);
#46590=PLANE('',#46580);
#46600=CARTESIAN_POINT('',(17.7836462030947,43.776923,-41.5232861188318)
);
#46610=DIRECTION('',(0.,-1.,-0.));
#46620=VECTOR('',#46610,1.);
#46630=LINE('',#46600,#46620);
#46640=CARTESIAN_POINT('',(17.7836462030947,41.950256333334,
-41.5232861188318));
#46650=VERTEX_POINT('',#46640);
#46660=EDGE_CURVE('',#46650,#46270,#46630,.T.);
#46670=ORIENTED_EDGE('',*,*,#46660,.T.);
#46680=CARTESIAN_POINT('',(17.7836462030947,41.950256333334,
-40.8832829273425));
#46690=DIRECTION('',(0.,0.,-1.));
#46700=VECTOR('',#46690,1.);
#46710=LINE('',#46680,#46700);
#46720=CARTESIAN_POINT('',(17.7836462030947,41.950256333334,
-40.8832861188318));
#46730=VERTEX_POINT('',#46720);
#46740=EDGE_CURVE('',#46730,#46650,#46710,.T.);
#46750=ORIENTED_EDGE('',*,*,#46740,.T.);
#46760=CARTESIAN_POINT('',(17.7836462030947,43.776923,-40.8832861188318)
);
#46770=DIRECTION('',(0.,1.,0.));
#46780=VECTOR('',#46770,1.);
#46790=LINE('',#46760,#46780);
#46800=EDGE_CURVE('',#46350,#46730,#46790,.T.);
#46810=ORIENTED_EDGE('',*,*,#46800,.T.);
#46820=ORIENTED_EDGE('',*,*,#46360,.T.);
#46830=EDGE_LOOP('',(#46820,#46810,#46750,#46670));
#46840=FACE_OUTER_BOUND('',#46830,.T.);
#46850=ADVANCED_FACE('',(#46840),#46590,.F.);
#46860=COLOUR_RGB('',1.,0.843137323856354,0.);
#46870=FILL_AREA_STYLE_COLOUR('',#46860);
#46880=FILL_AREA_STYLE('',(#46870));
#46890=SURFACE_STYLE_FILL_AREA(#46880);
#46900=SURFACE_SIDE_STYLE('',(#46890));
#46910=SURFACE_STYLE_USAGE(.BOTH.,#46900);
#46920=PRESENTATION_STYLE_ASSIGNMENT((#46910));
#46930=CARTESIAN_POINT('',(18.7236462030947,41.950256333334,
-41.2032861188318));
#46940=DIRECTION('',(0.,0.,-1.));
#46950=DIRECTION('',(0.,1.,0.));
#46960=AXIS2_PLACEMENT_3D('',#46930,#46940,#46950);
#46970=CYLINDRICAL_SURFACE('',#46960,0.94);
#46980=CARTESIAN_POINT('',(18.7236462030947,41.950256333334,
-41.5232861188318));
#46990=DIRECTION('',(0.,0.,-1.));
#47000=DIRECTION('',(0.,1.,0.));
#47010=AXIS2_PLACEMENT_3D('',#46980,#46990,#47000);
#47020=CIRCLE('',#47010,0.94);
#47030=CARTESIAN_POINT('',(18.1836462030948,42.7196716958009,
-41.5232861188318));
#47040=VERTEX_POINT('',#47030);
#47050=EDGE_CURVE('',#46650,#47040,#47020,.T.);
#47060=ORIENTED_EDGE('',*,*,#47050,.F.);
#47070=CARTESIAN_POINT('',(18.1836462030948,42.7196716958009,
-41.2032861188318));
#47080=DIRECTION('',(0.,0.,-1.));
#47090=VECTOR('',#47080,1.);
#47100=LINE('',#47070,#47090);
#47110=CARTESIAN_POINT('',(18.1836462030948,42.7196716958009,
-40.8832861188318));
#47120=VERTEX_POINT('',#47110);
#47130=EDGE_CURVE('',#47120,#47040,#47100,.T.);
#47140=ORIENTED_EDGE('',*,*,#47130,.T.);
#47150=CARTESIAN_POINT('',(18.7236462030947,41.950256333334,
-40.8832861188318));
#47160=DIRECTION('',(0.,0.,-1.));
#47170=DIRECTION('',(0.,1.,0.));
#47180=AXIS2_PLACEMENT_3D('',#47150,#47160,#47170);
#47190=CIRCLE('',#47180,0.94);
#47200=EDGE_CURVE('',#46730,#47120,#47190,.T.);
#47210=ORIENTED_EDGE('',*,*,#47200,.T.);
#47220=ORIENTED_EDGE('',*,*,#46740,.F.);
#47230=EDGE_LOOP('',(#47220,#47210,#47140,#47060));
#47240=FACE_OUTER_BOUND('',#47230,.T.);
#47250=ADVANCED_FACE('',(#47240),#46970,.T.);
#47260=COLOUR_RGB('',1.,0.843137323856354,0.);
#47270=FILL_AREA_STYLE_COLOUR('',#47260);
#47280=FILL_AREA_STYLE('',(#47270));
#47290=SURFACE_STYLE_FILL_AREA(#47280);
#47300=SURFACE_SIDE_STYLE('',(#47290));
#47310=SURFACE_STYLE_USAGE(.BOTH.,#47300);
#47320=PRESENTATION_STYLE_ASSIGNMENT((#47310));
#47330=CARTESIAN_POINT('',(21.8836462030946,42.570256333334,
-41.5232861188318));
#47340=DIRECTION('',(0.,0.,-1.));
#47350=DIRECTION('',(1.,0.,0.));
#47360=AXIS2_PLACEMENT_3D('',#47330,#47340,#47350);
#47370=PLANE('',#47360);
#47380=ORIENTED_EDGE('',*,*,#47050,.T.);
#47390=ORIENTED_EDGE('',*,*,#46660,.F.);
#47400=CARTESIAN_POINT('',(29.8169795364281,39.1002563333336,
-41.5232861188318));
#47410=DIRECTION('',(-1.,0.,0.));
#47420=VECTOR('',#47410,1.);
#47430=LINE('',#47400,#47420);
#47440=EDGE_CURVE('',#45520,#46270,#47430,.T.);
#47450=ORIENTED_EDGE('',*,*,#47440,.T.);
#47460=CARTESIAN_POINT('',(18.4236462030947,43.776923,-41.5232861188318)
);
#47470=DIRECTION('',(0.,-1.,-0.));
#47480=VECTOR('',#47470,1.);
#47490=LINE('',#47460,#47480);
#47500=CARTESIAN_POINT('',(18.4236462030947,41.0002563333335,
-41.5232861188318));
#47510=VERTEX_POINT('',#47500);
#47520=EDGE_CURVE('',#47510,#45520,#47490,.T.);
#47530=ORIENTED_EDGE('',*,*,#47520,.T.);
#47540=CARTESIAN_POINT('',(29.8169795364281,41.0002563333336,
-41.5232861188318));
#47550=DIRECTION('',(-1.,-1.4210854715202E-14,0.));
#47560=VECTOR('',#47550,1.);
#47570=LINE('',#47540,#47560);
#47580=CARTESIAN_POINT('',(18.1836462030948,41.0002563333335,
-41.5232861188318));
#47590=VERTEX_POINT('',#47580);
#47600=EDGE_CURVE('',#47510,#47590,#47570,.T.);
#47610=ORIENTED_EDGE('',*,*,#47600,.F.);
#47620=CARTESIAN_POINT('',(18.1836462030948,43.7769229999999,
-41.5232861188318));
#47630=DIRECTION('',(-1.4210854715202E-14,1.,0.));
#47640=VECTOR('',#47630,1.);
#47650=LINE('',#47620,#47640);
#47660=EDGE_CURVE('',#47590,#47040,#47650,.T.);
#47670=ORIENTED_EDGE('',*,*,#47660,.F.);
#47680=EDGE_LOOP('',(#47670,#47610,#47530,#47450,#47390,#47380));
#47690=FACE_OUTER_BOUND('',#47680,.T.);
#47700=ADVANCED_FACE('',(#47690),#47370,.T.);
#47710=COLOUR_RGB('',1.,0.843137323856354,0.);
#47720=FILL_AREA_STYLE_COLOUR('',#47710);
#47730=FILL_AREA_STYLE('',(#47720));
#47740=SURFACE_STYLE_FILL_AREA(#47730);
#47750=SURFACE_SIDE_STYLE('',(#47740));
#47760=SURFACE_STYLE_USAGE(.BOTH.,#47750);
#47770=PRESENTATION_STYLE_ASSIGNMENT((#47760));
#47780=CARTESIAN_POINT('',(18.1836462030948,43.0252563333335,
-46.2267416690317));
#47790=DIRECTION('',(-1.,-1.4210854715202E-14,0.));
#47800=DIRECTION('',(0.,0.,1.));
#47810=AXIS2_PLACEMENT_3D('',#47780,#47790,#47800);
#47820=PLANE('',#47810);
#47830=CARTESIAN_POINT('',(18.1836462030948,41.0002563333335,
-45.0132861188318));
#47840=DIRECTION('',(0.,0.,-1.));
#47850=VECTOR('',#47840,1.);
#47860=LINE('',#47830,#47850);
#47870=CARTESIAN_POINT('',(18.1836462030948,41.0002563333335,
-46.6032861188318));
#47880=VERTEX_POINT('',#47870);
#47890=CARTESIAN_POINT('',(18.1836462030948,41.0002563333335,
-47.3032861188318));
#47900=VERTEX_POINT('',#47890);
#47910=EDGE_CURVE('',#47880,#47900,#47860,.T.);
#47920=ORIENTED_EDGE('',*,*,#47910,.F.);
#47930=CARTESIAN_POINT('',(18.1836462030948,43.776923,-47.3032861188318)
);
#47940=DIRECTION('',(1.4210854715202E-14,-1.,0.));
#47950=VECTOR('',#47940,1.);
#47960=LINE('',#47930,#47950);
#47970=EDGE_CURVE('',#38340,#47900,#47960,.T.);
#47980=ORIENTED_EDGE('',*,*,#47970,.T.);
#47990=ORIENTED_EDGE('',*,*,#38350,.F.);
#48000=CARTESIAN_POINT('',(18.1836462030948,43.776923,-45.4942262265076)
);
#48010=DIRECTION('',(1.4210854715202E-14,-1.,-8.20464079523654E-15));
#48020=VECTOR('',#48010,1.);
#48030=LINE('',#48000,#48020);
#48040=CARTESIAN_POINT('',(18.1836462030947,44.9956533336727,
-45.4942262265076));
#48050=VERTEX_POINT('',#48040);
#48060=EDGE_CURVE('',#38260,#48050,#48030,.T.);
#48070=ORIENTED_EDGE('',*,*,#48060,.F.);
#48080=CARTESIAN_POINT('',(18.1836462030947,44.9956533336727,
-45.0132861188318));
#48090=DIRECTION('',(0.,0.,1.));
#48100=VECTOR('',#48090,1.);
#48110=LINE('',#48080,#48100);
#48120=CARTESIAN_POINT('',(18.1836462030947,44.9956533336727,
-44.532346011156));
#48130=VERTEX_POINT('',#48120);
#48140=EDGE_CURVE('',#48050,#48130,#48110,.T.);
#48150=ORIENTED_EDGE('',*,*,#48140,.F.);
#48160=CARTESIAN_POINT('',(18.1836462030948,43.776923,-44.532346011156))
;
#48170=DIRECTION('',(-1.4210854715202E-14,1.,-8.20464079523654E-15));
#48180=VECTOR('',#48170,1.);
#48190=LINE('',#48160,#48180);
#48200=EDGE_CURVE('',#48130,#38020,#48190,.T.);
#48210=ORIENTED_EDGE('',*,*,#48200,.F.);
#48220=ORIENTED_EDGE('',*,*,#38030,.F.);
#48230=CARTESIAN_POINT('',(18.1836462030948,43.776923,-42.9542262265077)
);
#48240=DIRECTION('',(1.4210854715202E-14,-1.,-8.20464079523654E-15));
#48250=VECTOR('',#48240,1.);
#48260=LINE('',#48230,#48250);
#48270=CARTESIAN_POINT('',(18.1836462030947,44.9956533336727,
-42.9542262265076));
#48280=VERTEX_POINT('',#48270);
#48290=EDGE_CURVE('',#37940,#48280,#48260,.T.);
#48300=ORIENTED_EDGE('',*,*,#48290,.F.);
#48310=CARTESIAN_POINT('',(18.1836462030947,44.9956533336727,
-42.4732861188318));
#48320=DIRECTION('',(0.,0.,1.));
#48330=VECTOR('',#48320,1.);
#48340=LINE('',#48310,#48330);
#48350=CARTESIAN_POINT('',(18.1836462030948,44.9956533336727,
-41.992346011156));
#48360=VERTEX_POINT('',#48350);
#48370=EDGE_CURVE('',#48280,#48360,#48340,.T.);
#48380=ORIENTED_EDGE('',*,*,#48370,.F.);
#48390=CARTESIAN_POINT('',(18.1836462030948,43.776923,-41.992346011156))
;
#48400=DIRECTION('',(-1.4210854715202E-14,1.,-8.20464079523654E-15));
#48410=VECTOR('',#48400,1.);
#48420=LINE('',#48390,#48410);
#48430=EDGE_CURVE('',#48360,#37700,#48420,.T.);
#48440=ORIENTED_EDGE('',*,*,#48430,.F.);
#48450=ORIENTED_EDGE('',*,*,#37710,.F.);
#48460=CARTESIAN_POINT('',(18.1836462030948,43.776923,-40.4142262265077)
);
#48470=DIRECTION('',(1.4210854715202E-14,-1.,-8.20464079523654E-15));
#48480=VECTOR('',#48470,1.);
#48490=LINE('',#48460,#48480);
#48500=CARTESIAN_POINT('',(18.1836462030948,44.9956533336727,
-40.4142262265077));
#48510=VERTEX_POINT('',#48500);
#48520=EDGE_CURVE('',#37620,#48510,#48490,.T.);
#48530=ORIENTED_EDGE('',*,*,#48520,.F.);
#48540=CARTESIAN_POINT('',(18.1836462030948,44.9956533336727,
-39.9332861188318));
#48550=DIRECTION('',(0.,0.,1.));
#48560=VECTOR('',#48550,1.);
#48570=LINE('',#48540,#48560);
#48580=CARTESIAN_POINT('',(18.1836462030948,44.9956533336727,
-39.452346011156));
#48590=VERTEX_POINT('',#48580);
#48600=EDGE_CURVE('',#48510,#48590,#48570,.T.);
#48610=ORIENTED_EDGE('',*,*,#48600,.F.);
#48620=CARTESIAN_POINT('',(18.1836462030948,43.776923,-39.452346011156))
;
#48630=DIRECTION('',(-1.4210854715202E-14,1.,-8.20464079523654E-15));
#48640=VECTOR('',#48630,1.);
#48650=LINE('',#48620,#48640);
#48660=EDGE_CURVE('',#48590,#37380,#48650,.T.);
#48670=ORIENTED_EDGE('',*,*,#48660,.F.);
#48680=ORIENTED_EDGE('',*,*,#37390,.F.);
#48690=CARTESIAN_POINT('',(18.1836462030948,43.776923,-37.8742262265077)
);
#48700=DIRECTION('',(1.4210854715202E-14,-1.,-8.20464079523654E-15));
#48710=VECTOR('',#48700,1.);
#48720=LINE('',#48690,#48710);
#48730=EDGE_CURVE('',#37300,#38870,#48720,.T.);
#48740=ORIENTED_EDGE('',*,*,#48730,.F.);
#48750=ORIENTED_EDGE('',*,*,#38900,.F.);
#48760=ORIENTED_EDGE('',*,*,#39480,.F.);
#48770=ORIENTED_EDGE('',*,*,#38720,.T.);
#48780=ORIENTED_EDGE('',*,*,#140,.F.);
#48790=ORIENTED_EDGE('',*,*,#43680,.T.);
#48800=ORIENTED_EDGE('',*,*,#43440,.F.);
#48810=ORIENTED_EDGE('',*,*,#41320,.T.);
#48820=ORIENTED_EDGE('',*,*,#40930,.T.);
#48830=ORIENTED_EDGE('',*,*,#43840,.F.);
#48840=ORIENTED_EDGE('',*,*,#44080,.T.);
#48850=CARTESIAN_POINT('',(18.1836462030948,41.3142246411302,
-37.3932861188318));
#48860=DIRECTION('',(0.,0.,-1.));
#48870=VECTOR('',#48860,1.);
#48880=LINE('',#48850,#48870);
#48890=CARTESIAN_POINT('',(18.1836462030948,41.3142246411302,
-37.6432861188318));
#48900=VERTEX_POINT('',#48890);
#48910=EDGE_CURVE('',#44010,#48900,#48880,.T.);
#48920=ORIENTED_EDGE('',*,*,#48910,.F.);
#48930=CARTESIAN_POINT('',(18.1836462030948,43.776923,-37.6432861188318)
);
#48940=DIRECTION('',(-1.4210854715202E-14,1.,0.));
#48950=VECTOR('',#48940,1.);
#48960=LINE('',#48930,#48950);
#48970=CARTESIAN_POINT('',(18.1836462030948,41.0002563333335,
-37.6432861188318));
#48980=VERTEX_POINT('',#48970);
#48990=EDGE_CURVE('',#48980,#48900,#48960,.T.);
#49000=ORIENTED_EDGE('',*,*,#48990,.T.);
#49010=CARTESIAN_POINT('',(18.1836462030948,41.0002563333335,
-37.3932861188318));
#49020=DIRECTION('',(0.,0.,-1.));
#49030=VECTOR('',#49020,1.);
#49040=LINE('',#49010,#49030);
#49050=EDGE_CURVE('',#48980,#45130,#49040,.T.);
#49060=ORIENTED_EDGE('',*,*,#49050,.F.);
#49070=ORIENTED_EDGE('',*,*,#45140,.T.);
#49080=CARTESIAN_POINT('',(18.1836462030948,42.7196716958009,
-38.6632861188318));
#49090=DIRECTION('',(0.,0.,-1.));
#49100=VECTOR('',#49090,1.);
#49110=LINE('',#49080,#49100);
#49120=CARTESIAN_POINT('',(18.1836462030948,42.7196716958009,
-38.9832861188318));
#49130=VERTEX_POINT('',#49120);
#49140=EDGE_CURVE('',#45050,#49130,#49110,.T.);
#49150=ORIENTED_EDGE('',*,*,#49140,.F.);
#49160=CARTESIAN_POINT('',(18.1836462030948,43.7769229999999,
-38.9832861188318));
#49170=DIRECTION('',(-1.4210854715202E-14,1.,0.));
#49180=VECTOR('',#49170,1.);
#49190=LINE('',#49160,#49180);
#49200=CARTESIAN_POINT('',(18.1836462030948,41.0002563333335,
-38.9832861188318));
#49210=VERTEX_POINT('',#49200);
#49220=EDGE_CURVE('',#49210,#49130,#49190,.T.);
#49230=ORIENTED_EDGE('',*,*,#49220,.T.);
#49240=CARTESIAN_POINT('',(18.1836462030948,41.0002563333335,
-39.9332861188318));
#49250=DIRECTION('',(0.,0.,-1.));
#49260=VECTOR('',#49250,1.);
#49270=LINE('',#49240,#49260);
#49280=EDGE_CURVE('',#49210,#39830,#49270,.T.);
#49290=ORIENTED_EDGE('',*,*,#49280,.F.);
#49300=ORIENTED_EDGE('',*,*,#39840,.T.);
#49310=CARTESIAN_POINT('',(18.1836462030948,41.3142246411302,
-39.9332861188318));
#49320=DIRECTION('',(0.,0.,-1.));
#49330=VECTOR('',#49320,1.);
#49340=LINE('',#49310,#49330);
#49350=CARTESIAN_POINT('',(18.1836462030948,41.3142246411302,
-40.1832861188318));
#49360=VERTEX_POINT('',#49350);
#49370=EDGE_CURVE('',#39750,#49360,#49340,.T.);
#49380=ORIENTED_EDGE('',*,*,#49370,.F.);
#49390=CARTESIAN_POINT('',(18.1836462030948,43.776923,-40.1832861188318)
);
#49400=DIRECTION('',(-1.4210854715202E-14,1.,0.));
#49410=VECTOR('',#49400,1.);
#49420=LINE('',#49390,#49410);
#49430=CARTESIAN_POINT('',(18.1836462030948,41.0002563333335,
-40.1832861188318));
#49440=VERTEX_POINT('',#49430);
#49450=EDGE_CURVE('',#49440,#49360,#49420,.T.);
#49460=ORIENTED_EDGE('',*,*,#49450,.T.);
#49470=CARTESIAN_POINT('',(18.1836462030948,41.0002563333335,
-39.9332861188318));
#49480=DIRECTION('',(0.,0.,-1.));
#49490=VECTOR('',#49480,1.);
#49500=LINE('',#49470,#49490);
#49510=CARTESIAN_POINT('',(18.1836462030948,41.0002563333335,
-40.8832861188318));
#49520=VERTEX_POINT('',#49510);
#49530=EDGE_CURVE('',#49440,#49520,#49500,.T.);
#49540=ORIENTED_EDGE('',*,*,#49530,.F.);
#49550=CARTESIAN_POINT('',(18.1836462030948,43.776923,-40.8832861188318)
);
#49560=DIRECTION('',(1.4210854715202E-14,-1.,0.));
#49570=VECTOR('',#49560,1.);
#49580=LINE('',#49550,#49570);
#49590=EDGE_CURVE('',#47120,#49520,#49580,.T.);
#49600=ORIENTED_EDGE('',*,*,#49590,.T.);
#49610=ORIENTED_EDGE('',*,*,#47130,.F.);
#49620=ORIENTED_EDGE('',*,*,#47660,.T.);
#49630=CARTESIAN_POINT('',(18.1836462030948,41.0002563333335,
-42.4732861188318));
#49640=DIRECTION('',(0.,0.,-1.));
#49650=VECTOR('',#49640,1.);
#49660=LINE('',#49630,#49650);
#49670=CARTESIAN_POINT('',(18.1836462030948,41.0002563333335,
-42.2232861188318));
#49680=VERTEX_POINT('',#49670);
#49690=EDGE_CURVE('',#47590,#49680,#49660,.T.);
#49700=ORIENTED_EDGE('',*,*,#49690,.F.);
#49710=CARTESIAN_POINT('',(18.1836462030948,43.776923,-42.2232861188318)
);
#49720=DIRECTION('',(1.4210854715202E-14,-1.,0.));
#49730=VECTOR('',#49720,1.);
#49740=LINE('',#49710,#49730);
#49750=CARTESIAN_POINT('',(18.1836462030948,41.3142246411302,
-42.2232861188318));
#49760=VERTEX_POINT('',#49750);
#49770=EDGE_CURVE('',#49760,#49680,#49740,.T.);
#49780=ORIENTED_EDGE('',*,*,#49770,.T.);
#49790=CARTESIAN_POINT('',(18.1836462030948,41.3142246411302,
-42.4732861188318));
#49800=DIRECTION('',(0.,0.,-1.));
#49810=VECTOR('',#49800,1.);
#49820=LINE('',#49790,#49810);
#49830=CARTESIAN_POINT('',(18.1836462030948,41.3142246411302,
-42.7232861188318));
#49840=VERTEX_POINT('',#49830);
#49850=EDGE_CURVE('',#49760,#49840,#49820,.T.);
#49860=ORIENTED_EDGE('',*,*,#49850,.F.);
#49870=CARTESIAN_POINT('',(18.1836462030948,43.776923,-42.7232861188318)
);
#49880=DIRECTION('',(-1.4210854715202E-14,1.,0.));
#49890=VECTOR('',#49880,1.);
#49900=LINE('',#49870,#49890);
#49910=CARTESIAN_POINT('',(18.1836462030948,41.0002563333335,
-42.7232861188318));
#49920=VERTEX_POINT('',#49910);
#49930=EDGE_CURVE('',#49920,#49840,#49900,.T.);
#49940=ORIENTED_EDGE('',*,*,#49930,.T.);
#49950=CARTESIAN_POINT('',(18.1836462030948,41.0002563333335,
-42.4732861188318));
#49960=DIRECTION('',(0.,0.,-1.));
#49970=VECTOR('',#49960,1.);
#49980=LINE('',#49950,#49970);
#49990=CARTESIAN_POINT('',(18.1836462030948,41.0002563333335,
-43.4232861188318));
#50000=VERTEX_POINT('',#49990);
#50010=EDGE_CURVE('',#49920,#50000,#49980,.T.);
#50020=ORIENTED_EDGE('',*,*,#50010,.F.);
#50030=CARTESIAN_POINT('',(18.1836462030948,43.776923,-43.4232861188318)
);
#50040=DIRECTION('',(1.4210854715202E-14,-1.,0.));
#50050=VECTOR('',#50040,1.);
#50060=LINE('',#50030,#50050);
#50070=CARTESIAN_POINT('',(18.1836462030948,42.7196716958009,
-43.4232861188318));
#50080=VERTEX_POINT('',#50070);
#50090=EDGE_CURVE('',#50080,#50000,#50060,.T.);
#50100=ORIENTED_EDGE('',*,*,#50090,.T.);
#50110=CARTESIAN_POINT('',(18.1836462030948,42.7196716958009,
-43.7432861188318));
#50120=DIRECTION('',(0.,0.,-1.));
#50130=VECTOR('',#50120,1.);
#50140=LINE('',#50110,#50130);
#50150=CARTESIAN_POINT('',(18.1836462030948,42.7196716958009,
-44.0632861188318));
#50160=VERTEX_POINT('',#50150);
#50170=EDGE_CURVE('',#50080,#50160,#50140,.T.);
#50180=ORIENTED_EDGE('',*,*,#50170,.F.);
#50190=CARTESIAN_POINT('',(18.1836462030948,43.7769229999999,
-44.0632861188318));
#50200=DIRECTION('',(-1.4210854715202E-14,1.,0.));
#50210=VECTOR('',#50200,1.);
#50220=LINE('',#50190,#50210);
#50230=CARTESIAN_POINT('',(18.1836462030948,41.0002563333335,
-44.0632861188318));
#50240=VERTEX_POINT('',#50230);
#50250=EDGE_CURVE('',#50240,#50160,#50220,.T.);
#50260=ORIENTED_EDGE('',*,*,#50250,.T.);
#50270=CARTESIAN_POINT('',(18.1836462030948,41.0002563333335,
-45.0132861188318));
#50280=DIRECTION('',(0.,0.,-1.));
#50290=VECTOR('',#50280,1.);
#50300=LINE('',#50270,#50290);
#50310=CARTESIAN_POINT('',(18.1836462030948,41.0002563333335,
-44.7632861188318));
#50320=VERTEX_POINT('',#50310);
#50330=EDGE_CURVE('',#50240,#50320,#50300,.T.);
#50340=ORIENTED_EDGE('',*,*,#50330,.F.);
#50350=CARTESIAN_POINT('',(18.1836462030948,43.776923,-44.7632861188318)
);
#50360=DIRECTION('',(1.4210854715202E-14,-1.,0.));
#50370=VECTOR('',#50360,1.);
#50380=LINE('',#50350,#50370);
#50390=CARTESIAN_POINT('',(18.1836462030948,41.3142246411302,
-44.7632861188318));
#50400=VERTEX_POINT('',#50390);
#50410=EDGE_CURVE('',#50400,#50320,#50380,.T.);
#50420=ORIENTED_EDGE('',*,*,#50410,.T.);
#50430=CARTESIAN_POINT('',(18.1836462030948,41.3142246411302,
-45.0132861188318));
#50440=DIRECTION('',(0.,0.,-1.));
#50450=VECTOR('',#50440,1.);
#50460=LINE('',#50430,#50450);
#50470=CARTESIAN_POINT('',(18.1836462030948,41.3142246411302,
-45.2632861188318));
#50480=VERTEX_POINT('',#50470);
#50490=EDGE_CURVE('',#50400,#50480,#50460,.T.);
#50500=ORIENTED_EDGE('',*,*,#50490,.F.);
#50510=CARTESIAN_POINT('',(18.1836462030948,43.776923,-45.2632861188318)
);
#50520=DIRECTION('',(-1.4210854715202E-14,1.,0.));
#50530=VECTOR('',#50520,1.);
#50540=LINE('',#50510,#50530);
#50550=CARTESIAN_POINT('',(18.1836462030948,41.0002563333335,
-45.2632861188318));
#50560=VERTEX_POINT('',#50550);
#50570=EDGE_CURVE('',#50560,#50480,#50540,.T.);
#50580=ORIENTED_EDGE('',*,*,#50570,.T.);
#50590=CARTESIAN_POINT('',(18.1836462030948,41.0002563333335,
-45.0132861188318));
#50600=DIRECTION('',(0.,0.,-1.));
#50610=VECTOR('',#50600,1.);
#50620=LINE('',#50590,#50610);
#50630=CARTESIAN_POINT('',(18.1836462030948,41.0002563333335,
-45.9632861188318));
#50640=VERTEX_POINT('',#50630);
#50650=EDGE_CURVE('',#50560,#50640,#50620,.T.);
#50660=ORIENTED_EDGE('',*,*,#50650,.F.);
#50670=CARTESIAN_POINT('',(18.1836462030948,43.776923,-45.9632861188318)
);
#50680=DIRECTION('',(1.4210854715202E-14,-1.,0.));
#50690=VECTOR('',#50680,1.);
#50700=LINE('',#50670,#50690);
#50710=CARTESIAN_POINT('',(18.1836462030948,42.7196716958009,
-45.9632861188318));
#50720=VERTEX_POINT('',#50710);
#50730=EDGE_CURVE('',#50720,#50640,#50700,.T.);
#50740=ORIENTED_EDGE('',*,*,#50730,.T.);
#50750=CARTESIAN_POINT('',(18.1836462030948,42.7196716958009,
-46.2832861188318));
#50760=DIRECTION('',(0.,0.,-1.));
#50770=VECTOR('',#50760,1.);
#50780=LINE('',#50750,#50770);
#50790=CARTESIAN_POINT('',(18.1836462030948,42.7196716958009,
-46.6032861188318));
#50800=VERTEX_POINT('',#50790);
#50810=EDGE_CURVE('',#50720,#50800,#50780,.T.);
#50820=ORIENTED_EDGE('',*,*,#50810,.F.);
#50830=CARTESIAN_POINT('',(18.1836462030948,43.776923,-46.6032861188318)
);
#50840=DIRECTION('',(1.4210854715202E-14,-1.,0.));
#50850=VECTOR('',#50840,1.);
#50860=LINE('',#50830,#50850);
#50870=EDGE_CURVE('',#50800,#47880,#50860,.T.);
#50880=ORIENTED_EDGE('',*,*,#50870,.F.);
#50890=EDGE_LOOP('',(#50880,#50820,#50740,#50660,#50580,#50500,#50420,
#50340,#50260,#50180,#50100,#50020,#49940,#49860,#49780,#49700,#49620,
#49610,#49600,#49540,#49460,#49380,#49300,#49290,#49230,#49150,#49070,
#49060,#49000,#48920,#48840,#48830,#48820,#48810,#48800,#48790,#48780,
#48770,#48760,#48750,#48740,#48680,#48670,#48610,#48530,#48450,#48440,
#48380,#48300,#48220,#48210,#48150,#48070,#47990,#47980,#47920));
#50900=FACE_OUTER_BOUND('',#50890,.T.);
#50910=ADVANCED_FACE('',(#50900),#47820,.T.);
#50920=CARTESIAN_POINT('',(21.8836462030946,42.570256333334,
-45.9632861188318));
#50930=DIRECTION('',(0.,0.,-1.));
#50940=DIRECTION('',(1.,0.,0.));
#50950=AXIS2_PLACEMENT_3D('',#50920,#50930,#50940);
#50960=PLANE('',#50950);
#50970=CARTESIAN_POINT('',(18.4236462030946,43.776923,-45.9632861188318)
);
#50980=DIRECTION('',(-1.4210854715202E-14,1.,0.));
#50990=VECTOR('',#50980,1.);
#51000=LINE('',#50970,#50990);
#51010=CARTESIAN_POINT('',(18.4236462030946,39.1002563333336,
-45.9632861188318));
#51020=VERTEX_POINT('',#51010);
#51030=CARTESIAN_POINT('',(18.4236462030946,41.0002563333335,
-45.9632861188318));
#51040=VERTEX_POINT('',#51030);
#51050=EDGE_CURVE('',#51020,#51040,#51000,.T.);
#51060=ORIENTED_EDGE('',*,*,#51050,.T.);
#51070=CARTESIAN_POINT('',(29.8169795364281,39.1002563333336,
-45.9632861188318));
#51080=DIRECTION('',(1.,0.,0.));
#51090=VECTOR('',#51080,1.);
#51100=LINE('',#51070,#51090);
#51110=CARTESIAN_POINT('',(17.7836462030947,39.1002563333336,
-45.9632861188318));
#51120=VERTEX_POINT('',#51110);
#51130=EDGE_CURVE('',#51120,#51020,#51100,.T.);
#51140=ORIENTED_EDGE('',*,*,#51130,.T.);
#51150=CARTESIAN_POINT('',(17.7836462030947,43.776923,-45.9632861188318)
);
#51160=DIRECTION('',(0.,1.,0.));
#51170=VECTOR('',#51160,1.);
#51180=LINE('',#51150,#51170);
#51190=CARTESIAN_POINT('',(17.7836462030947,41.950256333334,
-45.9632861188318));
#51200=VERTEX_POINT('',#51190);
#51210=EDGE_CURVE('',#51120,#51200,#51180,.T.);
#51220=ORIENTED_EDGE('',*,*,#51210,.F.);
#51230=CARTESIAN_POINT('',(18.7236462030947,41.950256333334,
-45.9632861188318));
#51240=DIRECTION('',(0.,0.,-1.));
#51250=DIRECTION('',(0.,1.,0.));
#51260=AXIS2_PLACEMENT_3D('',#51230,#51240,#51250);
#51270=CIRCLE('',#51260,0.94);
#51280=EDGE_CURVE('',#51200,#50720,#51270,.T.);
#51290=ORIENTED_EDGE('',*,*,#51280,.F.);
#51300=ORIENTED_EDGE('',*,*,#50730,.F.);
#51310=CARTESIAN_POINT('',(29.8169795364281,41.0002563333337,
-45.9632861188318));
#51320=DIRECTION('',(1.,1.4210854715202E-14,0.));
#51330=VECTOR('',#51320,1.);
#51340=LINE('',#51310,#51330);
#51350=EDGE_CURVE('',#50640,#51040,#51340,.T.);
#51360=ORIENTED_EDGE('',*,*,#51350,.F.);
#51370=EDGE_LOOP('',(#51360,#51300,#51290,#51220,#51140,#51060));
#51380=FACE_OUTER_BOUND('',#51370,.T.);
#51390=ADVANCED_FACE('',(#51380),#50960,.F.);
#51400=COLOUR_RGB('',1.,0.843137323856354,0.);
#51410=FILL_AREA_STYLE_COLOUR('',#51400);
#51420=FILL_AREA_STYLE('',(#51410));
#51430=SURFACE_STYLE_FILL_AREA(#51420);
#51440=SURFACE_SIDE_STYLE('',(#51430));
#51450=SURFACE_STYLE_USAGE(.BOTH.,#51440);
#51460=PRESENTATION_STYLE_ASSIGNMENT((#51450));
#51470=CARTESIAN_POINT('',(18.1036462030946,38.8502563333336,
-46.0607861188318));
#51480=DIRECTION('',(0.,-0.363345276491644,0.931654555106779));
#51490=DIRECTION('',(0.,0.931654555106779,0.363345276491644));
#51500=AXIS2_PLACEMENT_3D('',#51470,#51480,#51490);
#51510=PLANE('',#51500);
#51520=CARTESIAN_POINT('',(17.1986462030947,40.6002563333335,
-45.3782861188318));
#51530=DIRECTION('',(-0.341501416245907,0.875644657040788,
0.341501416245907));
#51540=VECTOR('',#51530,1.);
#51550=LINE('',#51520,#51540);
#51560=CARTESIAN_POINT('',(17.9786462030946,38.6002563333336,
-46.1582861188318));
#51570=VERTEX_POINT('',#51560);
#51580=EDGE_CURVE('',#51570,#51120,#51550,.T.);
#51590=ORIENTED_EDGE('',*,*,#51580,.F.);
#51600=ORIENTED_EDGE('',*,*,#51130,.F.);
#51610=CARTESIAN_POINT('',(19.0086462030946,40.6002563333335,
-45.3782861188318));
#51620=DIRECTION('',(-0.341501416245907,-0.875644657040788,
-0.341501416245907));
#51630=VECTOR('',#51620,1.);
#51640=LINE('',#51610,#51630);
#51650=CARTESIAN_POINT('',(18.2286462030946,38.6002563333336,
-46.1582861188318));
#51660=VERTEX_POINT('',#51650);
#51670=EDGE_CURVE('',#51020,#51660,#51640,.T.);
#51680=ORIENTED_EDGE('',*,*,#51670,.F.);
#51690=CARTESIAN_POINT('',(18.1036462030946,38.6002563333336,
-46.1582861188318));
#51700=DIRECTION('',(-1.,0.,0.));
#51710=VECTOR('',#51700,1.);
#51720=LINE('',#51690,#51710);
#51730=EDGE_CURVE('',#51660,#51570,#51720,.T.);
#51740=ORIENTED_EDGE('',*,*,#51730,.F.);
#51750=EDGE_LOOP('',(#51740,#51680,#51600,#51590));
#51760=FACE_OUTER_BOUND('',#51750,.T.);
#51770=ADVANCED_FACE('',(#51760),#51510,.T.);
#51780=COLOUR_RGB('',1.,0.843137323856354,0.);
#51790=FILL_AREA_STYLE_COLOUR('',#51780);
#51800=FILL_AREA_STYLE('',(#51790));
#51810=SURFACE_STYLE_FILL_AREA(#51800);
#51820=SURFACE_SIDE_STYLE('',(#51810));
#51830=SURFACE_STYLE_USAGE(.BOTH.,#51820);
#51840=PRESENTATION_STYLE_ASSIGNMENT((#51830));
#51850=CARTESIAN_POINT('',(17.7836462030948,41.3002563333335,
-44.7632861188318));
#51860=DIRECTION('',(-0.034899496702501,0.999390827019096,0.));
#51870=DIRECTION('',(0.,0.,1.));
#51880=AXIS2_PLACEMENT_3D('',#51850,#51860,#51870);
#51890=PLANE('',#51880);
#51900=CARTESIAN_POINT('',(29.8169795364281,41.7204695928842,
-45.2632861188318));
#51910=DIRECTION('',(0.999390827019096,0.034899496702501,0.));
#51920=VECTOR('',#51910,1.);
#51930=LINE('',#51900,#51920);
#51940=CARTESIAN_POINT('',(17.7836462030948,41.3002563333335,
-45.2632861188318));
#51950=VERTEX_POINT('',#51940);
#51960=EDGE_CURVE('',#51950,#50480,#51930,.T.);
#51970=ORIENTED_EDGE('',*,*,#51960,.F.);
#51980=ORIENTED_EDGE('',*,*,#50490,.T.);
#51990=CARTESIAN_POINT('',(29.8169795364281,41.7204695928842,
-44.7632861188318));
#52000=DIRECTION('',(0.999390827019096,0.034899496702501,0.));
#52010=VECTOR('',#52000,1.);
#52020=LINE('',#51990,#52010);
#52030=CARTESIAN_POINT('',(17.7836462030948,41.3002563333335,
-44.7632861188318));
#52040=VERTEX_POINT('',#52030);
#52050=EDGE_CURVE('',#52040,#50400,#52020,.T.);
#52060=ORIENTED_EDGE('',*,*,#52050,.T.);
#52070=CARTESIAN_POINT('',(17.7836462030948,41.3002563333335,
-39.9332861188318));
#52080=DIRECTION('',(0.,0.,-1.));
#52090=VECTOR('',#52080,1.);
#52100=LINE('',#52070,#52090);
#52110=EDGE_CURVE('',#52040,#51950,#52100,.T.);
#52120=ORIENTED_EDGE('',*,*,#52110,.F.);
#52130=EDGE_LOOP('',(#52120,#52060,#51980,#51970));
#52140=FACE_OUTER_BOUND('',#52130,.T.);
#52150=ADVANCED_FACE('',(#52140),#51890,.T.);
#52160=CARTESIAN_POINT('',(19.3736462030946,40.6002563333335,
-45.2632861188318));
#52170=DIRECTION('',(0.,-0.,1.));
#52180=DIRECTION('',(1.,1.4210854715202E-14,0.));
#52190=AXIS2_PLACEMENT_3D('',#52160,#52170,#52180);
#52200=PLANE('',#52190);
#52210=ORIENTED_EDGE('',*,*,#50570,.F.);
#52220=ORIENTED_EDGE('',*,*,#51960,.T.);
#52230=CARTESIAN_POINT('',(17.7836462030948,43.776923,-45.2632861188318)
);
#52240=DIRECTION('',(0.,-1.,-0.));
#52250=VECTOR('',#52240,1.);
#52260=LINE('',#52230,#52250);
#52270=EDGE_CURVE('',#51950,#2420,#52260,.T.);
#52280=ORIENTED_EDGE('',*,*,#52270,.F.);
#52290=ORIENTED_EDGE('',*,*,#2430,.F.);
#52300=CARTESIAN_POINT('',(19.9836462030952,4.2632564145606E-14,
-45.2632861188318));
#52310=DIRECTION('',(-1.4210854715202E-14,1.,0.));
#52320=VECTOR('',#52310,1.);
#52330=LINE('',#52300,#52320);
#52340=CARTESIAN_POINT('',(19.9836462030946,41.0002563333335,
-45.2632861188318));
#52350=VERTEX_POINT('',#52340);
#52360=EDGE_CURVE('',#2340,#52350,#52330,.T.);
#52370=ORIENTED_EDGE('',*,*,#52360,.F.);
#52380=CARTESIAN_POINT('',(-2.8421709430404E-14,41.0002563333332,
-45.2632861188318));
#52390=DIRECTION('',(1.,1.4210854715202E-14,0.));
#52400=VECTOR('',#52390,1.);
#52410=LINE('',#52380,#52400);
#52420=EDGE_CURVE('',#50560,#52350,#52410,.T.);
#52430=ORIENTED_EDGE('',*,*,#52420,.T.);
#52440=EDGE_LOOP('',(#52430,#52370,#52290,#52280,#52220,#52210));
#52450=FACE_OUTER_BOUND('',#52440,.T.);
#52460=ADVANCED_FACE('',(#52450),#52200,.F.);
#52470=CARTESIAN_POINT('',(16.102266656755,40.6002563333334,
-44.7632861188318));
#52480=DIRECTION('',(-0.,0.,-1.));
#52490=DIRECTION('',(-1.,-1.4210854715202E-14,0.));
#52500=AXIS2_PLACEMENT_3D('',#52470,#52480,#52490);
#52510=PLANE('',#52500);
#52520=ORIENTED_EDGE('',*,*,#2590,.T.);
#52530=CARTESIAN_POINT('',(17.7836462030948,43.776923,-44.7632861188318)
);
#52540=DIRECTION('',(0.,1.,0.));
#52550=VECTOR('',#52540,1.);
#52560=LINE('',#52530,#52550);
#52570=EDGE_CURVE('',#2500,#52040,#52560,.T.);
#52580=ORIENTED_EDGE('',*,*,#52570,.F.);
#52590=ORIENTED_EDGE('',*,*,#52050,.F.);
#52600=ORIENTED_EDGE('',*,*,#50410,.F.);
#52610=CARTESIAN_POINT('',(-2.8421709430404E-14,41.0002563333332,
-44.7632861188318));
#52620=DIRECTION('',(-1.,-1.4210854715202E-14,0.));
#52630=VECTOR('',#52620,1.);
#52640=LINE('',#52610,#52630);
#52650=CARTESIAN_POINT('',(19.9836462030946,41.0002563333335,
-44.7632861188318));
#52660=VERTEX_POINT('',#52650);
#52670=EDGE_CURVE('',#52660,#50320,#52640,.T.);
#52680=ORIENTED_EDGE('',*,*,#52670,.T.);
#52690=CARTESIAN_POINT('',(19.9836462030952,3.5527136788005E-14,
-44.7632861188318));
#52700=DIRECTION('',(-1.4210854715202E-14,1.,0.));
#52710=VECTOR('',#52700,1.);
#52720=LINE('',#52690,#52710);
#52730=EDGE_CURVE('',#2580,#52660,#52720,.T.);
#52740=ORIENTED_EDGE('',*,*,#52730,.T.);
#52750=EDGE_LOOP('',(#52740,#52680,#52600,#52590,#52580,#52520));
#52760=FACE_OUTER_BOUND('',#52750,.T.);
#52770=ADVANCED_FACE('',(#52760),#52510,.F.);
#52780=CARTESIAN_POINT('',(18.3261462030947,38.8502563333336,
-43.7432861188318));
#52790=DIRECTION('',(0.931654555106779,-0.363345276491644,0.));
#52800=DIRECTION('',(0.363345276491644,0.931654555106779,0.));
#52810=AXIS2_PLACEMENT_3D('',#52780,#52790,#52800);
#52820=PLANE('',#52810);
#52830=CARTESIAN_POINT('',(19.0086462030946,40.6002563333335,
-42.8382861188318));
#52840=DIRECTION('',(-0.341501416245907,-0.875644657040788,
-0.341501416245907));
#52850=VECTOR('',#52840,1.);
#52860=LINE('',#52830,#52850);
#52870=CARTESIAN_POINT('',(18.4236462030946,39.1002563333336,
-43.4232861188318));
#52880=VERTEX_POINT('',#52870);
#52890=CARTESIAN_POINT('',(18.2286462030946,38.6002563333336,
-43.6182861188318));
#52900=VERTEX_POINT('',#52890);
#52910=EDGE_CURVE('',#52880,#52900,#52860,.T.);
#52920=ORIENTED_EDGE('',*,*,#52910,.T.);
#52930=CARTESIAN_POINT('',(18.4236462030947,39.1002563333336,
-42.4732861188318));
#52940=DIRECTION('',(0.,0.,-1.));
#52950=VECTOR('',#52940,1.);
#52960=LINE('',#52930,#52950);
#52970=CARTESIAN_POINT('',(18.4236462030947,39.1002563333336,
-44.0632861188318));
#52980=VERTEX_POINT('',#52970);
#52990=EDGE_CURVE('',#52880,#52980,#52960,.T.);
#53000=ORIENTED_EDGE('',*,*,#52990,.F.);
#53010=CARTESIAN_POINT('',(19.0086462030946,40.6002563333335,
-44.6482861188318));
#53020=DIRECTION('',(0.341501416245907,0.875644657040788,
-0.341501416245907));
#53030=VECTOR('',#53020,1.);
#53040=LINE('',#53010,#53030);
#53050=CARTESIAN_POINT('',(18.2286462030946,38.6002563333336,
-43.8682861188318));
#53060=VERTEX_POINT('',#53050);
#53070=EDGE_CURVE('',#53060,#52980,#53040,.T.);
#53080=ORIENTED_EDGE('',*,*,#53070,.T.);
#53090=CARTESIAN_POINT('',(18.2286462030946,38.6002563333336,
-43.7432861188318));
#53100=DIRECTION('',(0.,0.,1.));
#53110=VECTOR('',#53100,1.);
#53120=LINE('',#53090,#53110);
#53130=EDGE_CURVE('',#53060,#52900,#53120,.T.);
#53140=ORIENTED_EDGE('',*,*,#53130,.F.);
#53150=EDGE_LOOP('',(#53140,#53080,#53000,#52920));
#53160=FACE_OUTER_BOUND('',#53150,.T.);
#53170=ADVANCED_FACE('',(#53160),#52820,.T.);
#53180=COLOUR_RGB('',1.,0.843137323856354,0.);
#53190=FILL_AREA_STYLE_COLOUR('',#53180);
#53200=FILL_AREA_STYLE('',(#53190));
#53210=SURFACE_STYLE_FILL_AREA(#53200);
#53220=SURFACE_SIDE_STYLE('',(#53210));
#53230=SURFACE_STYLE_USAGE(.BOTH.,#53220);
#53240=PRESENTATION_STYLE_ASSIGNMENT((#53230));
#53250=CARTESIAN_POINT('',(19.0536462030946,38.6002563333336,
-43.5832861188318));
#53260=DIRECTION('',(0.,-1.,0.));
#53270=DIRECTION('',(1.,0.,0.));
#53280=AXIS2_PLACEMENT_3D('',#53250,#53260,#53270);
#53290=PLANE('',#53280);
#53300=CARTESIAN_POINT('',(18.2011462030947,38.6002563333336,
-43.8682861188318));
#53310=DIRECTION('',(1.,0.,0.));
#53320=VECTOR('',#53310,1.);
#53330=LINE('',#53300,#53320);
#53340=CARTESIAN_POINT('',(17.9786462030946,38.6002563333336,
-43.8682861188318));
#53350=VERTEX_POINT('',#53340);
#53360=EDGE_CURVE('',#53350,#53060,#53330,.T.);
#53370=ORIENTED_EDGE('',*,*,#53360,.T.);
#53380=CARTESIAN_POINT('',(17.9786462030946,38.6002563333336,
-43.8407861188318));
#53390=DIRECTION('',(0.,0.,-1.));
#53400=VECTOR('',#53390,1.);
#53410=LINE('',#53380,#53400);
#53420=CARTESIAN_POINT('',(17.9786462030946,38.6002563333336,
-43.6182861188318));
#53430=VERTEX_POINT('',#53420);
#53440=EDGE_CURVE('',#53430,#53350,#53410,.T.);
#53450=ORIENTED_EDGE('',*,*,#53440,.T.);
#53460=CARTESIAN_POINT('',(18.1036462030946,38.6002563333336,
-43.6182861188318));
#53470=DIRECTION('',(-1.,0.,0.));
#53480=VECTOR('',#53470,1.);
#53490=LINE('',#53460,#53480);
#53500=EDGE_CURVE('',#52900,#53430,#53490,.T.);
#53510=ORIENTED_EDGE('',*,*,#53500,.T.);
#53520=ORIENTED_EDGE('',*,*,#53130,.T.);
#53530=EDGE_LOOP('',(#53520,#53510,#53450,#53370));
#53540=FACE_OUTER_BOUND('',#53530,.T.);
#53550=ADVANCED_FACE('',(#53540),#53290,.T.);
#53560=COLOUR_RGB('',1.,0.843137323856354,0.);
#53570=FILL_AREA_STYLE_COLOUR('',#53560);
#53580=FILL_AREA_STYLE('',(#53570));
#53590=SURFACE_STYLE_FILL_AREA(#53580);
#53600=SURFACE_SIDE_STYLE('',(#53590));
#53610=SURFACE_STYLE_USAGE(.BOTH.,#53600);
#53620=PRESENTATION_STYLE_ASSIGNMENT((#53610));
#53630=CARTESIAN_POINT('',(17.8811462030947,38.8502563333336,
-43.8407861188318));
#53640=DIRECTION('',(-0.931654555106779,-0.363345276491644,-0.));
#53650=DIRECTION('',(-0.363345276491644,0.931654555106779,0.));
#53660=AXIS2_PLACEMENT_3D('',#53630,#53640,#53650);
#53670=PLANE('',#53660);
#53680=CARTESIAN_POINT('',(17.1986462030947,40.6002563333335,
-44.6482861188318));
#53690=DIRECTION('',(-0.341501416245907,0.875644657040788,
-0.341501416245907));
#53700=VECTOR('',#53690,1.);
#53710=LINE('',#53680,#53700);
#53720=CARTESIAN_POINT('',(17.7836462030947,39.1002563333336,
-44.0632861188318));
#53730=VERTEX_POINT('',#53720);
#53740=EDGE_CURVE('',#53350,#53730,#53710,.T.);
#53750=ORIENTED_EDGE('',*,*,#53740,.F.);
#53760=CARTESIAN_POINT('',(17.7836462030947,39.1002563333335,
-42.4732861188318));
#53770=DIRECTION('',(0.,0.,1.));
#53780=VECTOR('',#53770,1.);
#53790=LINE('',#53760,#53780);
#53800=CARTESIAN_POINT('',(17.7836462030947,39.1002563333336,
-43.4232861188318));
#53810=VERTEX_POINT('',#53800);
#53820=EDGE_CURVE('',#53730,#53810,#53790,.T.);
#53830=ORIENTED_EDGE('',*,*,#53820,.F.);
#53840=CARTESIAN_POINT('',(17.1986462030947,40.6002563333335,
-42.8382861188318));
#53850=DIRECTION('',(-0.341501416245907,0.875644657040788,
0.341501416245907));
#53860=VECTOR('',#53850,1.);
#53870=LINE('',#53840,#53860);
#53880=EDGE_CURVE('',#53430,#53810,#53870,.T.);
#53890=ORIENTED_EDGE('',*,*,#53880,.T.);
#53900=ORIENTED_EDGE('',*,*,#53440,.F.);
#53910=EDGE_LOOP('',(#53900,#53890,#53830,#53750));
#53920=FACE_OUTER_BOUND('',#53910,.T.);
#53930=ADVANCED_FACE('',(#53920),#53670,.T.);
#53940=COLOUR_RGB('',1.,0.843137323856354,0.);
#53950=FILL_AREA_STYLE_COLOUR('',#53940);
#53960=FILL_AREA_STYLE('',(#53950));
#53970=SURFACE_STYLE_FILL_AREA(#53960);
#53980=SURFACE_SIDE_STYLE('',(#53970));
#53990=SURFACE_STYLE_USAGE(.BOTH.,#53980);
#54000=PRESENTATION_STYLE_ASSIGNMENT((#53990));
#54010=CARTESIAN_POINT('',(17.7836462030947,41.950256333334,
-44.0632861188318));
#54020=DIRECTION('',(1.,0.,0.));
#54030=DIRECTION('',(0.,1.,0.));
#54040=AXIS2_PLACEMENT_3D('',#54010,#54020,#54030);
#54050=PLANE('',#54040);
#54060=CARTESIAN_POINT('',(17.7836462030947,43.776923,-44.0632861188318)
);
#54070=DIRECTION('',(0.,-1.,-0.));
#54080=VECTOR('',#54070,1.);
#54090=LINE('',#54060,#54080);
#54100=CARTESIAN_POINT('',(17.7836462030947,41.950256333334,
-44.0632861188318));
#54110=VERTEX_POINT('',#54100);
#54120=EDGE_CURVE('',#54110,#53730,#54090,.T.);
#54130=ORIENTED_EDGE('',*,*,#54120,.T.);
#54140=CARTESIAN_POINT('',(17.7836462030947,41.950256333334,
-43.4232829273424));
#54150=DIRECTION('',(0.,0.,-1.));
#54160=VECTOR('',#54150,1.);
#54170=LINE('',#54140,#54160);
#54180=CARTESIAN_POINT('',(17.7836462030947,41.950256333334,
-43.4232861188318));
#54190=VERTEX_POINT('',#54180);
#54200=EDGE_CURVE('',#54190,#54110,#54170,.T.);
#54210=ORIENTED_EDGE('',*,*,#54200,.T.);
#54220=CARTESIAN_POINT('',(17.7836462030947,43.776923,-43.4232861188318)
);
#54230=DIRECTION('',(0.,1.,0.));
#54240=VECTOR('',#54230,1.);
#54250=LINE('',#54220,#54240);
#54260=EDGE_CURVE('',#53810,#54190,#54250,.T.);
#54270=ORIENTED_EDGE('',*,*,#54260,.T.);
#54280=ORIENTED_EDGE('',*,*,#53820,.T.);
#54290=EDGE_LOOP('',(#54280,#54270,#54210,#54130));
#54300=FACE_OUTER_BOUND('',#54290,.T.);
#54310=ADVANCED_FACE('',(#54300),#54050,.F.);
#54320=COLOUR_RGB('',1.,0.843137323856354,0.);
#54330=FILL_AREA_STYLE_COLOUR('',#54320);
#54340=FILL_AREA_STYLE('',(#54330));
#54350=SURFACE_STYLE_FILL_AREA(#54340);
#54360=SURFACE_SIDE_STYLE('',(#54350));
#54370=SURFACE_STYLE_USAGE(.BOTH.,#54360);
#54380=PRESENTATION_STYLE_ASSIGNMENT((#54370));
#54390=CARTESIAN_POINT('',(18.7236462030947,41.950256333334,
-43.7432861188318));
#54400=DIRECTION('',(0.,0.,-1.));
#54410=DIRECTION('',(0.,1.,0.));
#54420=AXIS2_PLACEMENT_3D('',#54390,#54400,#54410);
#54430=CYLINDRICAL_SURFACE('',#54420,0.94);
#54440=CARTESIAN_POINT('',(18.7236462030947,41.950256333334,
-44.0632861188318));
#54450=DIRECTION('',(0.,0.,-1.));
#54460=DIRECTION('',(0.,1.,0.));
#54470=AXIS2_PLACEMENT_3D('',#54440,#54450,#54460);
#54480=CIRCLE('',#54470,0.94);
#54490=EDGE_CURVE('',#54110,#50160,#54480,.T.);
#54500=ORIENTED_EDGE('',*,*,#54490,.F.);
#54510=ORIENTED_EDGE('',*,*,#50170,.T.);
#54520=CARTESIAN_POINT('',(18.7236462030947,41.950256333334,
-43.4232861188318));
#54530=DIRECTION('',(0.,0.,-1.));
#54540=DIRECTION('',(0.,1.,0.));
#54550=AXIS2_PLACEMENT_3D('',#54520,#54530,#54540);
#54560=CIRCLE('',#54550,0.94);
#54570=EDGE_CURVE('',#54190,#50080,#54560,.T.);
#54580=ORIENTED_EDGE('',*,*,#54570,.T.);
#54590=ORIENTED_EDGE('',*,*,#54200,.F.);
#54600=EDGE_LOOP('',(#54590,#54580,#54510,#54500));
#54610=FACE_OUTER_BOUND('',#54600,.T.);
#54620=ADVANCED_FACE('',(#54610),#54430,.T.);
#54630=COLOUR_RGB('',1.,0.843137323856354,0.);
#54640=FILL_AREA_STYLE_COLOUR('',#54630);
#54650=FILL_AREA_STYLE('',(#54640));
#54660=SURFACE_STYLE_FILL_AREA(#54650);
#54670=SURFACE_SIDE_STYLE('',(#54660));
#54680=SURFACE_STYLE_USAGE(.BOTH.,#54670);
#54690=PRESENTATION_STYLE_ASSIGNMENT((#54680));
#54700=CARTESIAN_POINT('',(21.8836462030946,42.570256333334,
-44.0632861188318));
#54710=DIRECTION('',(0.,0.,-1.));
#54720=DIRECTION('',(1.,0.,0.));
#54730=AXIS2_PLACEMENT_3D('',#54700,#54710,#54720);
#54740=PLANE('',#54730);
#54750=ORIENTED_EDGE('',*,*,#54490,.T.);
#54760=ORIENTED_EDGE('',*,*,#54120,.F.);
#54770=CARTESIAN_POINT('',(29.8169795364281,39.1002563333336,
-44.0632861188318));
#54780=DIRECTION('',(-1.,0.,0.));
#54790=VECTOR('',#54780,1.);
#54800=LINE('',#54770,#54790);
#54810=EDGE_CURVE('',#52980,#53730,#54800,.T.);
#54820=ORIENTED_EDGE('',*,*,#54810,.T.);
#54830=CARTESIAN_POINT('',(18.4236462030947,43.776923,-44.0632861188318)
);
#54840=DIRECTION('',(0.,-1.,-0.));
#54850=VECTOR('',#54840,1.);
#54860=LINE('',#54830,#54850);
#54870=CARTESIAN_POINT('',(18.4236462030947,41.0002563333335,
-44.0632861188318));
#54880=VERTEX_POINT('',#54870);
#54890=EDGE_CURVE('',#54880,#52980,#54860,.T.);
#54900=ORIENTED_EDGE('',*,*,#54890,.T.);
#54910=CARTESIAN_POINT('',(29.8169795364281,41.0002563333336,
-44.0632861188318));
#54920=DIRECTION('',(-1.,-1.4210854715202E-14,0.));
#54930=VECTOR('',#54920,1.);
#54940=LINE('',#54910,#54930);
#54950=EDGE_CURVE('',#54880,#50240,#54940,.T.);
#54960=ORIENTED_EDGE('',*,*,#54950,.F.);
#54970=ORIENTED_EDGE('',*,*,#50250,.F.);
#54980=EDGE_LOOP('',(#54970,#54960,#54900,#54820,#54760,#54750));
#54990=FACE_OUTER_BOUND('',#54980,.T.);
#55000=ADVANCED_FACE('',(#54990),#54740,.T.);
#55010=COLOUR_RGB('',1.,0.843137323856354,0.);
#55020=FILL_AREA_STYLE_COLOUR('',#55010);
#55030=FILL_AREA_STYLE('',(#55020));
#55040=SURFACE_STYLE_FILL_AREA(#55030);
#55050=SURFACE_SIDE_STYLE('',(#55040));
#55060=SURFACE_STYLE_USAGE(.BOTH.,#55050);
#55070=PRESENTATION_STYLE_ASSIGNMENT((#55060));
#55080=CARTESIAN_POINT('',(18.4236462030946,41.0002563333335,
-44.3463861188318));
#55090=DIRECTION('',(-1.,-1.4210854715202E-14,0.));
#55100=DIRECTION('',(0.,0.,1.));
#55110=AXIS2_PLACEMENT_3D('',#55080,#55090,#55100);
#55120=PLANE('',#55110);
#55130=ORIENTED_EDGE('',*,*,#54890,.F.);
#55140=ORIENTED_EDGE('',*,*,#52990,.T.);
#55150=CARTESIAN_POINT('',(18.4236462030946,43.776923,-43.4232861188318)
);
#55160=DIRECTION('',(-1.4210854715202E-14,1.,0.));
#55170=VECTOR('',#55160,1.);
#55180=LINE('',#55150,#55170);
#55190=CARTESIAN_POINT('',(18.4236462030946,41.0002563333335,
-43.4232861188318));
#55200=VERTEX_POINT('',#55190);
#55210=EDGE_CURVE('',#52880,#55200,#55180,.T.);
#55220=ORIENTED_EDGE('',*,*,#55210,.F.);
#55230=CARTESIAN_POINT('',(18.4236462030946,41.0002563333335,
-42.4732861188318));
#55240=DIRECTION('',(0.,0.,1.));
#55250=VECTOR('',#55240,1.);
#55260=LINE('',#55230,#55250);
#55270=EDGE_CURVE('',#54880,#55200,#55260,.T.);
#55280=ORIENTED_EDGE('',*,*,#55270,.T.);
#55290=EDGE_LOOP('',(#55280,#55220,#55140,#55130));
#55300=FACE_OUTER_BOUND('',#55290,.T.);
#55310=ADVANCED_FACE('',(#55300),#55120,.F.);
#55320=COLOUR_RGB('',1.,0.843137323856354,0.);
#55330=FILL_AREA_STYLE_COLOUR('',#55320);
#55340=FILL_AREA_STYLE('',(#55330));
#55350=SURFACE_STYLE_FILL_AREA(#55340);
#55360=SURFACE_SIDE_STYLE('',(#55350));
#55370=SURFACE_STYLE_USAGE(.BOTH.,#55360);
#55380=PRESENTATION_STYLE_ASSIGNMENT((#55370));
#55390=CARTESIAN_POINT('',(21.5336462030948,41.0002563333335,
-55.9332861188318));
#55400=DIRECTION('',(1.4210854715202E-14,-1.,0.));
#55410=DIRECTION('',(0.,0.,-1.));
#55420=AXIS2_PLACEMENT_3D('',#55390,#55400,#55410);
#55430=PLANE('',#55420);
#55440=CARTESIAN_POINT('',(29.8169795364281,41.0002563333337,
-43.4232861188318));
#55450=DIRECTION('',(1.,1.4210854715202E-14,0.));
#55460=VECTOR('',#55450,1.);
#55470=LINE('',#55440,#55460);
#55480=EDGE_CURVE('',#50000,#55200,#55470,.T.);
#55490=ORIENTED_EDGE('',*,*,#55480,.T.);
#55500=ORIENTED_EDGE('',*,*,#50010,.T.);
#55510=CARTESIAN_POINT('',(-2.8421709430404E-14,41.0002563333332,
-42.7232861188318));
#55520=DIRECTION('',(1.,1.4210854715202E-14,0.));
#55530=VECTOR('',#55520,1.);
#55540=LINE('',#55510,#55530);
#55550=CARTESIAN_POINT('',(19.9836462030946,41.0002563333335,
-42.7232861188318));
#55560=VERTEX_POINT('',#55550);
#55570=EDGE_CURVE('',#49920,#55560,#55540,.T.);
#55580=ORIENTED_EDGE('',*,*,#55570,.F.);
#55590=CARTESIAN_POINT('',(19.9836462030946,41.0002563333335,-16.));
#55600=DIRECTION('',(0.,0.,-1.));
#55610=VECTOR('',#55600,1.);
#55620=LINE('',#55590,#55610);
#55630=EDGE_CURVE('',#55560,#52660,#55620,.T.);
#55640=ORIENTED_EDGE('',*,*,#55630,.F.);
#55650=ORIENTED_EDGE('',*,*,#52670,.F.);
#55660=ORIENTED_EDGE('',*,*,#50330,.T.);
#55670=ORIENTED_EDGE('',*,*,#54950,.T.);
#55680=ORIENTED_EDGE('',*,*,#55270,.F.);
#55690=EDGE_LOOP('',(#55680,#55670,#55660,#55650,#55640,#55580,#55500,
#55490));
#55700=FACE_OUTER_BOUND('',#55690,.T.);
#55710=ADVANCED_FACE('',(#55700),#55430,.T.);
#55720=CARTESIAN_POINT('',(17.7836462030948,41.3002563333335,
-37.1432861188318));
#55730=DIRECTION('',(-0.034899496702501,0.999390827019096,0.));
#55740=DIRECTION('',(0.,0.,1.));
#55750=AXIS2_PLACEMENT_3D('',#55720,#55730,#55740);
#55760=PLANE('',#55750);
#55770=CARTESIAN_POINT('',(29.8169795364281,41.7204695928842,
-37.6432861188318));
#55780=DIRECTION('',(0.999390827019096,0.034899496702501,0.));
#55790=VECTOR('',#55780,1.);
#55800=LINE('',#55770,#55790);
#55810=EDGE_CURVE('',#3930,#48900,#55800,.T.);
#55820=ORIENTED_EDGE('',*,*,#55810,.F.);
#55830=ORIENTED_EDGE('',*,*,#48910,.T.);
#55840=ORIENTED_EDGE('',*,*,#44020,.T.);
#55850=ORIENTED_EDGE('',*,*,#4020,.F.);
#55860=EDGE_LOOP('',(#55850,#55840,#55830,#55820));
#55870=FACE_OUTER_BOUND('',#55860,.T.);
#55880=ADVANCED_FACE('',(#55870),#55760,.T.);
#55890=CARTESIAN_POINT('',(24.8836462030948,41.1002563333336,
-45.0132861188318));
#55900=DIRECTION('',(-1.4210854715202E-14,1.,0.));
#55910=DIRECTION('',(1.,1.4210854715202E-14,0.));
#55920=AXIS2_PLACEMENT_3D('',#55890,#55900,#55910);
#55930=PLANE('',#55920);
#55940=CARTESIAN_POINT('',(29.8169795364281,41.1002563333337,
-47.3993467248924));
#55950=DIRECTION('',(0.9999354401368,1.42099372643656E-14,
-0.0113629027288245));
#55960=VECTOR('',#55950,1.);
#55970=LINE('',#55940,#55960);
#55980=CARTESIAN_POINT('',(23.3836462030948,41.1002563333336,
-47.3262406642864));
#55990=VERTEX_POINT('',#55980);
#56000=EDGE_CURVE('',#55990,#7250,#55970,.T.);
#56010=ORIENTED_EDGE('',*,*,#56000,.F.);
#56020=ORIENTED_EDGE('',*,*,#7260,.T.);
#56030=CARTESIAN_POINT('',(29.8169795364281,41.1002563333337,
-47.6032861188318));
#56040=DIRECTION('',(1.,1.4210854715202E-14,0.));
#56050=VECTOR('',#56040,1.);
#56060=LINE('',#56030,#56050);
#56070=CARTESIAN_POINT('',(23.3836462030948,41.1002563333336,
-47.6032861188318));
#56080=VERTEX_POINT('',#56070);
#56090=EDGE_CURVE('',#56080,#7170,#56060,.T.);
#56100=ORIENTED_EDGE('',*,*,#56090,.T.);
#56110=CARTESIAN_POINT('',(23.3836462030948,41.1002563333336,
-45.0132861188318));
#56120=DIRECTION('',(0.,0.,-1.));
#56130=VECTOR('',#56120,1.);
#56140=LINE('',#56110,#56130);
#56150=EDGE_CURVE('',#55990,#56080,#56140,.T.);
#56160=ORIENTED_EDGE('',*,*,#56150,.T.);
#56170=EDGE_LOOP('',(#56160,#56100,#56020,#56010));
#56180=FACE_OUTER_BOUND('',#56170,.T.);
#56190=ADVANCED_FACE('',(#56180),#55930,.F.);
#56200=CARTESIAN_POINT('',(19.9836462030946,41.0002563333335,
-38.3432861188318));
#56210=DIRECTION('',(1.,1.4210854715202E-14,-0.));
#56220=DIRECTION('',(-1.4210854715202E-14,1.,0.));
#56230=AXIS2_PLACEMENT_3D('',#56200,#56210,#56220);
#56240=PLANE('',#56230);
#56250=ORIENTED_EDGE('',*,*,#39980,.F.);
#56260=CARTESIAN_POINT('',(19.9836462030946,41.0002563333335,-10.92));
#56270=DIRECTION('',(0.,0.,-1.));
#56280=VECTOR('',#56270,1.);
#56290=LINE('',#56260,#56280);
#56300=CARTESIAN_POINT('',(19.9836462030946,41.0002563333335,
-37.6432861188318));
#56310=VERTEX_POINT('',#56300);
#56320=EDGE_CURVE('',#56310,#39910,#56290,.T.);
#56330=ORIENTED_EDGE('',*,*,#56320,.T.);
#56340=CARTESIAN_POINT('',(19.9836462030952,4.2632564145606E-14,
-37.6432861188318));
#56350=DIRECTION('',(-1.4210854715202E-14,1.,0.));
#56360=VECTOR('',#56350,1.);
#56370=LINE('',#56340,#56360);
#56380=EDGE_CURVE('',#3300,#56310,#56370,.T.);
#56390=ORIENTED_EDGE('',*,*,#56380,.T.);
#56400=ORIENTED_EDGE('',*,*,#3310,.T.);
#56410=EDGE_LOOP('',(#56400,#56390,#56330,#56250));
#56420=FACE_OUTER_BOUND('',#56410,.T.);
#56430=ADVANCED_FACE('',(#56420),#56240,.F.);
#56440=CARTESIAN_POINT('',(22.78372616466,40.6002563333336,
-47.3194233911223));
#56450=DIRECTION('',(0.0113629027288245,1.61476559822297E-16,
0.9999354401368));
#56460=DIRECTION('',(0.9999354401368,1.42099372643656E-14,
-0.0113629027288245));
#56470=AXIS2_PLACEMENT_3D('',#56440,#56450,#56460);
#56480=PLANE('',#56470);
#56490=CARTESIAN_POINT('',(23.3836462030947,43.776923,-47.3262406642864)
);
#56500=DIRECTION('',(1.4210854715202E-14,-1.,0.));
#56510=VECTOR('',#56500,1.);
#56520=LINE('',#56490,#56510);
#56530=CARTESIAN_POINT('',(23.3836462030947,41.9002563333336,
-47.3262406642864));
#56540=VERTEX_POINT('',#56530);
#56550=EDGE_CURVE('',#56540,#55990,#56520,.T.);
#56560=ORIENTED_EDGE('',*,*,#56550,.T.);
#56570=CARTESIAN_POINT('',(23.0836462030947,41.9002563333336,
-47.3228315733773));
#56580=DIRECTION('',(0.0113629027288245,1.61476559822297E-16,
0.9999354401368));
#56590=DIRECTION('',(0.9999354401368,1.42099372643656E-14,
-0.0113629027288245));
#56600=AXIS2_PLACEMENT_3D('',#56570,#56580,#56590);
#56610=ELLIPSE('',#56600,0.300019369209434,0.3);
#56620=CARTESIAN_POINT('',(23.0836462030947,42.2002563333336,
-47.3228315733773));
#56630=VERTEX_POINT('',#56620);
#56640=EDGE_CURVE('',#56540,#56630,#56610,.T.);
#56650=ORIENTED_EDGE('',*,*,#56640,.F.);
#56660=CARTESIAN_POINT('',(29.8169795364281,42.2002563333337,
-47.3993467248924));
#56670=DIRECTION('',(0.9999354401368,1.40867718975713E-14,
-0.0113629027288245));
#56680=VECTOR('',#56670,1.);
#56690=LINE('',#56660,#56680);
#56700=CARTESIAN_POINT('',(22.6836462030947,42.2002563333336,
-47.3182861188318));
#56710=VERTEX_POINT('',#56700);
#56720=EDGE_CURVE('',#56710,#56630,#56690,.T.);
#56730=ORIENTED_EDGE('',*,*,#56720,.T.);
#56740=CARTESIAN_POINT('',(22.6836462030947,41.9002563333336,
-47.3182861188318));
#56750=DIRECTION('',(0.0113629027288245,1.61476559822297E-16,
0.9999354401368));
#56760=DIRECTION('',(0.9999354401368,1.42099372643656E-14,
-0.0113629027288245));
#56770=AXIS2_PLACEMENT_3D('',#56740,#56750,#56760);
#56780=ELLIPSE('',#56770,0.300019369209434,0.3);
#56790=CARTESIAN_POINT('',(22.3836462030947,41.9002563333336,
-47.3148770279227));
#56800=VERTEX_POINT('',#56790);
#56810=EDGE_CURVE('',#56710,#56800,#56780,.T.);
#56820=ORIENTED_EDGE('',*,*,#56810,.F.);
#56830=CARTESIAN_POINT('',(22.3836462030947,43.776923,-47.3148770279227)
);
#56840=DIRECTION('',(1.4210854715202E-14,-1.,0.));
#56850=VECTOR('',#56840,1.);
#56860=LINE('',#56830,#56850);
#56870=CARTESIAN_POINT('',(22.3836462030947,41.2220735028104,
-47.3148770279227));
#56880=VERTEX_POINT('',#56870);
#56890=EDGE_CURVE('',#56800,#56880,#56860,.T.);
#56900=ORIENTED_EDGE('',*,*,#56890,.F.);
#56910=CARTESIAN_POINT('',(29.8169795364281,41.1572037855659,
-47.3993467248924));
#56920=DIRECTION('',(-0.99989737057494,0.00872597215732064,
0.0113624701201671));
#56930=VECTOR('',#56920,1.);
#56940=LINE('',#56910,#56930);
#56950=CARTESIAN_POINT('',(20.4836462030948,41.2386545516129,
-47.2932861188318));
#56960=VERTEX_POINT('',#56950);
#56970=EDGE_CURVE('',#56880,#56960,#56940,.T.);
#56980=ORIENTED_EDGE('',*,*,#56970,.F.);
#56990=CARTESIAN_POINT('',(20.4836462030948,43.776923,-47.2932861188318)
);
#57000=DIRECTION('',(1.4210854715202E-14,-1.,-4.13057089509717E-32));
#57010=VECTOR('',#57000,1.);
#57020=LINE('',#56990,#57010);
#57030=CARTESIAN_POINT('',(20.4836462030948,43.6118764403034,
-47.2932861188318));
#57040=VERTEX_POINT('',#57030);
#57050=EDGE_CURVE('',#57040,#56960,#57020,.T.);
#57060=ORIENTED_EDGE('',*,*,#57050,.T.);
#57070=CARTESIAN_POINT('',(29.8135706656094,43.6932974575857,
-47.399307987724));
#57080=DIRECTION('',(-0.999897370574939,-0.00872597215734906,
0.0113624701201671));
#57090=VECTOR('',#57080,1.);
#57100=LINE('',#57070,#57090);
#57110=EDGE_CURVE('',#7330,#57040,#57100,.T.);
#57120=ORIENTED_EDGE('',*,*,#57110,.T.);
#57130=ORIENTED_EDGE('',*,*,#7340,.T.);
#57140=ORIENTED_EDGE('',*,*,#56000,.T.);
#57150=EDGE_LOOP('',(#57140,#57130,#57120,#57060,#56980,#56900,#56820,
#56730,#56650,#56560));
#57160=FACE_OUTER_BOUND('',#57150,.T.);
#57170=ADVANCED_FACE('',(#57160),#56480,.T.);
#57180=CARTESIAN_POINT('',(22.6836462030947,42.2002563333336,
-47.5607861188318));
#57190=DIRECTION('',(-1.40883900352873E-14,1.,0.));
#57200=DIRECTION('',(-1.,-1.40883900352873E-14,0.));
#57210=AXIS2_PLACEMENT_3D('',#57180,#57190,#57200);
#57220=PLANE('',#57210);
#57230=CARTESIAN_POINT('',(29.8169795364281,42.2002563333337,
-47.8032861188318));
#57240=DIRECTION('',(-1.,-1.40883900352873E-14,0.));
#57250=VECTOR('',#57240,1.);
#57260=LINE('',#57230,#57250);
#57270=CARTESIAN_POINT('',(23.0836462030947,42.2002563333336,
-47.8032861188318));
#57280=VERTEX_POINT('',#57270);
#57290=CARTESIAN_POINT('',(22.6836462030947,42.2002563333336,
-47.8032861188318));
#57300=VERTEX_POINT('',#57290);
#57310=EDGE_CURVE('',#57280,#57300,#57260,.T.);
#57320=ORIENTED_EDGE('',*,*,#57310,.F.);
#57330=CARTESIAN_POINT('',(22.6836462030947,42.2002563333336,
-45.0132861188318));
#57340=DIRECTION('',(0.,0.,-1.));
#57350=VECTOR('',#57340,1.);
#57360=LINE('',#57330,#57350);
#57370=EDGE_CURVE('',#56710,#57300,#57360,.T.);
#57380=ORIENTED_EDGE('',*,*,#57370,.T.);
#57390=ORIENTED_EDGE('',*,*,#56720,.F.);
#57400=CARTESIAN_POINT('',(23.0836462030947,42.2002563333336,
-45.0132861188318));
#57410=DIRECTION('',(0.,0.,1.));
#57420=VECTOR('',#57410,1.);
#57430=LINE('',#57400,#57420);
#57440=EDGE_CURVE('',#57280,#56630,#57430,.T.);
#57450=ORIENTED_EDGE('',*,*,#57440,.T.);
#57460=EDGE_LOOP('',(#57450,#57390,#57380,#57320));
#57470=FACE_OUTER_BOUND('',#57460,.T.);
#57480=ADVANCED_FACE('',(#57470),#57220,.F.);
#57490=CARTESIAN_POINT('',(22.6836462030947,41.9002563333336,
-45.0132861188318));
#57500=DIRECTION('',(0.,0.,-1.));
#57510=DIRECTION('',(-1.4210854715202E-14,1.,0.));
#57520=AXIS2_PLACEMENT_3D('',#57490,#57500,#57510);
#57530=CYLINDRICAL_SURFACE('',#57520,0.3);
#57540=CARTESIAN_POINT('',(22.6836462030947,41.9002563333336,
-47.8032861188318));
#57550=DIRECTION('',(0.,0.,-1.));
#57560=DIRECTION('',(-1.4210854715202E-14,1.,0.));
#57570=AXIS2_PLACEMENT_3D('',#57540,#57550,#57560);
#57580=CIRCLE('',#57570,0.3);
#57590=CARTESIAN_POINT('',(22.3836462030947,41.9002563333336,
-47.8032861188318));
#57600=VERTEX_POINT('',#57590);
#57610=EDGE_CURVE('',#57600,#57300,#57580,.T.);
#57620=ORIENTED_EDGE('',*,*,#57610,.T.);
#57630=CARTESIAN_POINT('',(22.3836462030947,41.9002563333336,
-45.0132861188318));
#57640=DIRECTION('',(0.,0.,-1.));
#57650=VECTOR('',#57640,1.);
#57660=LINE('',#57630,#57650);
#57670=EDGE_CURVE('',#56800,#57600,#57660,.T.);
#57680=ORIENTED_EDGE('',*,*,#57670,.T.);
#57690=ORIENTED_EDGE('',*,*,#56810,.T.);
#57700=ORIENTED_EDGE('',*,*,#57370,.F.);
#57710=EDGE_LOOP('',(#57700,#57690,#57680,#57620));
#57720=FACE_OUTER_BOUND('',#57710,.T.);
#57730=ADVANCED_FACE('',(#57720),#57530,.F.);
#57740=CARTESIAN_POINT('',(25.6376486030948,40.6002563333335,
-47.8032861188318));
#57750=DIRECTION('',(0.,0.,-1.));
#57760=DIRECTION('',(0.,1.,0.));
#57770=AXIS2_PLACEMENT_3D('',#57740,#57750,#57760);
#57780=PLANE('',#57770);
#57790=CARTESIAN_POINT('',(21.4836462030953,41.4002563333336,
-47.8032861188318));
#57800=DIRECTION('',(0.,0.,-1.));
#57810=DIRECTION('',(-1.4210854715202E-14,1.,0.));
#57820=AXIS2_PLACEMENT_3D('',#57790,#57800,#57810);
#57830=CIRCLE('',#57820,0.3);
#57840=CARTESIAN_POINT('',(21.7836462030953,41.4002563333336,
-47.8032861188318));
#57850=VERTEX_POINT('',#57840);
#57860=CARTESIAN_POINT('',(21.4836462030953,41.1002563333336,
-47.8032861188318));
#57870=VERTEX_POINT('',#57860);
#57880=EDGE_CURVE('',#57850,#57870,#57830,.T.);
#57890=ORIENTED_EDGE('',*,*,#57880,.F.);
#57900=CARTESIAN_POINT('',(29.8169795364281,41.1002563333336,
-47.8032861188318));
#57910=DIRECTION('',(-1.,0.,0.));
#57920=VECTOR('',#57910,1.);
#57930=LINE('',#57900,#57920);
#57940=CARTESIAN_POINT('',(18.9336462030943,41.1002563333336,
-47.8032861188318));
#57950=VERTEX_POINT('',#57940);
#57960=EDGE_CURVE('',#57870,#57950,#57930,.T.);
#57970=ORIENTED_EDGE('',*,*,#57960,.F.);
#57980=CARTESIAN_POINT('',(18.9336462030943,41.4002563333336,
-47.8032861188318));
#57990=DIRECTION('',(0.,0.,-1.));
#58000=DIRECTION('',(-1.4210854715202E-14,1.,0.));
#58010=AXIS2_PLACEMENT_3D('',#57980,#57990,#58000);
#58020=CIRCLE('',#58010,0.3);
#58030=CARTESIAN_POINT('',(18.6336462030943,41.4002563333336,
-47.8032861188318));
#58040=VERTEX_POINT('',#58030);
#58050=EDGE_CURVE('',#57950,#58040,#58020,.T.);
#58060=ORIENTED_EDGE('',*,*,#58050,.F.);
#58070=CARTESIAN_POINT('',(18.6336462030943,43.776923,-47.8032861188318)
);
#58080=DIRECTION('',(0.,-1.,-0.));
#58090=VECTOR('',#58080,1.);
#58100=LINE('',#58070,#58090);
#58110=CARTESIAN_POINT('',(18.6336462030943,44.3002563333335,
-47.8032861188318));
#58120=VERTEX_POINT('',#58110);
#58130=EDGE_CURVE('',#58120,#58040,#58100,.T.);
#58140=ORIENTED_EDGE('',*,*,#58130,.T.);
#58150=CARTESIAN_POINT('',(18.9336462030943,44.3002563333335,
-47.8032861188318));
#58160=DIRECTION('',(0.,0.,-1.));
#58170=DIRECTION('',(-1.4210854715202E-14,1.,0.));
#58180=AXIS2_PLACEMENT_3D('',#58150,#58160,#58170);
#58190=CIRCLE('',#58180,0.3);
#58200=CARTESIAN_POINT('',(18.9336462030943,44.6002563333335,
-47.8032861188318));
#58210=VERTEX_POINT('',#58200);
#58220=EDGE_CURVE('',#58120,#58210,#58190,.T.);
#58230=ORIENTED_EDGE('',*,*,#58220,.F.);
#58240=CARTESIAN_POINT('',(29.816979536428,44.6002563333335,
-47.8032861188318));
#58250=DIRECTION('',(1.,0.,0.));
#58260=VECTOR('',#58250,1.);
#58270=LINE('',#58240,#58260);
#58280=CARTESIAN_POINT('',(21.4836462030952,44.6002563333335,
-47.8032861188318));
#58290=VERTEX_POINT('',#58280);
#58300=EDGE_CURVE('',#58210,#58290,#58270,.T.);
#58310=ORIENTED_EDGE('',*,*,#58300,.F.);
#58320=CARTESIAN_POINT('',(21.4836462030953,44.3002563333335,
-47.8032861188318));
#58330=DIRECTION('',(0.,0.,1.));
#58340=DIRECTION('',(1.4210854715202E-14,-1.,0.));
#58350=AXIS2_PLACEMENT_3D('',#58320,#58330,#58340);
#58360=CIRCLE('',#58350,0.3);
#58370=CARTESIAN_POINT('',(21.7836462030953,44.3002563333335,
-47.8032861188318));
#58380=VERTEX_POINT('',#58370);
#58390=EDGE_CURVE('',#58380,#58290,#58360,.T.);
#58400=ORIENTED_EDGE('',*,*,#58390,.T.);
#58410=CARTESIAN_POINT('',(21.7836462030953,43.776923,-47.8032861188318)
);
#58420=DIRECTION('',(0.,1.,0.));
#58430=VECTOR('',#58420,1.);
#58440=LINE('',#58410,#58430);
#58450=EDGE_CURVE('',#57850,#58380,#58440,.T.);
#58460=ORIENTED_EDGE('',*,*,#58450,.T.);
#58470=EDGE_LOOP('',(#58460,#58400,#58310,#58230,#58140,#58060,#57970,
#57890));
#58480=FACE_BOUND('',#58470,.T.);
#58490=CARTESIAN_POINT('',(22.3836462030947,43.776923,-47.8032861188318)
);
#58500=DIRECTION('',(1.4210854715202E-14,-1.,0.));
#58510=VECTOR('',#58500,1.);
#58520=LINE('',#58490,#58510);
#58530=CARTESIAN_POINT('',(22.3836462030948,40.8002563333335,
-47.8032861188318));
#58540=VERTEX_POINT('',#58530);
#58550=EDGE_CURVE('',#57600,#58540,#58520,.T.);
#58560=ORIENTED_EDGE('',*,*,#58550,.T.);
#58570=ORIENTED_EDGE('',*,*,#57610,.F.);
#58580=ORIENTED_EDGE('',*,*,#57310,.T.);
#58590=CARTESIAN_POINT('',(23.0836462030947,41.9002563333336,
-47.8032861188318));
#58600=DIRECTION('',(0.,0.,1.));
#58610=DIRECTION('',(1.4210854715202E-14,-1.,0.));
#58620=AXIS2_PLACEMENT_3D('',#58590,#58600,#58610);
#58630=CIRCLE('',#58620,0.3);
#58640=CARTESIAN_POINT('',(23.3836462030947,41.9002563333336,
-47.8032861188318));
#58650=VERTEX_POINT('',#58640);
#58660=EDGE_CURVE('',#58650,#57280,#58630,.T.);
#58670=ORIENTED_EDGE('',*,*,#58660,.T.);
#58680=CARTESIAN_POINT('',(23.3836462030947,43.776923,-47.8032861188318)
);
#58690=DIRECTION('',(-1.4210854715202E-14,1.,0.));
#58700=VECTOR('',#58690,1.);
#58710=LINE('',#58680,#58700);
#58720=CARTESIAN_POINT('',(23.3836462030947,41.3002563333336,
-47.8032861188318));
#58730=VERTEX_POINT('',#58720);
#58740=EDGE_CURVE('',#58730,#58650,#58710,.T.);
#58750=ORIENTED_EDGE('',*,*,#58740,.T.);
#58760=CARTESIAN_POINT('',(29.8169795364281,41.3002563333337,
-47.8032861188318));
#58770=DIRECTION('',(1.,1.4210854715202E-14,0.));
#58780=VECTOR('',#58770,1.);
#58790=LINE('',#58760,#58780);
#58800=EDGE_CURVE('',#58730,#7080,#58790,.T.);
#58810=ORIENTED_EDGE('',*,*,#58800,.F.);
#58820=ORIENTED_EDGE('',*,*,#7090,.T.);
#58830=CARTESIAN_POINT('',(29.816979536428,45.2502563333337,
-47.8032861188318));
#58840=DIRECTION('',(1.,1.4210854715202E-14,0.));
#58850=VECTOR('',#58840,1.);
#58860=LINE('',#58830,#58850);
#58870=CARTESIAN_POINT('',(17.7836462030948,45.2502563333335,
-47.8032861188318));
#58880=VERTEX_POINT('',#58870);
#58890=EDGE_CURVE('',#58880,#7000,#58860,.T.);
#58900=ORIENTED_EDGE('',*,*,#58890,.T.);
#58910=CARTESIAN_POINT('',(17.7836462030948,43.776923,-47.8032861188318)
);
#58920=DIRECTION('',(0.,1.,0.));
#58930=VECTOR('',#58920,1.);
#58940=LINE('',#58910,#58930);
#58950=CARTESIAN_POINT('',(17.7836462030948,40.8002563333335,
-47.8032861188318));
#58960=VERTEX_POINT('',#58950);
#58970=EDGE_CURVE('',#58960,#58880,#58940,.T.);
#58980=ORIENTED_EDGE('',*,*,#58970,.T.);
#58990=CARTESIAN_POINT('',(29.8169795364281,40.8002563333337,
-47.8032861188318));
#59000=DIRECTION('',(-1.,-1.4210854715202E-14,0.));
#59010=VECTOR('',#59000,1.);
#59020=LINE('',#58990,#59010);
#59030=EDGE_CURVE('',#58540,#58960,#59020,.T.);
#59040=ORIENTED_EDGE('',*,*,#59030,.T.);
#59050=EDGE_LOOP('',(#59040,#58980,#58900,#58820,#58810,#58750,#58670,
#58580,#58570,#58560));
#59060=FACE_OUTER_BOUND('',#59050,.T.);
#59070=ADVANCED_FACE('',(#58480,#59060),#57780,.T.);
#59080=CARTESIAN_POINT('',(20.6436462030946,40.2652563333336,
-48.5032861188319));
#59090=DIRECTION('',(0.,0.,1.));
#59100=DIRECTION('',(1.,0.,0.));
#59110=AXIS2_PLACEMENT_3D('',#59080,#59090,#59100);
#59120=PLANE('',#59110);
#59130=CARTESIAN_POINT('',(19.6736462030942,38.486981521616,
-48.5032861188319));
#59140=DIRECTION('',(0.,-1.,-0.));
#59150=VECTOR('',#59140,1.);
#59160=LINE('',#59130,#59150);
#59170=CARTESIAN_POINT('',(19.6736462030942,45.2202563333335,
-48.5032861188319));
#59180=VERTEX_POINT('',#59170);
#59190=CARTESIAN_POINT('',(19.6736462030942,44.6002563333335,
-48.5032861188319));
#59200=VERTEX_POINT('',#59190);
#59210=EDGE_CURVE('',#59180,#59200,#59160,.T.);
#59220=ORIENTED_EDGE('',*,*,#59210,.T.);
#59230=CARTESIAN_POINT('',(12.9403713913767,38.486981521616,
-48.5032861188319));
#59240=DIRECTION('',(-0.707106781186548,-0.707106781186548,-0.));
#59250=VECTOR('',#59240,1.);
#59260=LINE('',#59230,#59250);
#59270=CARTESIAN_POINT('',(19.8736462030943,45.4202563333335,
-48.5032861188319));
#59280=VERTEX_POINT('',#59270);
#59290=EDGE_CURVE('',#59280,#59180,#59260,.T.);
#59300=ORIENTED_EDGE('',*,*,#59290,.T.);
#59310=CARTESIAN_POINT('',(29.816979536428,45.4202563333335,
-48.5032861188319));
#59320=DIRECTION('',(-1.,0.,0.));
#59330=VECTOR('',#59320,1.);
#59340=LINE('',#59310,#59330);
#59350=CARTESIAN_POINT('',(21.4136462030951,45.4202563333335,
-48.5032861188319));
#59360=VERTEX_POINT('',#59350);
#59370=EDGE_CURVE('',#59360,#59280,#59340,.T.);
#59380=ORIENTED_EDGE('',*,*,#59370,.T.);
#59390=CARTESIAN_POINT('',(28.3469210148127,38.486981521616,
-48.5032861188319));
#59400=DIRECTION('',(0.707106781186548,-0.707106781186548,0.));
#59410=VECTOR('',#59400,1.);
#59420=LINE('',#59390,#59410);
#59430=CARTESIAN_POINT('',(21.6136462030951,45.2202563333335,
-48.5032861188319));
#59440=VERTEX_POINT('',#59430);
#59450=EDGE_CURVE('',#59360,#59440,#59420,.T.);
#59460=ORIENTED_EDGE('',*,*,#59450,.F.);
#59470=CARTESIAN_POINT('',(21.6136462030951,38.486981521616,
-48.5032861188319));
#59480=DIRECTION('',(0.,-1.,-0.));
#59490=VECTOR('',#59480,1.);
#59500=LINE('',#59470,#59490);
#59510=CARTESIAN_POINT('',(21.6136462030951,44.6002563333335,
-48.5032861188319));
#59520=VERTEX_POINT('',#59510);
#59530=EDGE_CURVE('',#59440,#59520,#59500,.T.);
#59540=ORIENTED_EDGE('',*,*,#59530,.F.);
#59550=CARTESIAN_POINT('',(20.1236462030947,44.6002563333335,
-48.5032861188319));
#59560=DIRECTION('',(-1.,0.,0.));
#59570=VECTOR('',#59560,1.);
#59580=LINE('',#59550,#59570);
#59590=CARTESIAN_POINT('',(21.4836462030952,44.6002563333335,
-48.5032861188319));
#59600=VERTEX_POINT('',#59590);
#59610=EDGE_CURVE('',#59520,#59600,#59580,.T.);
#59620=ORIENTED_EDGE('',*,*,#59610,.F.);
#59630=CARTESIAN_POINT('',(29.816979536428,44.6002563333335,
-48.5032861188319));
#59640=DIRECTION('',(-1.,0.,0.));
#59650=VECTOR('',#59640,1.);
#59660=LINE('',#59630,#59650);
#59670=EDGE_CURVE('',#59600,#59200,#59660,.T.);
#59680=ORIENTED_EDGE('',*,*,#59670,.F.);
#59690=EDGE_LOOP('',(#59680,#59620,#59540,#59460,#59380,#59300,#59220));
#59700=FACE_OUTER_BOUND('',#59690,.T.);
#59710=ADVANCED_FACE('',(#59700),#59120,.T.);
#59720=COLOUR_RGB('',0.823529481887817,0.823529481887817,
0.784313797950745);
#59730=FILL_AREA_STYLE_COLOUR('',#59720);
#59740=FILL_AREA_STYLE('',(#59730));
#59750=SURFACE_STYLE_FILL_AREA(#59740);
#59760=SURFACE_SIDE_STYLE('',(#59750));
#59770=SURFACE_STYLE_USAGE(.BOTH.,#59760);
#59780=PRESENTATION_STYLE_ASSIGNMENT((#59770));
#59790=CARTESIAN_POINT('',(19.6736462030942,42.8802563333335,
-49.1432861188319));
#59800=DIRECTION('',(-1.,-0.,0.));
#59810=DIRECTION('',(0.,-1.,-0.));
#59820=AXIS2_PLACEMENT_3D('',#59790,#59800,#59810);
#59830=PLANE('',#59820);
#59840=CARTESIAN_POINT('',(19.6736462030942,44.6002563333335,
-45.0132861188318));
#59850=DIRECTION('',(0.,0.,-1.));
#59860=VECTOR('',#59850,1.);
#59870=LINE('',#59840,#59860);
#59880=CARTESIAN_POINT('',(19.6736462030942,44.6002563333335,
-49.1432861188319));
#59890=VERTEX_POINT('',#59880);
#59900=EDGE_CURVE('',#59200,#59890,#59870,.T.);
#59910=ORIENTED_EDGE('',*,*,#59900,.F.);
#59920=CARTESIAN_POINT('',(19.6736462030942,38.486981521616,
-49.1432861188319));
#59930=DIRECTION('',(0.,1.,0.));
#59940=VECTOR('',#59930,1.);
#59950=LINE('',#59920,#59940);
#59960=CARTESIAN_POINT('',(19.6736462030942,45.2202563333335,
-49.1432861188319));
#59970=VERTEX_POINT('',#59960);
#59980=EDGE_CURVE('',#59890,#59970,#59950,.T.);
#59990=ORIENTED_EDGE('',*,*,#59980,.F.);
#60000=CARTESIAN_POINT('',(19.6736462030942,45.2202563333335,
-48.8232861188319));
#60010=DIRECTION('',(0.,0.,1.));
#60020=VECTOR('',#60010,1.);
#60030=LINE('',#60000,#60020);
#60040=EDGE_CURVE('',#59970,#59180,#60030,.T.);
#60050=ORIENTED_EDGE('',*,*,#60040,.F.);
#60060=ORIENTED_EDGE('',*,*,#59210,.F.);
#60070=EDGE_LOOP('',(#60060,#60050,#59990,#59910));
#60080=FACE_OUTER_BOUND('',#60070,.T.);
#60090=ADVANCED_FACE('',(#60080),#59830,.T.);
#60100=COLOUR_RGB('',0.823529481887817,0.823529481887817,
0.784313797950745);
#60110=FILL_AREA_STYLE_COLOUR('',#60100);
#60120=FILL_AREA_STYLE('',(#60110));
#60130=SURFACE_STYLE_FILL_AREA(#60120);
#60140=SURFACE_SIDE_STYLE('',(#60130));
#60150=SURFACE_STYLE_USAGE(.BOTH.,#60140);
#60160=PRESENTATION_STYLE_ASSIGNMENT((#60150));
#60170=CARTESIAN_POINT('',(20.6016912215359,44.6002563333335,
-48.8232861188318));
#60180=DIRECTION('',(0.,-1.,0.));
#60190=DIRECTION('',(1.,0.,0.));
#60200=AXIS2_PLACEMENT_3D('',#60170,#60180,#60190);
#60210=PLANE('',#60200);
#60220=CARTESIAN_POINT('',(21.4836462030952,44.6002563333335,
-45.0132861188318));
#60230=DIRECTION('',(0.,0.,1.));
#60240=VECTOR('',#60230,1.);
#60250=LINE('',#60220,#60240);
#60260=EDGE_CURVE('',#59600,#58290,#60250,.T.);
#60270=ORIENTED_EDGE('',*,*,#60260,.F.);
#60280=ORIENTED_EDGE('',*,*,#58300,.T.);
#60290=CARTESIAN_POINT('',(18.9336462030943,44.6002563333335,
-45.0132861188318));
#60300=DIRECTION('',(0.,0.,-1.));
#60310=VECTOR('',#60300,1.);
#60320=LINE('',#60290,#60310);
#60330=CARTESIAN_POINT('',(18.9336462030943,44.6002563333335,
-49.5432861188318));
#60340=VERTEX_POINT('',#60330);
#60350=EDGE_CURVE('',#58210,#60340,#60320,.T.);
#60360=ORIENTED_EDGE('',*,*,#60350,.F.);
#60370=CARTESIAN_POINT('',(29.816979536428,44.6002563333335,
-49.5432861188318));
#60380=DIRECTION('',(1.,0.,0.));
#60390=VECTOR('',#60380,1.);
#60400=LINE('',#60370,#60390);
#60410=CARTESIAN_POINT('',(21.4836462030952,44.6002563333335,
-49.5432861188318));
#60420=VERTEX_POINT('',#60410);
#60430=EDGE_CURVE('',#60340,#60420,#60400,.T.);
#60440=ORIENTED_EDGE('',*,*,#60430,.F.);
#60450=CARTESIAN_POINT('',(21.4836462030952,44.6002563333335,
-49.1432861188319));
#60460=VERTEX_POINT('',#60450);
#60470=EDGE_CURVE('',#60420,#60460,#60250,.T.);
#60480=ORIENTED_EDGE('',*,*,#60470,.F.);
#60490=CARTESIAN_POINT('',(29.816979536428,44.6002563333335,
-49.1432861188319));
#60500=DIRECTION('',(1.,0.,0.));
#60510=VECTOR('',#60500,1.);
#60520=LINE('',#60490,#60510);
#60530=EDGE_CURVE('',#59890,#60460,#60520,.T.);
#60540=ORIENTED_EDGE('',*,*,#60530,.T.);
#60550=ORIENTED_EDGE('',*,*,#59900,.T.);
#60560=ORIENTED_EDGE('',*,*,#59670,.T.);
#60570=EDGE_LOOP('',(#60560,#60550,#60540,#60480,#60440,#60360,#60280,
#60270));
#60580=FACE_OUTER_BOUND('',#60570,.T.);
#60590=ADVANCED_FACE('',(#60580),#60210,.F.);
#60600=CARTESIAN_POINT('',(20.3236462030947,38.486981521616,
-49.1432861188319));
#60610=DIRECTION('',(0.,0.,-1.));
#60620=DIRECTION('',(1.,0.,0.));
#60630=AXIS2_PLACEMENT_3D('',#60600,#60610,#60620);
#60640=PLANE('',#60630);
#60650=CARTESIAN_POINT('',(20.1236462030947,44.6002563333335,
-49.1432861188319));
#60660=DIRECTION('',(1.,0.,0.));
#60670=VECTOR('',#60660,1.);
#60680=LINE('',#60650,#60670);
#60690=CARTESIAN_POINT('',(21.6136462030951,44.6002563333335,
-49.1432861188319));
#60700=VERTEX_POINT('',#60690);
#60710=EDGE_CURVE('',#60460,#60700,#60680,.T.);
#60720=ORIENTED_EDGE('',*,*,#60710,.F.);
#60730=CARTESIAN_POINT('',(21.6136462030951,38.486981521616,
-49.1432861188319));
#60740=DIRECTION('',(0.,1.,0.));
#60750=VECTOR('',#60740,1.);
#60760=LINE('',#60730,#60750);
#60770=CARTESIAN_POINT('',(21.6136462030951,45.2202563333335,
-49.1432861188319));
#60780=VERTEX_POINT('',#60770);
#60790=EDGE_CURVE('',#60700,#60780,#60760,.T.);
#60800=ORIENTED_EDGE('',*,*,#60790,.F.);
#60810=CARTESIAN_POINT('',(28.3469210148127,38.486981521616,
-49.1432861188319));
#60820=DIRECTION('',(-0.707106781186548,0.707106781186548,0.));
#60830=VECTOR('',#60820,1.);
#60840=LINE('',#60810,#60830);
#60850=CARTESIAN_POINT('',(21.4136462030951,45.4202563333335,
-49.1432861188319));
#60860=VERTEX_POINT('',#60850);
#60870=EDGE_CURVE('',#60780,#60860,#60840,.T.);
#60880=ORIENTED_EDGE('',*,*,#60870,.F.);
#60890=CARTESIAN_POINT('',(29.816979536428,45.4202563333335,
-49.1432861188319));
#60900=DIRECTION('',(-1.,0.,0.));
#60910=VECTOR('',#60900,1.);
#60920=LINE('',#60890,#60910);
#60930=CARTESIAN_POINT('',(19.8736462030943,45.4202563333335,
-49.1432861188319));
#60940=VERTEX_POINT('',#60930);
#60950=EDGE_CURVE('',#60860,#60940,#60920,.T.);
#60960=ORIENTED_EDGE('',*,*,#60950,.F.);
#60970=CARTESIAN_POINT('',(12.9403713913767,38.486981521616,
-49.1432861188319));
#60980=DIRECTION('',(0.707106781186548,0.707106781186548,0.));
#60990=VECTOR('',#60980,1.);
#61000=LINE('',#60970,#60990);
#61010=EDGE_CURVE('',#59970,#60940,#61000,.T.);
#61020=ORIENTED_EDGE('',*,*,#61010,.T.);
#61030=ORIENTED_EDGE('',*,*,#59980,.T.);
#61040=ORIENTED_EDGE('',*,*,#60530,.F.);
#61050=EDGE_LOOP('',(#61040,#61030,#61020,#60960,#60880,#60800,#60720));
#61060=FACE_OUTER_BOUND('',#61050,.T.);
#61070=ADVANCED_FACE('',(#61060),#60640,.T.);
#61080=COLOUR_RGB('',0.823529481887817,0.823529481887817,
0.784313797950745);
#61090=FILL_AREA_STYLE_COLOUR('',#61080);
#61100=FILL_AREA_STYLE('',(#61090));
#61110=SURFACE_STYLE_FILL_AREA(#61100);
#61120=SURFACE_SIDE_STYLE('',(#61110));
#61130=SURFACE_STYLE_USAGE(.BOTH.,#61120);
#61140=PRESENTATION_STYLE_ASSIGNMENT((#61130));
#61150=CARTESIAN_POINT('',(21.6136462030951,42.8802563333335,
-49.1432861188319));
#61160=DIRECTION('',(-1.,-0.,0.));
#61170=DIRECTION('',(0.,-1.,-0.));
#61180=AXIS2_PLACEMENT_3D('',#61150,#61160,#61170);
#61190=PLANE('',#61180);
#61200=ORIENTED_EDGE('',*,*,#59530,.T.);
#61210=CARTESIAN_POINT('',(21.6136462030951,45.2202563333335,
-48.8232861188319));
#61220=DIRECTION('',(0.,0.,1.));
#61230=VECTOR('',#61220,1.);
#61240=LINE('',#61210,#61230);
#61250=EDGE_CURVE('',#60780,#59440,#61240,.T.);
#61260=ORIENTED_EDGE('',*,*,#61250,.T.);
#61270=ORIENTED_EDGE('',*,*,#60790,.T.);
#61280=CARTESIAN_POINT('',(21.6136462030951,44.6002563333335,
-48.8232861188319));
#61290=DIRECTION('',(0.,0.,1.));
#61300=VECTOR('',#61290,1.);
#61310=LINE('',#61280,#61300);
#61320=EDGE_CURVE('',#60700,#59520,#61310,.T.);
#61330=ORIENTED_EDGE('',*,*,#61320,.F.);
#61340=EDGE_LOOP('',(#61330,#61270,#61260,#61200));
#61350=FACE_OUTER_BOUND('',#61340,.T.);
#61360=ADVANCED_FACE('',(#61350),#61190,.F.);
#61370=COLOUR_RGB('',0.823529481887817,0.823529481887817,
0.784313797950745);
#61380=FILL_AREA_STYLE_COLOUR('',#61370);
#61390=FILL_AREA_STYLE('',(#61380));
#61400=SURFACE_STYLE_FILL_AREA(#61390);
#61410=SURFACE_SIDE_STYLE('',(#61400));
#61420=SURFACE_STYLE_USAGE(.BOTH.,#61410);
#61430=PRESENTATION_STYLE_ASSIGNMENT((#61420));
#61440=CARTESIAN_POINT('',(21.5136462030951,45.3202563333335,
-48.8232861188319));
#61450=DIRECTION('',(0.707106781186548,0.707106781186548,-0.));
#61460=DIRECTION('',(-0.707106781186547,0.707106781186547,0.));
#61470=AXIS2_PLACEMENT_3D('',#61440,#61450,#61460);
#61480=PLANE('',#61470);
#61490=ORIENTED_EDGE('',*,*,#59450,.T.);
#61500=CARTESIAN_POINT('',(21.4136462030951,45.4202563333335,
-48.8232861188319));
#61510=DIRECTION('',(0.,0.,1.));
#61520=VECTOR('',#61510,1.);
#61530=LINE('',#61500,#61520);
#61540=EDGE_CURVE('',#60860,#59360,#61530,.T.);
#61550=ORIENTED_EDGE('',*,*,#61540,.T.);
#61560=ORIENTED_EDGE('',*,*,#60870,.T.);
#61570=ORIENTED_EDGE('',*,*,#61250,.F.);
#61580=EDGE_LOOP('',(#61570,#61560,#61550,#61490));
#61590=FACE_OUTER_BOUND('',#61580,.T.);
#61600=ADVANCED_FACE('',(#61590),#61480,.T.);
#61610=COLOUR_RGB('',0.823529481887817,0.823529481887817,
0.784313797950745);
#61620=FILL_AREA_STYLE_COLOUR('',#61610);
#61630=FILL_AREA_STYLE('',(#61620));
#61640=SURFACE_STYLE_FILL_AREA(#61630);
#61650=SURFACE_SIDE_STYLE('',(#61640));
#61660=SURFACE_STYLE_USAGE(.BOTH.,#61650);
#61670=PRESENTATION_STYLE_ASSIGNMENT((#61660));
#61680=CARTESIAN_POINT('',(17.7736462030942,45.4202563333335,
-48.1032837188319));
#61690=DIRECTION('',(0.,-1.,0.));
#61700=DIRECTION('',(1.,0.,0.));
#61710=AXIS2_PLACEMENT_3D('',#61680,#61690,#61700);
#61720=PLANE('',#61710);
#61730=CARTESIAN_POINT('',(19.8736462030942,45.4202563333335,
-48.8232861188319));
#61740=DIRECTION('',(0.,0.,1.));
#61750=VECTOR('',#61740,1.);
#61760=LINE('',#61730,#61750);
#61770=EDGE_CURVE('',#60940,#59280,#61760,.T.);
#61780=ORIENTED_EDGE('',*,*,#61770,.T.);
#61790=ORIENTED_EDGE('',*,*,#60950,.T.);
#61800=ORIENTED_EDGE('',*,*,#61540,.F.);
#61810=ORIENTED_EDGE('',*,*,#59370,.F.);
#61820=EDGE_LOOP('',(#61810,#61800,#61790,#61780));
#61830=FACE_OUTER_BOUND('',#61820,.T.);
#61840=ADVANCED_FACE('',(#61830),#61720,.F.);
#61850=COLOUR_RGB('',0.823529481887817,0.823529481887817,
0.784313797950745);
#61860=FILL_AREA_STYLE_COLOUR('',#61850);
#61870=FILL_AREA_STYLE('',(#61860));
#61880=SURFACE_STYLE_FILL_AREA(#61870);
#61890=SURFACE_SIDE_STYLE('',(#61880));
#61900=SURFACE_STYLE_USAGE(.BOTH.,#61890);
#61910=PRESENTATION_STYLE_ASSIGNMENT((#61900));
#61920=CARTESIAN_POINT('',(19.7736462030942,45.3202563333335,
-48.8232861188319));
#61930=DIRECTION('',(0.707106781186548,-0.707106781186548,0.));
#61940=DIRECTION('',(0.707106781186547,0.707106781186547,0.));
#61950=AXIS2_PLACEMENT_3D('',#61920,#61930,#61940);
#61960=PLANE('',#61950);
#61970=ORIENTED_EDGE('',*,*,#61010,.F.);
#61980=ORIENTED_EDGE('',*,*,#61770,.F.);
#61990=ORIENTED_EDGE('',*,*,#59290,.F.);
#62000=ORIENTED_EDGE('',*,*,#60040,.T.);
#62010=EDGE_LOOP('',(#62000,#61990,#61980,#61970));
#62020=FACE_OUTER_BOUND('',#62010,.T.);
#62030=ADVANCED_FACE('',(#62020),#61960,.F.);
#62040=COLOUR_RGB('',0.823529481887817,0.823529481887817,
0.784313797950745);
#62050=FILL_AREA_STYLE_COLOUR('',#62040);
#62060=FILL_AREA_STYLE('',(#62050));
#62070=SURFACE_STYLE_FILL_AREA(#62060);
#62080=SURFACE_SIDE_STYLE('',(#62070));
#62090=SURFACE_STYLE_USAGE(.BOTH.,#62080);
#62100=PRESENTATION_STYLE_ASSIGNMENT((#62090));
#62110=CARTESIAN_POINT('',(18.6336462030943,44.0802563333335,
-36.4432861188319));
#62120=DIRECTION('',(-1.,0.,0.));
#62130=DIRECTION('',(0.,1.,0.));
#62140=AXIS2_PLACEMENT_3D('',#62110,#62120,#62130);
#62150=PLANE('',#62140);
#62160=CARTESIAN_POINT('',(18.6336462030943,44.3002563333335,
-45.0132861188318));
#62170=DIRECTION('',(0.,0.,-1.));
#62180=VECTOR('',#62170,1.);
#62190=LINE('',#62160,#62180);
#62200=CARTESIAN_POINT('',(18.6336462030943,44.3002563333335,
-49.5432861188318));
#62210=VERTEX_POINT('',#62200);
#62220=EDGE_CURVE('',#58120,#62210,#62190,.T.);
#62230=ORIENTED_EDGE('',*,*,#62220,.T.);
#62240=ORIENTED_EDGE('',*,*,#58130,.F.);
#62250=CARTESIAN_POINT('',(18.6336462030943,41.4002563333336,
-45.0132861188318));
#62260=DIRECTION('',(0.,0.,-1.));
#62270=VECTOR('',#62260,1.);
#62280=LINE('',#62250,#62270);
#62290=CARTESIAN_POINT('',(18.6336462030943,41.4002563333336,
-49.5432861188318));
#62300=VERTEX_POINT('',#62290);
#62310=EDGE_CURVE('',#58040,#62300,#62280,.T.);
#62320=ORIENTED_EDGE('',*,*,#62310,.F.);
#62330=CARTESIAN_POINT('',(18.6336462030943,43.776923,-49.5432861188318)
);
#62340=DIRECTION('',(0.,-1.,-0.));
#62350=VECTOR('',#62340,1.);
#62360=LINE('',#62330,#62350);
#62370=EDGE_CURVE('',#62210,#62300,#62360,.T.);
#62380=ORIENTED_EDGE('',*,*,#62370,.T.);
#62390=EDGE_LOOP('',(#62380,#62320,#62240,#62230));
#62400=FACE_OUTER_BOUND('',#62390,.T.);
#62410=ADVANCED_FACE('',(#62400),#62150,.T.);
#62420=CARTESIAN_POINT('',(21.4836462030953,41.4002563333336,
-45.0132861188318));
#62430=DIRECTION('',(0.,0.,-1.));
#62440=DIRECTION('',(-1.4210854715202E-14,1.,0.));
#62450=AXIS2_PLACEMENT_3D('',#62420,#62430,#62440);
#62460=CYLINDRICAL_SURFACE('',#62450,0.3);
#62470=CARTESIAN_POINT('',(21.4836462030953,41.1002563333336,
-45.0132861188318));
#62480=DIRECTION('',(0.,0.,-1.));
#62490=VECTOR('',#62480,1.);
#62500=LINE('',#62470,#62490);
#62510=CARTESIAN_POINT('',(21.4836462030953,41.1002563333336,
-49.5432861188318));
#62520=VERTEX_POINT('',#62510);
#62530=EDGE_CURVE('',#57870,#62520,#62500,.T.);
#62540=ORIENTED_EDGE('',*,*,#62530,.T.);
#62550=ORIENTED_EDGE('',*,*,#57880,.T.);
#62560=CARTESIAN_POINT('',(21.7836462030953,41.4002563333336,
-45.0132861188318));
#62570=DIRECTION('',(0.,0.,-1.));
#62580=VECTOR('',#62570,1.);
#62590=LINE('',#62560,#62580);
#62600=CARTESIAN_POINT('',(21.7836462030953,41.4002563333336,
-49.5432861188318));
#62610=VERTEX_POINT('',#62600);
#62620=EDGE_CURVE('',#57850,#62610,#62590,.T.);
#62630=ORIENTED_EDGE('',*,*,#62620,.F.);
#62640=CARTESIAN_POINT('',(21.4836462030953,41.4002563333336,
-49.5432861188318));
#62650=DIRECTION('',(0.,0.,1.));
#62660=DIRECTION('',(-1.,0.,0.));
#62670=AXIS2_PLACEMENT_3D('',#62640,#62650,#62660);
#62680=CIRCLE('',#62670,0.3);
#62690=EDGE_CURVE('',#62520,#62610,#62680,.T.);
#62700=ORIENTED_EDGE('',*,*,#62690,.T.);
#62710=EDGE_LOOP('',(#62700,#62630,#62550,#62540));
#62720=FACE_OUTER_BOUND('',#62710,.T.);
#62730=ADVANCED_FACE('',(#62720),#62460,.T.);
#62740=CARTESIAN_POINT('',(21.1142706094607,41.1002563333336,
-36.1232861188318));
#62750=DIRECTION('',(0.,-1.,0.));
#62760=DIRECTION('',(0.,0.,-1.));
#62770=AXIS2_PLACEMENT_3D('',#62740,#62750,#62760);
#62780=PLANE('',#62770);
#62790=CARTESIAN_POINT('',(29.8169795364281,41.1002563333336,
-48.5032861188319));
#62800=DIRECTION('',(-1.,0.,0.));
#62810=VECTOR('',#62800,1.);
#62820=LINE('',#62790,#62810);
#62830=CARTESIAN_POINT('',(21.0165442973072,41.1002563333336,
-48.5032861188319));
#62840=VERTEX_POINT('',#62830);
#62850=CARTESIAN_POINT('',(20.2707481088822,41.1002563333336,
-48.5032861188319));
#62860=VERTEX_POINT('',#62850);
#62870=EDGE_CURVE('',#62840,#62860,#62820,.T.);
#62880=ORIENTED_EDGE('',*,*,#62870,.F.);
#62890=CARTESIAN_POINT('',(20.2707481088822,41.1002563333336,
-45.0132861188318));
#62900=DIRECTION('',(0.,0.,-1.));
#62910=VECTOR('',#62900,1.);
#62920=LINE('',#62890,#62910);
#62930=CARTESIAN_POINT('',(20.2707481088822,41.1002563333336,
-49.1432861188319));
#62940=VERTEX_POINT('',#62930);
#62950=EDGE_CURVE('',#62860,#62940,#62920,.T.);
#62960=ORIENTED_EDGE('',*,*,#62950,.F.);
#62970=CARTESIAN_POINT('',(29.8169795364281,41.1002563333336,
-49.1432861188319));
#62980=DIRECTION('',(1.,0.,0.));
#62990=VECTOR('',#62980,1.);
#63000=LINE('',#62970,#62990);
#63010=CARTESIAN_POINT('',(21.0165442973072,41.1002563333336,
-49.1432861188319));
#63020=VERTEX_POINT('',#63010);
#63030=EDGE_CURVE('',#62940,#63020,#63000,.T.);
#63040=ORIENTED_EDGE('',*,*,#63030,.F.);
#63050=CARTESIAN_POINT('',(21.0165442973072,41.1002563333336,
-45.0132861188318));
#63060=DIRECTION('',(0.,0.,-1.));
#63070=VECTOR('',#63060,1.);
#63080=LINE('',#63050,#63070);
#63090=EDGE_CURVE('',#62840,#63020,#63080,.T.);
#63100=ORIENTED_EDGE('',*,*,#63090,.T.);
#63110=EDGE_LOOP('',(#63100,#63040,#62960,#62880));
#63120=FACE_BOUND('',#63110,.T.);
#63130=CARTESIAN_POINT('',(29.8169795364281,41.1002563333336,
-49.5432861188318));
#63140=DIRECTION('',(1.,0.,0.));
#63150=VECTOR('',#63140,1.);
#63160=LINE('',#63130,#63150);
#63170=CARTESIAN_POINT('',(18.9336462030943,41.1002563333336,
-49.5432861188318));
#63180=VERTEX_POINT('',#63170);
#63190=EDGE_CURVE('',#63180,#62520,#63160,.T.);
#63200=ORIENTED_EDGE('',*,*,#63190,.T.);
#63210=CARTESIAN_POINT('',(18.9336462030943,41.1002563333336,
-45.0132861188318));
#63220=DIRECTION('',(0.,0.,-1.));
#63230=VECTOR('',#63220,1.);
#63240=LINE('',#63210,#63230);
#63250=EDGE_CURVE('',#57950,#63180,#63240,.T.);
#63260=ORIENTED_EDGE('',*,*,#63250,.T.);
#63270=ORIENTED_EDGE('',*,*,#57960,.T.);
#63280=ORIENTED_EDGE('',*,*,#62530,.F.);
#63290=EDGE_LOOP('',(#63280,#63270,#63260,#63200));
#63300=FACE_OUTER_BOUND('',#63290,.T.);
#63310=ADVANCED_FACE('',(#63120,#63300),#62780,.T.);
#63320=CARTESIAN_POINT('',(20.6436462030946,40.2652563333336,
-48.5032861188319));
#63330=DIRECTION('',(0.,0.,1.));
#63340=DIRECTION('',(1.,0.,0.));
#63350=AXIS2_PLACEMENT_3D('',#63320,#63330,#63340);
#63360=PLANE('',#63350);
#63370=CARTESIAN_POINT('',(19.7987795571859,43.776923,-48.5032861188319)
);
#63380=DIRECTION('',(-0.17364817766693,0.984807753012208,0.));
#63390=VECTOR('',#63380,1.);
#63400=LINE('',#63370,#63390);
#63410=CARTESIAN_POINT('',(20.3236462030947,40.8002563333335,
-48.5032861188319));
#63420=VERTEX_POINT('',#63410);
#63430=EDGE_CURVE('',#63420,#62860,#63400,.T.);
#63440=ORIENTED_EDGE('',*,*,#63430,.F.);
#63450=ORIENTED_EDGE('',*,*,#62870,.T.);
#63460=CARTESIAN_POINT('',(21.4885128490035,43.776923,-48.5032861188319)
);
#63470=DIRECTION('',(0.17364817766693,0.984807753012208,0.));
#63480=VECTOR('',#63470,1.);
#63490=LINE('',#63460,#63480);
#63500=CARTESIAN_POINT('',(20.9636462030947,40.8002563333335,
-48.5032861188319));
#63510=VERTEX_POINT('',#63500);
#63520=EDGE_CURVE('',#63510,#62840,#63490,.T.);
#63530=ORIENTED_EDGE('',*,*,#63520,.T.);
#63540=CARTESIAN_POINT('',(20.9636462030947,43.776923,-48.5032861188319)
);
#63550=DIRECTION('',(0.,-1.,-0.));
#63560=VECTOR('',#63550,1.);
#63570=LINE('',#63540,#63560);
#63580=CARTESIAN_POINT('',(20.9636462030947,38.9002563333336,
-48.5032861188319));
#63590=VERTEX_POINT('',#63580);
#63600=EDGE_CURVE('',#63510,#63590,#63570,.T.);
#63610=ORIENTED_EDGE('',*,*,#63600,.F.);
#63620=CARTESIAN_POINT('',(29.8169795364281,38.9002563333335,
-48.5032861188319));
#63630=DIRECTION('',(-1.,0.,0.));
#63640=VECTOR('',#63630,1.);
#63650=LINE('',#63620,#63640);
#63660=CARTESIAN_POINT('',(20.3236462030947,38.9002563333336,
-48.5032861188319));
#63670=VERTEX_POINT('',#63660);
#63680=EDGE_CURVE('',#63590,#63670,#63650,.T.);
#63690=ORIENTED_EDGE('',*,*,#63680,.F.);
#63700=CARTESIAN_POINT('',(20.3236462030947,43.776923,-48.5032861188319)
);
#63710=DIRECTION('',(0.,-1.,-0.));
#63720=VECTOR('',#63710,1.);
#63730=LINE('',#63700,#63720);
#63740=EDGE_CURVE('',#63420,#63670,#63730,.T.);
#63750=ORIENTED_EDGE('',*,*,#63740,.T.);
#63760=EDGE_LOOP('',(#63750,#63690,#63610,#63530,#63450,#63440));
#63770=FACE_OUTER_BOUND('',#63760,.T.);
#63780=ADVANCED_FACE('',(#63770),#63360,.T.);
#63790=COLOUR_RGB('',0.823529481887817,0.823529481887817,
0.784313797950745);
#63800=FILL_AREA_STYLE_COLOUR('',#63790);
#63810=FILL_AREA_STYLE('',(#63800));
#63820=SURFACE_STYLE_FILL_AREA(#63810);
#63830=SURFACE_SIDE_STYLE('',(#63820));
#63840=SURFACE_STYLE_USAGE(.BOTH.,#63830);
#63850=PRESENTATION_STYLE_ASSIGNMENT((#63840));
#63860=CARTESIAN_POINT('',(20.3236462030947,40.8002563333336,
-49.2072885188319));
#63870=DIRECTION('',(-0.984807753012208,-0.17364817766693,-0.));
#63880=DIRECTION('',(-0.17364817766693,0.984807753012208,0.));
#63890=AXIS2_PLACEMENT_3D('',#63860,#63870,#63880);
#63900=PLANE('',#63890);
#63910=ORIENTED_EDGE('',*,*,#62950,.T.);
#63920=ORIENTED_EDGE('',*,*,#63430,.T.);
#63930=CARTESIAN_POINT('',(20.3236462030947,40.8002563333335,
-45.0132861188318));
#63940=DIRECTION('',(0.,0.,1.));
#63950=VECTOR('',#63940,1.);
#63960=LINE('',#63930,#63950);
#63970=CARTESIAN_POINT('',(20.3236462030947,40.8002563333335,
-49.1432861188319));
#63980=VERTEX_POINT('',#63970);
#63990=EDGE_CURVE('',#63980,#63420,#63960,.T.);
#64000=ORIENTED_EDGE('',*,*,#63990,.T.);
#64010=CARTESIAN_POINT('',(19.7987795571859,43.776923,-49.1432861188319)
);
#64020=DIRECTION('',(-0.17364817766693,0.984807753012208,0.));
#64030=VECTOR('',#64020,1.);
#64040=LINE('',#64010,#64030);
#64050=EDGE_CURVE('',#63980,#62940,#64040,.T.);
#64060=ORIENTED_EDGE('',*,*,#64050,.F.);
#64070=EDGE_LOOP('',(#64060,#64000,#63920,#63910));
#64080=FACE_OUTER_BOUND('',#64070,.T.);
#64090=ADVANCED_FACE('',(#64080),#63900,.T.);
#64100=COLOUR_RGB('',0.823529481887817,0.823529481887817,
0.784313797950745);
#64110=FILL_AREA_STYLE_COLOUR('',#64100);
#64120=FILL_AREA_STYLE('',(#64110));
#64130=SURFACE_STYLE_FILL_AREA(#64120);
#64140=SURFACE_SIDE_STYLE('',(#64130));
#64150=SURFACE_STYLE_USAGE(.BOTH.,#64140);
#64160=PRESENTATION_STYLE_ASSIGNMENT((#64150));
#64170=CARTESIAN_POINT('',(20.9636462030947,40.8002563333336,
-49.2072885188319));
#64180=DIRECTION('',(-0.984807753012208,0.17364817766693,0.));
#64190=DIRECTION('',(0.17364817766693,0.984807753012208,0.));
#64200=AXIS2_PLACEMENT_3D('',#64170,#64180,#64190);
#64210=PLANE('',#64200);
#64220=ORIENTED_EDGE('',*,*,#63090,.F.);
#64230=CARTESIAN_POINT('',(21.4885128490035,43.776923,-49.1432861188319)
);
#64240=DIRECTION('',(0.17364817766693,0.984807753012208,0.));
#64250=VECTOR('',#64240,1.);
#64260=LINE('',#64230,#64250);
#64270=CARTESIAN_POINT('',(20.9636462030947,40.8002563333335,
-49.1432861188319));
#64280=VERTEX_POINT('',#64270);
#64290=EDGE_CURVE('',#64280,#63020,#64260,.T.);
#64300=ORIENTED_EDGE('',*,*,#64290,.T.);
#64310=CARTESIAN_POINT('',(20.9636462030947,40.8002563333335,
-45.0132861188318));
#64320=DIRECTION('',(0.,0.,-1.));
#64330=VECTOR('',#64320,1.);
#64340=LINE('',#64310,#64330);
#64350=EDGE_CURVE('',#63510,#64280,#64340,.T.);
#64360=ORIENTED_EDGE('',*,*,#64350,.T.);
#64370=ORIENTED_EDGE('',*,*,#63520,.F.);
#64380=EDGE_LOOP('',(#64370,#64360,#64300,#64220));
#64390=FACE_OUTER_BOUND('',#64380,.T.);
#64400=ADVANCED_FACE('',(#64390),#64210,.F.);
#64410=COLOUR_RGB('',0.823529481887817,0.823529481887817,
0.784313797950745);
#64420=FILL_AREA_STYLE_COLOUR('',#64410);
#64430=FILL_AREA_STYLE('',(#64420));
#64440=SURFACE_STYLE_FILL_AREA(#64430);
#64450=SURFACE_SIDE_STYLE('',(#64440));
#64460=SURFACE_STYLE_USAGE(.BOTH.,#64450);
#64470=PRESENTATION_STYLE_ASSIGNMENT((#64460));
#64480=CARTESIAN_POINT('',(20.3236462030947,38.486981521616,
-49.1432861188319));
#64490=DIRECTION('',(0.,0.,-1.));
#64500=DIRECTION('',(1.,0.,0.));
#64510=AXIS2_PLACEMENT_3D('',#64480,#64490,#64500);
#64520=PLANE('',#64510);
#64530=ORIENTED_EDGE('',*,*,#63030,.T.);
#64540=ORIENTED_EDGE('',*,*,#64050,.T.);
#64550=CARTESIAN_POINT('',(20.3236462030947,43.776923,-49.1432861188319)
);
#64560=DIRECTION('',(1.4210854715202E-14,-1.,0.));
#64570=VECTOR('',#64560,1.);
#64580=LINE('',#64550,#64570);
#64590=CARTESIAN_POINT('',(20.3236462030947,38.9002563333336,
-49.1432861188319));
#64600=VERTEX_POINT('',#64590);
#64610=EDGE_CURVE('',#63980,#64600,#64580,.T.);
#64620=ORIENTED_EDGE('',*,*,#64610,.F.);
#64630=CARTESIAN_POINT('',(29.8169795364281,38.9002563333336,
-49.1432861188319));
#64640=DIRECTION('',(1.,0.,0.));
#64650=VECTOR('',#64640,1.);
#64660=LINE('',#64630,#64650);
#64670=CARTESIAN_POINT('',(20.9636462030947,38.9002563333336,
-49.1432861188319));
#64680=VERTEX_POINT('',#64670);
#64690=EDGE_CURVE('',#64600,#64680,#64660,.T.);
#64700=ORIENTED_EDGE('',*,*,#64690,.F.);
#64710=CARTESIAN_POINT('',(20.9636462030947,43.776923,-49.1432861188319)
);
#64720=DIRECTION('',(0.,1.,0.));
#64730=VECTOR('',#64720,1.);
#64740=LINE('',#64710,#64730);
#64750=EDGE_CURVE('',#64680,#64280,#64740,.T.);
#64760=ORIENTED_EDGE('',*,*,#64750,.F.);
#64770=ORIENTED_EDGE('',*,*,#64290,.F.);
#64780=EDGE_LOOP('',(#64770,#64760,#64700,#64620,#64540,#64530));
#64790=FACE_OUTER_BOUND('',#64780,.T.);
#64800=ADVANCED_FACE('',(#64790),#64520,.T.);
#64810=COLOUR_RGB('',0.823529481887817,0.823529481887817,
0.784313797950745);
#64820=FILL_AREA_STYLE_COLOUR('',#64810);
#64830=FILL_AREA_STYLE('',(#64820));
#64840=SURFACE_STYLE_FILL_AREA(#64830);
#64850=SURFACE_SIDE_STYLE('',(#64840));
#64860=SURFACE_STYLE_USAGE(.BOTH.,#64850);
#64870=PRESENTATION_STYLE_ASSIGNMENT((#64860));
#64880=CARTESIAN_POINT('',(20.9636462030947,38.486981521616,
-48.5032861188319));
#64890=DIRECTION('',(-1.,0.,-0.));
#64900=DIRECTION('',(0.,0.,-1.));
#64910=AXIS2_PLACEMENT_3D('',#64880,#64890,#64900);
#64920=PLANE('',#64910);
#64930=ORIENTED_EDGE('',*,*,#64350,.F.);
#64940=ORIENTED_EDGE('',*,*,#64750,.T.);
#64950=CARTESIAN_POINT('',(20.9636462030947,38.9002563333336,
-45.0132861188318));
#64960=DIRECTION('',(0.,0.,-1.));
#64970=VECTOR('',#64960,1.);
#64980=LINE('',#64950,#64970);
#64990=EDGE_CURVE('',#63590,#64680,#64980,.T.);
#65000=ORIENTED_EDGE('',*,*,#64990,.T.);
#65010=ORIENTED_EDGE('',*,*,#63600,.T.);
#65020=EDGE_LOOP('',(#65010,#65000,#64940,#64930));
#65030=FACE_OUTER_BOUND('',#65020,.T.);
#65040=ADVANCED_FACE('',(#65030),#64920,.F.);
#65050=COLOUR_RGB('',0.823529481887817,0.823529481887817,
0.784313797950745);
#65060=FILL_AREA_STYLE_COLOUR('',#65050);
#65070=FILL_AREA_STYLE('',(#65060));
#65080=SURFACE_STYLE_FILL_AREA(#65070);
#65090=SURFACE_SIDE_STYLE('',(#65080));
#65100=SURFACE_STYLE_USAGE(.BOTH.,#65090);
#65110=PRESENTATION_STYLE_ASSIGNMENT((#65100));
#65120=CARTESIAN_POINT('',(20.8886462030947,38.7502563333336,
-48.8232861188319));
#65130=DIRECTION('',(0.894427190999916,-0.447213595499958,0.));
#65140=DIRECTION('',(0.447213595499958,0.894427190999916,
8.27511384415758E-17));
#65150=AXIS2_PLACEMENT_3D('',#65120,#65130,#65140);
#65160=PLANE('',#65150);
#65170=CARTESIAN_POINT('',(20.7570087972359,38.486981521616,
-48.7099235246907));
#65180=DIRECTION('',(-0.408248290463863,-0.816496580927726,
-0.408248290463863));
#65190=VECTOR('',#65180,1.);
#65200=LINE('',#65170,#65190);
#65210=CARTESIAN_POINT('',(20.8136462030947,38.6002563333336,
-48.6532861188319));
#65220=VERTEX_POINT('',#65210);
#65230=EDGE_CURVE('',#63590,#65220,#65200,.T.);
#65240=ORIENTED_EDGE('',*,*,#65230,.T.);
#65250=ORIENTED_EDGE('',*,*,#64990,.F.);
#65260=CARTESIAN_POINT('',(20.7570087972359,38.486981521616,
-48.9366487129731));
#65270=DIRECTION('',(-0.408248290463863,-0.816496580927726,
0.408248290463863));
#65280=VECTOR('',#65270,1.);
#65290=LINE('',#65260,#65280);
#65300=CARTESIAN_POINT('',(20.8136462030947,38.6002563333336,
-48.9932861188319));
#65310=VERTEX_POINT('',#65300);
#65320=EDGE_CURVE('',#64680,#65310,#65290,.T.);
#65330=ORIENTED_EDGE('',*,*,#65320,.F.);
#65340=CARTESIAN_POINT('',(20.8136462030947,38.6002563333336,
-48.8232861188319));
#65350=DIRECTION('',(0.,0.,1.));
#65360=VECTOR('',#65350,1.);
#65370=LINE('',#65340,#65360);
#65380=EDGE_CURVE('',#65310,#65220,#65370,.T.);
#65390=ORIENTED_EDGE('',*,*,#65380,.F.);
#65400=EDGE_LOOP('',(#65390,#65330,#65250,#65240));
#65410=FACE_OUTER_BOUND('',#65400,.T.);
#65420=ADVANCED_FACE('',(#65410),#65160,.T.);
#65430=COLOUR_RGB('',0.823529481887817,0.823529481887817,
0.784313797950745);
#65440=FILL_AREA_STYLE_COLOUR('',#65430);
#65450=FILL_AREA_STYLE('',(#65440));
#65460=SURFACE_STYLE_FILL_AREA(#65450);
#65470=SURFACE_SIDE_STYLE('',(#65460));
#65480=SURFACE_STYLE_USAGE(.BOTH.,#65470);
#65490=PRESENTATION_STYLE_ASSIGNMENT((#65480));
#65500=CARTESIAN_POINT('',(20.6436462030947,38.7502563333336,
-48.5782861188319));
#65510=DIRECTION('',(0.,0.447213595499958,-0.894427190999916));
#65520=DIRECTION('',(0.,0.894427190999916,0.447213595499958));
#65530=AXIS2_PLACEMENT_3D('',#65500,#65510,#65520);
#65540=PLANE('',#65530);
#65550=CARTESIAN_POINT('',(20.5302836089535,38.486981521616,
-48.7099235246907));
#65560=DIRECTION('',(0.408248290463863,-0.816496580927726,
-0.408248290463863));
#65570=VECTOR('',#65560,1.);
#65580=LINE('',#65550,#65570);
#65590=CARTESIAN_POINT('',(20.4736462030947,38.6002563333336,
-48.6532861188319));
#65600=VERTEX_POINT('',#65590);
#65610=EDGE_CURVE('',#63670,#65600,#65580,.T.);
#65620=ORIENTED_EDGE('',*,*,#65610,.T.);
#65630=ORIENTED_EDGE('',*,*,#63680,.T.);
#65640=ORIENTED_EDGE('',*,*,#65230,.F.);
#65650=CARTESIAN_POINT('',(20.6436462030947,38.6002563333336,
-48.6532861188319));
#65660=DIRECTION('',(1.,0.,0.));
#65670=VECTOR('',#65660,1.);
#65680=LINE('',#65650,#65670);
#65690=EDGE_CURVE('',#65600,#65220,#65680,.T.);
#65700=ORIENTED_EDGE('',*,*,#65690,.T.);
#65710=EDGE_LOOP('',(#65700,#65640,#65630,#65620));
#65720=FACE_OUTER_BOUND('',#65710,.T.);
#65730=ADVANCED_FACE('',(#65720),#65540,.F.);
#65740=COLOUR_RGB('',0.823529481887817,0.823529481887817,
0.784313797950745);
#65750=FILL_AREA_STYLE_COLOUR('',#65740);
#65760=FILL_AREA_STYLE('',(#65750));
#65770=SURFACE_STYLE_FILL_AREA(#65760);
#65780=SURFACE_SIDE_STYLE('',(#65770));
#65790=SURFACE_STYLE_USAGE(.BOTH.,#65780);
#65800=PRESENTATION_STYLE_ASSIGNMENT((#65790));
#65810=CARTESIAN_POINT('',(20.3986462030947,38.7502563333336,
-48.8232861188319));
#65820=DIRECTION('',(0.894427190999916,0.447213595499958,-0.));
#65830=DIRECTION('',(-0.447213595499958,0.894427190999916,
8.27511384415758E-17));
#65840=AXIS2_PLACEMENT_3D('',#65810,#65820,#65830);
#65850=PLANE('',#65840);
#65860=CARTESIAN_POINT('',(20.5302836089535,38.486981521616,
-48.9366487129731));
#65870=DIRECTION('',(-0.408248290463863,0.816496580927726,
-0.408248290463863));
#65880=VECTOR('',#65870,1.);
#65890=LINE('',#65860,#65880);
#65900=CARTESIAN_POINT('',(20.4736462030947,38.6002563333336,
-48.9932861188319));
#65910=VERTEX_POINT('',#65900);
#65920=EDGE_CURVE('',#65910,#64600,#65890,.T.);
#65930=ORIENTED_EDGE('',*,*,#65920,.F.);
#65940=CARTESIAN_POINT('',(20.3236462030947,38.9002563333335,
-45.0132861188318));
#65950=DIRECTION('',(0.,0.,-1.));
#65960=VECTOR('',#65950,1.);
#65970=LINE('',#65940,#65960);
#65980=EDGE_CURVE('',#63670,#64600,#65970,.T.);
#65990=ORIENTED_EDGE('',*,*,#65980,.T.);
#66000=ORIENTED_EDGE('',*,*,#65610,.F.);
#66010=CARTESIAN_POINT('',(20.4736462030947,38.6002563333336,
-48.8232861188319));
#66020=DIRECTION('',(0.,0.,1.));
#66030=VECTOR('',#66020,1.);
#66040=LINE('',#66010,#66030);
#66050=EDGE_CURVE('',#65910,#65600,#66040,.T.);
#66060=ORIENTED_EDGE('',*,*,#66050,.T.);
#66070=EDGE_LOOP('',(#66060,#66000,#65990,#65930));
#66080=FACE_OUTER_BOUND('',#66070,.T.);
#66090=ADVANCED_FACE('',(#66080),#65850,.F.);
#66100=COLOUR_RGB('',0.823529481887817,0.823529481887817,
0.784313797950745);
#66110=FILL_AREA_STYLE_COLOUR('',#66100);
#66120=FILL_AREA_STYLE('',(#66110));
#66130=SURFACE_STYLE_FILL_AREA(#66120);
#66140=SURFACE_SIDE_STYLE('',(#66130));
#66150=SURFACE_STYLE_USAGE(.BOTH.,#66140);
#66160=PRESENTATION_STYLE_ASSIGNMENT((#66150));
#66170=CARTESIAN_POINT('',(20.3236462030947,38.486981521616,
-48.5032861188319));
#66180=DIRECTION('',(-1.,0.,-0.));
#66190=DIRECTION('',(0.,0.,-1.));
#66200=AXIS2_PLACEMENT_3D('',#66170,#66180,#66190);
#66210=PLANE('',#66200);
#66220=ORIENTED_EDGE('',*,*,#63990,.F.);
#66230=ORIENTED_EDGE('',*,*,#63740,.F.);
#66240=ORIENTED_EDGE('',*,*,#65980,.F.);
#66250=ORIENTED_EDGE('',*,*,#64610,.T.);
#66260=EDGE_LOOP('',(#66250,#66240,#66230,#66220));
#66270=FACE_OUTER_BOUND('',#66260,.T.);
#66280=ADVANCED_FACE('',(#66270),#66210,.T.);
#66290=COLOUR_RGB('',0.823529481887817,0.823529481887817,
0.784313797950745);
#66300=FILL_AREA_STYLE_COLOUR('',#66290);
#66310=FILL_AREA_STYLE('',(#66300));
#66320=SURFACE_STYLE_FILL_AREA(#66310);
#66330=SURFACE_SIDE_STYLE('',(#66320));
#66340=SURFACE_STYLE_USAGE(.BOTH.,#66330);
#66350=PRESENTATION_STYLE_ASSIGNMENT((#66340));
#66360=CARTESIAN_POINT('',(20.6436462030947,38.7502563333336,
-49.0682861188319));
#66370=DIRECTION('',(0.,0.447213595499958,0.894427190999916));
#66380=DIRECTION('',(0.,0.894427190999916,-0.447213595499958));
#66390=AXIS2_PLACEMENT_3D('',#66360,#66370,#66380);
#66400=PLANE('',#66390);
#66410=ORIENTED_EDGE('',*,*,#65320,.T.);
#66420=ORIENTED_EDGE('',*,*,#64690,.T.);
#66430=ORIENTED_EDGE('',*,*,#65920,.T.);
#66440=CARTESIAN_POINT('',(20.6436462030947,38.6002563333336,
-48.9932861188319));
#66450=DIRECTION('',(-1.,0.,0.));
#66460=VECTOR('',#66450,1.);
#66470=LINE('',#66440,#66460);
#66480=EDGE_CURVE('',#65310,#65910,#66470,.T.);
#66490=ORIENTED_EDGE('',*,*,#66480,.T.);
#66500=EDGE_LOOP('',(#66490,#66430,#66420,#66410));
#66510=FACE_OUTER_BOUND('',#66500,.T.);
#66520=ADVANCED_FACE('',(#66510),#66400,.F.);
#66530=COLOUR_RGB('',0.823529481887817,0.823529481887817,
0.784313797950745);
#66540=FILL_AREA_STYLE_COLOUR('',#66530);
#66550=FILL_AREA_STYLE('',(#66540));
#66560=SURFACE_STYLE_FILL_AREA(#66550);
#66570=SURFACE_SIDE_STYLE('',(#66560));
#66580=SURFACE_STYLE_USAGE(.BOTH.,#66570);
#66590=PRESENTATION_STYLE_ASSIGNMENT((#66580));
#66600=CARTESIAN_POINT('',(20.1902836089535,38.6002563333336,
-48.8899235246907));
#66610=DIRECTION('',(0.,1.,0.));
#66620=DIRECTION('',(0.,0.,-1.));
#66630=AXIS2_PLACEMENT_3D('',#66600,#66610,#66620);
#66640=PLANE('',#66630);
#66650=ORIENTED_EDGE('',*,*,#65690,.F.);
#66660=ORIENTED_EDGE('',*,*,#65380,.T.);
#66670=ORIENTED_EDGE('',*,*,#66480,.F.);
#66680=ORIENTED_EDGE('',*,*,#66050,.F.);
#66690=EDGE_LOOP('',(#66680,#66670,#66660,#66650));
#66700=FACE_OUTER_BOUND('',#66690,.T.);
#66710=ADVANCED_FACE('',(#66700),#66640,.F.);
#66720=COLOUR_RGB('',0.823529481887817,0.823529481887817,
0.784313797950745);
#66730=FILL_AREA_STYLE_COLOUR('',#66720);
#66740=FILL_AREA_STYLE('',(#66730));
#66750=SURFACE_STYLE_FILL_AREA(#66740);
#66760=SURFACE_SIDE_STYLE('',(#66750));
#66770=SURFACE_STYLE_USAGE(.BOTH.,#66760);
#66780=PRESENTATION_STYLE_ASSIGNMENT((#66770));
#66790=CARTESIAN_POINT('',(18.9336462030943,41.4002563333336,
-45.0132861188318));
#66800=DIRECTION('',(0.,0.,-1.));
#66810=DIRECTION('',(-1.4210854715202E-14,1.,0.));
#66820=AXIS2_PLACEMENT_3D('',#66790,#66800,#66810);
#66830=CYLINDRICAL_SURFACE('',#66820,0.3);
#66840=CARTESIAN_POINT('',(18.9336462030943,41.4002563333336,
-49.5432861188318));
#66850=DIRECTION('',(0.,0.,-1.));
#66860=DIRECTION('',(-1.4210854715202E-14,1.,0.));
#66870=AXIS2_PLACEMENT_3D('',#66840,#66850,#66860);
#66880=CIRCLE('',#66870,0.3);
#66890=EDGE_CURVE('',#63180,#62300,#66880,.T.);
#66900=ORIENTED_EDGE('',*,*,#66890,.F.);
#66910=ORIENTED_EDGE('',*,*,#62310,.T.);
#66920=ORIENTED_EDGE('',*,*,#58050,.T.);
#66930=ORIENTED_EDGE('',*,*,#63250,.F.);
#66940=EDGE_LOOP('',(#66930,#66920,#66910,#66900));
#66950=FACE_OUTER_BOUND('',#66940,.T.);
#66960=ADVANCED_FACE('',(#66950),#66830,.T.);
#66970=CARTESIAN_POINT('',(18.9336462030943,41.4002563333336,
-49.5432861188318));
#66980=DIRECTION('',(0.,0.,-1.));
#66990=DIRECTION('',(-1.18423789293351E-14,1.,0.));
#67000=AXIS2_PLACEMENT_3D('',#66970,#66980,#66990);
#67010=SPHERICAL_SURFACE('',#67000,0.3);
#67020=CARTESIAN_POINT('',(18.9336462030943,41.4002563333336,
-49.5432861188318));
#67030=DIRECTION('',(0.,-1.,-0.));
#67040=DIRECTION('',(1.,0.,0.));
#67050=AXIS2_PLACEMENT_3D('',#67020,#67030,#67040);
#67060=CIRCLE('',#67050,0.3);
#67070=CARTESIAN_POINT('',(18.9336462030943,41.4002563333336,
-49.8432861188318));
#67080=VERTEX_POINT('',#67070);
#67090=EDGE_CURVE('',#62300,#67080,#67060,.T.);
#67100=ORIENTED_EDGE('',*,*,#67090,.T.);
#67110=ORIENTED_EDGE('',*,*,#66890,.T.);
#67120=CARTESIAN_POINT('',(18.9336462030943,41.4002563333336,
-49.5432861188318));
#67130=DIRECTION('',(1.,1.4210854715202E-14,0.));
#67140=DIRECTION('',(1.4210854715202E-14,-1.,0.));
#67150=AXIS2_PLACEMENT_3D('',#67120,#67130,#67140);
#67160=CIRCLE('',#67150,0.3);
#67170=EDGE_CURVE('',#63180,#67080,#67160,.T.);
#67180=ORIENTED_EDGE('',*,*,#67170,.F.);
#67190=EDGE_LOOP('',(#67180,#67110,#67100));
#67200=FACE_OUTER_BOUND('',#67190,.T.);
#67210=ADVANCED_FACE('',(#67200),#67010,.T.);
#67220=CARTESIAN_POINT('',(18.9336462030943,43.776923,-49.5432861188318)
);
#67230=DIRECTION('',(0.,-1.,-0.));
#67240=DIRECTION('',(1.,0.,0.));
#67250=AXIS2_PLACEMENT_3D('',#67220,#67230,#67240);
#67260=CYLINDRICAL_SURFACE('',#67250,0.3);
#67270=ORIENTED_EDGE('',*,*,#67090,.F.);
#67280=CARTESIAN_POINT('',(18.9336462030943,43.776923,-49.8432861188318)
);
#67290=DIRECTION('',(0.,-1.,-0.));
#67300=VECTOR('',#67290,1.);
#67310=LINE('',#67280,#67300);
#67320=CARTESIAN_POINT('',(18.9336462030943,44.3002563333335,
-49.8432861188318));
#67330=VERTEX_POINT('',#67320);
#67340=EDGE_CURVE('',#67330,#67080,#67310,.T.);
#67350=ORIENTED_EDGE('',*,*,#67340,.T.);
#67360=CARTESIAN_POINT('',(18.9336462030943,44.3002563333335,
-49.5432861188318));
#67370=DIRECTION('',(0.,-1.,-0.));
#67380=DIRECTION('',(1.,0.,0.));
#67390=AXIS2_PLACEMENT_3D('',#67360,#67370,#67380);
#67400=CIRCLE('',#67390,0.3);
#67410=EDGE_CURVE('',#62210,#67330,#67400,.T.);
#67420=ORIENTED_EDGE('',*,*,#67410,.T.);
#67430=ORIENTED_EDGE('',*,*,#62370,.F.);
#67440=EDGE_LOOP('',(#67430,#67420,#67350,#67270));
#67450=FACE_OUTER_BOUND('',#67440,.T.);
#67460=ADVANCED_FACE('',(#67450),#67260,.T.);
#67470=CARTESIAN_POINT('',(18.9336462030943,44.3002563333335,
-49.5432861188318));
#67480=DIRECTION('',(-1.,-1.4802973661672E-16,0.));
#67490=DIRECTION('',(1.4802973661672E-16,-1.,0.));
#67500=AXIS2_PLACEMENT_3D('',#67470,#67480,#67490);
#67510=SPHERICAL_SURFACE('',#67500,0.3);
#67520=ORIENTED_EDGE('',*,*,#67410,.F.);
#67530=CARTESIAN_POINT('',(18.9336462030943,44.3002563333335,
-49.5432861188318));
#67540=DIRECTION('',(1.,0.,0.));
#67550=DIRECTION('',(0.,1.,0.));
#67560=AXIS2_PLACEMENT_3D('',#67530,#67540,#67550);
#67570=CIRCLE('',#67560,0.3);
#67580=EDGE_CURVE('',#67330,#60340,#67570,.T.);
#67590=ORIENTED_EDGE('',*,*,#67580,.F.);
#67600=CARTESIAN_POINT('',(18.9336462030943,44.3002563333335,
-49.5432861188318));
#67610=DIRECTION('',(0.,0.,1.));
#67620=DIRECTION('',(-1.,0.,0.));
#67630=AXIS2_PLACEMENT_3D('',#67600,#67610,#67620);
#67640=CIRCLE('',#67630,0.3);
#67650=EDGE_CURVE('',#60340,#62210,#67640,.T.);
#67660=ORIENTED_EDGE('',*,*,#67650,.F.);
#67670=EDGE_LOOP('',(#67660,#67590,#67520));
#67680=FACE_OUTER_BOUND('',#67670,.T.);
#67690=ADVANCED_FACE('',(#67680),#67510,.T.);
#67700=CARTESIAN_POINT('',(18.9336462030943,44.3002563333335,
-45.0132861188318));
#67710=DIRECTION('',(0.,0.,-1.));
#67720=DIRECTION('',(-1.4210854715202E-14,1.,0.));
#67730=AXIS2_PLACEMENT_3D('',#67700,#67710,#67720);
#67740=CYLINDRICAL_SURFACE('',#67730,0.3);
#67750=ORIENTED_EDGE('',*,*,#60350,.T.);
#67760=ORIENTED_EDGE('',*,*,#58220,.T.);
#67770=ORIENTED_EDGE('',*,*,#62220,.F.);
#67780=ORIENTED_EDGE('',*,*,#67650,.T.);
#67790=EDGE_LOOP('',(#67780,#67770,#67760,#67750));
#67800=FACE_OUTER_BOUND('',#67790,.T.);
#67810=ADVANCED_FACE('',(#67800),#67740,.T.);
#67820=CARTESIAN_POINT('',(29.816979536428,44.3002563333335,
-49.5432861188318));
#67830=DIRECTION('',(1.,0.,0.));
#67840=DIRECTION('',(0.,1.,0.));
#67850=AXIS2_PLACEMENT_3D('',#67820,#67830,#67840);
#67860=CYLINDRICAL_SURFACE('',#67850,0.3);
#67870=ORIENTED_EDGE('',*,*,#67580,.T.);
#67880=CARTESIAN_POINT('',(29.816979536428,44.3002563333335,
-49.8432861188318));
#67890=DIRECTION('',(1.,0.,0.));
#67900=VECTOR('',#67890,1.);
#67910=LINE('',#67880,#67900);
#67920=CARTESIAN_POINT('',(21.4836462030953,44.3002563333335,
-49.8432861188318));
#67930=VERTEX_POINT('',#67920);
#67940=EDGE_CURVE('',#67330,#67930,#67910,.T.);
#67950=ORIENTED_EDGE('',*,*,#67940,.F.);
#67960=CARTESIAN_POINT('',(21.4836462030953,44.3002563333335,
-49.5432861188318));
#67970=DIRECTION('',(1.,0.,0.));
#67980=DIRECTION('',(0.,1.,0.));
#67990=AXIS2_PLACEMENT_3D('',#67960,#67970,#67980);
#68000=CIRCLE('',#67990,0.3);
#68010=EDGE_CURVE('',#67930,#60420,#68000,.T.);
#68020=ORIENTED_EDGE('',*,*,#68010,.F.);
#68030=ORIENTED_EDGE('',*,*,#60430,.T.);
#68040=EDGE_LOOP('',(#68030,#68020,#67950,#67870));
#68050=FACE_OUTER_BOUND('',#68040,.T.);
#68060=ADVANCED_FACE('',(#68050),#67860,.T.);
#68070=CARTESIAN_POINT('',(21.4836462030953,44.3002563333335,
-49.5432861188318));
#68080=DIRECTION('',(1.,1.4802973661672E-16,0.));
#68090=DIRECTION('',(-1.4802973661672E-16,1.,0.));
#68100=AXIS2_PLACEMENT_3D('',#68070,#68080,#68090);
#68110=SPHERICAL_SURFACE('',#68100,0.3);
#68120=CARTESIAN_POINT('',(21.4836462030953,44.3002563333335,
-49.5432861188318));
#68130=DIRECTION('',(0.,0.,1.));
#68140=DIRECTION('',(-1.,0.,0.));
#68150=AXIS2_PLACEMENT_3D('',#68120,#68130,#68140);
#68160=CIRCLE('',#68150,0.3);
#68170=CARTESIAN_POINT('',(21.7836462030953,44.3002563333335,
-49.5432861188318));
#68180=VERTEX_POINT('',#68170);
#68190=EDGE_CURVE('',#68180,#60420,#68160,.T.);
#68200=ORIENTED_EDGE('',*,*,#68190,.F.);
#68210=ORIENTED_EDGE('',*,*,#68010,.T.);
#68220=CARTESIAN_POINT('',(21.4836462030953,44.3002563333335,
-49.5432861188318));
#68230=DIRECTION('',(0.,1.,0.));
#68240=DIRECTION('',(-1.,0.,0.));
#68250=AXIS2_PLACEMENT_3D('',#68220,#68230,#68240);
#68260=CIRCLE('',#68250,0.3);
#68270=EDGE_CURVE('',#68180,#67930,#68260,.T.);
#68280=ORIENTED_EDGE('',*,*,#68270,.T.);
#68290=EDGE_LOOP('',(#68280,#68210,#68200));
#68300=FACE_OUTER_BOUND('',#68290,.T.);
#68310=ADVANCED_FACE('',(#68300),#68110,.T.);
#68320=CARTESIAN_POINT('',(21.4836462030953,43.776923,-49.5432861188318)
);
#68330=DIRECTION('',(0.,1.,0.));
#68340=DIRECTION('',(-1.,0.,0.));
#68350=AXIS2_PLACEMENT_3D('',#68320,#68330,#68340);
#68360=CYLINDRICAL_SURFACE('',#68350,0.3);
#68370=CARTESIAN_POINT('',(21.4836462030953,43.776923,-49.8432861188318)
);
#68380=DIRECTION('',(0.,1.,0.));
#68390=VECTOR('',#68380,1.);
#68400=LINE('',#68370,#68390);
#68410=CARTESIAN_POINT('',(21.4836462030953,41.4002563333336,
-49.8432861188318));
#68420=VERTEX_POINT('',#68410);
#68430=EDGE_CURVE('',#68420,#67930,#68400,.T.);
#68440=ORIENTED_EDGE('',*,*,#68430,.T.);
#68450=CARTESIAN_POINT('',(21.4836462030953,41.4002563333336,
-49.5432861188318));
#68460=DIRECTION('',(0.,1.,0.));
#68470=DIRECTION('',(-1.,0.,0.));
#68480=AXIS2_PLACEMENT_3D('',#68450,#68460,#68470);
#68490=CIRCLE('',#68480,0.3);
#68500=EDGE_CURVE('',#62610,#68420,#68490,.T.);
#68510=ORIENTED_EDGE('',*,*,#68500,.T.);
#68520=CARTESIAN_POINT('',(21.7836462030953,43.776923,-49.5432861188318)
);
#68530=DIRECTION('',(0.,1.,0.));
#68540=VECTOR('',#68530,1.);
#68550=LINE('',#68520,#68540);
#68560=EDGE_CURVE('',#62610,#68180,#68550,.T.);
#68570=ORIENTED_EDGE('',*,*,#68560,.F.);
#68580=ORIENTED_EDGE('',*,*,#68270,.F.);
#68590=EDGE_LOOP('',(#68580,#68570,#68510,#68440));
#68600=FACE_OUTER_BOUND('',#68590,.T.);
#68610=ADVANCED_FACE('',(#68600),#68360,.T.);
#68620=CARTESIAN_POINT('',(21.4836462030953,41.4002563333336,
-49.5432861188318));
#68630=DIRECTION('',(1.,-5.92118946466717E-16,0.));
#68640=DIRECTION('',(5.92118946466717E-16,1.,0.));
#68650=AXIS2_PLACEMENT_3D('',#68620,#68630,#68640);
#68660=SPHERICAL_SURFACE('',#68650,0.3);
#68670=ORIENTED_EDGE('',*,*,#68500,.F.);
#68680=CARTESIAN_POINT('',(21.4836462030953,41.4002563333336,
-49.5432861188318));
#68690=DIRECTION('',(1.,0.,0.));
#68700=DIRECTION('',(0.,1.,0.));
#68710=AXIS2_PLACEMENT_3D('',#68680,#68690,#68700);
#68720=CIRCLE('',#68710,0.3);
#68730=EDGE_CURVE('',#62520,#68420,#68720,.T.);
#68740=ORIENTED_EDGE('',*,*,#68730,.T.);
#68750=ORIENTED_EDGE('',*,*,#62690,.F.);
#68760=EDGE_LOOP('',(#68750,#68740,#68670));
#68770=FACE_OUTER_BOUND('',#68760,.T.);
#68780=ADVANCED_FACE('',(#68770),#68660,.T.);
#68790=CARTESIAN_POINT('',(29.8169795364281,41.4002563333336,
-49.5432861188318));
#68800=DIRECTION('',(1.,0.,0.));
#68810=DIRECTION('',(0.,1.,0.));
#68820=AXIS2_PLACEMENT_3D('',#68790,#68800,#68810);
#68830=CYLINDRICAL_SURFACE('',#68820,0.3);
#68840=ORIENTED_EDGE('',*,*,#63190,.F.);
#68850=ORIENTED_EDGE('',*,*,#68730,.F.);
#68860=CARTESIAN_POINT('',(29.8169795364281,41.4002563333336,
-49.8432861188318));
#68870=DIRECTION('',(1.,0.,0.));
#68880=VECTOR('',#68870,1.);
#68890=LINE('',#68860,#68880);
#68900=EDGE_CURVE('',#67080,#68420,#68890,.T.);
#68910=ORIENTED_EDGE('',*,*,#68900,.T.);
#68920=ORIENTED_EDGE('',*,*,#67170,.T.);
#68930=EDGE_LOOP('',(#68920,#68910,#68850,#68840));
#68940=FACE_OUTER_BOUND('',#68930,.T.);
#68950=ADVANCED_FACE('',(#68940),#68830,.T.);
#68960=CARTESIAN_POINT('',(21.4836462030953,44.3002563333335,
-45.0132861188318));
#68970=DIRECTION('',(0.,0.,1.));
#68980=DIRECTION('',(1.4210854715202E-14,-1.,0.));
#68990=AXIS2_PLACEMENT_3D('',#68960,#68970,#68980);
#69000=CYLINDRICAL_SURFACE('',#68990,0.3);
#69010=CARTESIAN_POINT('',(21.4836462030952,44.6002563333335,
-49.5432961188318));
#69020=DIRECTION('',(0.,0.,1.));
#69030=VECTOR('',#69020,1.);
#69040=LINE('',#69010,#69030);
#69050=EDGE_CURVE('',#60460,#59600,#69040,.T.);
#69060=ORIENTED_EDGE('',*,*,#69050,.T.);
#69070=ORIENTED_EDGE('',*,*,#60470,.T.);
#69080=ORIENTED_EDGE('',*,*,#68190,.T.);
#69090=CARTESIAN_POINT('',(21.7836462030953,44.3002563333335,
-45.0132861188318));
#69100=DIRECTION('',(0.,0.,1.));
#69110=VECTOR('',#69100,1.);
#69120=LINE('',#69090,#69110);
#69130=EDGE_CURVE('',#68180,#58380,#69120,.T.);
#69140=ORIENTED_EDGE('',*,*,#69130,.F.);
#69150=ORIENTED_EDGE('',*,*,#58390,.F.);
#69160=ORIENTED_EDGE('',*,*,#60260,.T.);
#69170=EDGE_LOOP('',(#69160,#69150,#69140,#69080,#69070,#69060));
#69180=FACE_OUTER_BOUND('',#69170,.T.);
#69190=ADVANCED_FACE('',(#69180),#69000,.T.);
#69200=CARTESIAN_POINT('',(20.9636462030948,40.9802563333336,
-49.8432861188318));
#69210=DIRECTION('',(0.,0.,-1.));
#69220=DIRECTION('',(1.,0.,0.));
#69230=AXIS2_PLACEMENT_3D('',#69200,#69210,#69220);
#69240=PLANE('',#69230);
#69250=CARTESIAN_POINT('',(29.816979536428,43.8370636582528,
-49.8432861188318));
#69260=DIRECTION('',(1.,0.,0.));
#69270=VECTOR('',#69260,1.);
#69280=LINE('',#69250,#69270);
#69290=CARTESIAN_POINT('',(19.3649992791491,43.8370636582528,
-49.8432861188318));
#69300=VERTEX_POINT('',#69290);
#69310=CARTESIAN_POINT('',(21.044924156364,43.8370636582528,
-49.8432861188318));
#69320=VERTEX_POINT('',#69310);
#69330=EDGE_CURVE('',#69300,#69320,#69280,.T.);
#69340=ORIENTED_EDGE('',*,*,#69330,.F.);
#69350=CARTESIAN_POINT('',(21.044924156364,43.8370636582528,
-49.8432861188318));
#69360=CARTESIAN_POINT('',(21.0631120724123,43.8370636582528,
-49.8432861188318));
#69370=CARTESIAN_POINT('',(21.0811220238996,43.8334544646975,
-49.8432861188318));
#69380=CARTESIAN_POINT('',(21.1147289106517,43.8194299306485,
-49.8432861188318));
#69390=CARTESIAN_POINT('',(21.1299970102857,43.8091518169839,
-49.8432861188318));
#69400=CARTESIAN_POINT('',(21.1557186078325,43.7832378570623,
-49.8432861188318));
#69410=CARTESIAN_POINT('',(21.1659204258495,43.7678555729226,
-49.8432861188318));
#69420=CARTESIAN_POINT('',(21.1798408541314,43.7339973526157,
-49.8432861188318));
#69430=CARTESIAN_POINT('',(21.1834232562181,43.7158527113203,
-49.8432861188318));
#69440=CARTESIAN_POINT('',(21.1834232562181,43.6975287745323,
-49.8432861188318));
#69450=B_SPLINE_CURVE_WITH_KNOTS('',3,(#69350,#69360,#69370,#69380,
#69390,#69400,#69410,#69420,#69430,#69440),.UNSPECIFIED.,.F.,.F.,(4,2,2,
2,4),(0.,1.,2.,3.,4.),.UNSPECIFIED.);
#69460=CARTESIAN_POINT('',(21.1834232562181,43.6975287745323,
-49.8432861188318));
#69470=VERTEX_POINT('',#69460);
#69480=EDGE_CURVE('',#69320,#69470,#69450,.T.);
#69490=ORIENTED_EDGE('',*,*,#69480,.F.);
#69500=CARTESIAN_POINT('',(21.1834232562181,43.776923,-49.8432861188318)
);
#69510=DIRECTION('',(0.,-1.,-0.));
#69520=VECTOR('',#69510,1.);
#69530=LINE('',#69500,#69520);
#69540=CARTESIAN_POINT('',(21.1834232562181,41.9765985419796,
-49.8432861188318));
#69550=VERTEX_POINT('',#69540);
#69560=EDGE_CURVE('',#69470,#69550,#69530,.T.);
#69570=ORIENTED_EDGE('',*,*,#69560,.F.);
#69580=CARTESIAN_POINT('',(21.1834232562181,41.9765985419796,
-49.8432861188318));
#69590=CARTESIAN_POINT('',(21.1834232562181,41.9582746051917,
-49.8432861188318));
#69600=CARTESIAN_POINT('',(21.1798408541314,41.9401299638963,
-49.8432861188318));
#69610=CARTESIAN_POINT('',(21.1659204258495,41.9062717435894,
-49.8432861188318));
#69620=CARTESIAN_POINT('',(21.1557186078325,41.8908894594496,
-49.8432861188318));
#69630=CARTESIAN_POINT('',(21.1299970102857,41.864975499528,
-49.8432861188318));
#69640=CARTESIAN_POINT('',(21.1147289106517,41.8546973858634,
-49.8432861188318));
#69650=CARTESIAN_POINT('',(21.0811220238996,41.8406728518145,
-49.8432861188318));
#69660=CARTESIAN_POINT('',(21.0631120724123,41.8370636582591,
-49.8432861188318));
#69670=CARTESIAN_POINT('',(21.044924156364,41.8370636582591,
-49.8432861188318));
#69680=B_SPLINE_CURVE_WITH_KNOTS('',3,(#69580,#69590,#69600,#69610,
#69620,#69630,#69640,#69650,#69660,#69670),.UNSPECIFIED.,.F.,.F.,(4,2,2,
2,4),(0.,1.,2.,3.,4.),.UNSPECIFIED.);
#69690=CARTESIAN_POINT('',(21.044924156364,41.8370636582591,
-49.8432861188318));
#69700=VERTEX_POINT('',#69690);
#69710=EDGE_CURVE('',#69550,#69700,#69680,.T.);
#69720=ORIENTED_EDGE('',*,*,#69710,.F.);
#69730=CARTESIAN_POINT('',(29.8169795364281,41.8370636582591,
-49.8432861188318));
#69740=DIRECTION('',(-1.,6.34441526580124E-15,0.));
#69750=VECTOR('',#69740,1.);
#69760=LINE('',#69730,#69750);
#69770=CARTESIAN_POINT('',(19.3649992791491,41.8370636582592,
-49.8432861188318));
#69780=VERTEX_POINT('',#69770);
#69790=EDGE_CURVE('',#69700,#69780,#69760,.T.);
#69800=ORIENTED_EDGE('',*,*,#69790,.F.);
#69810=CARTESIAN_POINT('',(19.3649992791491,41.8370636582592,
-49.8432861188318));
#69820=CARTESIAN_POINT('',(19.3468113631008,41.8370636582592,
-49.8432861188318));
#69830=CARTESIAN_POINT('',(19.3288014116136,41.8406728518145,
-49.8432861188318));
#69840=CARTESIAN_POINT('',(19.2951945248614,41.8546973858634,
-49.8432861188318));
#69850=CARTESIAN_POINT('',(19.2799264252275,41.864975499528,
-49.8432861188318));
#69860=CARTESIAN_POINT('',(19.2542048276806,41.8908894594496,
-49.8432861188318));
#69870=CARTESIAN_POINT('',(19.2440030096636,41.9062717435894,
-49.8432861188318));
#69880=CARTESIAN_POINT('',(19.2300825813817,41.9401299638963,
-49.8432861188318));
#69890=CARTESIAN_POINT('',(19.226500179295,41.9582746051917,
-49.8432861188318));
#69900=CARTESIAN_POINT('',(19.226500179295,41.9765985419796,
-49.8432861188318));
#69910=B_SPLINE_CURVE_WITH_KNOTS('',3,(#69810,#69820,#69830,#69840,
#69850,#69860,#69870,#69880,#69890,#69900),.UNSPECIFIED.,.F.,.F.,(4,2,2,
2,4),(0.,1.,2.,3.,4.),.UNSPECIFIED.);
#69920=CARTESIAN_POINT('',(19.226500179295,41.9765985419796,
-49.8432861188318));
#69930=VERTEX_POINT('',#69920);
#69940=EDGE_CURVE('',#69780,#69930,#69910,.T.);
#69950=ORIENTED_EDGE('',*,*,#69940,.F.);
#69960=CARTESIAN_POINT('',(19.226500179295,43.776923,-49.8432861188318))
;
#69970=DIRECTION('',(0.,1.,0.));
#69980=VECTOR('',#69970,1.);
#69990=LINE('',#69960,#69980);
#70000=CARTESIAN_POINT('',(19.226500179295,43.6975287745323,
-49.8432861188318));
#70010=VERTEX_POINT('',#70000);
#70020=EDGE_CURVE('',#69930,#70010,#69990,.T.);
#70030=ORIENTED_EDGE('',*,*,#70020,.F.);
#70040=CARTESIAN_POINT('',(19.226500179295,43.6975287745323,
-49.8432861188318));
#70050=CARTESIAN_POINT('',(19.226500179295,43.7158527113203,
-49.8432861188318));
#70060=CARTESIAN_POINT('',(19.2300825813817,43.7339973526157,
-49.8432861188318));
#70070=CARTESIAN_POINT('',(19.2440030096636,43.7678555729226,
-49.8432861188318));
#70080=CARTESIAN_POINT('',(19.2542048276806,43.7832378570623,
-49.8432861188318));
#70090=CARTESIAN_POINT('',(19.2799264252275,43.8091518169839,
-49.8432861188318));
#70100=CARTESIAN_POINT('',(19.2951945248614,43.8194299306485,
-49.8432861188318));
#70110=CARTESIAN_POINT('',(19.3288014116136,43.8334544646975,
-49.8432861188318));
#70120=CARTESIAN_POINT('',(19.3468113631008,43.8370636582528,
-49.8432861188318));
#70130=CARTESIAN_POINT('',(19.3649992791491,43.8370636582528,
-49.8432861188318));
#70140=B_SPLINE_CURVE_WITH_KNOTS('',3,(#70040,#70050,#70060,#70070,
#70080,#70090,#70100,#70110,#70120,#70130),.UNSPECIFIED.,.F.,.F.,(4,2,2,
2,4),(0.,1.,2.,3.,4.),.UNSPECIFIED.);
#70150=EDGE_CURVE('',#70010,#69300,#70140,.T.);
#70160=ORIENTED_EDGE('',*,*,#70150,.F.);
#70170=EDGE_LOOP('',(#70160,#70030,#69950,#69800,#69720,#69570,#69490,
#69340));
#70180=FACE_BOUND('',#70170,.T.);
#70190=ORIENTED_EDGE('',*,*,#68430,.F.);
#70200=ORIENTED_EDGE('',*,*,#67940,.T.);
#70210=ORIENTED_EDGE('',*,*,#67340,.F.);
#70220=ORIENTED_EDGE('',*,*,#68900,.F.);
#70230=EDGE_LOOP('',(#70220,#70210,#70200,#70190));
#70240=FACE_OUTER_BOUND('',#70230,.T.);
#70250=ADVANCED_FACE('',(#70180,#70240),#69240,.T.);
#70260=CARTESIAN_POINT('',(20.1986462030948,42.8402563333336,
-49.8532861188318));
#70270=DIRECTION('',(0.,0.,-1.));
#70280=DIRECTION('',(-1.,0.,0.));
#70290=AXIS2_PLACEMENT_3D('',#70260,#70270,#70280);
#70300=PLANE('',#70290);
#70310=CARTESIAN_POINT('',(21.1834232562181,43.6975287745323,
-49.8532861188318));
#70320=DIRECTION('',(0.,-1.,-0.));
#70330=VECTOR('',#70320,1.);
#70340=LINE('',#70310,#70330);
#70350=CARTESIAN_POINT('',(21.1834232562181,43.6975287745323,
-49.8532861188318));
#70360=VERTEX_POINT('',#70350);
#70370=CARTESIAN_POINT('',(21.1834232562181,41.9765985419796,
-49.8532861188318));
#70380=VERTEX_POINT('',#70370);
#70390=EDGE_CURVE('',#70360,#70380,#70340,.T.);
#70400=ORIENTED_EDGE('',*,*,#70390,.T.);
#70410=CARTESIAN_POINT('',(21.044924156364,43.8370636582528,
-49.8532861188318));
#70420=CARTESIAN_POINT('',(21.0631120724123,43.8370636582528,
-49.8532861188318));
#70430=CARTESIAN_POINT('',(21.0811220238996,43.8334544646975,
-49.8532861188318));
#70440=CARTESIAN_POINT('',(21.1147289106517,43.8194299306485,
-49.8532861188318));
#70450=CARTESIAN_POINT('',(21.1299970102857,43.8091518169839,
-49.8532861188318));
#70460=CARTESIAN_POINT('',(21.1557186078325,43.7832378570623,
-49.8532861188318));
#70470=CARTESIAN_POINT('',(21.1659204258495,43.7678555729226,
-49.8532861188318));
#70480=CARTESIAN_POINT('',(21.1798408541314,43.7339973526157,
-49.8532861188318));
#70490=CARTESIAN_POINT('',(21.1834232562181,43.7158527113203,
-49.8532861188318));
#70500=CARTESIAN_POINT('',(21.1834232562181,43.6975287745323,
-49.8532861188318));
#70510=B_SPLINE_CURVE_WITH_KNOTS('',3,(#70410,#70420,#70430,#70440,
#70450,#70460,#70470,#70480,#70490,#70500),.UNSPECIFIED.,.F.,.F.,(4,2,2,
2,4),(0.,1.,2.,3.,4.),.UNSPECIFIED.);
#70520=CARTESIAN_POINT('',(21.044924156364,43.8370636582528,
-49.8532861188318));
#70530=VERTEX_POINT('',#70520);
#70540=EDGE_CURVE('',#70530,#70360,#70510,.T.);
#70550=ORIENTED_EDGE('',*,*,#70540,.T.);
#70560=CARTESIAN_POINT('',(21.044924156364,43.8370636582528,
-49.8532861188318));
#70570=DIRECTION('',(-1.,0.,0.));
#70580=VECTOR('',#70570,1.);
#70590=LINE('',#70560,#70580);
#70600=CARTESIAN_POINT('',(19.3649992791491,43.8370636582528,
-49.8532861188318));
#70610=VERTEX_POINT('',#70600);
#70620=EDGE_CURVE('',#70530,#70610,#70590,.T.);
#70630=ORIENTED_EDGE('',*,*,#70620,.F.);
#70640=CARTESIAN_POINT('',(19.226500179295,43.6975287745323,
-49.8532861188318));
#70650=CARTESIAN_POINT('',(19.226500179295,43.7158527113203,
-49.8532861188318));
#70660=CARTESIAN_POINT('',(19.2300825813817,43.7339973526157,
-49.8532861188318));
#70670=CARTESIAN_POINT('',(19.2440030096636,43.7678555729226,
-49.8532861188318));
#70680=CARTESIAN_POINT('',(19.2542048276806,43.7832378570623,
-49.8532861188318));
#70690=CARTESIAN_POINT('',(19.2799264252275,43.8091518169839,
-49.8532861188318));
#70700=CARTESIAN_POINT('',(19.2951945248614,43.8194299306485,
-49.8532861188318));
#70710=CARTESIAN_POINT('',(19.3288014116136,43.8334544646975,
-49.8532861188318));
#70720=CARTESIAN_POINT('',(19.3468113631008,43.8370636582528,
-49.8532861188318));
#70730=CARTESIAN_POINT('',(19.3649992791491,43.8370636582528,
-49.8532861188318));
#70740=B_SPLINE_CURVE_WITH_KNOTS('',3,(#70640,#70650,#70660,#70670,
#70680,#70690,#70700,#70710,#70720,#70730),.UNSPECIFIED.,.F.,.F.,(4,2,2,
2,4),(0.,1.,2.,3.,4.),.UNSPECIFIED.);
#70750=CARTESIAN_POINT('',(19.226500179295,43.6975287745323,
-49.8532861188318));
#70760=VERTEX_POINT('',#70750);
#70770=EDGE_CURVE('',#70760,#70610,#70740,.T.);
#70780=ORIENTED_EDGE('',*,*,#70770,.T.);
#70790=CARTESIAN_POINT('',(19.226500179295,43.6975287745323,
-49.8532861188318));
#70800=DIRECTION('',(0.,-1.,-0.));
#70810=VECTOR('',#70800,1.);
#70820=LINE('',#70790,#70810);
#70830=CARTESIAN_POINT('',(19.226500179295,41.9765985419796,
-49.8532861188318));
#70840=VERTEX_POINT('',#70830);
#70850=EDGE_CURVE('',#70760,#70840,#70820,.T.);
#70860=ORIENTED_EDGE('',*,*,#70850,.F.);
#70870=CARTESIAN_POINT('',(19.3649992791491,41.8370636582592,
-49.8532861188318));
#70880=CARTESIAN_POINT('',(19.3468113631008,41.8370636582592,
-49.8532861188318));
#70890=CARTESIAN_POINT('',(19.3288014116136,41.8406728518145,
-49.8532861188318));
#70900=CARTESIAN_POINT('',(19.2951945248614,41.8546973858634,
-49.8532861188318));
#70910=CARTESIAN_POINT('',(19.2799264252275,41.864975499528,
-49.8532861188318));
#70920=CARTESIAN_POINT('',(19.2542048276806,41.8908894594496,
-49.8532861188318));
#70930=CARTESIAN_POINT('',(19.2440030096636,41.9062717435894,
-49.8532861188318));
#70940=CARTESIAN_POINT('',(19.2300825813817,41.9401299638963,
-49.8532861188318));
#70950=CARTESIAN_POINT('',(19.226500179295,41.9582746051917,
-49.8532861188318));
#70960=CARTESIAN_POINT('',(19.226500179295,41.9765985419796,
-49.8532861188318));
#70970=B_SPLINE_CURVE_WITH_KNOTS('',3,(#70870,#70880,#70890,#70900,
#70910,#70920,#70930,#70940,#70950,#70960),.UNSPECIFIED.,.F.,.F.,(4,2,2,
2,4),(0.,1.,2.,3.,4.),.UNSPECIFIED.);
#70980=CARTESIAN_POINT('',(19.3649992791491,41.8370636582592,
-49.8532861188318));
#70990=VERTEX_POINT('',#70980);
#71000=EDGE_CURVE('',#70990,#70840,#70970,.T.);
#71010=ORIENTED_EDGE('',*,*,#71000,.T.);
#71020=CARTESIAN_POINT('',(19.3649992791491,41.8370636582592,
-49.8532861188318));
#71030=DIRECTION('',(1.,-6.34441526580124E-15,0.));
#71040=VECTOR('',#71030,1.);
#71050=LINE('',#71020,#71040);
#71060=CARTESIAN_POINT('',(21.044924156364,41.8370636582591,
-49.8532861188318));
#71070=VERTEX_POINT('',#71060);
#71080=EDGE_CURVE('',#70990,#71070,#71050,.T.);
#71090=ORIENTED_EDGE('',*,*,#71080,.F.);
#71100=CARTESIAN_POINT('',(21.1834232562181,41.9765985419796,
-49.8532861188318));
#71110=CARTESIAN_POINT('',(21.1834232562181,41.9582746051917,
-49.8532861188318));
#71120=CARTESIAN_POINT('',(21.1798408541314,41.9401299638963,
-49.8532861188318));
#71130=CARTESIAN_POINT('',(21.1659204258495,41.9062717435894,
-49.8532861188318));
#71140=CARTESIAN_POINT('',(21.1557186078325,41.8908894594496,
-49.8532861188318));
#71150=CARTESIAN_POINT('',(21.1299970102857,41.864975499528,
-49.8532861188318));
#71160=CARTESIAN_POINT('',(21.1147289106517,41.8546973858634,
-49.8532861188318));
#71170=CARTESIAN_POINT('',(21.0811220238996,41.8406728518145,
-49.8532861188318));
#71180=CARTESIAN_POINT('',(21.0631120724123,41.8370636582591,
-49.8532861188318));
#71190=CARTESIAN_POINT('',(21.044924156364,41.8370636582591,
-49.8532861188318));
#71200=B_SPLINE_CURVE_WITH_KNOTS('',3,(#71100,#71110,#71120,#71130,
#71140,#71150,#71160,#71170,#71180,#71190),.UNSPECIFIED.,.F.,.F.,(4,2,2,
2,4),(0.,1.,2.,3.,4.),.UNSPECIFIED.);
#71210=EDGE_CURVE('',#70380,#71070,#71200,.T.);
#71220=ORIENTED_EDGE('',*,*,#71210,.T.);
#71230=EDGE_LOOP('',(#71220,#71090,#71010,#70860,#70780,#70630,#70550,
#70400));
#71240=FACE_OUTER_BOUND('',#71230,.T.);
#71250=CARTESIAN_POINT('',(20.0911603424871,42.9640280747758,
-49.8532861188318));
#71260=CARTESIAN_POINT('',(20.0911603424871,43.0063955380316,
-49.8532861188318));
#71270=CARTESIAN_POINT('',(20.0955798009823,43.0273429506452,
-49.8532861188318));
#71280=CARTESIAN_POINT('',(20.1126842826307,43.0660475542545,
-49.8532861188318));
#71290=CARTESIAN_POINT('',(20.1251784935929,43.0833729689259,
-49.8532861188318));
#71300=CARTESIAN_POINT('',(20.1564299366232,43.1117223353042,
-49.8532861188318));
#71310=CARTESIAN_POINT('',(20.1748385374708,43.1224300304403,
-49.8532861188318));
#71320=CARTESIAN_POINT('',(20.2148332834728,43.1355222965949,
-49.8532861188318));
#71330=CARTESIAN_POINT('',(20.2359732598822,43.1377608144304,
-49.8532861188318));
#71340=CARTESIAN_POINT('',(20.2777958539312,43.1333322086037,
-49.8532861188318));
#71350=CARTESIAN_POINT('',(20.2980119119307,43.1267144890684,
-49.8532861188318));
#71360=CARTESIAN_POINT('',(20.3344308475693,43.1055307574404,
-49.8532861188318));
#71370=CARTESIAN_POINT('',(20.3502274470736,43.0912010643622,
-49.8532861188318));
#71380=CARTESIAN_POINT('',(20.3749455594743,43.0569250665796,
-49.8532861188318));
#71390=CARTESIAN_POINT('',(20.3835913249215,43.0373611340727,
-49.8532861188318));
#71400=CARTESIAN_POINT('',(20.3923346278931,42.9959195015398,
-49.8532861188318));
#71410=CARTESIAN_POINT('',(20.3923346278931,42.9745041112676,
-49.8532861188318));
#71420=CARTESIAN_POINT('',(20.3835913249215,42.9330624787347,
-49.8532861188318));
#71430=CARTESIAN_POINT('',(20.3749455594743,42.9134985462278,
-49.8532861188318));
#71440=CARTESIAN_POINT('',(20.3502274470736,42.8792225484452,
-49.8532861188318));
#71450=CARTESIAN_POINT('',(20.3344308475693,42.8648928553669,
-49.8532861188318));
#71460=CARTESIAN_POINT('',(20.2980119119307,42.843709123739,
-49.8532861188318));
#71470=CARTESIAN_POINT('',(20.2777958539312,42.8370914042037,
-49.8532861188318));
#71480=CARTESIAN_POINT('',(20.2359732598822,42.832662798377,
-49.8532861188318));
#71490=CARTESIAN_POINT('',(20.2148332834728,42.8349013162125,
-49.8532861188318));
#71500=CARTESIAN_POINT('',(20.1748385374708,42.8479935823671,
-49.8532861188318));
#71510=CARTESIAN_POINT('',(20.1564299366232,42.8587012775032,
-49.8532861188318));
#71520=CARTESIAN_POINT('',(20.1251784935929,42.8870506438815,
-49.8532861188318));
#71530=CARTESIAN_POINT('',(20.1126842826307,42.9043760585529,
-49.8532861188318));
#71540=CARTESIAN_POINT('',(20.0955798009823,42.9430806621622,
-49.8532861188318));
#71550=CARTESIAN_POINT('',(20.0911603424871,42.9640280747758,
-49.8532861188318));
#71560=CARTESIAN_POINT('',(20.0911603424871,43.0063955380316,
-49.8532861188318));
#71570=B_SPLINE_CURVE_WITH_KNOTS('',3,(#71250,#71260,#71270,#71280,
#71290,#71300,#71310,#71320,#71330,#71340,#71350,#71360,#71370,#71380,
#71390,#71400,#71410,#71420,#71430,#71440,#71450,#71460,#71470,#71480,
#71490,#71500,#71510,#71520,#71530,#71540,#71550,#71560),.UNSPECIFIED.,
.T.,.F.,(2,2,2,2,2,2,2,2,2,2,2,2,2,2,2,2,2,2),(-1.,0.,1.,2.,3.,4.,5.,6.,
7.,8.,9.,10.,11.,12.,13.,14.,15.,16.),.UNSPECIFIED.);
#71580=CARTESIAN_POINT('',(20.0911603424871,42.9852118064037,
-49.8532861188318));
#71590=VERTEX_POINT('',#71580);
#71600=CARTESIAN_POINT('',(20.3912417150216,42.9852118064037,
-49.8532861188318));
#71610=VERTEX_POINT('',#71600);
#71620=EDGE_CURVE('',#71590,#71610,#71570,.T.);
#71630=ORIENTED_EDGE('',*,*,#71620,.F.);
#71640=EDGE_CURVE('',#71610,#71590,#71570,.T.);
#71650=ORIENTED_EDGE('',*,*,#71640,.F.);
#71660=EDGE_LOOP('',(#71650,#71630));
#71670=FACE_BOUND('',#71660,.T.);
#71680=CARTESIAN_POINT('',(20.0565355675236,42.3555821767726,
-49.8532861188318));
#71690=DIRECTION('',(1.,0.,0.));
#71700=VECTOR('',#71690,1.);
#71710=LINE('',#71680,#71700);
#71720=CARTESIAN_POINT('',(20.0565355675236,42.3555821767726,
-49.8532861188318));
#71730=VERTEX_POINT('',#71720);
#71740=CARTESIAN_POINT('',(20.0648480766265,42.3555821767726,
-49.8532861188318));
#71750=VERTEX_POINT('',#71740);
#71760=EDGE_CURVE('',#71730,#71750,#71710,.T.);
#71770=ORIENTED_EDGE('',*,*,#71760,.T.);
#71780=CARTESIAN_POINT('',(20.0565355675236,42.3555821767726,
-49.8532861188318));
#71790=CARTESIAN_POINT('',(19.9744654031323,42.3555821767726,
-49.8532861188318));
#71800=CARTESIAN_POINT('',(19.8931982763591,42.3718681057167,
-49.8532861188318));
#71810=CARTESIAN_POINT('',(19.7415523861371,42.4351516513329,
-49.8532861188318));
#71820=CARTESIAN_POINT('',(19.6726574427268,42.481530053116,
-49.8532861188318));
#71830=CARTESIAN_POINT('',(19.5565927031784,42.5984627981951,
-49.8532861188318));
#71840=CARTESIAN_POINT('',(19.510558573731,42.6678729815668,
-49.8532861188318));
#71850=CARTESIAN_POINT('',(19.4477447893229,42.8206529756685,
-49.8532861188318));
#71860=CARTESIAN_POINT('',(19.4315797527463,42.9025278694155,
-49.8532861188318));
#71870=CARTESIAN_POINT('',(19.4315797527463,43.0678957433919,
-49.8532861188318));
#71880=CARTESIAN_POINT('',(19.4477447893229,43.1497706371389,
-49.8532861188318));
#71890=CARTESIAN_POINT('',(19.510558573731,43.3025506312406,
-49.8532861188318));
#71900=CARTESIAN_POINT('',(19.5565927031784,43.3719608146123,
-49.8532861188318));
#71910=CARTESIAN_POINT('',(19.6726574427268,43.4888935596914,
-49.8532861188318));
#71920=CARTESIAN_POINT('',(19.7415523861371,43.5352719614745,
-49.8532861188318));
#71930=CARTESIAN_POINT('',(19.8931982763591,43.5985555070907,
-49.8532861188318));
#71940=CARTESIAN_POINT('',(19.9744654031323,43.6148414360348,
-49.8532861188318));
#71950=CARTESIAN_POINT('',(20.0565355675236,43.6148414360348,
-49.8532861188318));
#71960=B_SPLINE_CURVE_WITH_KNOTS('',3,(#71780,#71790,#71800,#71810,
#71820,#71830,#71840,#71850,#71860,#71870,#71880,#71890,#71900,#71910,
#71920,#71930,#71940,#71950),.UNSPECIFIED.,.F.,.F.,(4,2,2,2,2,2,2,2,4),(
0.,1.,2.,3.,4.,5.,6.,7.,8.),.UNSPECIFIED.);
#71970=CARTESIAN_POINT('',(20.0565355675236,43.6148414360348,
-49.8532861188318));
#71980=VERTEX_POINT('',#71970);
#71990=EDGE_CURVE('',#71730,#71980,#71960,.T.);
#72000=ORIENTED_EDGE('',*,*,#71990,.F.);
#72010=CARTESIAN_POINT('',(20.0565355675236,43.6148414360348,
-49.8532861188318));
#72020=DIRECTION('',(1.,0.,0.));
#72030=VECTOR('',#72020,1.);
#72040=LINE('',#72010,#72030);
#72050=CARTESIAN_POINT('',(20.0648480766266,43.6148414360348,
-49.8532861188318));
#72060=VERTEX_POINT('',#72050);
#72070=EDGE_CURVE('',#71980,#72060,#72040,.T.);
#72080=ORIENTED_EDGE('',*,*,#72070,.F.);
#72090=CARTESIAN_POINT('',(20.0648480766266,43.6148414360348,
-49.8532861188318));
#72100=CARTESIAN_POINT('',(20.0784890136628,43.6148414360348,
-49.8532861188318));
#72110=CARTESIAN_POINT('',(20.0919964772782,43.6121345408683,
-49.8532861188318));
#72120=CARTESIAN_POINT('',(20.1172016423424,43.6016161403316,
-49.8532861188318));
#72130=CARTESIAN_POINT('',(20.1286527170678,43.5939075550832,
-49.8532861188318));
#72140=CARTESIAN_POINT('',(20.1479439152279,43.574472085142,
-49.8532861188318));
#72150=CARTESIAN_POINT('',(20.1555952787407,43.5629353720371,
-49.8532861188318));
#72160=CARTESIAN_POINT('',(20.1660355999521,43.537541706807,
-49.8532861188318));
#72170=CARTESIAN_POINT('',(20.1687224015171,43.5239332258354,
-49.8532861188318));
#72180=CARTESIAN_POINT('',(20.1687224015171,43.5101902732444,
-49.8532861188318));
#72190=B_SPLINE_CURVE_WITH_KNOTS('',3,(#72090,#72100,#72110,#72120,
#72130,#72140,#72150,#72160,#72170,#72180),.UNSPECIFIED.,.F.,.F.,(4,2,2,
2,4),(0.,1.,2.,3.,4.),.UNSPECIFIED.);
#72200=CARTESIAN_POINT('',(20.1687224015171,43.5101902732444,
-49.8532861188318));
#72210=VERTEX_POINT('',#72200);
#72220=EDGE_CURVE('',#72060,#72210,#72190,.T.);
#72230=ORIENTED_EDGE('',*,*,#72220,.F.);
#72240=CARTESIAN_POINT('',(20.1687224015171,43.3513576637946,
-49.8532861188318));
#72250=DIRECTION('',(0.,1.,0.));
#72260=VECTOR('',#72250,1.);
#72270=LINE('',#72240,#72260);
#72280=CARTESIAN_POINT('',(20.1687224015171,43.3513576637946,
-49.8532861188318));
#72290=VERTEX_POINT('',#72280);
#72300=EDGE_CURVE('',#72290,#72210,#72270,.T.);
#72310=ORIENTED_EDGE('',*,*,#72300,.T.);
#72320=CARTESIAN_POINT('',(20.1687224015171,43.3513576637946,
-49.8532861188318));
#72330=CARTESIAN_POINT('',(20.1687224015171,43.3383079911443,
-49.8532861188318));
#72340=CARTESIAN_POINT('',(20.166299803349,43.3253733536444,
-49.8532861188318));
#72350=CARTESIAN_POINT('',(20.1568593667661,43.3010687043227,
-49.8532861188318));
#72360=CARTESIAN_POINT('',(20.1499247474536,43.2899129422423,
-49.8532861188318));
#72370=CARTESIAN_POINT('',(20.1323421990833,43.2707455598265,
-49.8532861188318));
#72380=CARTESIAN_POINT('',(20.1218492632695,43.2629029033249,
-49.8532861188318));
#72390=CARTESIAN_POINT('',(20.1101959799501,43.2572058718941,
-49.8532861188318));
#72400=B_SPLINE_CURVE_WITH_KNOTS('',3,(#72320,#72330,#72340,#72350,
#72360,#72370,#72380,#72390),.UNSPECIFIED.,.F.,.F.,(4,2,2,4),(0.,1.,2.,
3.),.UNSPECIFIED.);
#72410=CARTESIAN_POINT('',(20.1101959799501,43.2572058718941,
-49.8532861188318));
#72420=VERTEX_POINT('',#72410);
#72430=EDGE_CURVE('',#72290,#72420,#72400,.T.);
#72440=ORIENTED_EDGE('',*,*,#72430,.F.);
#72450=CARTESIAN_POINT('',(20.11019597995,42.7132177409133,
-49.8532861188318));
#72460=CARTESIAN_POINT('',(20.0765309392496,42.7296758317133,
-49.8532861188318));
#72470=CARTESIAN_POINT('',(20.0462180135651,42.7523323949403,
-49.8532861188318));
#72480=CARTESIAN_POINT('',(19.9954239849398,42.8077048330303,
-49.8532861188318));
#72490=CARTESIAN_POINT('',(19.9753906402593,42.8399325901514,
-49.8532861188318));
#72500=CARTESIAN_POINT('',(19.9481182679088,42.9101460215252,
-49.8532861188318));
#72510=CARTESIAN_POINT('',(19.9411196509785,42.9475127520805,
-49.8532861188318));
#72520=CARTESIAN_POINT('',(19.9411196509785,43.0229108607269,
-49.8532861188318));
#72530=CARTESIAN_POINT('',(19.9481182679088,43.0602775912822,
-49.8532861188318));
#72540=CARTESIAN_POINT('',(19.9753906402594,43.1304910226561,
-49.8532861188318));
#72550=CARTESIAN_POINT('',(19.9954239849399,43.1627187797772,
-49.8532861188318));
#72560=CARTESIAN_POINT('',(20.0462180135652,43.2180912178671,
-49.8532861188318));
#72570=CARTESIAN_POINT('',(20.0765309392496,43.2407477810941,
-49.8532861188318));
#72580=CARTESIAN_POINT('',(20.1101959799501,43.2572058718941,
-49.8532861188318));
#72590=B_SPLINE_CURVE_WITH_KNOTS('',3,(#72450,#72460,#72470,#72480,
#72490,#72500,#72510,#72520,#72530,#72540,#72550,#72560,#72570,#72580),
.UNSPECIFIED.,.F.,.F.,(4,2,2,2,2,2,4),(0.,1.,2.,3.,4.,5.,6.),
.UNSPECIFIED.);
#72600=CARTESIAN_POINT('',(20.11019597995,42.7132177409133,
-49.8532861188318));
#72610=VERTEX_POINT('',#72600);
#72620=EDGE_CURVE('',#72610,#72420,#72590,.T.);
#72630=ORIENTED_EDGE('',*,*,#72620,.T.);
#72640=CARTESIAN_POINT('',(20.11019597995,42.7132177409133,
-49.8532861188318));
#72650=CARTESIAN_POINT('',(20.1218492632693,42.7075207094825,
-49.8532861188318));
#72660=CARTESIAN_POINT('',(20.1323421990832,42.6996780529809,
-49.8532861188318));
#72670=CARTESIAN_POINT('',(20.1499247474535,42.6805106705651,
-49.8532861188318));
#72680=CARTESIAN_POINT('',(20.156859366766,42.6693549084847,
-49.8532861188318));
#72690=CARTESIAN_POINT('',(20.1662998033489,42.645050259163,
-49.8532861188318));
#72700=CARTESIAN_POINT('',(20.168722401517,42.6321156216631,
-49.8532861188318));
#72710=CARTESIAN_POINT('',(20.168722401517,42.6190659490128,
-49.8532861188318));
#72720=B_SPLINE_CURVE_WITH_KNOTS('',3,(#72640,#72650,#72660,#72670,
#72680,#72690,#72700,#72710),.UNSPECIFIED.,.F.,.F.,(4,2,2,4),(0.,1.,2.,
3.),.UNSPECIFIED.);
#72730=CARTESIAN_POINT('',(20.168722401517,42.6190659490128,
-49.8532861188318));
#72740=VERTEX_POINT('',#72730);
#72750=EDGE_CURVE('',#72610,#72740,#72720,.T.);
#72760=ORIENTED_EDGE('',*,*,#72750,.F.);
#72770=CARTESIAN_POINT('',(20.1687224015171,42.460233339563,
-49.8532861188318));
#72780=DIRECTION('',(-6.26294457737464E-13,1.,0.));
#72790=VECTOR('',#72780,1.);
#72800=LINE('',#72770,#72790);
#72810=CARTESIAN_POINT('',(20.1687224015171,42.460233339563,
-49.8532861188318));
#72820=VERTEX_POINT('',#72810);
#72830=EDGE_CURVE('',#72820,#72740,#72800,.T.);
#72840=ORIENTED_EDGE('',*,*,#72830,.T.);
#72850=CARTESIAN_POINT('',(20.1687224015171,42.460233339563,
-49.8532861188318));
#72860=CARTESIAN_POINT('',(20.1687224015171,42.446490386972,
-49.8532861188318));
#72870=CARTESIAN_POINT('',(20.1660355999521,42.4328819060004,
-49.8532861188318));
#72880=CARTESIAN_POINT('',(20.1555952787406,42.4074882407702,
-49.8532861188318));
#72890=CARTESIAN_POINT('',(20.1479439152279,42.3959515276654,
-49.8532861188318));
#72900=CARTESIAN_POINT('',(20.1286527170678,42.3765160577242,
-49.8532861188318));
#72910=CARTESIAN_POINT('',(20.1172016423423,42.3688074724758,
-49.8532861188318));
#72920=CARTESIAN_POINT('',(20.0919964772782,42.3582890719391,
-49.8532861188318));
#72930=CARTESIAN_POINT('',(20.0784890136627,42.3555821767726,
-49.8532861188318));
#72940=CARTESIAN_POINT('',(20.0648480766265,42.3555821767726,
-49.8532861188318));
#72950=B_SPLINE_CURVE_WITH_KNOTS('',3,(#72850,#72860,#72870,#72880,
#72890,#72900,#72910,#72920,#72930,#72940),.UNSPECIFIED.,.F.,.F.,(4,2,2,
2,4),(0.,1.,2.,3.,4.),.UNSPECIFIED.);
#72960=EDGE_CURVE('',#72820,#71750,#72950,.T.);
#72970=ORIENTED_EDGE('',*,*,#72960,.F.);
#72980=EDGE_LOOP('',(#72970,#72840,#72760,#72630,#72440,#72310,#72230,
#72080,#72000,#71770));
#72990=FACE_BOUND('',#72980,.T.);
#73000=CARTESIAN_POINT('',(20.3722060880414,43.2572058718941,
-49.8532861188318));
#73010=CARTESIAN_POINT('',(20.4058711287418,43.2407477810941,
-49.8532861188318));
#73020=CARTESIAN_POINT('',(20.4361840544262,43.2180912178671,
-49.8532861188318));
#73030=CARTESIAN_POINT('',(20.4869780830516,43.1627187797772,
-49.8532861188318));
#73040=CARTESIAN_POINT('',(20.5070114277321,43.1304910226561,
-49.8532861188318));
#73050=CARTESIAN_POINT('',(20.5342838000827,43.0602775912822,
-49.8532861188318));
#73060=CARTESIAN_POINT('',(20.5412824170129,43.0229108607269,
-49.8532861188318));
#73070=CARTESIAN_POINT('',(20.541282417013,42.9475127520805,
-49.8532861188318));
#73080=CARTESIAN_POINT('',(20.5342838000827,42.9101460215252,
-49.8532861188318));
#73090=CARTESIAN_POINT('',(20.5070114277321,42.8399325901514,
-49.8532861188318));
#73100=CARTESIAN_POINT('',(20.4869780830516,42.8077048330303,
-49.8532861188318));
#73110=CARTESIAN_POINT('',(20.4361840544263,42.7523323949403,
-49.8532861188318));
#73120=CARTESIAN_POINT('',(20.4058711287419,42.7296758317133,
-49.8532861188318));
#73130=CARTESIAN_POINT('',(20.3722060880414,42.7132177409133,
-49.8532861188318));
#73140=B_SPLINE_CURVE_WITH_KNOTS('',3,(#73000,#73010,#73020,#73030,
#73040,#73050,#73060,#73070,#73080,#73090,#73100,#73110,#73120,#73130),
.UNSPECIFIED.,.F.,.F.,(4,2,2,2,2,2,4),(0.,1.,2.,3.,4.,5.,6.),
.UNSPECIFIED.);
#73150=CARTESIAN_POINT('',(20.3722060880414,43.2572058718941,
-49.8532861188318));
#73160=VERTEX_POINT('',#73150);
#73170=CARTESIAN_POINT('',(20.3722060880414,42.7132177409133,
-49.8532861188318));
#73180=VERTEX_POINT('',#73170);
#73190=EDGE_CURVE('',#73160,#73180,#73140,.T.);
#73200=ORIENTED_EDGE('',*,*,#73190,.T.);
#73210=CARTESIAN_POINT('',(20.3722060880414,43.2572058718941,
-49.8532861188318));
#73220=CARTESIAN_POINT('',(20.360552804722,43.2629029033249,
-49.8532861188318));
#73230=CARTESIAN_POINT('',(20.3500598689082,43.2707455598265,
-49.8532861188318));
#73240=CARTESIAN_POINT('',(20.3324773205378,43.2899129422423,
-49.8532861188318));
#73250=CARTESIAN_POINT('',(20.3255427012254,43.3010687043227,
-49.8532861188318));
#73260=CARTESIAN_POINT('',(20.3161022646425,43.3253733536444,
-49.8532861188318));
#73270=CARTESIAN_POINT('',(20.3136796664743,43.3383079911443,
-49.8532861188318));
#73280=CARTESIAN_POINT('',(20.3136796664743,43.3513576637946,
-49.8532861188318));
#73290=B_SPLINE_CURVE_WITH_KNOTS('',3,(#73210,#73220,#73230,#73240,
#73250,#73260,#73270,#73280),.UNSPECIFIED.,.F.,.F.,(4,2,2,4),(0.,1.,2.,
3.),.UNSPECIFIED.);
#73300=CARTESIAN_POINT('',(20.3136796664743,43.3513576637946,
-49.8532861188318));
#73310=VERTEX_POINT('',#73300);
#73320=EDGE_CURVE('',#73160,#73310,#73290,.T.);
#73330=ORIENTED_EDGE('',*,*,#73320,.F.);
#73340=CARTESIAN_POINT('',(20.3136796664743,43.5101902732444,
-49.8532861188318));
#73350=DIRECTION('',(0.,-1.,-0.));
#73360=VECTOR('',#73350,1.);
#73370=LINE('',#73340,#73360);
#73380=CARTESIAN_POINT('',(20.3136796664743,43.5101902732444,
-49.8532861188318));
#73390=VERTEX_POINT('',#73380);
#73400=EDGE_CURVE('',#73390,#73310,#73370,.T.);
#73410=ORIENTED_EDGE('',*,*,#73400,.T.);
#73420=CARTESIAN_POINT('',(20.3136796664743,43.5101902732444,
-49.8532861188318));
#73430=CARTESIAN_POINT('',(20.3136796664743,43.5239332258354,
-49.8532861188318));
#73440=CARTESIAN_POINT('',(20.3163664680393,43.537541706807,
-49.8532861188318));
#73450=CARTESIAN_POINT('',(20.3268067892507,43.5629353720371,
-49.8532861188318));
#73460=CARTESIAN_POINT('',(20.3344581527635,43.574472085142,
-49.8532861188318));
#73470=CARTESIAN_POINT('',(20.3537493509236,43.5939075550832,
-49.8532861188318));
#73480=CARTESIAN_POINT('',(20.3652004256491,43.6016161403316,
-49.8532861188318));
#73490=CARTESIAN_POINT('',(20.3904055907132,43.6121345408683,
-49.8532861188318));
#73500=CARTESIAN_POINT('',(20.4039130543286,43.6148414360348,
-49.8532861188318));
#73510=CARTESIAN_POINT('',(20.4175539913649,43.6148414360348,
-49.8532861188318));
#73520=B_SPLINE_CURVE_WITH_KNOTS('',3,(#73420,#73430,#73440,#73450,
#73460,#73470,#73480,#73490,#73500,#73510),.UNSPECIFIED.,.F.,.F.,(4,2,2,
2,4),(0.,1.,2.,3.,4.),.UNSPECIFIED.);
#73530=CARTESIAN_POINT('',(20.4175539913649,43.6148414360348,
-49.8532861188318));
#73540=VERTEX_POINT('',#73530);
#73550=EDGE_CURVE('',#73390,#73540,#73520,.T.);
#73560=ORIENTED_EDGE('',*,*,#73550,.F.);
#73570=CARTESIAN_POINT('',(20.8621130338914,43.6148414360348,
-49.8532861188318));
#73580=DIRECTION('',(-1.,-1.19873177877897E-14,0.));
#73590=VECTOR('',#73580,1.);
#73600=LINE('',#73570,#73590);
#73610=CARTESIAN_POINT('',(20.8621130338914,43.6148414360348,
-49.8532861188318));
#73620=VERTEX_POINT('',#73610);
#73630=EDGE_CURVE('',#73620,#73540,#73600,.T.);
#73640=ORIENTED_EDGE('',*,*,#73630,.T.);
#73650=CARTESIAN_POINT('',(20.8621130338914,43.6148414360348,
-49.8532861188318));
#73660=CARTESIAN_POINT('',(20.8757539709277,43.6148414360348,
-49.8532861188318));
#73670=CARTESIAN_POINT('',(20.8892614345431,43.6121345408684,
-49.8532861188318));
#73680=CARTESIAN_POINT('',(20.9144665996072,43.6016161403317,
-49.8532861188318));
#73690=CARTESIAN_POINT('',(20.9259176743327,43.5939075550832,
-49.8532861188318));
#73700=CARTESIAN_POINT('',(20.9452088724928,43.574472085142,
-49.8532861188318));
#73710=CARTESIAN_POINT('',(20.9528602360056,43.5629353720372,
-49.8532861188318));
#73720=CARTESIAN_POINT('',(20.963300557217,43.537541706807,
-49.8532861188318));
#73730=CARTESIAN_POINT('',(20.965987358782,43.5239332258355,
-49.8532861188318));
#73740=CARTESIAN_POINT('',(20.965987358782,43.5101902732445,
-49.8532861188318));
#73750=B_SPLINE_CURVE_WITH_KNOTS('',3,(#73650,#73660,#73670,#73680,
#73690,#73700,#73710,#73720,#73730,#73740),.UNSPECIFIED.,.F.,.F.,(4,2,2,
2,4),(0.,1.,2.,3.,4.),.UNSPECIFIED.);
#73760=CARTESIAN_POINT('',(20.965987358782,43.5101902732445,
-49.8532861188318));
#73770=VERTEX_POINT('',#73760);
#73780=EDGE_CURVE('',#73620,#73770,#73750,.T.);
#73790=ORIENTED_EDGE('',*,*,#73780,.F.);
#73800=CARTESIAN_POINT('',(20.965987358782,43.5101902732445,
-49.8532861188318));
#73810=DIRECTION('',(0.,-1.,-0.));
#73820=VECTOR('',#73810,1.);
#73830=LINE('',#73800,#73820);
#73840=CARTESIAN_POINT('',(20.965987358782,42.1639370432726,
-49.8532861188318));
#73850=VERTEX_POINT('',#73840);
#73860=EDGE_CURVE('',#73770,#73850,#73830,.T.);
#73870=ORIENTED_EDGE('',*,*,#73860,.F.);
#73880=CARTESIAN_POINT('',(20.965987358782,42.1639370432726,
-49.8532861188318));
#73890=CARTESIAN_POINT('',(20.965987358782,42.1501940906816,
-49.8532861188318));
#73900=CARTESIAN_POINT('',(20.963300557217,42.1365856097101,
-49.8532861188318));
#73910=CARTESIAN_POINT('',(20.9528602360056,42.1111919444799,
-49.8532861188318));
#73920=CARTESIAN_POINT('',(20.9452088724928,42.0996552313751,
-49.8532861188318));
#73930=CARTESIAN_POINT('',(20.9259176743327,42.0802197614339,
-49.8532861188318));
#73940=CARTESIAN_POINT('',(20.9144665996072,42.0725111761854,
-49.8532861188318));
#73950=CARTESIAN_POINT('',(20.8892614345431,42.0619927756487,
-49.8532861188318));
#73960=CARTESIAN_POINT('',(20.8757539709277,42.0592858804823,
-49.8532861188318));
#73970=CARTESIAN_POINT('',(20.8621130338914,42.0592858804823,
-49.8532861188318));
#73980=B_SPLINE_CURVE_WITH_KNOTS('',3,(#73880,#73890,#73900,#73910,
#73920,#73930,#73940,#73950,#73960,#73970),.UNSPECIFIED.,.F.,.F.,(4,2,2,
2,4),(0.,1.,2.,3.,4.),.UNSPECIFIED.);
#73990=CARTESIAN_POINT('',(20.8621130338914,42.0592858804823,
-49.8532861188318));
#74000=VERTEX_POINT('',#73990);
#74010=EDGE_CURVE('',#73850,#74000,#73980,.T.);
#74020=ORIENTED_EDGE('',*,*,#74010,.F.);
#74030=CARTESIAN_POINT('',(20.417553991365,42.0592858804823,
-49.8532861188318));
#74040=DIRECTION('',(1.,-2.39746355755848E-14,0.));
#74050=VECTOR('',#74040,1.);
#74060=LINE('',#74030,#74050);
#74070=CARTESIAN_POINT('',(20.417553991365,42.0592858804823,
-49.8532861188318));
#74080=VERTEX_POINT('',#74070);
#74090=EDGE_CURVE('',#74080,#74000,#74060,.T.);
#74100=ORIENTED_EDGE('',*,*,#74090,.T.);
#74110=CARTESIAN_POINT('',(20.417553991365,42.0592858804823,
-49.8532861188318));
#74120=CARTESIAN_POINT('',(20.4039130543287,42.0592858804823,
-49.8532861188318));
#74130=CARTESIAN_POINT('',(20.3904055907133,42.0619927756488,
-49.8532861188318));
#74140=CARTESIAN_POINT('',(20.3652004256492,42.0725111761855,
-49.8532861188318));
#74150=CARTESIAN_POINT('',(20.3537493509237,42.0802197614339,
-49.8532861188318));
#74160=CARTESIAN_POINT('',(20.3344581527636,42.0996552313751,
-49.8532861188318));
#74170=CARTESIAN_POINT('',(20.3268067892509,42.1111919444799,
-49.8532861188318));
#74180=CARTESIAN_POINT('',(20.3163664680394,42.1365856097101,
-49.8532861188318));
#74190=CARTESIAN_POINT('',(20.3136796664744,42.1501940906816,
-49.8532861188318));
#74200=CARTESIAN_POINT('',(20.3136796664744,42.1639370432726,
-49.8532861188318));
#74210=B_SPLINE_CURVE_WITH_KNOTS('',3,(#74110,#74120,#74130,#74140,
#74150,#74160,#74170,#74180,#74190,#74200),.UNSPECIFIED.,.F.,.F.,(4,2,2,
2,4),(0.,1.,2.,3.,4.),.UNSPECIFIED.);
#74220=CARTESIAN_POINT('',(20.3136796664744,42.1639370432726,
-49.8532861188318));
#74230=VERTEX_POINT('',#74220);
#74240=EDGE_CURVE('',#74080,#74230,#74210,.T.);
#74250=ORIENTED_EDGE('',*,*,#74240,.F.);
#74260=CARTESIAN_POINT('',(20.3136796664744,42.6190659490128,
-49.8532861188318));
#74270=DIRECTION('',(0.,-1.,-0.));
#74280=VECTOR('',#74270,1.);
#74290=LINE('',#74260,#74280);
#74300=CARTESIAN_POINT('',(20.3136796664744,42.6190659490128,
-49.8532861188318));
#74310=VERTEX_POINT('',#74300);
#74320=EDGE_CURVE('',#74310,#74230,#74290,.T.);
#74330=ORIENTED_EDGE('',*,*,#74320,.T.);
#74340=CARTESIAN_POINT('',(20.3136796664744,42.6190659490128,
-49.8532861188318));
#74350=CARTESIAN_POINT('',(20.3136796664744,42.6321156216631,
-49.8532861188318));
#74360=CARTESIAN_POINT('',(20.3161022646426,42.645050259163,
-49.8532861188318));
#74370=CARTESIAN_POINT('',(20.3255427012255,42.6693549084847,
-49.8532861188318));
#74380=CARTESIAN_POINT('',(20.3324773205379,42.6805106705651,
-49.8532861188318));
#74390=CARTESIAN_POINT('',(20.3500598689082,42.6996780529809,
-49.8532861188318));
#74400=CARTESIAN_POINT('',(20.3605528047221,42.7075207094825,
-49.8532861188318));
#74410=CARTESIAN_POINT('',(20.3722060880414,42.7132177409133,
-49.8532861188318));
#74420=B_SPLINE_CURVE_WITH_KNOTS('',3,(#74340,#74350,#74360,#74370,
#74380,#74390,#74400,#74410),.UNSPECIFIED.,.F.,.F.,(4,2,2,4),(0.,1.,2.,
3.),.UNSPECIFIED.);
#74430=EDGE_CURVE('',#74310,#73180,#74420,.T.);
#74440=ORIENTED_EDGE('',*,*,#74430,.F.);
#74450=EDGE_LOOP('',(#74440,#74330,#74250,#74100,#74020,#73870,#73790,
#73640,#73560,#73410,#73330,#73200));
#74460=FACE_BOUND('',#74450,.T.);
#74470=ADVANCED_FACE('',(#71240,#71670,#72990,#74460),#70300,.T.);
#74480=CARTESIAN_POINT('',(20.3912417150216,42.9852118064037,
-49.8432861188318));
#74490=CARTESIAN_POINT('',(20.3912417150216,42.974677754769,
-49.8432861188318));
#74500=CARTESIAN_POINT('',(20.3901488021502,42.9641437031343,
-49.8432861188318));
#74510=CARTESIAN_POINT('',(20.3835913249215,42.9330624787347,
-49.8432861188318));
#74520=CARTESIAN_POINT('',(20.3749455594743,42.9134985462278,
-49.8432861188318));
#74530=CARTESIAN_POINT('',(20.3502274470736,42.8792225484452,
-49.8432861188318));
#74540=CARTESIAN_POINT('',(20.3344308475693,42.8648928553669,
-49.8432861188318));
#74550=CARTESIAN_POINT('',(20.2980119119307,42.843709123739,
-49.8432861188318));
#74560=CARTESIAN_POINT('',(20.2777958539312,42.8370914042037,
-49.8432861188318));
#74570=CARTESIAN_POINT('',(20.2359732598822,42.832662798377,
-49.8432861188318));
#74580=CARTESIAN_POINT('',(20.2148332834728,42.8349013162125,
-49.8432861188318));
#74590=CARTESIAN_POINT('',(20.1748385374708,42.8479935823671,
-49.8432861188318));
#74600=CARTESIAN_POINT('',(20.1564299366232,42.8587012775032,
-49.8432861188318));
#74610=CARTESIAN_POINT('',(20.1251784935929,42.8870506438815,
-49.8432861188318));
#74620=CARTESIAN_POINT('',(20.1126842826307,42.9043760585529,
-49.8432861188318));
#74630=CARTESIAN_POINT('',(20.0955798009823,42.9430806621622,
-49.8432861188318));
#74640=CARTESIAN_POINT('',(20.0911603424871,42.9640280747758,
-49.8432861188318));
#74650=CARTESIAN_POINT('',(20.0911603424871,42.9852118064037,
-49.8432861188318));
#74660=B_SPLINE_CURVE_WITH_KNOTS('',3,(#74480,#74490,#74500,#74510,
#74520,#74530,#74540,#74550,#74560,#74570,#74580,#74590,#74600,#74610,
#74620,#74630,#74640,#74650),.UNSPECIFIED.,.F.,.F.,(4,2,2,2,2,2,2,2,4),(
7.5,8.,9.,10.,11.,12.,13.,14.,15.),.UNSPECIFIED.);
#74670=DIRECTION('',(0.,0.,-1.));
#74680=VECTOR('',#74670,1.);
#74690=SURFACE_OF_LINEAR_EXTRUSION('',#74660,#74680);
#74700=CARTESIAN_POINT('',(20.3912417150216,42.9852118064037,
-49.8432861188318));
#74710=DIRECTION('',(0.,0.,-1.));
#74720=VECTOR('',#74710,1.);
#74730=LINE('',#74700,#74720);
#74740=CARTESIAN_POINT('',(20.3912417150216,42.9852118064037,
-49.8432861188318));
#74750=VERTEX_POINT('',#74740);
#74760=EDGE_CURVE('',#74750,#71610,#74730,.T.);
#74770=ORIENTED_EDGE('',*,*,#74760,.T.);
#74780=CARTESIAN_POINT('',(20.0911603424871,42.9640280747758,
-49.8432861188318));
#74790=CARTESIAN_POINT('',(20.0911603424871,43.0063955380316,
-49.8432861188318));
#74800=CARTESIAN_POINT('',(20.0955798009823,43.0273429506452,
-49.8432861188318));
#74810=CARTESIAN_POINT('',(20.1126842826307,43.0660475542545,
-49.8432861188318));
#74820=CARTESIAN_POINT('',(20.1251784935929,43.0833729689259,
-49.8432861188318));
#74830=CARTESIAN_POINT('',(20.1564299366232,43.1117223353042,
-49.8432861188318));
#74840=CARTESIAN_POINT('',(20.1748385374708,43.1224300304403,
-49.8432861188318));
#74850=CARTESIAN_POINT('',(20.2148332834728,43.1355222965949,
-49.8432861188318));
#74860=CARTESIAN_POINT('',(20.2359732598822,43.1377608144304,
-49.8432861188318));
#74870=CARTESIAN_POINT('',(20.2777958539312,43.1333322086037,
-49.8432861188318));
#74880=CARTESIAN_POINT('',(20.2980119119307,43.1267144890684,
-49.8432861188318));
#74890=CARTESIAN_POINT('',(20.3344308475693,43.1055307574404,
-49.8432861188318));
#74900=CARTESIAN_POINT('',(20.3502274470736,43.0912010643622,
-49.8432861188318));
#74910=CARTESIAN_POINT('',(20.3749455594743,43.0569250665796,
-49.8432861188318));
#74920=CARTESIAN_POINT('',(20.3835913249215,43.0373611340727,
-49.8432861188318));
#74930=CARTESIAN_POINT('',(20.3923346278931,42.9959195015398,
-49.8432861188318));
#74940=CARTESIAN_POINT('',(20.3923346278931,42.9745041112676,
-49.8432861188318));
#74950=CARTESIAN_POINT('',(20.3835913249215,42.9330624787347,
-49.8432861188318));
#74960=CARTESIAN_POINT('',(20.3749455594743,42.9134985462278,
-49.8432861188318));
#74970=CARTESIAN_POINT('',(20.3502274470736,42.8792225484452,
-49.8432861188318));
#74980=CARTESIAN_POINT('',(20.3344308475693,42.8648928553669,
-49.8432861188318));
#74990=CARTESIAN_POINT('',(20.2980119119307,42.843709123739,
-49.8432861188318));
#75000=CARTESIAN_POINT('',(20.2777958539312,42.8370914042037,
-49.8432861188318));
#75010=CARTESIAN_POINT('',(20.2359732598822,42.832662798377,
-49.8432861188318));
#75020=CARTESIAN_POINT('',(20.2148332834728,42.8349013162125,
-49.8432861188318));
#75030=CARTESIAN_POINT('',(20.1748385374708,42.8479935823671,
-49.8432861188318));
#75040=CARTESIAN_POINT('',(20.1564299366232,42.8587012775032,
-49.8432861188318));
#75050=CARTESIAN_POINT('',(20.1251784935929,42.8870506438815,
-49.8432861188318));
#75060=CARTESIAN_POINT('',(20.1126842826307,42.9043760585529,
-49.8432861188318));
#75070=CARTESIAN_POINT('',(20.0955798009823,42.9430806621622,
-49.8432861188318));
#75080=CARTESIAN_POINT('',(20.0911603424871,42.9640280747758,
-49.8432861188318));
#75090=CARTESIAN_POINT('',(20.0911603424871,43.0063955380316,
-49.8432861188318));
#75100=B_SPLINE_CURVE_WITH_KNOTS('',3,(#74780,#74790,#74800,#74810,
#74820,#74830,#74840,#74850,#74860,#74870,#74880,#74890,#74900,#74910,
#74920,#74930,#74940,#74950,#74960,#74970,#74980,#74990,#75000,#75010,
#75020,#75030,#75040,#75050,#75060,#75070,#75080,#75090),.UNSPECIFIED.,
.T.,.F.,(2,2,2,2,2,2,2,2,2,2,2,2,2,2,2,2,2,2),(-1.,0.,1.,2.,3.,4.,5.,6.,
7.,8.,9.,10.,11.,12.,13.,14.,15.,16.),.UNSPECIFIED.);
#75110=CARTESIAN_POINT('',(20.0911603424871,42.9852118064037,
-49.8432861188318));
#75120=VERTEX_POINT('',#75110);
#75130=EDGE_CURVE('',#74750,#75120,#75100,.T.);
#75140=ORIENTED_EDGE('',*,*,#75130,.F.);
#75150=CARTESIAN_POINT('',(20.0911603424871,42.9852118064037,
-49.8432861188318));
#75160=DIRECTION('',(0.,0.,-1.));
#75170=VECTOR('',#75160,1.);
#75180=LINE('',#75150,#75170);
#75190=EDGE_CURVE('',#75120,#71590,#75180,.T.);
#75200=ORIENTED_EDGE('',*,*,#75190,.F.);
#75210=ORIENTED_EDGE('',*,*,#71640,.T.);
#75220=EDGE_LOOP('',(#75210,#75200,#75140,#74770));
#75230=FACE_OUTER_BOUND('',#75220,.T.);
#75240=ADVANCED_FACE('',(#75230),#74690,.F.);
#75250=EDGE_CURVE('',#75120,#74750,#75100,.T.);
#75260=ORIENTED_EDGE('',*,*,#75250,.T.);
#75270=ORIENTED_EDGE('',*,*,#75130,.T.);
#75280=EDGE_LOOP('',(#75270,#75260));
#75290=FACE_OUTER_BOUND('',#75280,.T.);
#75300=ADVANCED_FACE('',(#75290),#69240,.T.);
#75310=CARTESIAN_POINT('',(20.11019597995,42.7132177409133,
-49.8432861188318));
#75320=CARTESIAN_POINT('',(20.0765309392496,42.7296758317133,
-49.8432861188318));
#75330=CARTESIAN_POINT('',(20.0462180135651,42.7523323949403,
-49.8432861188318));
#75340=CARTESIAN_POINT('',(19.9954239849398,42.8077048330303,
-49.8432861188318));
#75350=CARTESIAN_POINT('',(19.9753906402593,42.8399325901514,
-49.8432861188318));
#75360=CARTESIAN_POINT('',(19.9481182679088,42.9101460215252,
-49.8432861188318));
#75370=CARTESIAN_POINT('',(19.9411196509785,42.9475127520805,
-49.8432861188318));
#75380=CARTESIAN_POINT('',(19.9411196509785,43.0229108607269,
-49.8432861188318));
#75390=CARTESIAN_POINT('',(19.9481182679088,43.0602775912822,
-49.8432861188318));
#75400=CARTESIAN_POINT('',(19.9753906402594,43.1304910226561,
-49.8432861188318));
#75410=CARTESIAN_POINT('',(19.9954239849399,43.1627187797772,
-49.8432861188318));
#75420=CARTESIAN_POINT('',(20.0462180135652,43.2180912178671,
-49.8432861188318));
#75430=CARTESIAN_POINT('',(20.0765309392496,43.2407477810941,
-49.8432861188318));
#75440=CARTESIAN_POINT('',(20.1101959799501,43.2572058718941,
-49.8432861188318));
#75450=B_SPLINE_CURVE_WITH_KNOTS('',3,(#75310,#75320,#75330,#75340,
#75350,#75360,#75370,#75380,#75390,#75400,#75410,#75420,#75430,#75440),
.UNSPECIFIED.,.F.,.F.,(4,2,2,2,2,2,4),(0.,1.,2.,3.,4.,5.,6.),
.UNSPECIFIED.);
#75460=CARTESIAN_POINT('',(20.11019597995,42.7132177409133,
-49.8432861188318));
#75470=VERTEX_POINT('',#75460);
#75480=CARTESIAN_POINT('',(20.1101959799501,43.2572058718941,
-49.8432861188318));
#75490=VERTEX_POINT('',#75480);
#75500=EDGE_CURVE('',#75470,#75490,#75450,.T.);
#75510=ORIENTED_EDGE('',*,*,#75500,.F.);
#75520=CARTESIAN_POINT('',(20.1687224015171,43.3513576637946,
-49.8432861188318));
#75530=CARTESIAN_POINT('',(20.1687224015171,43.3383079911443,
-49.8432861188318));
#75540=CARTESIAN_POINT('',(20.166299803349,43.3253733536444,
-49.8432861188318));
#75550=CARTESIAN_POINT('',(20.1568593667661,43.3010687043227,
-49.8432861188318));
#75560=CARTESIAN_POINT('',(20.1499247474536,43.2899129422423,
-49.8432861188318));
#75570=CARTESIAN_POINT('',(20.1323421990833,43.2707455598265,
-49.8432861188318));
#75580=CARTESIAN_POINT('',(20.1218492632695,43.2629029033249,
-49.8432861188318));
#75590=CARTESIAN_POINT('',(20.1101959799501,43.2572058718941,
-49.8432861188318));
#75600=B_SPLINE_CURVE_WITH_KNOTS('',3,(#75520,#75530,#75540,#75550,
#75560,#75570,#75580,#75590),.UNSPECIFIED.,.F.,.F.,(4,2,2,4),(0.,1.,2.,
3.),.UNSPECIFIED.);
#75610=CARTESIAN_POINT('',(20.1687224015171,43.3513576637946,
-49.8432861188318));
#75620=VERTEX_POINT('',#75610);
#75630=EDGE_CURVE('',#75620,#75490,#75600,.T.);
#75640=ORIENTED_EDGE('',*,*,#75630,.T.);
#75650=CARTESIAN_POINT('',(20.1687224015171,43.776923,-49.8432861188318)
);
#75660=DIRECTION('',(0.,1.,0.));
#75670=VECTOR('',#75660,1.);
#75680=LINE('',#75650,#75670);
#75690=CARTESIAN_POINT('',(20.1687224015171,43.5101902732444,
-49.8432861188318));
#75700=VERTEX_POINT('',#75690);
#75710=EDGE_CURVE('',#75620,#75700,#75680,.T.);
#75720=ORIENTED_EDGE('',*,*,#75710,.F.);
#75730=CARTESIAN_POINT('',(20.0648480766266,43.6148414360348,
-49.8432861188318));
#75740=CARTESIAN_POINT('',(20.0784890136628,43.6148414360348,
-49.8432861188318));
#75750=CARTESIAN_POINT('',(20.0919964772782,43.6121345408683,
-49.8432861188318));
#75760=CARTESIAN_POINT('',(20.1172016423424,43.6016161403316,
-49.8432861188318));
#75770=CARTESIAN_POINT('',(20.1286527170678,43.5939075550832,
-49.8432861188318));
#75780=CARTESIAN_POINT('',(20.1479439152279,43.574472085142,
-49.8432861188318));
#75790=CARTESIAN_POINT('',(20.1555952787407,43.5629353720371,
-49.8432861188318));
#75800=CARTESIAN_POINT('',(20.1660355999521,43.537541706807,
-49.8432861188318));
#75810=CARTESIAN_POINT('',(20.1687224015171,43.5239332258354,
-49.8432861188318));
#75820=CARTESIAN_POINT('',(20.1687224015171,43.5101902732444,
-49.8432861188318));
#75830=B_SPLINE_CURVE_WITH_KNOTS('',3,(#75730,#75740,#75750,#75760,
#75770,#75780,#75790,#75800,#75810,#75820),.UNSPECIFIED.,.F.,.F.,(4,2,2,
2,4),(0.,1.,2.,3.,4.),.UNSPECIFIED.);
#75840=CARTESIAN_POINT('',(20.0648480766266,43.6148414360348,
-49.8432861188318));
#75850=VERTEX_POINT('',#75840);
#75860=EDGE_CURVE('',#75850,#75700,#75830,.T.);
#75870=ORIENTED_EDGE('',*,*,#75860,.T.);
#75880=CARTESIAN_POINT('',(29.816979536428,43.6148414360348,
-49.8432861188318));
#75890=DIRECTION('',(-1.,0.,0.));
#75900=VECTOR('',#75890,1.);
#75910=LINE('',#75880,#75900);
#75920=CARTESIAN_POINT('',(20.0565355675236,43.6148414360348,
-49.8432861188318));
#75930=VERTEX_POINT('',#75920);
#75940=EDGE_CURVE('',#75850,#75930,#75910,.T.);
#75950=ORIENTED_EDGE('',*,*,#75940,.F.);
#75960=CARTESIAN_POINT('',(20.0565355675236,42.3555821767726,
-49.8432861188318));
#75970=CARTESIAN_POINT('',(19.9744654031323,42.3555821767726,
-49.8432861188318));
#75980=CARTESIAN_POINT('',(19.8931982763591,42.3718681057167,
-49.8432861188318));
#75990=CARTESIAN_POINT('',(19.7415523861371,42.4351516513329,
-49.8432861188318));
#76000=CARTESIAN_POINT('',(19.6726574427268,42.481530053116,
-49.8432861188318));
#76010=CARTESIAN_POINT('',(19.5565927031784,42.5984627981951,
-49.8432861188318));
#76020=CARTESIAN_POINT('',(19.510558573731,42.6678729815668,
-49.8432861188318));
#76030=CARTESIAN_POINT('',(19.4477447893229,42.8206529756685,
-49.8432861188318));
#76040=CARTESIAN_POINT('',(19.4315797527463,42.9025278694155,
-49.8432861188318));
#76050=CARTESIAN_POINT('',(19.4315797527463,43.0678957433919,
-49.8432861188318));
#76060=CARTESIAN_POINT('',(19.4477447893229,43.1497706371389,
-49.8432861188318));
#76070=CARTESIAN_POINT('',(19.510558573731,43.3025506312406,
-49.8432861188318));
#76080=CARTESIAN_POINT('',(19.5565927031784,43.3719608146123,
-49.8432861188318));
#76090=CARTESIAN_POINT('',(19.6726574427268,43.4888935596914,
-49.8432861188318));
#76100=CARTESIAN_POINT('',(19.7415523861371,43.5352719614745,
-49.8432861188318));
#76110=CARTESIAN_POINT('',(19.8931982763591,43.5985555070907,
-49.8432861188318));
#76120=CARTESIAN_POINT('',(19.9744654031323,43.6148414360348,
-49.8432861188318));
#76130=CARTESIAN_POINT('',(20.0565355675236,43.6148414360348,
-49.8432861188318));
#76140=B_SPLINE_CURVE_WITH_KNOTS('',3,(#75960,#75970,#75980,#75990,
#76000,#76010,#76020,#76030,#76040,#76050,#76060,#76070,#76080,#76090,
#76100,#76110,#76120,#76130),.UNSPECIFIED.,.F.,.F.,(4,2,2,2,2,2,2,2,4),(
0.,1.,2.,3.,4.,5.,6.,7.,8.),.UNSPECIFIED.);
#76150=CARTESIAN_POINT('',(20.0565355675236,42.3555821767726,
-49.8432861188318));
#76160=VERTEX_POINT('',#76150);
#76170=EDGE_CURVE('',#76160,#75930,#76140,.T.);
#76180=ORIENTED_EDGE('',*,*,#76170,.T.);
#76190=CARTESIAN_POINT('',(29.8169795364281,42.3555821767726,
-49.8432861188318));
#76200=DIRECTION('',(1.,0.,0.));
#76210=VECTOR('',#76200,1.);
#76220=LINE('',#76190,#76210);
#76230=CARTESIAN_POINT('',(20.0648480766265,42.3555821767726,
-49.8432861188318));
#76240=VERTEX_POINT('',#76230);
#76250=EDGE_CURVE('',#76160,#76240,#76220,.T.);
#76260=ORIENTED_EDGE('',*,*,#76250,.F.);
#76270=CARTESIAN_POINT('',(20.1687224015171,42.460233339563,
-49.8432861188318));
#76280=CARTESIAN_POINT('',(20.1687224015171,42.446490386972,
-49.8432861188318));
#76290=CARTESIAN_POINT('',(20.1660355999521,42.4328819060004,
-49.8432861188318));
#76300=CARTESIAN_POINT('',(20.1555952787406,42.4074882407702,
-49.8432861188318));
#76310=CARTESIAN_POINT('',(20.1479439152279,42.3959515276654,
-49.8432861188318));
#76320=CARTESIAN_POINT('',(20.1286527170678,42.3765160577242,
-49.8432861188318));
#76330=CARTESIAN_POINT('',(20.1172016423423,42.3688074724758,
-49.8432861188318));
#76340=CARTESIAN_POINT('',(20.0919964772782,42.3582890719391,
-49.8432861188318));
#76350=CARTESIAN_POINT('',(20.0784890136627,42.3555821767726,
-49.8432861188318));
#76360=CARTESIAN_POINT('',(20.0648480766265,42.3555821767726,
-49.8432861188318));
#76370=B_SPLINE_CURVE_WITH_KNOTS('',3,(#76270,#76280,#76290,#76300,
#76310,#76320,#76330,#76340,#76350,#76360),.UNSPECIFIED.,.F.,.F.,(4,2,2,
2,4),(0.,1.,2.,3.,4.),.UNSPECIFIED.);
#76380=CARTESIAN_POINT('',(20.1687224015171,42.460233339563,
-49.8432861188318));
#76390=VERTEX_POINT('',#76380);
#76400=EDGE_CURVE('',#76390,#76240,#76370,.T.);
#76410=ORIENTED_EDGE('',*,*,#76400,.T.);
#76420=CARTESIAN_POINT('',(20.1687224015163,43.776923,-49.8432861188318)
);
#76430=DIRECTION('',(-6.26294457737464E-13,1.,0.));
#76440=VECTOR('',#76430,1.);
#76450=LINE('',#76420,#76440);
#76460=CARTESIAN_POINT('',(20.168722401517,42.6190659490128,
-49.8432861188318));
#76470=VERTEX_POINT('',#76460);
#76480=EDGE_CURVE('',#76390,#76470,#76450,.T.);
#76490=ORIENTED_EDGE('',*,*,#76480,.F.);
#76500=CARTESIAN_POINT('',(20.11019597995,42.7132177409133,
-49.8432861188318));
#76510=CARTESIAN_POINT('',(20.1218492632693,42.7075207094825,
-49.8432861188318));
#76520=CARTESIAN_POINT('',(20.1323421990832,42.6996780529809,
-49.8432861188318));
#76530=CARTESIAN_POINT('',(20.1499247474535,42.6805106705651,
-49.8432861188318));
#76540=CARTESIAN_POINT('',(20.156859366766,42.6693549084847,
-49.8432861188318));
#76550=CARTESIAN_POINT('',(20.1662998033489,42.645050259163,
-49.8432861188318));
#76560=CARTESIAN_POINT('',(20.168722401517,42.6321156216631,
-49.8432861188318));
#76570=CARTESIAN_POINT('',(20.168722401517,42.6190659490128,
-49.8432861188318));
#76580=B_SPLINE_CURVE_WITH_KNOTS('',3,(#76500,#76510,#76520,#76530,
#76540,#76550,#76560,#76570),.UNSPECIFIED.,.F.,.F.,(4,2,2,4),(0.,1.,2.,
3.),.UNSPECIFIED.);
#76590=EDGE_CURVE('',#75470,#76470,#76580,.T.);
#76600=ORIENTED_EDGE('',*,*,#76590,.T.);
#76610=EDGE_LOOP('',(#76600,#76490,#76410,#76260,#76180,#75950,#75870,
#75720,#75640,#75510));
#76620=FACE_OUTER_BOUND('',#76610,.T.);
#76630=ADVANCED_FACE('',(#76620),#69240,.T.);
#76640=CARTESIAN_POINT('',(20.1687224015171,42.460233339563,
-49.8432861188318));
#76650=CARTESIAN_POINT('',(20.1687224015171,42.446490386972,
-49.8432861188318));
#76660=CARTESIAN_POINT('',(20.1660355999521,42.4328819060004,
-49.8432861188318));
#76670=CARTESIAN_POINT('',(20.1555952787406,42.4074882407702,
-49.8432861188318));
#76680=CARTESIAN_POINT('',(20.1479439152279,42.3959515276654,
-49.8432861188318));
#76690=CARTESIAN_POINT('',(20.1286527170678,42.3765160577242,
-49.8432861188318));
#76700=CARTESIAN_POINT('',(20.1172016423423,42.3688074724758,
-49.8432861188318));
#76710=CARTESIAN_POINT('',(20.0919964772782,42.3582890719391,
-49.8432861188318));
#76720=CARTESIAN_POINT('',(20.0784890136627,42.3555821767726,
-49.8432861188318));
#76730=CARTESIAN_POINT('',(20.0648480766265,42.3555821767726,
-49.8432861188318));
#76740=B_SPLINE_CURVE_WITH_KNOTS('',3,(#76640,#76650,#76660,#76670,
#76680,#76690,#76700,#76710,#76720,#76730),.UNSPECIFIED.,.F.,.F.,(4,2,2,
2,4),(0.,1.,2.,3.,4.),.UNSPECIFIED.);
#76750=DIRECTION('',(0.,0.,-1.));
#76760=VECTOR('',#76750,1.);
#76770=SURFACE_OF_LINEAR_EXTRUSION('',#76740,#76760);
#76780=CARTESIAN_POINT('',(20.0648480766265,42.3555821767726,
-49.8432861188318));
#76790=DIRECTION('',(0.,0.,-1.));
#76800=VECTOR('',#76790,1.);
#76810=LINE('',#76780,#76800);
#76820=EDGE_CURVE('',#76240,#71750,#76810,.T.);
#76830=ORIENTED_EDGE('',*,*,#76820,.F.);
#76840=ORIENTED_EDGE('',*,*,#72960,.T.);
#76850=CARTESIAN_POINT('',(20.1687224015171,42.460233339563,
-49.8432861188318));
#76860=DIRECTION('',(0.,0.,-1.));
#76870=VECTOR('',#76860,1.);
#76880=LINE('',#76850,#76870);
#76890=EDGE_CURVE('',#76390,#72820,#76880,.T.);
#76900=ORIENTED_EDGE('',*,*,#76890,.T.);
#76910=ORIENTED_EDGE('',*,*,#76400,.F.);
#76920=EDGE_LOOP('',(#76910,#76900,#76840,#76830));
#76930=FACE_OUTER_BOUND('',#76920,.T.);
#76940=ADVANCED_FACE('',(#76930),#76770,.F.);
#76950=CARTESIAN_POINT('',(20.168722401517,42.6190659490128,
-49.8432861188318));
#76960=DIRECTION('',(-1.,-6.26294457737464E-13,0.));
#76970=DIRECTION('',(6.26294457737464E-13,-1.,0.));
#76980=AXIS2_PLACEMENT_3D('',#76950,#76960,#76970);
#76990=PLANE('',#76980);
#77000=ORIENTED_EDGE('',*,*,#76890,.F.);
#77010=ORIENTED_EDGE('',*,*,#72830,.F.);
#77020=CARTESIAN_POINT('',(20.168722401517,42.6190659490128,
-49.8432861188318));
#77030=DIRECTION('',(0.,0.,-1.));
#77040=VECTOR('',#77030,1.);
#77050=LINE('',#77020,#77040);
#77060=EDGE_CURVE('',#76470,#72740,#77050,.T.);
#77070=ORIENTED_EDGE('',*,*,#77060,.T.);
#77080=ORIENTED_EDGE('',*,*,#76480,.T.);
#77090=EDGE_LOOP('',(#77080,#77070,#77010,#77000));
#77100=FACE_OUTER_BOUND('',#77090,.T.);
#77110=ADVANCED_FACE('',(#77100),#76990,.T.);
#77120=CARTESIAN_POINT('',(20.11019597995,42.7132177409133,
-49.8432861188318));
#77130=CARTESIAN_POINT('',(20.1218492632693,42.7075207094825,
-49.8432861188318));
#77140=CARTESIAN_POINT('',(20.1323421990832,42.6996780529809,
-49.8432861188318));
#77150=CARTESIAN_POINT('',(20.1499247474535,42.6805106705651,
-49.8432861188318));
#77160=CARTESIAN_POINT('',(20.156859366766,42.6693549084847,
-49.8432861188318));
#77170=CARTESIAN_POINT('',(20.1662998033489,42.645050259163,
-49.8432861188318));
#77180=CARTESIAN_POINT('',(20.168722401517,42.6321156216631,
-49.8432861188318));
#77190=CARTESIAN_POINT('',(20.168722401517,42.6190659490128,
-49.8432861188318));
#77200=B_SPLINE_CURVE_WITH_KNOTS('',3,(#77120,#77130,#77140,#77150,
#77160,#77170,#77180,#77190),.UNSPECIFIED.,.F.,.F.,(4,2,2,4),(0.,1.,2.,
3.),.UNSPECIFIED.);
#77210=DIRECTION('',(0.,0.,-1.));
#77220=VECTOR('',#77210,1.);
#77230=SURFACE_OF_LINEAR_EXTRUSION('',#77200,#77220);
#77240=ORIENTED_EDGE('',*,*,#77060,.F.);
#77250=ORIENTED_EDGE('',*,*,#72750,.T.);
#77260=CARTESIAN_POINT('',(20.11019597995,42.7132177409133,
-49.8432861188318));
#77270=DIRECTION('',(0.,0.,-1.));
#77280=VECTOR('',#77270,1.);
#77290=LINE('',#77260,#77280);
#77300=EDGE_CURVE('',#75470,#72610,#77290,.T.);
#77310=ORIENTED_EDGE('',*,*,#77300,.T.);
#77320=ORIENTED_EDGE('',*,*,#76590,.F.);
#77330=EDGE_LOOP('',(#77320,#77310,#77250,#77240));
#77340=FACE_OUTER_BOUND('',#77330,.T.);
#77350=ADVANCED_FACE('',(#77340),#77230,.F.);
#77360=CARTESIAN_POINT('',(20.11019597995,42.7132177409133,
-49.8432861188318));
#77370=CARTESIAN_POINT('',(20.0765309392496,42.7296758317133,
-49.8432861188318));
#77380=CARTESIAN_POINT('',(20.0462180135651,42.7523323949403,
-49.8432861188318));
#77390=CARTESIAN_POINT('',(19.9954239849398,42.8077048330303,
-49.8432861188318));
#77400=CARTESIAN_POINT('',(19.9753906402593,42.8399325901514,
-49.8432861188318));
#77410=CARTESIAN_POINT('',(19.9481182679088,42.9101460215252,
-49.8432861188318));
#77420=CARTESIAN_POINT('',(19.9411196509785,42.9475127520805,
-49.8432861188318));
#77430=CARTESIAN_POINT('',(19.9411196509785,43.0229108607269,
-49.8432861188318));
#77440=CARTESIAN_POINT('',(19.9481182679088,43.0602775912822,
-49.8432861188318));
#77450=CARTESIAN_POINT('',(19.9753906402594,43.1304910226561,
-49.8432861188318));
#77460=CARTESIAN_POINT('',(19.9954239849399,43.1627187797772,
-49.8432861188318));
#77470=CARTESIAN_POINT('',(20.0462180135652,43.2180912178671,
-49.8432861188318));
#77480=CARTESIAN_POINT('',(20.0765309392496,43.2407477810941,
-49.8432861188318));
#77490=CARTESIAN_POINT('',(20.1101959799501,43.2572058718941,
-49.8432861188318));
#77500=B_SPLINE_CURVE_WITH_KNOTS('',3,(#77360,#77370,#77380,#77390,
#77400,#77410,#77420,#77430,#77440,#77450,#77460,#77470,#77480,#77490),
.UNSPECIFIED.,.F.,.F.,(4,2,2,2,2,2,4),(0.,1.,2.,3.,4.,5.,6.),
.UNSPECIFIED.);
#77510=DIRECTION('',(0.,0.,-1.));
#77520=VECTOR('',#77510,1.);
#77530=SURFACE_OF_LINEAR_EXTRUSION('',#77500,#77520);
#77540=ORIENTED_EDGE('',*,*,#77300,.F.);
#77550=ORIENTED_EDGE('',*,*,#72620,.F.);
#77560=CARTESIAN_POINT('',(20.1101959799501,43.2572058718941,
-49.8432861188318));
#77570=DIRECTION('',(0.,0.,-1.));
#77580=VECTOR('',#77570,1.);
#77590=LINE('',#77560,#77580);
#77600=EDGE_CURVE('',#75490,#72420,#77590,.T.);
#77610=ORIENTED_EDGE('',*,*,#77600,.T.);
#77620=ORIENTED_EDGE('',*,*,#75500,.T.);
#77630=EDGE_LOOP('',(#77620,#77610,#77550,#77540));
#77640=FACE_OUTER_BOUND('',#77630,.T.);
#77650=ADVANCED_FACE('',(#77640),#77530,.T.);
#77660=CARTESIAN_POINT('',(20.1687224015171,43.3513576637946,
-49.8432861188318));
#77670=CARTESIAN_POINT('',(20.1687224015171,43.3383079911443,
-49.8432861188318));
#77680=CARTESIAN_POINT('',(20.166299803349,43.3253733536444,
-49.8432861188318));
#77690=CARTESIAN_POINT('',(20.1568593667661,43.3010687043227,
-49.8432861188318));
#77700=CARTESIAN_POINT('',(20.1499247474536,43.2899129422423,
-49.8432861188318));
#77710=CARTESIAN_POINT('',(20.1323421990833,43.2707455598265,
-49.8432861188318));
#77720=CARTESIAN_POINT('',(20.1218492632695,43.2629029033249,
-49.8432861188318));
#77730=CARTESIAN_POINT('',(20.1101959799501,43.2572058718941,
-49.8432861188318));
#77740=B_SPLINE_CURVE_WITH_KNOTS('',3,(#77660,#77670,#77680,#77690,
#77700,#77710,#77720,#77730),.UNSPECIFIED.,.F.,.F.,(4,2,2,4),(0.,1.,2.,
3.),.UNSPECIFIED.);
#77750=DIRECTION('',(0.,0.,-1.));
#77760=VECTOR('',#77750,1.);
#77770=SURFACE_OF_LINEAR_EXTRUSION('',#77740,#77760);
#77780=ORIENTED_EDGE('',*,*,#77600,.F.);
#77790=ORIENTED_EDGE('',*,*,#72430,.T.);
#77800=CARTESIAN_POINT('',(20.1687224015171,43.3513576637946,
-49.8432861188318));
#77810=DIRECTION('',(0.,0.,-1.));
#77820=VECTOR('',#77810,1.);
#77830=LINE('',#77800,#77820);
#77840=EDGE_CURVE('',#75620,#72290,#77830,.T.);
#77850=ORIENTED_EDGE('',*,*,#77840,.T.);
#77860=ORIENTED_EDGE('',*,*,#75630,.F.);
#77870=EDGE_LOOP('',(#77860,#77850,#77790,#77780));
#77880=FACE_OUTER_BOUND('',#77870,.T.);
#77890=ADVANCED_FACE('',(#77880),#77770,.F.);
#77900=CARTESIAN_POINT('',(20.1687224015171,43.5101902732444,
-49.8432861188318));
#77910=DIRECTION('',(-1.,-0.,0.));
#77920=DIRECTION('',(0.,-1.,-0.));
#77930=AXIS2_PLACEMENT_3D('',#77900,#77910,#77920);
#77940=PLANE('',#77930);
#77950=ORIENTED_EDGE('',*,*,#77840,.F.);
#77960=ORIENTED_EDGE('',*,*,#72300,.F.);
#77970=CARTESIAN_POINT('',(20.1687224015171,43.5101902732444,
-49.8432861188318));
#77980=DIRECTION('',(0.,0.,-1.));
#77990=VECTOR('',#77980,1.);
#78000=LINE('',#77970,#77990);
#78010=EDGE_CURVE('',#75700,#72210,#78000,.T.);
#78020=ORIENTED_EDGE('',*,*,#78010,.T.);
#78030=ORIENTED_EDGE('',*,*,#75710,.T.);
#78040=EDGE_LOOP('',(#78030,#78020,#77960,#77950));
#78050=FACE_OUTER_BOUND('',#78040,.T.);
#78060=ADVANCED_FACE('',(#78050),#77940,.T.);
#78070=CARTESIAN_POINT('',(20.0648480766266,43.6148414360348,
-49.8432861188318));
#78080=CARTESIAN_POINT('',(20.0784890136628,43.6148414360348,
-49.8432861188318));
#78090=CARTESIAN_POINT('',(20.0919964772782,43.6121345408683,
-49.8432861188318));
#78100=CARTESIAN_POINT('',(20.1172016423424,43.6016161403316,
-49.8432861188318));
#78110=CARTESIAN_POINT('',(20.1286527170678,43.5939075550832,
-49.8432861188318));
#78120=CARTESIAN_POINT('',(20.1479439152279,43.574472085142,
-49.8432861188318));
#78130=CARTESIAN_POINT('',(20.1555952787407,43.5629353720371,
-49.8432861188318));
#78140=CARTESIAN_POINT('',(20.1660355999521,43.537541706807,
-49.8432861188318));
#78150=CARTESIAN_POINT('',(20.1687224015171,43.5239332258354,
-49.8432861188318));
#78160=CARTESIAN_POINT('',(20.1687224015171,43.5101902732444,
-49.8432861188318));
#78170=B_SPLINE_CURVE_WITH_KNOTS('',3,(#78070,#78080,#78090,#78100,
#78110,#78120,#78130,#78140,#78150,#78160),.UNSPECIFIED.,.F.,.F.,(4,2,2,
2,4),(0.,1.,2.,3.,4.),.UNSPECIFIED.);
#78180=DIRECTION('',(0.,0.,-1.));
#78190=VECTOR('',#78180,1.);
#78200=SURFACE_OF_LINEAR_EXTRUSION('',#78170,#78190);
#78210=ORIENTED_EDGE('',*,*,#78010,.F.);
#78220=ORIENTED_EDGE('',*,*,#72220,.T.);
#78230=CARTESIAN_POINT('',(20.0648480766266,43.6148414360348,
-49.8432861188318));
#78240=DIRECTION('',(0.,0.,-1.));
#78250=VECTOR('',#78240,1.);
#78260=LINE('',#78230,#78250);
#78270=EDGE_CURVE('',#75850,#72060,#78260,.T.);
#78280=ORIENTED_EDGE('',*,*,#78270,.T.);
#78290=ORIENTED_EDGE('',*,*,#75860,.F.);
#78300=EDGE_LOOP('',(#78290,#78280,#78220,#78210));
#78310=FACE_OUTER_BOUND('',#78300,.T.);
#78320=ADVANCED_FACE('',(#78310),#78200,.F.);
#78330=CARTESIAN_POINT('',(20.0565355675236,43.6148414360348,
-49.8432861188318));
#78340=DIRECTION('',(0.,-1.,0.));
#78350=DIRECTION('',(1.,0.,0.));
#78360=AXIS2_PLACEMENT_3D('',#78330,#78340,#78350);
#78370=PLANE('',#78360);
#78380=ORIENTED_EDGE('',*,*,#78270,.F.);
#78390=ORIENTED_EDGE('',*,*,#72070,.T.);
#78400=CARTESIAN_POINT('',(20.0565355675236,43.6148414360348,
-49.8432861188318));
#78410=DIRECTION('',(0.,0.,-1.));
#78420=VECTOR('',#78410,1.);
#78430=LINE('',#78400,#78420);
#78440=EDGE_CURVE('',#75930,#71980,#78430,.T.);
#78450=ORIENTED_EDGE('',*,*,#78440,.T.);
#78460=ORIENTED_EDGE('',*,*,#75940,.T.);
#78470=EDGE_LOOP('',(#78460,#78450,#78390,#78380));
#78480=FACE_OUTER_BOUND('',#78470,.T.);
#78490=ADVANCED_FACE('',(#78480),#78370,.T.);
#78500=CARTESIAN_POINT('',(20.0565355675236,42.3555821767726,
-49.8432861188318));
#78510=CARTESIAN_POINT('',(19.9744654031323,42.3555821767726,
-49.8432861188318));
#78520=CARTESIAN_POINT('',(19.8931982763591,42.3718681057167,
-49.8432861188318));
#78530=CARTESIAN_POINT('',(19.7415523861371,42.4351516513329,
-49.8432861188318));
#78540=CARTESIAN_POINT('',(19.6726574427268,42.481530053116,
-49.8432861188318));
#78550=CARTESIAN_POINT('',(19.5565927031784,42.5984627981951,
-49.8432861188318));
#78560=CARTESIAN_POINT('',(19.510558573731,42.6678729815668,
-49.8432861188318));
#78570=CARTESIAN_POINT('',(19.4477447893229,42.8206529756685,
-49.8432861188318));
#78580=CARTESIAN_POINT('',(19.4315797527463,42.9025278694155,
-49.8432861188318));
#78590=CARTESIAN_POINT('',(19.4315797527463,43.0678957433919,
-49.8432861188318));
#78600=CARTESIAN_POINT('',(19.4477447893229,43.1497706371389,
-49.8432861188318));
#78610=CARTESIAN_POINT('',(19.510558573731,43.3025506312406,
-49.8432861188318));
#78620=CARTESIAN_POINT('',(19.5565927031784,43.3719608146123,
-49.8432861188318));
#78630=CARTESIAN_POINT('',(19.6726574427268,43.4888935596914,
-49.8432861188318));
#78640=CARTESIAN_POINT('',(19.7415523861371,43.5352719614745,
-49.8432861188318));
#78650=CARTESIAN_POINT('',(19.8931982763591,43.5985555070907,
-49.8432861188318));
#78660=CARTESIAN_POINT('',(19.9744654031323,43.6148414360348,
-49.8432861188318));
#78670=CARTESIAN_POINT('',(20.0565355675236,43.6148414360348,
-49.8432861188318));
#78680=B_SPLINE_CURVE_WITH_KNOTS('',3,(#78500,#78510,#78520,#78530,
#78540,#78550,#78560,#78570,#78580,#78590,#78600,#78610,#78620,#78630,
#78640,#78650,#78660,#78670),.UNSPECIFIED.,.F.,.F.,(4,2,2,2,2,2,2,2,4),(
0.,1.,2.,3.,4.,5.,6.,7.,8.),.UNSPECIFIED.);
#78690=DIRECTION('',(0.,0.,-1.));
#78700=VECTOR('',#78690,1.);
#78710=SURFACE_OF_LINEAR_EXTRUSION('',#78680,#78700);
#78720=ORIENTED_EDGE('',*,*,#78440,.F.);
#78730=ORIENTED_EDGE('',*,*,#71990,.T.);
#78740=CARTESIAN_POINT('',(20.0565355675236,42.3555821767726,
-49.8432861188318));
#78750=DIRECTION('',(0.,0.,-1.));
#78760=VECTOR('',#78750,1.);
#78770=LINE('',#78740,#78760);
#78780=EDGE_CURVE('',#76160,#71730,#78770,.T.);
#78790=ORIENTED_EDGE('',*,*,#78780,.T.);
#78800=ORIENTED_EDGE('',*,*,#76170,.F.);
#78810=EDGE_LOOP('',(#78800,#78790,#78730,#78720));
#78820=FACE_OUTER_BOUND('',#78810,.T.);
#78830=ADVANCED_FACE('',(#78820),#78710,.F.);
#78840=CARTESIAN_POINT('',(20.0648480766265,42.3555821767726,
-49.8432861188318));
#78850=DIRECTION('',(0.,1.,-0.));
#78860=DIRECTION('',(-1.,0.,0.));
#78870=AXIS2_PLACEMENT_3D('',#78840,#78850,#78860);
#78880=PLANE('',#78870);
#78890=ORIENTED_EDGE('',*,*,#78780,.F.);
#78900=ORIENTED_EDGE('',*,*,#71760,.F.);
#78910=ORIENTED_EDGE('',*,*,#76820,.T.);
#78920=ORIENTED_EDGE('',*,*,#76250,.T.);
#78930=EDGE_LOOP('',(#78920,#78910,#78900,#78890));
#78940=FACE_OUTER_BOUND('',#78930,.T.);
#78950=ADVANCED_FACE('',(#78940),#78880,.T.);
#78960=CARTESIAN_POINT('',(20.3722060880414,43.2572058718941,
-49.8432861188318));
#78970=CARTESIAN_POINT('',(20.360552804722,43.2629029033249,
-49.8432861188318));
#78980=CARTESIAN_POINT('',(20.3500598689082,43.2707455598265,
-49.8432861188318));
#78990=CARTESIAN_POINT('',(20.3324773205378,43.2899129422423,
-49.8432861188318));
#79000=CARTESIAN_POINT('',(20.3255427012254,43.3010687043227,
-49.8432861188318));
#79010=CARTESIAN_POINT('',(20.3161022646425,43.3253733536444,
-49.8432861188318));
#79020=CARTESIAN_POINT('',(20.3136796664743,43.3383079911443,
-49.8432861188318));
#79030=CARTESIAN_POINT('',(20.3136796664743,43.3513576637946,
-49.8432861188318));
#79040=B_SPLINE_CURVE_WITH_KNOTS('',3,(#78960,#78970,#78980,#78990,
#79000,#79010,#79020,#79030),.UNSPECIFIED.,.F.,.F.,(4,2,2,4),(0.,1.,2.,
3.),.UNSPECIFIED.);
#79050=CARTESIAN_POINT('',(20.3722060880414,43.2572058718941,
-49.8432861188318));
#79060=VERTEX_POINT('',#79050);
#79070=CARTESIAN_POINT('',(20.3136796664743,43.3513576637946,
-49.8432861188318));
#79080=VERTEX_POINT('',#79070);
#79090=EDGE_CURVE('',#79060,#79080,#79040,.T.);
#79100=ORIENTED_EDGE('',*,*,#79090,.T.);
#79110=CARTESIAN_POINT('',(20.3722060880414,43.2572058718941,
-49.8432861188318));
#79120=CARTESIAN_POINT('',(20.4058711287418,43.2407477810941,
-49.8432861188318));
#79130=CARTESIAN_POINT('',(20.4361840544262,43.2180912178671,
-49.8432861188318));
#79140=CARTESIAN_POINT('',(20.4869780830516,43.1627187797772,
-49.8432861188318));
#79150=CARTESIAN_POINT('',(20.5070114277321,43.1304910226561,
-49.8432861188318));
#79160=CARTESIAN_POINT('',(20.5342838000827,43.0602775912822,
-49.8432861188318));
#79170=CARTESIAN_POINT('',(20.5412824170129,43.0229108607269,
-49.8432861188318));
#79180=CARTESIAN_POINT('',(20.541282417013,42.9475127520805,
-49.8432861188318));
#79190=CARTESIAN_POINT('',(20.5342838000827,42.9101460215252,
-49.8432861188318));
#79200=CARTESIAN_POINT('',(20.5070114277321,42.8399325901514,
-49.8432861188318));
#79210=CARTESIAN_POINT('',(20.4869780830516,42.8077048330303,
-49.8432861188318));
#79220=CARTESIAN_POINT('',(20.4361840544263,42.7523323949403,
-49.8432861188318));
#79230=CARTESIAN_POINT('',(20.4058711287419,42.7296758317133,
-49.8432861188318));
#79240=CARTESIAN_POINT('',(20.3722060880414,42.7132177409133,
-49.8432861188318));
#79250=B_SPLINE_CURVE_WITH_KNOTS('',3,(#79110,#79120,#79130,#79140,
#79150,#79160,#79170,#79180,#79190,#79200,#79210,#79220,#79230,#79240),
.UNSPECIFIED.,.F.,.F.,(4,2,2,2,2,2,4),(0.,1.,2.,3.,4.,5.,6.),
.UNSPECIFIED.);
#79260=CARTESIAN_POINT('',(20.3722060880414,42.7132177409133,
-49.8432861188318));
#79270=VERTEX_POINT('',#79260);
#79280=EDGE_CURVE('',#79060,#79270,#79250,.T.);
#79290=ORIENTED_EDGE('',*,*,#79280,.F.);
#79300=CARTESIAN_POINT('',(20.3136796664744,42.6190659490128,
-49.8432861188318));
#79310=CARTESIAN_POINT('',(20.3136796664744,42.6321156216631,
-49.8432861188318));
#79320=CARTESIAN_POINT('',(20.3161022646426,42.645050259163,
-49.8432861188318));
#79330=CARTESIAN_POINT('',(20.3255427012255,42.6693549084847,
-49.8432861188318));
#79340=CARTESIAN_POINT('',(20.3324773205379,42.6805106705651,
-49.8432861188318));
#79350=CARTESIAN_POINT('',(20.3500598689082,42.6996780529809,
-49.8432861188318));
#79360=CARTESIAN_POINT('',(20.3605528047221,42.7075207094825,
-49.8432861188318));
#79370=CARTESIAN_POINT('',(20.3722060880414,42.7132177409133,
-49.8432861188318));
#79380=B_SPLINE_CURVE_WITH_KNOTS('',3,(#79300,#79310,#79320,#79330,
#79340,#79350,#79360,#79370),.UNSPECIFIED.,.F.,.F.,(4,2,2,4),(0.,1.,2.,
3.),.UNSPECIFIED.);
#79390=CARTESIAN_POINT('',(20.3136796664744,42.6190659490128,
-49.8432861188318));
#79400=VERTEX_POINT('',#79390);
#79410=EDGE_CURVE('',#79400,#79270,#79380,.T.);
#79420=ORIENTED_EDGE('',*,*,#79410,.T.);
#79430=CARTESIAN_POINT('',(20.3136796664744,43.776923,-49.8432861188318)
);
#79440=DIRECTION('',(0.,-1.,-0.));
#79450=VECTOR('',#79440,1.);
#79460=LINE('',#79430,#79450);
#79470=CARTESIAN_POINT('',(20.3136796664744,42.1639370432726,
-49.8432861188318));
#79480=VERTEX_POINT('',#79470);
#79490=EDGE_CURVE('',#79400,#79480,#79460,.T.);
#79500=ORIENTED_EDGE('',*,*,#79490,.F.);
#79510=CARTESIAN_POINT('',(20.417553991365,42.0592858804823,
-49.8432861188318));
#79520=CARTESIAN_POINT('',(20.4039130543287,42.0592858804823,
-49.8432861188318));
#79530=CARTESIAN_POINT('',(20.3904055907133,42.0619927756488,
-49.8432861188318));
#79540=CARTESIAN_POINT('',(20.3652004256492,42.0725111761855,
-49.8432861188318));
#79550=CARTESIAN_POINT('',(20.3537493509237,42.0802197614339,
-49.8432861188318));
#79560=CARTESIAN_POINT('',(20.3344581527636,42.0996552313751,
-49.8432861188318));
#79570=CARTESIAN_POINT('',(20.3268067892509,42.1111919444799,
-49.8432861188318));
#79580=CARTESIAN_POINT('',(20.3163664680394,42.1365856097101,
-49.8432861188318));
#79590=CARTESIAN_POINT('',(20.3136796664744,42.1501940906816,
-49.8432861188318));
#79600=CARTESIAN_POINT('',(20.3136796664744,42.1639370432726,
-49.8432861188318));
#79610=B_SPLINE_CURVE_WITH_KNOTS('',3,(#79510,#79520,#79530,#79540,
#79550,#79560,#79570,#79580,#79590,#79600),.UNSPECIFIED.,.F.,.F.,(4,2,2,
2,4),(0.,1.,2.,3.,4.),.UNSPECIFIED.);
#79620=CARTESIAN_POINT('',(20.417553991365,42.0592858804823,
-49.8432861188318));
#79630=VERTEX_POINT('',#79620);
#79640=EDGE_CURVE('',#79630,#79480,#79610,.T.);
#79650=ORIENTED_EDGE('',*,*,#79640,.T.);
#79660=CARTESIAN_POINT('',(29.8169795364281,42.059285880482,
-49.8432861188318));
#79670=DIRECTION('',(1.,-2.39746355755848E-14,0.));
#79680=VECTOR('',#79670,1.);
#79690=LINE('',#79660,#79680);
#79700=CARTESIAN_POINT('',(20.8621130338914,42.0592858804823,
-49.8432861188318));
#79710=VERTEX_POINT('',#79700);
#79720=EDGE_CURVE('',#79630,#79710,#79690,.T.);
#79730=ORIENTED_EDGE('',*,*,#79720,.F.);
#79740=CARTESIAN_POINT('',(20.965987358782,42.1639370432726,
-49.8432861188318));
#79750=CARTESIAN_POINT('',(20.965987358782,42.1501940906816,
-49.8432861188318));
#79760=CARTESIAN_POINT('',(20.963300557217,42.1365856097101,
-49.8432861188318));
#79770=CARTESIAN_POINT('',(20.9528602360056,42.1111919444799,
-49.8432861188318));
#79780=CARTESIAN_POINT('',(20.9452088724928,42.0996552313751,
-49.8432861188318));
#79790=CARTESIAN_POINT('',(20.9259176743327,42.0802197614339,
-49.8432861188318));
#79800=CARTESIAN_POINT('',(20.9144665996072,42.0725111761854,
-49.8432861188318));
#79810=CARTESIAN_POINT('',(20.8892614345431,42.0619927756487,
-49.8432861188318));
#79820=CARTESIAN_POINT('',(20.8757539709277,42.0592858804823,
-49.8432861188318));
#79830=CARTESIAN_POINT('',(20.8621130338914,42.0592858804823,
-49.8432861188318));
#79840=B_SPLINE_CURVE_WITH_KNOTS('',3,(#79740,#79750,#79760,#79770,
#79780,#79790,#79800,#79810,#79820,#79830),.UNSPECIFIED.,.F.,.F.,(4,2,2,
2,4),(0.,1.,2.,3.,4.),.UNSPECIFIED.);
#79850=CARTESIAN_POINT('',(20.965987358782,42.1639370432726,
-49.8432861188318));
#79860=VERTEX_POINT('',#79850);
#79870=EDGE_CURVE('',#79860,#79710,#79840,.T.);
#79880=ORIENTED_EDGE('',*,*,#79870,.T.);
#79890=CARTESIAN_POINT('',(20.965987358782,43.776923,-49.8432861188318))
;
#79900=DIRECTION('',(0.,1.,0.));
#79910=VECTOR('',#79900,1.);
#79920=LINE('',#79890,#79910);
#79930=CARTESIAN_POINT('',(20.965987358782,43.5101902732445,
-49.8432861188318));
#79940=VERTEX_POINT('',#79930);
#79950=EDGE_CURVE('',#79860,#79940,#79920,.T.);
#79960=ORIENTED_EDGE('',*,*,#79950,.F.);
#79970=CARTESIAN_POINT('',(20.8621130338914,43.6148414360348,
-49.8432861188318));
#79980=CARTESIAN_POINT('',(20.8757539709277,43.6148414360348,
-49.8432861188318));
#79990=CARTESIAN_POINT('',(20.8892614345431,43.6121345408684,
-49.8432861188318));
#80000=CARTESIAN_POINT('',(20.9144665996072,43.6016161403317,
-49.8432861188318));
#80010=CARTESIAN_POINT('',(20.9259176743327,43.5939075550832,
-49.8432861188318));
#80020=CARTESIAN_POINT('',(20.9452088724928,43.574472085142,
-49.8432861188318));
#80030=CARTESIAN_POINT('',(20.9528602360056,43.5629353720372,
-49.8432861188318));
#80040=CARTESIAN_POINT('',(20.963300557217,43.537541706807,
-49.8432861188318));
#80050=CARTESIAN_POINT('',(20.965987358782,43.5239332258355,
-49.8432861188318));
#80060=CARTESIAN_POINT('',(20.965987358782,43.5101902732445,
-49.8432861188318));
#80070=B_SPLINE_CURVE_WITH_KNOTS('',3,(#79970,#79980,#79990,#80000,
#80010,#80020,#80030,#80040,#80050,#80060),.UNSPECIFIED.,.F.,.F.,(4,2,2,
2,4),(0.,1.,2.,3.,4.),.UNSPECIFIED.);
#80080=CARTESIAN_POINT('',(20.8621130338914,43.6148414360348,
-49.8432861188318));
#80090=VERTEX_POINT('',#80080);
#80100=EDGE_CURVE('',#80090,#79940,#80070,.T.);
#80110=ORIENTED_EDGE('',*,*,#80100,.T.);
#80120=CARTESIAN_POINT('',(29.816979536428,43.614841436035,
-49.8432861188318));
#80130=DIRECTION('',(-1.,-1.19873177877897E-14,0.));
#80140=VECTOR('',#80130,1.);
#80150=LINE('',#80120,#80140);
#80160=CARTESIAN_POINT('',(20.4175539913649,43.6148414360348,
-49.8432861188318));
#80170=VERTEX_POINT('',#80160);
#80180=EDGE_CURVE('',#80090,#80170,#80150,.T.);
#80190=ORIENTED_EDGE('',*,*,#80180,.F.);
#80200=CARTESIAN_POINT('',(20.3136796664743,43.5101902732444,
-49.8432861188318));
#80210=CARTESIAN_POINT('',(20.3136796664743,43.5239332258354,
-49.8432861188318));
#80220=CARTESIAN_POINT('',(20.3163664680393,43.537541706807,
-49.8432861188318));
#80230=CARTESIAN_POINT('',(20.3268067892507,43.5629353720371,
-49.8432861188318));
#80240=CARTESIAN_POINT('',(20.3344581527635,43.574472085142,
-49.8432861188318));
#80250=CARTESIAN_POINT('',(20.3537493509236,43.5939075550832,
-49.8432861188318));
#80260=CARTESIAN_POINT('',(20.3652004256491,43.6016161403316,
-49.8432861188318));
#80270=CARTESIAN_POINT('',(20.3904055907132,43.6121345408683,
-49.8432861188318));
#80280=CARTESIAN_POINT('',(20.4039130543286,43.6148414360348,
-49.8432861188318));
#80290=CARTESIAN_POINT('',(20.4175539913649,43.6148414360348,
-49.8432861188318));
#80300=B_SPLINE_CURVE_WITH_KNOTS('',3,(#80200,#80210,#80220,#80230,
#80240,#80250,#80260,#80270,#80280,#80290),.UNSPECIFIED.,.F.,.F.,(4,2,2,
2,4),(0.,1.,2.,3.,4.),.UNSPECIFIED.);
#80310=CARTESIAN_POINT('',(20.3136796664743,43.5101902732444,
-49.8432861188318));
#80320=VERTEX_POINT('',#80310);
#80330=EDGE_CURVE('',#80320,#80170,#80300,.T.);
#80340=ORIENTED_EDGE('',*,*,#80330,.T.);
#80350=CARTESIAN_POINT('',(20.3136796664743,43.776923,-49.8432861188318)
);
#80360=DIRECTION('',(0.,-1.,-0.));
#80370=VECTOR('',#80360,1.);
#80380=LINE('',#80350,#80370);
#80390=EDGE_CURVE('',#80320,#79080,#80380,.T.);
#80400=ORIENTED_EDGE('',*,*,#80390,.F.);
#80410=EDGE_LOOP('',(#80400,#80340,#80190,#80110,#79960,#79880,#79730,
#79650,#79500,#79420,#79290,#79100));
#80420=FACE_OUTER_BOUND('',#80410,.T.);
#80430=ADVANCED_FACE('',(#80420),#69240,.T.);
#80440=CARTESIAN_POINT('',(20.3136796664744,42.6190659490128,
-49.8432861188318));
#80450=CARTESIAN_POINT('',(20.3136796664744,42.6321156216631,
-49.8432861188318));
#80460=CARTESIAN_POINT('',(20.3161022646426,42.645050259163,
-49.8432861188318));
#80470=CARTESIAN_POINT('',(20.3255427012255,42.6693549084847,
-49.8432861188318));
#80480=CARTESIAN_POINT('',(20.3324773205379,42.6805106705651,
-49.8432861188318));
#80490=CARTESIAN_POINT('',(20.3500598689082,42.6996780529809,
-49.8432861188318));
#80500=CARTESIAN_POINT('',(20.3605528047221,42.7075207094825,
-49.8432861188318));
#80510=CARTESIAN_POINT('',(20.3722060880414,42.7132177409133,
-49.8432861188318));
#80520=B_SPLINE_CURVE_WITH_KNOTS('',3,(#80440,#80450,#80460,#80470,
#80480,#80490,#80500,#80510),.UNSPECIFIED.,.F.,.F.,(4,2,2,4),(0.,1.,2.,
3.),.UNSPECIFIED.);
#80530=DIRECTION('',(0.,0.,-1.));
#80540=VECTOR('',#80530,1.);
#80550=SURFACE_OF_LINEAR_EXTRUSION('',#80520,#80540);
#80560=CARTESIAN_POINT('',(20.3722060880414,42.7132177409133,
-49.8432861188318));
#80570=DIRECTION('',(0.,0.,-1.));
#80580=VECTOR('',#80570,1.);
#80590=LINE('',#80560,#80580);
#80600=EDGE_CURVE('',#79270,#73180,#80590,.T.);
#80610=ORIENTED_EDGE('',*,*,#80600,.F.);
#80620=ORIENTED_EDGE('',*,*,#74430,.T.);
#80630=CARTESIAN_POINT('',(20.3136796664744,42.6190659490128,
-49.8432861188318));
#80640=DIRECTION('',(0.,0.,-1.));
#80650=VECTOR('',#80640,1.);
#80660=LINE('',#80630,#80650);
#80670=EDGE_CURVE('',#79400,#74310,#80660,.T.);
#80680=ORIENTED_EDGE('',*,*,#80670,.T.);
#80690=ORIENTED_EDGE('',*,*,#79410,.F.);
#80700=EDGE_LOOP('',(#80690,#80680,#80620,#80610));
#80710=FACE_OUTER_BOUND('',#80700,.T.);
#80720=ADVANCED_FACE('',(#80710),#80550,.F.);
#80730=CARTESIAN_POINT('',(20.3136796664744,42.1639370432726,
-49.8432861188318));
#80740=DIRECTION('',(1.,0.,0.));
#80750=DIRECTION('',(0.,1.,0.));
#80760=AXIS2_PLACEMENT_3D('',#80730,#80740,#80750);
#80770=PLANE('',#80760);
#80780=ORIENTED_EDGE('',*,*,#80670,.F.);
#80790=ORIENTED_EDGE('',*,*,#74320,.F.);
#80800=CARTESIAN_POINT('',(20.3136796664744,42.1639370432726,
-49.8432861188318));
#80810=DIRECTION('',(0.,0.,-1.));
#80820=VECTOR('',#80810,1.);
#80830=LINE('',#80800,#80820);
#80840=EDGE_CURVE('',#79480,#74230,#80830,.T.);
#80850=ORIENTED_EDGE('',*,*,#80840,.T.);
#80860=ORIENTED_EDGE('',*,*,#79490,.T.);
#80870=EDGE_LOOP('',(#80860,#80850,#80790,#80780));
#80880=FACE_OUTER_BOUND('',#80870,.T.);
#80890=ADVANCED_FACE('',(#80880),#80770,.T.);
#80900=CARTESIAN_POINT('',(20.417553991365,42.0592858804823,
-49.8432861188318));
#80910=CARTESIAN_POINT('',(20.4039130543287,42.0592858804823,
-49.8432861188318));
#80920=CARTESIAN_POINT('',(20.3904055907133,42.0619927756488,
-49.8432861188318));
#80930=CARTESIAN_POINT('',(20.3652004256492,42.0725111761855,
-49.8432861188318));
#80940=CARTESIAN_POINT('',(20.3537493509237,42.0802197614339,
-49.8432861188318));
#80950=CARTESIAN_POINT('',(20.3344581527636,42.0996552313751,
-49.8432861188318));
#80960=CARTESIAN_POINT('',(20.3268067892509,42.1111919444799,
-49.8432861188318));
#80970=CARTESIAN_POINT('',(20.3163664680394,42.1365856097101,
-49.8432861188318));
#80980=CARTESIAN_POINT('',(20.3136796664744,42.1501940906816,
-49.8432861188318));
#80990=CARTESIAN_POINT('',(20.3136796664744,42.1639370432726,
-49.8432861188318));
#81000=B_SPLINE_CURVE_WITH_KNOTS('',3,(#80900,#80910,#80920,#80930,
#80940,#80950,#80960,#80970,#80980,#80990),.UNSPECIFIED.,.F.,.F.,(4,2,2,
2,4),(0.,1.,2.,3.,4.),.UNSPECIFIED.);
#81010=DIRECTION('',(0.,0.,-1.));
#81020=VECTOR('',#81010,1.);
#81030=SURFACE_OF_LINEAR_EXTRUSION('',#81000,#81020);
#81040=ORIENTED_EDGE('',*,*,#80840,.F.);
#81050=ORIENTED_EDGE('',*,*,#74240,.T.);
#81060=CARTESIAN_POINT('',(20.417553991365,42.0592858804823,
-49.8432861188318));
#81070=DIRECTION('',(0.,0.,-1.));
#81080=VECTOR('',#81070,1.);
#81090=LINE('',#81060,#81080);
#81100=EDGE_CURVE('',#79630,#74080,#81090,.T.);
#81110=ORIENTED_EDGE('',*,*,#81100,.T.);
#81120=ORIENTED_EDGE('',*,*,#79640,.F.);
#81130=EDGE_LOOP('',(#81120,#81110,#81050,#81040));
#81140=FACE_OUTER_BOUND('',#81130,.T.);
#81150=ADVANCED_FACE('',(#81140),#81030,.F.);
#81160=CARTESIAN_POINT('',(20.8621130338914,42.0592858804823,
-49.8432861188318));
#81170=DIRECTION('',(2.39746355755848E-14,1.,-0.));
#81180=DIRECTION('',(-1.,2.39746355755848E-14,0.));
#81190=AXIS2_PLACEMENT_3D('',#81160,#81170,#81180);
#81200=PLANE('',#81190);
#81210=ORIENTED_EDGE('',*,*,#81100,.F.);
#81220=ORIENTED_EDGE('',*,*,#74090,.F.);
#81230=CARTESIAN_POINT('',(20.8621130338914,42.0592858804823,
-49.8432861188318));
#81240=DIRECTION('',(0.,0.,-1.));
#81250=VECTOR('',#81240,1.);
#81260=LINE('',#81230,#81250);
#81270=EDGE_CURVE('',#79710,#74000,#81260,.T.);
#81280=ORIENTED_EDGE('',*,*,#81270,.T.);
#81290=ORIENTED_EDGE('',*,*,#79720,.T.);
#81300=EDGE_LOOP('',(#81290,#81280,#81220,#81210));
#81310=FACE_OUTER_BOUND('',#81300,.T.);
#81320=ADVANCED_FACE('',(#81310),#81200,.T.);
#81330=CARTESIAN_POINT('',(20.965987358782,42.1639370432726,
-49.8432861188318));
#81340=CARTESIAN_POINT('',(20.965987358782,42.1501940906816,
-49.8432861188318));
#81350=CARTESIAN_POINT('',(20.963300557217,42.1365856097101,
-49.8432861188318));
#81360=CARTESIAN_POINT('',(20.9528602360056,42.1111919444799,
-49.8432861188318));
#81370=CARTESIAN_POINT('',(20.9452088724928,42.0996552313751,
-49.8432861188318));
#81380=CARTESIAN_POINT('',(20.9259176743327,42.0802197614339,
-49.8432861188318));
#81390=CARTESIAN_POINT('',(20.9144665996072,42.0725111761854,
-49.8432861188318));
#81400=CARTESIAN_POINT('',(20.8892614345431,42.0619927756487,
-49.8432861188318));
#81410=CARTESIAN_POINT('',(20.8757539709277,42.0592858804823,
-49.8432861188318));
#81420=CARTESIAN_POINT('',(20.8621130338914,42.0592858804823,
-49.8432861188318));
#81430=B_SPLINE_CURVE_WITH_KNOTS('',3,(#81330,#81340,#81350,#81360,
#81370,#81380,#81390,#81400,#81410,#81420),.UNSPECIFIED.,.F.,.F.,(4,2,2,
2,4),(0.,1.,2.,3.,4.),.UNSPECIFIED.);
#81440=DIRECTION('',(0.,0.,-1.));
#81450=VECTOR('',#81440,1.);
#81460=SURFACE_OF_LINEAR_EXTRUSION('',#81430,#81450);
#81470=ORIENTED_EDGE('',*,*,#81270,.F.);
#81480=ORIENTED_EDGE('',*,*,#74010,.T.);
#81490=CARTESIAN_POINT('',(20.965987358782,42.1639370432726,
-49.8432861188318));
#81500=DIRECTION('',(0.,0.,-1.));
#81510=VECTOR('',#81500,1.);
#81520=LINE('',#81490,#81510);
#81530=EDGE_CURVE('',#79860,#73850,#81520,.T.);
#81540=ORIENTED_EDGE('',*,*,#81530,.T.);
#81550=ORIENTED_EDGE('',*,*,#79870,.F.);
#81560=EDGE_LOOP('',(#81550,#81540,#81480,#81470));
#81570=FACE_OUTER_BOUND('',#81560,.T.);
#81580=ADVANCED_FACE('',(#81570),#81460,.F.);
#81590=CARTESIAN_POINT('',(20.965987358782,43.5101902732445,
-49.8432861188318));
#81600=DIRECTION('',(-1.,-0.,0.));
#81610=DIRECTION('',(0.,-1.,-0.));
#81620=AXIS2_PLACEMENT_3D('',#81590,#81600,#81610);
#81630=PLANE('',#81620);
#81640=ORIENTED_EDGE('',*,*,#81530,.F.);
#81650=ORIENTED_EDGE('',*,*,#73860,.T.);
#81660=CARTESIAN_POINT('',(20.965987358782,43.5101902732445,
-49.8432861188318));
#81670=DIRECTION('',(0.,0.,-1.));
#81680=VECTOR('',#81670,1.);
#81690=LINE('',#81660,#81680);
#81700=EDGE_CURVE('',#79940,#73770,#81690,.T.);
#81710=ORIENTED_EDGE('',*,*,#81700,.T.);
#81720=ORIENTED_EDGE('',*,*,#79950,.T.);
#81730=EDGE_LOOP('',(#81720,#81710,#81650,#81640));
#81740=FACE_OUTER_BOUND('',#81730,.T.);
#81750=ADVANCED_FACE('',(#81740),#81630,.T.);
#81760=CARTESIAN_POINT('',(20.8621130338914,43.6148414360348,
-49.8432861188318));
#81770=CARTESIAN_POINT('',(20.8757539709277,43.6148414360348,
-49.8432861188318));
#81780=CARTESIAN_POINT('',(20.8892614345431,43.6121345408684,
-49.8432861188318));
#81790=CARTESIAN_POINT('',(20.9144665996072,43.6016161403317,
-49.8432861188318));
#81800=CARTESIAN_POINT('',(20.9259176743327,43.5939075550832,
-49.8432861188318));
#81810=CARTESIAN_POINT('',(20.9452088724928,43.574472085142,
-49.8432861188318));
#81820=CARTESIAN_POINT('',(20.9528602360056,43.5629353720372,
-49.8432861188318));
#81830=CARTESIAN_POINT('',(20.963300557217,43.537541706807,
-49.8432861188318));
#81840=CARTESIAN_POINT('',(20.965987358782,43.5239332258355,
-49.8432861188318));
#81850=CARTESIAN_POINT('',(20.965987358782,43.5101902732445,
-49.8432861188318));
#81860=B_SPLINE_CURVE_WITH_KNOTS('',3,(#81760,#81770,#81780,#81790,
#81800,#81810,#81820,#81830,#81840,#81850),.UNSPECIFIED.,.F.,.F.,(4,2,2,
2,4),(0.,1.,2.,3.,4.),.UNSPECIFIED.);
#81870=DIRECTION('',(0.,0.,-1.));
#81880=VECTOR('',#81870,1.);
#81890=SURFACE_OF_LINEAR_EXTRUSION('',#81860,#81880);
#81900=ORIENTED_EDGE('',*,*,#81700,.F.);
#81910=ORIENTED_EDGE('',*,*,#73780,.T.);
#81920=CARTESIAN_POINT('',(20.8621130338914,43.6148414360348,
-49.8432861188318));
#81930=DIRECTION('',(0.,0.,-1.));
#81940=VECTOR('',#81930,1.);
#81950=LINE('',#81920,#81940);
#81960=EDGE_CURVE('',#80090,#73620,#81950,.T.);
#81970=ORIENTED_EDGE('',*,*,#81960,.T.);
#81980=ORIENTED_EDGE('',*,*,#80100,.F.);
#81990=EDGE_LOOP('',(#81980,#81970,#81910,#81900));
#82000=FACE_OUTER_BOUND('',#81990,.T.);
#82010=ADVANCED_FACE('',(#82000),#81890,.F.);
#82020=CARTESIAN_POINT('',(20.4175539913649,43.6148414360348,
-49.8432861188318));
#82030=DIRECTION('',(1.19873177877897E-14,-1.,0.));
#82040=DIRECTION('',(1.,1.19873177877897E-14,0.));
#82050=AXIS2_PLACEMENT_3D('',#82020,#82030,#82040);
#82060=PLANE('',#82050);
#82070=ORIENTED_EDGE('',*,*,#81960,.F.);
#82080=ORIENTED_EDGE('',*,*,#73630,.F.);
#82090=CARTESIAN_POINT('',(20.4175539913649,43.6148414360348,
-49.8432861188318));
#82100=DIRECTION('',(0.,0.,-1.));
#82110=VECTOR('',#82100,1.);
#82120=LINE('',#82090,#82110);
#82130=EDGE_CURVE('',#80170,#73540,#82120,.T.);
#82140=ORIENTED_EDGE('',*,*,#82130,.T.);
#82150=ORIENTED_EDGE('',*,*,#80180,.T.);
#82160=EDGE_LOOP('',(#82150,#82140,#82080,#82070));
#82170=FACE_OUTER_BOUND('',#82160,.T.);
#82180=ADVANCED_FACE('',(#82170),#82060,.T.);
#82190=CARTESIAN_POINT('',(20.3136796664743,43.5101902732444,
-49.8432861188318));
#82200=CARTESIAN_POINT('',(20.3136796664743,43.5239332258354,
-49.8432861188318));
#82210=CARTESIAN_POINT('',(20.3163664680393,43.537541706807,
-49.8432861188318));
#82220=CARTESIAN_POINT('',(20.3268067892507,43.5629353720371,
-49.8432861188318));
#82230=CARTESIAN_POINT('',(20.3344581527635,43.574472085142,
-49.8432861188318));
#82240=CARTESIAN_POINT('',(20.3537493509236,43.5939075550832,
-49.8432861188318));
#82250=CARTESIAN_POINT('',(20.3652004256491,43.6016161403316,
-49.8432861188318));
#82260=CARTESIAN_POINT('',(20.3904055907132,43.6121345408683,
-49.8432861188318));
#82270=CARTESIAN_POINT('',(20.4039130543286,43.6148414360348,
-49.8432861188318));
#82280=CARTESIAN_POINT('',(20.4175539913649,43.6148414360348,
-49.8432861188318));
#82290=B_SPLINE_CURVE_WITH_KNOTS('',3,(#82190,#82200,#82210,#82220,
#82230,#82240,#82250,#82260,#82270,#82280),.UNSPECIFIED.,.F.,.F.,(4,2,2,
2,4),(0.,1.,2.,3.,4.),.UNSPECIFIED.);
#82300=DIRECTION('',(0.,0.,-1.));
#82310=VECTOR('',#82300,1.);
#82320=SURFACE_OF_LINEAR_EXTRUSION('',#82290,#82310);
#82330=ORIENTED_EDGE('',*,*,#82130,.F.);
#82340=ORIENTED_EDGE('',*,*,#73550,.T.);
#82350=CARTESIAN_POINT('',(20.3136796664743,43.5101902732444,
-49.8432861188318));
#82360=DIRECTION('',(0.,0.,-1.));
#82370=VECTOR('',#82360,1.);
#82380=LINE('',#82350,#82370);
#82390=EDGE_CURVE('',#80320,#73390,#82380,.T.);
#82400=ORIENTED_EDGE('',*,*,#82390,.T.);
#82410=ORIENTED_EDGE('',*,*,#80330,.F.);
#82420=EDGE_LOOP('',(#82410,#82400,#82340,#82330));
#82430=FACE_OUTER_BOUND('',#82420,.T.);
#82440=ADVANCED_FACE('',(#82430),#82320,.F.);
#82450=CARTESIAN_POINT('',(20.3136796664743,43.3513576637946,
-49.8432861188318));
#82460=DIRECTION('',(1.,0.,0.));
#82470=DIRECTION('',(0.,1.,0.));
#82480=AXIS2_PLACEMENT_3D('',#82450,#82460,#82470);
#82490=PLANE('',#82480);
#82500=ORIENTED_EDGE('',*,*,#82390,.F.);
#82510=ORIENTED_EDGE('',*,*,#73400,.F.);
#82520=CARTESIAN_POINT('',(20.3136796664743,43.3513576637946,
-49.8432861188318));
#82530=DIRECTION('',(0.,0.,-1.));
#82540=VECTOR('',#82530,1.);
#82550=LINE('',#82520,#82540);
#82560=EDGE_CURVE('',#79080,#73310,#82550,.T.);
#82570=ORIENTED_EDGE('',*,*,#82560,.T.);
#82580=ORIENTED_EDGE('',*,*,#80390,.T.);
#82590=EDGE_LOOP('',(#82580,#82570,#82510,#82500));
#82600=FACE_OUTER_BOUND('',#82590,.T.);
#82610=ADVANCED_FACE('',(#82600),#82490,.T.);
#82620=CARTESIAN_POINT('',(20.3722060880414,43.2572058718941,
-49.8432861188318));
#82630=CARTESIAN_POINT('',(20.360552804722,43.2629029033249,
-49.8432861188318));
#82640=CARTESIAN_POINT('',(20.3500598689082,43.2707455598265,
-49.8432861188318));
#82650=CARTESIAN_POINT('',(20.3324773205378,43.2899129422423,
-49.8432861188318));
#82660=CARTESIAN_POINT('',(20.3255427012254,43.3010687043227,
-49.8432861188318));
#82670=CARTESIAN_POINT('',(20.3161022646425,43.3253733536444,
-49.8432861188318));
#82680=CARTESIAN_POINT('',(20.3136796664743,43.3383079911443,
-49.8432861188318));
#82690=CARTESIAN_POINT('',(20.3136796664743,43.3513576637946,
-49.8432861188318));
#82700=B_SPLINE_CURVE_WITH_KNOTS('',3,(#82620,#82630,#82640,#82650,
#82660,#82670,#82680,#82690),.UNSPECIFIED.,.F.,.F.,(4,2,2,4),(0.,1.,2.,
3.),.UNSPECIFIED.);
#82710=DIRECTION('',(0.,0.,-1.));
#82720=VECTOR('',#82710,1.);
#82730=SURFACE_OF_LINEAR_EXTRUSION('',#82700,#82720);
#82740=ORIENTED_EDGE('',*,*,#82560,.F.);
#82750=ORIENTED_EDGE('',*,*,#73320,.T.);
#82760=CARTESIAN_POINT('',(20.3722060880414,43.2572058718941,
-49.8432861188318));
#82770=DIRECTION('',(0.,0.,-1.));
#82780=VECTOR('',#82770,1.);
#82790=LINE('',#82760,#82780);
#82800=EDGE_CURVE('',#79060,#73160,#82790,.T.);
#82810=ORIENTED_EDGE('',*,*,#82800,.T.);
#82820=ORIENTED_EDGE('',*,*,#79090,.F.);
#82830=EDGE_LOOP('',(#82820,#82810,#82750,#82740));
#82840=FACE_OUTER_BOUND('',#82830,.T.);
#82850=ADVANCED_FACE('',(#82840),#82730,.F.);
#82860=CARTESIAN_POINT('',(20.3722060880414,43.2572058718941,
-49.8432861188318));
#82870=CARTESIAN_POINT('',(20.4058711287418,43.2407477810941,
-49.8432861188318));
#82880=CARTESIAN_POINT('',(20.4361840544262,43.2180912178671,
-49.8432861188318));
#82890=CARTESIAN_POINT('',(20.4869780830516,43.1627187797772,
-49.8432861188318));
#82900=CARTESIAN_POINT('',(20.5070114277321,43.1304910226561,
-49.8432861188318));
#82910=CARTESIAN_POINT('',(20.5342838000827,43.0602775912822,
-49.8432861188318));
#82920=CARTESIAN_POINT('',(20.5412824170129,43.0229108607269,
-49.8432861188318));
#82930=CARTESIAN_POINT('',(20.541282417013,42.9475127520805,
-49.8432861188318));
#82940=CARTESIAN_POINT('',(20.5342838000827,42.9101460215252,
-49.8432861188318));
#82950=CARTESIAN_POINT('',(20.5070114277321,42.8399325901514,
-49.8432861188318));
#82960=CARTESIAN_POINT('',(20.4869780830516,42.8077048330303,
-49.8432861188318));
#82970=CARTESIAN_POINT('',(20.4361840544263,42.7523323949403,
-49.8432861188318));
#82980=CARTESIAN_POINT('',(20.4058711287419,42.7296758317133,
-49.8432861188318));
#82990=CARTESIAN_POINT('',(20.3722060880414,42.7132177409133,
-49.8432861188318));
#83000=B_SPLINE_CURVE_WITH_KNOTS('',3,(#82860,#82870,#82880,#82890,
#82900,#82910,#82920,#82930,#82940,#82950,#82960,#82970,#82980,#82990),
.UNSPECIFIED.,.F.,.F.,(4,2,2,2,2,2,4),(0.,1.,2.,3.,4.,5.,6.),
.UNSPECIFIED.);
#83010=DIRECTION('',(0.,0.,-1.));
#83020=VECTOR('',#83010,1.);
#83030=SURFACE_OF_LINEAR_EXTRUSION('',#83000,#83020);
#83040=ORIENTED_EDGE('',*,*,#82800,.F.);
#83050=ORIENTED_EDGE('',*,*,#73190,.F.);
#83060=ORIENTED_EDGE('',*,*,#80600,.T.);
#83070=ORIENTED_EDGE('',*,*,#79280,.T.);
#83080=EDGE_LOOP('',(#83070,#83060,#83050,#83040));
#83090=FACE_OUTER_BOUND('',#83080,.T.);
#83100=ADVANCED_FACE('',(#83090),#83030,.T.);
#83110=CARTESIAN_POINT('',(21.044924156364,43.8370636582528,
-49.8432861188318));
#83120=DIRECTION('',(0.,1.,-0.));
#83130=DIRECTION('',(-1.,0.,0.));
#83140=AXIS2_PLACEMENT_3D('',#83110,#83120,#83130);
#83150=PLANE('',#83140);
#83160=CARTESIAN_POINT('',(19.3649992791491,43.8370636582528,
-49.8432861188318));
#83170=DIRECTION('',(0.,0.,-1.));
#83180=VECTOR('',#83170,1.);
#83190=LINE('',#83160,#83180);
#83200=EDGE_CURVE('',#69300,#70610,#83190,.T.);
#83210=ORIENTED_EDGE('',*,*,#83200,.F.);
#83220=ORIENTED_EDGE('',*,*,#70620,.T.);
#83230=CARTESIAN_POINT('',(21.044924156364,43.8370636582528,
-49.8432861188318));
#83240=DIRECTION('',(0.,0.,-1.));
#83250=VECTOR('',#83240,1.);
#83260=LINE('',#83230,#83250);
#83270=EDGE_CURVE('',#69320,#70530,#83260,.T.);
#83280=ORIENTED_EDGE('',*,*,#83270,.T.);
#83290=ORIENTED_EDGE('',*,*,#69330,.T.);
#83300=EDGE_LOOP('',(#83290,#83280,#83220,#83210));
#83310=FACE_OUTER_BOUND('',#83300,.T.);
#83320=ADVANCED_FACE('',(#83310),#83150,.T.);
#83330=CARTESIAN_POINT('',(21.044924156364,43.8370636582528,
-49.8432861188318));
#83340=CARTESIAN_POINT('',(21.0631120724123,43.8370636582528,
-49.8432861188318));
#83350=CARTESIAN_POINT('',(21.0811220238996,43.8334544646975,
-49.8432861188318));
#83360=CARTESIAN_POINT('',(21.1147289106517,43.8194299306485,
-49.8432861188318));
#83370=CARTESIAN_POINT('',(21.1299970102857,43.8091518169839,
-49.8432861188318));
#83380=CARTESIAN_POINT('',(21.1557186078325,43.7832378570623,
-49.8432861188318));
#83390=CARTESIAN_POINT('',(21.1659204258495,43.7678555729226,
-49.8432861188318));
#83400=CARTESIAN_POINT('',(21.1798408541314,43.7339973526157,
-49.8432861188318));
#83410=CARTESIAN_POINT('',(21.1834232562181,43.7158527113203,
-49.8432861188318));
#83420=CARTESIAN_POINT('',(21.1834232562181,43.6975287745323,
-49.8432861188318));
#83430=B_SPLINE_CURVE_WITH_KNOTS('',3,(#83330,#83340,#83350,#83360,
#83370,#83380,#83390,#83400,#83410,#83420),.UNSPECIFIED.,.F.,.F.,(4,2,2,
2,4),(0.,1.,2.,3.,4.),.UNSPECIFIED.);
#83440=DIRECTION('',(0.,0.,-1.));
#83450=VECTOR('',#83440,1.);
#83460=SURFACE_OF_LINEAR_EXTRUSION('',#83430,#83450);
#83470=ORIENTED_EDGE('',*,*,#83270,.F.);
#83480=ORIENTED_EDGE('',*,*,#70540,.F.);
#83490=CARTESIAN_POINT('',(21.1834232562181,43.6975287745323,
-49.8432861188318));
#83500=DIRECTION('',(0.,0.,-1.));
#83510=VECTOR('',#83500,1.);
#83520=LINE('',#83490,#83510);
#83530=EDGE_CURVE('',#69470,#70360,#83520,.T.);
#83540=ORIENTED_EDGE('',*,*,#83530,.T.);
#83550=ORIENTED_EDGE('',*,*,#69480,.T.);
#83560=EDGE_LOOP('',(#83550,#83540,#83480,#83470));
#83570=FACE_OUTER_BOUND('',#83560,.T.);
#83580=ADVANCED_FACE('',(#83570),#83460,.T.);
#83590=CARTESIAN_POINT('',(21.1834232562181,41.9765985419796,
-49.8432861188318));
#83600=DIRECTION('',(1.,0.,0.));
#83610=DIRECTION('',(0.,1.,0.));
#83620=AXIS2_PLACEMENT_3D('',#83590,#83600,#83610);
#83630=PLANE('',#83620);
#83640=ORIENTED_EDGE('',*,*,#83530,.F.);
#83650=ORIENTED_EDGE('',*,*,#70390,.F.);
#83660=CARTESIAN_POINT('',(21.1834232562181,41.9765985419796,
-49.8432861188318));
#83670=DIRECTION('',(0.,0.,-1.));
#83680=VECTOR('',#83670,1.);
#83690=LINE('',#83660,#83680);
#83700=EDGE_CURVE('',#69550,#70380,#83690,.T.);
#83710=ORIENTED_EDGE('',*,*,#83700,.T.);
#83720=ORIENTED_EDGE('',*,*,#69560,.T.);
#83730=EDGE_LOOP('',(#83720,#83710,#83650,#83640));
#83740=FACE_OUTER_BOUND('',#83730,.T.);
#83750=ADVANCED_FACE('',(#83740),#83630,.T.);
#83760=CARTESIAN_POINT('',(21.1834232562181,41.9765985419796,
-49.8432861188318));
#83770=CARTESIAN_POINT('',(21.1834232562181,41.9582746051917,
-49.8432861188318));
#83780=CARTESIAN_POINT('',(21.1798408541314,41.9401299638963,
-49.8432861188318));
#83790=CARTESIAN_POINT('',(21.1659204258495,41.9062717435894,
-49.8432861188318));
#83800=CARTESIAN_POINT('',(21.1557186078325,41.8908894594496,
-49.8432861188318));
#83810=CARTESIAN_POINT('',(21.1299970102857,41.864975499528,
-49.8432861188318));
#83820=CARTESIAN_POINT('',(21.1147289106517,41.8546973858634,
-49.8432861188318));
#83830=CARTESIAN_POINT('',(21.0811220238996,41.8406728518145,
-49.8432861188318));
#83840=CARTESIAN_POINT('',(21.0631120724123,41.8370636582591,
-49.8432861188318));
#83850=CARTESIAN_POINT('',(21.044924156364,41.8370636582591,
-49.8432861188318));
#83860=B_SPLINE_CURVE_WITH_KNOTS('',3,(#83760,#83770,#83780,#83790,
#83800,#83810,#83820,#83830,#83840,#83850),.UNSPECIFIED.,.F.,.F.,(4,2,2,
2,4),(0.,1.,2.,3.,4.),.UNSPECIFIED.);
#83870=DIRECTION('',(0.,0.,-1.));
#83880=VECTOR('',#83870,1.);
#83890=SURFACE_OF_LINEAR_EXTRUSION('',#83860,#83880);
#83900=ORIENTED_EDGE('',*,*,#83700,.F.);
#83910=ORIENTED_EDGE('',*,*,#71210,.F.);
#83920=CARTESIAN_POINT('',(21.044924156364,41.8370636582591,
-49.8432861188318));
#83930=DIRECTION('',(0.,0.,-1.));
#83940=VECTOR('',#83930,1.);
#83950=LINE('',#83920,#83940);
#83960=EDGE_CURVE('',#69700,#71070,#83950,.T.);
#83970=ORIENTED_EDGE('',*,*,#83960,.T.);
#83980=ORIENTED_EDGE('',*,*,#69710,.T.);
#83990=EDGE_LOOP('',(#83980,#83970,#83910,#83900));
#84000=FACE_OUTER_BOUND('',#83990,.T.);
#84010=ADVANCED_FACE('',(#84000),#83890,.T.);
#84020=CARTESIAN_POINT('',(19.3649992791491,41.8370636582592,
-49.8432861188318));
#84030=DIRECTION('',(-6.34441526580124E-15,-1.,0.));
#84040=DIRECTION('',(1.,-6.34441526580124E-15,0.));
#84050=AXIS2_PLACEMENT_3D('',#84020,#84030,#84040);
#84060=PLANE('',#84050);
#84070=ORIENTED_EDGE('',*,*,#83960,.F.);
#84080=ORIENTED_EDGE('',*,*,#71080,.T.);
#84090=CARTESIAN_POINT('',(19.3649992791491,41.8370636582592,
-49.8432861188318));
#84100=DIRECTION('',(0.,0.,-1.));
#84110=VECTOR('',#84100,1.);
#84120=LINE('',#84090,#84110);
#84130=EDGE_CURVE('',#69780,#70990,#84120,.T.);
#84140=ORIENTED_EDGE('',*,*,#84130,.T.);
#84150=ORIENTED_EDGE('',*,*,#69790,.T.);
#84160=EDGE_LOOP('',(#84150,#84140,#84080,#84070));
#84170=FACE_OUTER_BOUND('',#84160,.T.);
#84180=ADVANCED_FACE('',(#84170),#84060,.T.);
#84190=CARTESIAN_POINT('',(19.3649992791491,41.8370636582592,
-49.8432861188318));
#84200=CARTESIAN_POINT('',(19.3468113631008,41.8370636582592,
-49.8432861188318));
#84210=CARTESIAN_POINT('',(19.3288014116136,41.8406728518145,
-49.8432861188318));
#84220=CARTESIAN_POINT('',(19.2951945248614,41.8546973858634,
-49.8432861188318));
#84230=CARTESIAN_POINT('',(19.2799264252275,41.864975499528,
-49.8432861188318));
#84240=CARTESIAN_POINT('',(19.2542048276806,41.8908894594496,
-49.8432861188318));
#84250=CARTESIAN_POINT('',(19.2440030096636,41.9062717435894,
-49.8432861188318));
#84260=CARTESIAN_POINT('',(19.2300825813817,41.9401299638963,
-49.8432861188318));
#84270=CARTESIAN_POINT('',(19.226500179295,41.9582746051917,
-49.8432861188318));
#84280=CARTESIAN_POINT('',(19.226500179295,41.9765985419796,
-49.8432861188318));
#84290=B_SPLINE_CURVE_WITH_KNOTS('',3,(#84190,#84200,#84210,#84220,
#84230,#84240,#84250,#84260,#84270,#84280),.UNSPECIFIED.,.F.,.F.,(4,2,2,
2,4),(0.,1.,2.,3.,4.),.UNSPECIFIED.);
#84300=DIRECTION('',(0.,0.,-1.));
#84310=VECTOR('',#84300,1.);
#84320=SURFACE_OF_LINEAR_EXTRUSION('',#84290,#84310);
#84330=ORIENTED_EDGE('',*,*,#84130,.F.);
#84340=ORIENTED_EDGE('',*,*,#71000,.F.);
#84350=CARTESIAN_POINT('',(19.226500179295,41.9765985419796,
-49.8432861188318));
#84360=DIRECTION('',(0.,0.,-1.));
#84370=VECTOR('',#84360,1.);
#84380=LINE('',#84350,#84370);
#84390=EDGE_CURVE('',#69930,#70840,#84380,.T.);
#84400=ORIENTED_EDGE('',*,*,#84390,.T.);
#84410=ORIENTED_EDGE('',*,*,#69940,.T.);
#84420=EDGE_LOOP('',(#84410,#84400,#84340,#84330));
#84430=FACE_OUTER_BOUND('',#84420,.T.);
#84440=ADVANCED_FACE('',(#84430),#84320,.T.);
#84450=CARTESIAN_POINT('',(19.226500179295,43.6975287745323,
-49.8432861188318));
#84460=DIRECTION('',(-1.,-0.,0.));
#84470=DIRECTION('',(0.,-1.,-0.));
#84480=AXIS2_PLACEMENT_3D('',#84450,#84460,#84470);
#84490=PLANE('',#84480);
#84500=ORIENTED_EDGE('',*,*,#84390,.F.);
#84510=ORIENTED_EDGE('',*,*,#70850,.T.);
#84520=CARTESIAN_POINT('',(19.226500179295,43.6975287745323,
-49.8432861188318));
#84530=DIRECTION('',(0.,0.,-1.));
#84540=VECTOR('',#84530,1.);
#84550=LINE('',#84520,#84540);
#84560=EDGE_CURVE('',#70010,#70760,#84550,.T.);
#84570=ORIENTED_EDGE('',*,*,#84560,.T.);
#84580=ORIENTED_EDGE('',*,*,#70020,.T.);
#84590=EDGE_LOOP('',(#84580,#84570,#84510,#84500));
#84600=FACE_OUTER_BOUND('',#84590,.T.);
#84610=ADVANCED_FACE('',(#84600),#84490,.T.);
#84620=CARTESIAN_POINT('',(19.226500179295,43.6975287745323,
-49.8432861188318));
#84630=CARTESIAN_POINT('',(19.226500179295,43.7158527113203,
-49.8432861188318));
#84640=CARTESIAN_POINT('',(19.2300825813817,43.7339973526157,
-49.8432861188318));
#84650=CARTESIAN_POINT('',(19.2440030096636,43.7678555729226,
-49.8432861188318));
#84660=CARTESIAN_POINT('',(19.2542048276806,43.7832378570623,
-49.8432861188318));
#84670=CARTESIAN_POINT('',(19.2799264252275,43.8091518169839,
-49.8432861188318));
#84680=CARTESIAN_POINT('',(19.2951945248614,43.8194299306485,
-49.8432861188318));
#84690=CARTESIAN_POINT('',(19.3288014116136,43.8334544646975,
-49.8432861188318));
#84700=CARTESIAN_POINT('',(19.3468113631008,43.8370636582528,
-49.8432861188318));
#84710=CARTESIAN_POINT('',(19.3649992791491,43.8370636582528,
-49.8432861188318));
#84720=B_SPLINE_CURVE_WITH_KNOTS('',3,(#84620,#84630,#84640,#84650,
#84660,#84670,#84680,#84690,#84700,#84710),.UNSPECIFIED.,.F.,.F.,(4,2,2,
2,4),(0.,1.,2.,3.,4.),.UNSPECIFIED.);
#84730=DIRECTION('',(0.,0.,-1.));
#84740=VECTOR('',#84730,1.);
#84750=SURFACE_OF_LINEAR_EXTRUSION('',#84720,#84740);
#84760=ORIENTED_EDGE('',*,*,#84560,.F.);
#84770=ORIENTED_EDGE('',*,*,#70770,.F.);
#84780=ORIENTED_EDGE('',*,*,#83200,.T.);
#84790=ORIENTED_EDGE('',*,*,#70150,.T.);
#84800=EDGE_LOOP('',(#84790,#84780,#84770,#84760));
#84810=FACE_OUTER_BOUND('',#84800,.T.);
#84820=ADVANCED_FACE('',(#84810),#84750,.T.);
#84830=CARTESIAN_POINT('',(21.2967919550274,44.6002563333335,
-48.5032861188319));
#84840=DIRECTION('',(-0.,-1.,-0.));
#84850=DIRECTION('',(-1.,0.,0.));
#84860=AXIS2_PLACEMENT_3D('',#84830,#84840,#84850);
#84870=PLANE('',#84860);
#84880=ORIENTED_EDGE('',*,*,#59610,.T.);
#84890=ORIENTED_EDGE('',*,*,#61320,.T.);
#84900=ORIENTED_EDGE('',*,*,#60710,.T.);
#84910=ORIENTED_EDGE('',*,*,#69050,.F.);
#84920=EDGE_LOOP('',(#84910,#84900,#84890,#84880));
#84930=FACE_OUTER_BOUND('',#84920,.T.);
#84940=ADVANCED_FACE('',(#84930),#84870,.T.);
#84950=COLOUR_RGB('',0.823529481887817,0.823529481887817,
0.784313797950745);
#84960=FILL_AREA_STYLE_COLOUR('',#84950);
#84970=FILL_AREA_STYLE('',(#84960));
#84980=SURFACE_STYLE_FILL_AREA(#84970);
#84990=SURFACE_SIDE_STYLE('',(#84980));
#85000=SURFACE_STYLE_USAGE(.BOTH.,#84990);
#85010=PRESENTATION_STYLE_ASSIGNMENT((#85000));
#85020=CARTESIAN_POINT('',(21.7836462030953,44.2802563333335,
-36.4432861188319));
#85030=DIRECTION('',(1.,0.,0.));
#85040=DIRECTION('',(0.,-1.,-0.));
#85050=AXIS2_PLACEMENT_3D('',#85020,#85030,#85040);
#85060=PLANE('',#85050);
#85070=ORIENTED_EDGE('',*,*,#58450,.F.);
#85080=ORIENTED_EDGE('',*,*,#69130,.T.);
#85090=ORIENTED_EDGE('',*,*,#68560,.T.);
#85100=ORIENTED_EDGE('',*,*,#62620,.T.);
#85110=EDGE_LOOP('',(#85100,#85090,#85080,#85070));
#85120=FACE_OUTER_BOUND('',#85110,.T.);
#85130=ADVANCED_FACE('',(#85120),#85060,.T.);
#85140=CARTESIAN_POINT('',(29.8169795364281,41.3002563333337,
-47.6032861188318));
#85150=DIRECTION('',(1.,1.4210854715202E-14,0.));
#85160=DIRECTION('',(-1.4210854715202E-14,1.,0.));
#85170=AXIS2_PLACEMENT_3D('',#85140,#85150,#85160);
#85180=CYLINDRICAL_SURFACE('',#85170,0.2);
#85190=ORIENTED_EDGE('',*,*,#58800,.T.);
#85200=CARTESIAN_POINT('',(23.3836462030947,41.3002563333336,
-47.6032861188318));
#85210=DIRECTION('',(-1.,-1.4210854715202E-14,0.));
#85220=DIRECTION('',(-1.4210854715202E-14,1.,0.));
#85230=AXIS2_PLACEMENT_3D('',#85200,#85210,#85220);
#85240=CIRCLE('',#85230,0.2);
#85250=EDGE_CURVE('',#58730,#56080,#85240,.T.);
#85260=ORIENTED_EDGE('',*,*,#85250,.F.);
#85270=ORIENTED_EDGE('',*,*,#56090,.F.);
#85280=ORIENTED_EDGE('',*,*,#7180,.T.);
#85290=EDGE_LOOP('',(#85280,#85270,#85260,#85190));
#85300=FACE_OUTER_BOUND('',#85290,.T.);
#85310=ADVANCED_FACE('',(#85300),#85180,.T.);
#85320=CARTESIAN_POINT('',(23.3836462030948,40.2802563333336,
-47.8036649067106));
#85330=DIRECTION('',(-1.,-1.4210854715202E-14,0.));
#85340=DIRECTION('',(1.4210854715202E-14,-1.,0.));
#85350=AXIS2_PLACEMENT_3D('',#85320,#85330,#85340);
#85360=PLANE('',#85350);
#85370=ORIENTED_EDGE('',*,*,#56150,.F.);
#85380=ORIENTED_EDGE('',*,*,#85250,.T.);
#85390=ORIENTED_EDGE('',*,*,#58740,.F.);
#85400=CARTESIAN_POINT('',(23.3836462030947,41.9002563333336,
-45.0132861188318));
#85410=DIRECTION('',(0.,0.,1.));
#85420=VECTOR('',#85410,1.);
#85430=LINE('',#85400,#85420);
#85440=EDGE_CURVE('',#58650,#56540,#85430,.T.);
#85450=ORIENTED_EDGE('',*,*,#85440,.F.);
#85460=ORIENTED_EDGE('',*,*,#56550,.F.);
#85470=EDGE_LOOP('',(#85460,#85450,#85390,#85380,#85370));
#85480=FACE_OUTER_BOUND('',#85470,.T.);
#85490=ADVANCED_FACE('',(#85480),#85360,.T.);
#85500=CARTESIAN_POINT('',(23.0836462030947,41.9002563333336,
-45.0132861188318));
#85510=DIRECTION('',(0.,0.,1.));
#85520=DIRECTION('',(1.4210854715202E-14,-1.,0.));
#85530=AXIS2_PLACEMENT_3D('',#85500,#85510,#85520);
#85540=CYLINDRICAL_SURFACE('',#85530,0.3);
#85550=ORIENTED_EDGE('',*,*,#56640,.T.);
#85560=ORIENTED_EDGE('',*,*,#85440,.T.);
#85570=ORIENTED_EDGE('',*,*,#58660,.F.);
#85580=ORIENTED_EDGE('',*,*,#57440,.F.);
#85590=EDGE_LOOP('',(#85580,#85570,#85560,#85550));
#85600=FACE_OUTER_BOUND('',#85590,.T.);
#85610=ADVANCED_FACE('',(#85600),#85540,.F.);
#85620=CARTESIAN_POINT('',(22.3836462030947,42.0002563333336,
-47.8036649067106));
#85630=DIRECTION('',(1.,1.4210854715202E-14,-0.));
#85640=DIRECTION('',(-1.4210854715202E-14,1.,0.));
#85650=AXIS2_PLACEMENT_3D('',#85620,#85630,#85640);
#85660=PLANE('',#85650);
#85670=CARTESIAN_POINT('',(22.3836462030947,43.776923,-46.8251032883087)
);
#85680=DIRECTION('',(1.4210854715202E-14,-1.,4.13057089509717E-32));
#85690=VECTOR('',#85680,1.);
#85700=LINE('',#85670,#85690);
#85710=CARTESIAN_POINT('',(22.3836462030947,41.2220735028104,
-46.8251032883087));
#85720=VERTEX_POINT('',#85710);
#85730=EDGE_CURVE('',#85720,#1940,#85700,.T.);
#85740=ORIENTED_EDGE('',*,*,#85730,.T.);
#85750=CARTESIAN_POINT('',(22.3836462030947,41.2220735028104,
-39.9332861188318));
#85760=DIRECTION('',(0.,0.,1.));
#85770=VECTOR('',#85760,1.);
#85780=LINE('',#85750,#85770);
#85790=EDGE_CURVE('',#56880,#85720,#85780,.T.);
#85800=ORIENTED_EDGE('',*,*,#85790,.T.);
#85810=ORIENTED_EDGE('',*,*,#56890,.T.);
#85820=ORIENTED_EDGE('',*,*,#57670,.F.);
#85830=ORIENTED_EDGE('',*,*,#58550,.F.);
#85840=CARTESIAN_POINT('',(22.3836462030948,40.8002563333335,
-47.6032861188318));
#85850=DIRECTION('',(-1.,-1.4210854715202E-14,0.));
#85860=DIRECTION('',(1.4210854715202E-14,-1.,0.));
#85870=AXIS2_PLACEMENT_3D('',#85840,#85850,#85860);
#85880=CIRCLE('',#85870,0.2);
#85890=EDGE_CURVE('',#58540,#2020,#85880,.T.);
#85900=ORIENTED_EDGE('',*,*,#85890,.F.);
#85910=ORIENTED_EDGE('',*,*,#2030,.F.);
#85920=EDGE_LOOP('',(#85910,#85900,#85830,#85820,#85810,#85800,#85740));
#85930=FACE_OUTER_BOUND('',#85920,.T.);
#85940=ADVANCED_FACE('',(#85930),#85660,.T.);
#85950=CARTESIAN_POINT('',(17.7836462030948,44.5765540405977,
-36.4432861188318));
#85960=DIRECTION('',(-1.,0.,-0.));
#85970=DIRECTION('',(0.,0.,-1.));
#85980=AXIS2_PLACEMENT_3D('',#85950,#85960,#85970);
#85990=PLANE('',#85980);
#86000=CARTESIAN_POINT('',(17.7836462030948,40.8002563333335,
-47.6032861188318));
#86010=DIRECTION('',(-1.,-1.4210854715202E-14,0.));
#86020=DIRECTION('',(1.4210854715202E-14,-1.,0.));
#86030=AXIS2_PLACEMENT_3D('',#86000,#86010,#86020);
#86040=CIRCLE('',#86030,0.2);
#86050=EDGE_CURVE('',#58960,#2100,#86040,.T.);
#86060=ORIENTED_EDGE('',*,*,#86050,.T.);
#86070=ORIENTED_EDGE('',*,*,#58970,.F.);
#86080=CARTESIAN_POINT('',(17.7836462030948,45.2502563333335,
-47.6032861188318));
#86090=DIRECTION('',(-1.,0.,0.));
#86100=DIRECTION('',(0.,1.,0.));
#86110=AXIS2_PLACEMENT_3D('',#86080,#86090,#86100);
#86120=CIRCLE('',#86110,0.2);
#86130=EDGE_CURVE('',#38500,#58880,#86120,.T.);
#86140=ORIENTED_EDGE('',*,*,#86130,.T.);
#86150=ORIENTED_EDGE('',*,*,#38510,.T.);
#86160=CARTESIAN_POINT('',(17.7836462030947,43.776923,-47.3032861188318)
);
#86170=DIRECTION('',(0.,-1.,-0.));
#86180=VECTOR('',#86170,1.);
#86190=LINE('',#86160,#86180);
#86200=EDGE_CURVE('',#38420,#2180,#86190,.T.);
#86210=ORIENTED_EDGE('',*,*,#86200,.F.);
#86220=ORIENTED_EDGE('',*,*,#2190,.T.);
#86230=EDGE_LOOP('',(#86220,#86210,#86150,#86140,#86070,#86060));
#86240=FACE_OUTER_BOUND('',#86230,.T.);
#86250=ADVANCED_FACE('',(#86240),#85990,.T.);
#86260=CARTESIAN_POINT('',(16.102266656755,40.6002563333335,
-47.3032861188318));
#86270=DIRECTION('',(-0.,0.,-1.));
#86280=DIRECTION('',(-1.,-1.4210854715202E-14,0.));
#86290=AXIS2_PLACEMENT_3D('',#86260,#86270,#86280);
#86300=PLANE('',#86290);
#86310=CARTESIAN_POINT('',(29.8169795364281,41.0002563333337,
-47.3032861188318));
#86320=DIRECTION('',(1.,1.4210854715202E-14,0.));
#86330=VECTOR('',#86320,1.);
#86340=LINE('',#86310,#86330);
#86350=CARTESIAN_POINT('',(19.9836462030946,41.0002563333335,
-47.3032861188318));
#86360=VERTEX_POINT('',#86350);
#86370=EDGE_CURVE('',#47900,#86360,#86340,.T.);
#86380=ORIENTED_EDGE('',*,*,#86370,.F.);
#86390=CARTESIAN_POINT('',(19.9836462030952,4.9737991503207E-14,
-47.3032861188318));
#86400=DIRECTION('',(-1.4210854715202E-14,1.,0.));
#86410=VECTOR('',#86400,1.);
#86420=LINE('',#86390,#86410);
#86430=EDGE_CURVE('',#2260,#86360,#86420,.T.);
#86440=ORIENTED_EDGE('',*,*,#86430,.T.);
#86450=ORIENTED_EDGE('',*,*,#2270,.T.);
#86460=ORIENTED_EDGE('',*,*,#86200,.T.);
#86470=ORIENTED_EDGE('',*,*,#38430,.T.);
#86480=ORIENTED_EDGE('',*,*,#47970,.F.);
#86490=EDGE_LOOP('',(#86480,#86470,#86460,#86450,#86440,#86380));
#86500=FACE_OUTER_BOUND('',#86490,.T.);
#86510=ADVANCED_FACE('',(#86500),#86300,.F.);
#86520=CARTESIAN_POINT('',(29.8169795364281,40.8002563333337,
-47.6032861188318));
#86530=DIRECTION('',(-1.,-1.4210854715202E-14,0.));
#86540=DIRECTION('',(1.4210854715202E-14,-1.,0.));
#86550=AXIS2_PLACEMENT_3D('',#86520,#86530,#86540);
#86560=CYLINDRICAL_SURFACE('',#86550,0.2);
#86570=ORIENTED_EDGE('',*,*,#86050,.F.);
#86580=ORIENTED_EDGE('',*,*,#2110,.T.);
#86590=ORIENTED_EDGE('',*,*,#85890,.T.);
#86600=ORIENTED_EDGE('',*,*,#59030,.F.);
#86610=EDGE_LOOP('',(#86600,#86590,#86580,#86570));
#86620=FACE_OUTER_BOUND('',#86610,.T.);
#86630=ADVANCED_FACE('',(#86620),#86560,.T.);
#86640=CARTESIAN_POINT('',(29.816979536428,45.2502563333337,
-47.6032861188318));
#86650=DIRECTION('',(1.,1.4210854715202E-14,0.));
#86660=DIRECTION('',(-1.4210854715202E-14,1.,0.));
#86670=AXIS2_PLACEMENT_3D('',#86640,#86650,#86660);
#86680=CYLINDRICAL_SURFACE('',#86670,0.2);
#86690=ORIENTED_EDGE('',*,*,#38570,.T.);
#86700=ORIENTED_EDGE('',*,*,#86130,.F.);
#86710=ORIENTED_EDGE('',*,*,#58890,.F.);
#86720=ORIENTED_EDGE('',*,*,#7010,.T.);
#86730=EDGE_LOOP('',(#86720,#86710,#86700,#86690));
#86740=FACE_OUTER_BOUND('',#86730,.T.);
#86750=ADVANCED_FACE('',(#86740),#86680,.T.);
#86760=CARTESIAN_POINT('',(18.1036462030947,38.8502563333336,
-38.4407861188318));
#86770=DIRECTION('',(0.,-0.363345276491644,0.931654555106779));
#86780=DIRECTION('',(0.,0.931654555106779,0.363345276491644));
#86790=AXIS2_PLACEMENT_3D('',#86760,#86770,#86780);
#86800=PLANE('',#86790);
#86810=CARTESIAN_POINT('',(17.1986462030947,40.6002563333335,
-37.7582861188318));
#86820=DIRECTION('',(-0.341501416245907,0.875644657040788,
0.341501416245907));
#86830=VECTOR('',#86820,1.);
#86840=LINE('',#86810,#86830);
#86850=CARTESIAN_POINT('',(17.9786462030947,38.6002563333336,
-38.5382861188318));
#86860=VERTEX_POINT('',#86850);
#86870=EDGE_CURVE('',#86860,#44880,#86840,.T.);
#86880=ORIENTED_EDGE('',*,*,#86870,.F.);
#86890=ORIENTED_EDGE('',*,*,#44890,.F.);
#86900=CARTESIAN_POINT('',(19.0086462030946,40.6002563333335,
-37.7582861188318));
#86910=DIRECTION('',(-0.341501416245907,-0.875644657040788,
-0.341501416245907));
#86920=VECTOR('',#86910,1.);
#86930=LINE('',#86900,#86920);
#86940=CARTESIAN_POINT('',(18.2286462030947,38.6002563333336,
-38.5382861188318));
#86950=VERTEX_POINT('',#86940);
#86960=EDGE_CURVE('',#44780,#86950,#86930,.T.);
#86970=ORIENTED_EDGE('',*,*,#86960,.F.);
#86980=CARTESIAN_POINT('',(18.1036462030947,38.6002563333336,
-38.5382861188318));
#86990=DIRECTION('',(-1.,0.,0.));
#87000=VECTOR('',#86990,1.);
#87010=LINE('',#86980,#87000);
#87020=EDGE_CURVE('',#86950,#86860,#87010,.T.);
#87030=ORIENTED_EDGE('',*,*,#87020,.F.);
#87040=EDGE_LOOP('',(#87030,#86970,#86890,#86880));
#87050=FACE_OUTER_BOUND('',#87040,.T.);
#87060=ADVANCED_FACE('',(#87050),#86800,.T.);
#87070=COLOUR_RGB('',1.,0.843137323856354,0.);
#87080=FILL_AREA_STYLE_COLOUR('',#87070);
#87090=FILL_AREA_STYLE('',(#87080));
#87100=SURFACE_STYLE_FILL_AREA(#87090);
#87110=SURFACE_SIDE_STYLE('',(#87100));
#87120=SURFACE_STYLE_USAGE(.BOTH.,#87110);
#87130=PRESENTATION_STYLE_ASSIGNMENT((#87120));
#87140=CARTESIAN_POINT('',(17.7836462030948,45.4502563333335,
-40.1832861188318));
#87150=DIRECTION('',(-0.5,0.,-0.866025403784439));
#87160=DIRECTION('',(0.,1.,0.));
#87170=AXIS2_PLACEMENT_3D('',#87140,#87150,#87160);
#87180=PLANE('',#87170);
#87190=CARTESIAN_POINT('',(29.816979536428,44.5894083819189,
-47.1307343580803));
#87200=DIRECTION('',(0.865629643935605,-0.0302284532610866,
-0.499771507944741));
#87210=VECTOR('',#87200,1.);
#87220=LINE('',#87190,#87210);
#87230=CARTESIAN_POINT('',(17.7836462030948,45.0096216414694,
-40.1832861188318));
#87240=VERTEX_POINT('',#87230);
#87250=EDGE_CURVE('',#87240,#48510,#87220,.T.);
#87260=ORIENTED_EDGE('',*,*,#87250,.F.);
#87270=ORIENTED_EDGE('',*,*,#48520,.T.);
#87280=ORIENTED_EDGE('',*,*,#37630,.T.);
#87290=CARTESIAN_POINT('',(17.7836462030948,43.776923,-40.1832861188318)
);
#87300=DIRECTION('',(0.,-1.,-0.));
#87310=VECTOR('',#87300,1.);
#87320=LINE('',#87290,#87310);
#87330=EDGE_CURVE('',#37540,#87240,#87320,.T.);
#87340=ORIENTED_EDGE('',*,*,#87330,.F.);
#87350=EDGE_LOOP('',(#87340,#87280,#87270,#87260));
#87360=FACE_OUTER_BOUND('',#87350,.T.);
#87370=ADVANCED_FACE('',(#87360),#87180,.T.);
#87380=CARTESIAN_POINT('',(17.7836462030948,44.9956533336727,
-42.2232861188318));
#87390=DIRECTION('',(-0.5,-0.,0.866025403784439));
#87400=DIRECTION('',(0.,-1.,-0.));
#87410=AXIS2_PLACEMENT_3D('',#87380,#87390,#87400);
#87420=PLANE('',#87410);
#87430=ORIENTED_EDGE('',*,*,#48430,.T.);
#87440=CARTESIAN_POINT('',(29.816979536428,44.5894083819189,
-35.2758378795834));
#87450=DIRECTION('',(-0.865629643935605,0.0302284532610866,
-0.499771507944741));
#87460=VECTOR('',#87450,1.);
#87470=LINE('',#87440,#87460);
#87480=CARTESIAN_POINT('',(17.7836462030948,45.0096216414694,
-42.2232861188318));
#87490=VERTEX_POINT('',#87480);
#87500=EDGE_CURVE('',#48360,#87490,#87470,.T.);
#87510=ORIENTED_EDGE('',*,*,#87500,.F.);
#87520=CARTESIAN_POINT('',(17.7836462030948,43.776923,-42.2232861188318)
);
#87530=DIRECTION('',(0.,1.,0.));
#87540=VECTOR('',#87530,1.);
#87550=LINE('',#87520,#87540);
#87560=EDGE_CURVE('',#87490,#37780,#87550,.T.);
#87570=ORIENTED_EDGE('',*,*,#87560,.F.);
#87580=ORIENTED_EDGE('',*,*,#37790,.F.);
#87590=EDGE_LOOP('',(#87580,#87570,#87510,#87430));
#87600=FACE_OUTER_BOUND('',#87590,.T.);
#87610=ADVANCED_FACE('',(#87600),#87420,.T.);
#87620=CARTESIAN_POINT('',(17.7836462030948,45.4502563333335,
-42.7232861188318));
#87630=DIRECTION('',(-0.5,0.,-0.866025403784439));
#87640=DIRECTION('',(0.,1.,0.));
#87650=AXIS2_PLACEMENT_3D('',#87620,#87630,#87640);
#87660=PLANE('',#87650);
#87670=CARTESIAN_POINT('',(29.816979536428,44.5894083819189,
-49.6707343580803));
#87680=DIRECTION('',(0.865629643935605,-0.0302284532610866,
-0.499771507944741));
#87690=VECTOR('',#87680,1.);
#87700=LINE('',#87670,#87690);
#87710=CARTESIAN_POINT('',(17.7836462030948,45.0096216414694,
-42.7232861188318));
#87720=VERTEX_POINT('',#87710);
#87730=EDGE_CURVE('',#87720,#48280,#87700,.T.);
#87740=ORIENTED_EDGE('',*,*,#87730,.F.);
#87750=ORIENTED_EDGE('',*,*,#48290,.T.);
#87760=ORIENTED_EDGE('',*,*,#37950,.T.);
#87770=CARTESIAN_POINT('',(17.7836462030948,43.776923,-42.7232861188318)
);
#87780=DIRECTION('',(0.,-1.,-0.));
#87790=VECTOR('',#87780,1.);
#87800=LINE('',#87770,#87790);
#87810=EDGE_CURVE('',#37860,#87720,#87800,.T.);
#87820=ORIENTED_EDGE('',*,*,#87810,.F.);
#87830=EDGE_LOOP('',(#87820,#87760,#87750,#87740));
#87840=FACE_OUTER_BOUND('',#87830,.T.);
#87850=ADVANCED_FACE('',(#87840),#87660,.T.);
#87860=CARTESIAN_POINT('',(17.7836462030948,44.9956533336727,
-44.7632861188318));
#87870=DIRECTION('',(-0.5,-0.,0.866025403784439));
#87880=DIRECTION('',(0.,-1.,-0.));
#87890=AXIS2_PLACEMENT_3D('',#87860,#87870,#87880);
#87900=PLANE('',#87890);
#87910=ORIENTED_EDGE('',*,*,#48200,.T.);
#87920=CARTESIAN_POINT('',(29.816979536428,44.5894083819189,
-37.8158378795834));
#87930=DIRECTION('',(-0.865629643935605,0.0302284532610866,
-0.499771507944741));
#87940=VECTOR('',#87930,1.);
#87950=LINE('',#87920,#87940);
#87960=CARTESIAN_POINT('',(17.7836462030948,45.0096216414694,
-44.7632861188318));
#87970=VERTEX_POINT('',#87960);
#87980=EDGE_CURVE('',#48130,#87970,#87950,.T.);
#87990=ORIENTED_EDGE('',*,*,#87980,.F.);
#88000=CARTESIAN_POINT('',(17.7836462030948,43.776923,-44.7632861188318)
);
#88010=DIRECTION('',(0.,1.,0.));
#88020=VECTOR('',#88010,1.);
#88030=LINE('',#88000,#88020);
#88040=EDGE_CURVE('',#87970,#38100,#88030,.T.);
#88050=ORIENTED_EDGE('',*,*,#88040,.F.);
#88060=ORIENTED_EDGE('',*,*,#38110,.F.);
#88070=EDGE_LOOP('',(#88060,#88050,#87990,#87910));
#88080=FACE_OUTER_BOUND('',#88070,.T.);
#88090=ADVANCED_FACE('',(#88080),#87900,.T.);
#88100=CARTESIAN_POINT('',(19.4836462030948,44.9502563333335,
-46.7378891184926));
#88110=DIRECTION('',(-0.0348994967024868,-0.999390827019096,-0.));
#88120=DIRECTION('',(0.,0.,-1.));
#88130=AXIS2_PLACEMENT_3D('',#88100,#88110,#88120);
#88140=PLANE('',#88130);
#88150=ORIENTED_EDGE('',*,*,#87980,.T.);
#88160=ORIENTED_EDGE('',*,*,#48140,.T.);
#88170=CARTESIAN_POINT('',(29.816979536428,44.5894083819189,
-52.2107343580803));
#88180=DIRECTION('',(0.865629643935605,-0.0302284532610866,
-0.499771507944741));
#88190=VECTOR('',#88180,1.);
#88200=LINE('',#88170,#88190);
#88210=CARTESIAN_POINT('',(17.7836462030948,45.0096216414694,
-45.2632861188318));
#88220=VERTEX_POINT('',#88210);
#88230=EDGE_CURVE('',#88220,#48050,#88200,.T.);
#88240=ORIENTED_EDGE('',*,*,#88230,.T.);
#88250=CARTESIAN_POINT('',(17.7836462030948,45.0096216414694,
-45.0132861188318));
#88260=DIRECTION('',(0.,0.,1.));
#88270=VECTOR('',#88260,1.);
#88280=LINE('',#88250,#88270);
#88290=EDGE_CURVE('',#88220,#87970,#88280,.T.);
#88300=ORIENTED_EDGE('',*,*,#88290,.F.);
#88310=EDGE_LOOP('',(#88300,#88240,#88160,#88150));
#88320=FACE_OUTER_BOUND('',#88310,.T.);
#88330=ADVANCED_FACE('',(#88320),#88140,.T.);
#88340=CARTESIAN_POINT('',(17.7836462030948,43.0252563333335,
-42.4732861188318));
#88350=DIRECTION('',(-1.,0.,0.));
#88360=DIRECTION('',(0.,0.,1.));
#88370=AXIS2_PLACEMENT_3D('',#88340,#88350,#88360);
#88380=PLANE('',#88370);
#88390=ORIENTED_EDGE('',*,*,#88040,.T.);
#88400=ORIENTED_EDGE('',*,*,#88290,.T.);
#88410=CARTESIAN_POINT('',(17.7836462030948,43.776923,-45.2632861188318)
);
#88420=DIRECTION('',(0.,-1.,-0.));
#88430=VECTOR('',#88420,1.);
#88440=LINE('',#88410,#88430);
#88450=EDGE_CURVE('',#38180,#88220,#88440,.T.);
#88460=ORIENTED_EDGE('',*,*,#88450,.T.);
#88470=ORIENTED_EDGE('',*,*,#38190,.F.);
#88480=EDGE_LOOP('',(#88470,#88460,#88400,#88390));
#88490=FACE_OUTER_BOUND('',#88480,.T.);
#88500=ADVANCED_FACE('',(#88490),#88380,.T.);
#88510=CARTESIAN_POINT('',(17.7836462030948,45.4502563333335,
-45.2632861188318));
#88520=DIRECTION('',(-0.5,0.,-0.866025403784439));
#88530=DIRECTION('',(0.,1.,0.));
#88540=AXIS2_PLACEMENT_3D('',#88510,#88520,#88530);
#88550=PLANE('',#88540);
#88560=ORIENTED_EDGE('',*,*,#88230,.F.);
#88570=ORIENTED_EDGE('',*,*,#48060,.T.);
#88580=ORIENTED_EDGE('',*,*,#38270,.T.);
#88590=ORIENTED_EDGE('',*,*,#88450,.F.);
#88600=EDGE_LOOP('',(#88590,#88580,#88570,#88560));
#88610=FACE_OUTER_BOUND('',#88600,.T.);
#88620=ADVANCED_FACE('',(#88610),#88550,.T.);
#88630=CARTESIAN_POINT('',(19.4836462030948,44.9502563333335,
-44.1978891184926));
#88640=DIRECTION('',(-0.0348994967024868,-0.999390827019096,-0.));
#88650=DIRECTION('',(0.,0.,-1.));
#88660=AXIS2_PLACEMENT_3D('',#88630,#88640,#88650);
#88670=PLANE('',#88660);
#88680=ORIENTED_EDGE('',*,*,#87500,.T.);
#88690=ORIENTED_EDGE('',*,*,#48370,.T.);
#88700=ORIENTED_EDGE('',*,*,#87730,.T.);
#88710=CARTESIAN_POINT('',(17.7836462030948,45.0096216414694,
-42.4732861188318));
#88720=DIRECTION('',(0.,0.,1.));
#88730=VECTOR('',#88720,1.);
#88740=LINE('',#88710,#88730);
#88750=EDGE_CURVE('',#87720,#87490,#88740,.T.);
#88760=ORIENTED_EDGE('',*,*,#88750,.F.);
#88770=EDGE_LOOP('',(#88760,#88700,#88690,#88680));
#88780=FACE_OUTER_BOUND('',#88770,.T.);
#88790=ADVANCED_FACE('',(#88780),#88670,.T.);
#88800=CARTESIAN_POINT('',(17.7836462030948,43.0252563333335,
-39.9332861188318));
#88810=DIRECTION('',(-1.,0.,0.));
#88820=DIRECTION('',(0.,0.,1.));
#88830=AXIS2_PLACEMENT_3D('',#88800,#88810,#88820);
#88840=PLANE('',#88830);
#88850=ORIENTED_EDGE('',*,*,#87560,.T.);
#88860=ORIENTED_EDGE('',*,*,#88750,.T.);
#88870=ORIENTED_EDGE('',*,*,#87810,.T.);
#88880=ORIENTED_EDGE('',*,*,#37870,.F.);
#88890=EDGE_LOOP('',(#88880,#88870,#88860,#88850));
#88900=FACE_OUTER_BOUND('',#88890,.T.);
#88910=ADVANCED_FACE('',(#88900),#88840,.T.);
#88920=CARTESIAN_POINT('',(17.7836462030948,43.0252563333335,
-37.3932861188318));
#88930=DIRECTION('',(-1.,0.,0.));
#88940=DIRECTION('',(0.,0.,1.));
#88950=AXIS2_PLACEMENT_3D('',#88920,#88930,#88940);
#88960=PLANE('',#88950);
#88970=CARTESIAN_POINT('',(17.7836462030948,43.776923,-39.6832861188318)
);
#88980=DIRECTION('',(0.,1.,0.));
#88990=VECTOR('',#88980,1.);
#89000=LINE('',#88970,#88990);
#89010=CARTESIAN_POINT('',(17.7836462030948,45.0096216414694,
-39.6832861188318));
#89020=VERTEX_POINT('',#89010);
#89030=EDGE_CURVE('',#89020,#37460,#89000,.T.);
#89040=ORIENTED_EDGE('',*,*,#89030,.T.);
#89050=CARTESIAN_POINT('',(17.7836462030948,45.0096216414694,
-39.9332861188318));
#89060=DIRECTION('',(0.,0.,1.));
#89070=VECTOR('',#89060,1.);
#89080=LINE('',#89050,#89070);
#89090=EDGE_CURVE('',#87240,#89020,#89080,.T.);
#89100=ORIENTED_EDGE('',*,*,#89090,.T.);
#89110=ORIENTED_EDGE('',*,*,#87330,.T.);
#89120=ORIENTED_EDGE('',*,*,#37550,.F.);
#89130=EDGE_LOOP('',(#89120,#89110,#89100,#89040));
#89140=FACE_OUTER_BOUND('',#89130,.T.);
#89150=ADVANCED_FACE('',(#89140),#88960,.T.);
#89160=CARTESIAN_POINT('',(19.4836462030948,44.9502563333335,
-41.6578891184926));
#89170=DIRECTION('',(-0.0348994967024868,-0.999390827019096,-0.));
#89180=DIRECTION('',(0.,0.,-1.));
#89190=AXIS2_PLACEMENT_3D('',#89160,#89170,#89180);
#89200=PLANE('',#89190);
#89210=ORIENTED_EDGE('',*,*,#48600,.T.);
#89220=ORIENTED_EDGE('',*,*,#87250,.T.);
#89230=ORIENTED_EDGE('',*,*,#89090,.F.);
#89240=CARTESIAN_POINT('',(29.816979536428,44.5894083819189,
-32.7358378795834));
#89250=DIRECTION('',(-0.865629643935605,0.0302284532610866,
-0.499771507944741));
#89260=VECTOR('',#89250,1.);
#89270=LINE('',#89240,#89260);
#89280=EDGE_CURVE('',#48590,#89020,#89270,.T.);
#89290=ORIENTED_EDGE('',*,*,#89280,.T.);
#89300=EDGE_LOOP('',(#89290,#89230,#89220,#89210));
#89310=FACE_OUTER_BOUND('',#89300,.T.);
#89320=ADVANCED_FACE('',(#89310),#89200,.T.);
#89330=CARTESIAN_POINT('',(17.7836462030948,44.9956533336727,
-39.6832861188318));
#89340=DIRECTION('',(-0.5,-0.,0.866025403784439));
#89350=DIRECTION('',(0.,-1.,-0.));
#89360=AXIS2_PLACEMENT_3D('',#89330,#89340,#89350);
#89370=PLANE('',#89360);
#89380=ORIENTED_EDGE('',*,*,#48660,.T.);
#89390=ORIENTED_EDGE('',*,*,#89280,.F.);
#89400=ORIENTED_EDGE('',*,*,#89030,.F.);
#89410=ORIENTED_EDGE('',*,*,#37470,.F.);
#89420=EDGE_LOOP('',(#89410,#89400,#89390,#89380));
#89430=FACE_OUTER_BOUND('',#89420,.T.);
#89440=ADVANCED_FACE('',(#89430),#89370,.T.);
#89450=CARTESIAN_POINT('',(17.7836462030948,45.4502563333335,
-37.6432861188318));
#89460=DIRECTION('',(-0.5,0.,-0.866025403784439));
#89470=DIRECTION('',(0.,1.,0.));
#89480=AXIS2_PLACEMENT_3D('',#89450,#89460,#89470);
#89490=PLANE('',#89480);
#89500=ORIENTED_EDGE('',*,*,#38980,.F.);
#89510=ORIENTED_EDGE('',*,*,#48730,.T.);
#89520=ORIENTED_EDGE('',*,*,#37310,.T.);
#89530=ORIENTED_EDGE('',*,*,#39330,.F.);
#89540=EDGE_LOOP('',(#89530,#89520,#89510,#89500));
#89550=FACE_OUTER_BOUND('',#89540,.T.);
#89560=ADVANCED_FACE('',(#89550),#89490,.T.);
#89570=CARTESIAN_POINT('',(18.2011462030947,38.8502563333336,
-41.4257861188318));
#89580=DIRECTION('',(0.,-0.363345276491644,-0.931654555106779));
#89590=DIRECTION('',(0.,0.931654555106779,-0.363345276491644));
#89600=AXIS2_PLACEMENT_3D('',#89570,#89580,#89590);
#89610=PLANE('',#89600);
#89620=ORIENTED_EDGE('',*,*,#45610,.F.);
#89630=ORIENTED_EDGE('',*,*,#47440,.F.);
#89640=ORIENTED_EDGE('',*,*,#46280,.T.);
#89650=ORIENTED_EDGE('',*,*,#45900,.F.);
#89660=EDGE_LOOP('',(#89650,#89640,#89630,#89620));
#89670=FACE_OUTER_BOUND('',#89660,.T.);
#89680=ADVANCED_FACE('',(#89670),#89610,.T.);
#89690=COLOUR_RGB('',1.,0.843137323856354,0.);
#89700=FILL_AREA_STYLE_COLOUR('',#89690);
#89710=FILL_AREA_STYLE('',(#89700));
#89720=SURFACE_STYLE_FILL_AREA(#89710);
#89730=SURFACE_SIDE_STYLE('',(#89720));
#89740=SURFACE_STYLE_USAGE(.BOTH.,#89730);
#89750=PRESENTATION_STYLE_ASSIGNMENT((#89740));
#89760=CARTESIAN_POINT('',(19.3736462030946,40.6002563333335,
-37.6432861188318));
#89770=DIRECTION('',(0.,-0.,1.));
#89780=DIRECTION('',(1.,1.4210854715202E-14,0.));
#89790=AXIS2_PLACEMENT_3D('',#89760,#89770,#89780);
#89800=PLANE('',#89790);
#89810=ORIENTED_EDGE('',*,*,#48990,.F.);
#89820=ORIENTED_EDGE('',*,*,#55810,.T.);
#89830=ORIENTED_EDGE('',*,*,#3940,.F.);
#89840=ORIENTED_EDGE('',*,*,#3390,.F.);
#89850=ORIENTED_EDGE('',*,*,#56380,.F.);
#89860=CARTESIAN_POINT('',(-2.1316282072803E-14,41.0002563333332,
-37.6432861188318));
#89870=DIRECTION('',(1.,1.4210854715202E-14,0.));
#89880=VECTOR('',#89870,1.);
#89890=LINE('',#89860,#89880);
#89900=EDGE_CURVE('',#48980,#56310,#89890,.T.);
#89910=ORIENTED_EDGE('',*,*,#89900,.T.);
#89920=EDGE_LOOP('',(#89910,#89850,#89840,#89830,#89820,#89810));
#89930=FACE_OUTER_BOUND('',#89920,.T.);
#89940=ADVANCED_FACE('',(#89930),#89800,.F.);
#89950=CARTESIAN_POINT('',(18.7236462030947,41.950256333334,
-46.2832861188318));
#89960=DIRECTION('',(0.,0.,-1.));
#89970=DIRECTION('',(0.,1.,0.));
#89980=AXIS2_PLACEMENT_3D('',#89950,#89960,#89970);
#89990=CYLINDRICAL_SURFACE('',#89980,0.94);
#90000=ORIENTED_EDGE('',*,*,#51280,.T.);
#90010=CARTESIAN_POINT('',(17.7836462030947,41.950256333334,
-45.9632829273424));
#90020=DIRECTION('',(0.,0.,-1.));
#90030=VECTOR('',#90020,1.);
#90040=LINE('',#90010,#90030);
#90050=CARTESIAN_POINT('',(17.7836462030947,41.950256333334,
-46.6032861188318));
#90060=VERTEX_POINT('',#90050);
#90070=EDGE_CURVE('',#51200,#90060,#90040,.T.);
#90080=ORIENTED_EDGE('',*,*,#90070,.F.);
#90090=CARTESIAN_POINT('',(18.7236462030947,41.950256333334,
-46.6032861188318));
#90100=DIRECTION('',(0.,0.,-1.));
#90110=DIRECTION('',(0.,1.,0.));
#90120=AXIS2_PLACEMENT_3D('',#90090,#90100,#90110);
#90130=CIRCLE('',#90120,0.94);
#90140=EDGE_CURVE('',#90060,#50800,#90130,.T.);
#90150=ORIENTED_EDGE('',*,*,#90140,.F.);
#90160=ORIENTED_EDGE('',*,*,#50810,.T.);
#90170=EDGE_LOOP('',(#90160,#90150,#90080,#90000));
#90180=FACE_OUTER_BOUND('',#90170,.T.);
#90190=ADVANCED_FACE('',(#90180),#89990,.T.);
#90200=COLOUR_RGB('',1.,0.843137323856354,0.);
#90210=FILL_AREA_STYLE_COLOUR('',#90200);
#90220=FILL_AREA_STYLE('',(#90210));
#90230=SURFACE_STYLE_FILL_AREA(#90220);
#90240=SURFACE_SIDE_STYLE('',(#90230));
#90250=SURFACE_STYLE_USAGE(.BOTH.,#90240);
#90260=PRESENTATION_STYLE_ASSIGNMENT((#90250));
#90270=CARTESIAN_POINT('',(17.7836462030947,41.950256333334,
-46.6032861188318));
#90280=DIRECTION('',(1.,0.,0.));
#90290=DIRECTION('',(0.,1.,0.));
#90300=AXIS2_PLACEMENT_3D('',#90270,#90280,#90290);
#90310=PLANE('',#90300);
#90320=ORIENTED_EDGE('',*,*,#51210,.T.);
#90330=CARTESIAN_POINT('',(17.7836462030947,39.1002563333335,
-45.0132861188318));
#90340=DIRECTION('',(0.,0.,1.));
#90350=VECTOR('',#90340,1.);
#90360=LINE('',#90330,#90350);
#90370=CARTESIAN_POINT('',(17.7836462030947,39.1002563333336,
-46.6032861188318));
#90380=VERTEX_POINT('',#90370);
#90390=EDGE_CURVE('',#90380,#51120,#90360,.T.);
#90400=ORIENTED_EDGE('',*,*,#90390,.T.);
#90410=CARTESIAN_POINT('',(17.7836462030947,43.776923,-46.6032861188318)
);
#90420=DIRECTION('',(0.,-1.,-0.));
#90430=VECTOR('',#90420,1.);
#90440=LINE('',#90410,#90430);
#90450=EDGE_CURVE('',#90060,#90380,#90440,.T.);
#90460=ORIENTED_EDGE('',*,*,#90450,.T.);
#90470=ORIENTED_EDGE('',*,*,#90070,.T.);
#90480=EDGE_LOOP('',(#90470,#90460,#90400,#90320));
#90490=FACE_OUTER_BOUND('',#90480,.T.);
#90500=ADVANCED_FACE('',(#90490),#90310,.F.);
#90510=COLOUR_RGB('',1.,0.843137323856354,0.);
#90520=FILL_AREA_STYLE_COLOUR('',#90510);
#90530=FILL_AREA_STYLE('',(#90520));
#90540=SURFACE_STYLE_FILL_AREA(#90530);
#90550=SURFACE_SIDE_STYLE('',(#90540));
#90560=SURFACE_STYLE_USAGE(.BOTH.,#90550);
#90570=PRESENTATION_STYLE_ASSIGNMENT((#90560));
#90580=CARTESIAN_POINT('',(17.8811462030947,38.8502563333336,
-46.3807861188318));
#90590=DIRECTION('',(-0.931654555106779,-0.363345276491644,-0.));
#90600=DIRECTION('',(-0.363345276491644,0.931654555106779,0.));
#90610=AXIS2_PLACEMENT_3D('',#90580,#90590,#90600);
#90620=PLANE('',#90610);
#90630=CARTESIAN_POINT('',(17.1986462030947,40.6002563333335,
-47.1882861188318));
#90640=DIRECTION('',(-0.341501416245907,0.875644657040788,
-0.341501416245907));
#90650=VECTOR('',#90640,1.);
#90660=LINE('',#90630,#90650);
#90670=CARTESIAN_POINT('',(17.9786462030946,38.6002563333336,
-46.4082861188318));
#90680=VERTEX_POINT('',#90670);
#90690=EDGE_CURVE('',#90680,#90380,#90660,.T.);
#90700=ORIENTED_EDGE('',*,*,#90690,.F.);
#90710=ORIENTED_EDGE('',*,*,#90390,.F.);
#90720=ORIENTED_EDGE('',*,*,#51580,.T.);
#90730=CARTESIAN_POINT('',(17.9786462030946,38.6002563333336,
-46.3807861188318));
#90740=DIRECTION('',(0.,0.,-1.));
#90750=VECTOR('',#90740,1.);
#90760=LINE('',#90730,#90750);
#90770=EDGE_CURVE('',#51570,#90680,#90760,.T.);
#90780=ORIENTED_EDGE('',*,*,#90770,.F.);
#90790=EDGE_LOOP('',(#90780,#90720,#90710,#90700));
#90800=FACE_OUTER_BOUND('',#90790,.T.);
#90810=ADVANCED_FACE('',(#90800),#90620,.T.);
#90820=COLOUR_RGB('',1.,0.843137323856354,0.);
#90830=FILL_AREA_STYLE_COLOUR('',#90820);
#90840=FILL_AREA_STYLE('',(#90830));
#90850=SURFACE_STYLE_FILL_AREA(#90840);
#90860=SURFACE_SIDE_STYLE('',(#90850));
#90870=SURFACE_STYLE_USAGE(.BOTH.,#90860);
#90880=PRESENTATION_STYLE_ASSIGNMENT((#90870));
#90890=CARTESIAN_POINT('',(19.0536462030946,38.6002563333336,
-46.1232861188318));
#90900=DIRECTION('',(0.,-1.,0.));
#90910=DIRECTION('',(1.,0.,0.));
#90920=AXIS2_PLACEMENT_3D('',#90890,#90900,#90910);
#90930=PLANE('',#90920);
#90940=ORIENTED_EDGE('',*,*,#51730,.T.);
#90950=CARTESIAN_POINT('',(18.2286462030946,38.6002563333336,
-46.2832861188318));
#90960=DIRECTION('',(0.,0.,1.));
#90970=VECTOR('',#90960,1.);
#90980=LINE('',#90950,#90970);
#90990=CARTESIAN_POINT('',(18.2286462030946,38.6002563333336,
-46.4082861188318));
#91000=VERTEX_POINT('',#90990);
#91010=EDGE_CURVE('',#91000,#51660,#90980,.T.);
#91020=ORIENTED_EDGE('',*,*,#91010,.T.);
#91030=CARTESIAN_POINT('',(18.2011462030947,38.6002563333336,
-46.4082861188318));
#91040=DIRECTION('',(1.,0.,0.));
#91050=VECTOR('',#91040,1.);
#91060=LINE('',#91030,#91050);
#91070=EDGE_CURVE('',#90680,#91000,#91060,.T.);
#91080=ORIENTED_EDGE('',*,*,#91070,.T.);
#91090=ORIENTED_EDGE('',*,*,#90770,.T.);
#91100=EDGE_LOOP('',(#91090,#91080,#91020,#90940));
#91110=FACE_OUTER_BOUND('',#91100,.T.);
#91120=ADVANCED_FACE('',(#91110),#90930,.T.);
#91130=COLOUR_RGB('',1.,0.843137323856354,0.);
#91140=FILL_AREA_STYLE_COLOUR('',#91130);
#91150=FILL_AREA_STYLE('',(#91140));
#91160=SURFACE_STYLE_FILL_AREA(#91150);
#91170=SURFACE_SIDE_STYLE('',(#91160));
#91180=SURFACE_STYLE_USAGE(.BOTH.,#91170);
#91190=PRESENTATION_STYLE_ASSIGNMENT((#91180));
#91200=CARTESIAN_POINT('',(18.3261462030947,38.8502563333336,
-46.2832861188318));
#91210=DIRECTION('',(0.931654555106779,-0.363345276491644,0.));
#91220=DIRECTION('',(0.363345276491644,0.931654555106779,0.));
#91230=AXIS2_PLACEMENT_3D('',#91200,#91210,#91220);
#91240=PLANE('',#91230);
#91250=ORIENTED_EDGE('',*,*,#51670,.T.);
#91260=CARTESIAN_POINT('',(18.4236462030947,39.1002563333336,
-45.0132861188318));
#91270=DIRECTION('',(0.,0.,-1.));
#91280=VECTOR('',#91270,1.);
#91290=LINE('',#91260,#91280);
#91300=CARTESIAN_POINT('',(18.4236462030946,39.1002563333336,
-46.6032861188318));
#91310=VERTEX_POINT('',#91300);
#91320=EDGE_CURVE('',#51020,#91310,#91290,.T.);
#91330=ORIENTED_EDGE('',*,*,#91320,.F.);
#91340=CARTESIAN_POINT('',(19.0086462030946,40.6002563333335,
-47.1882861188318));
#91350=DIRECTION('',(0.341501416245907,0.875644657040788,
-0.341501416245907));
#91360=VECTOR('',#91350,1.);
#91370=LINE('',#91340,#91360);
#91380=EDGE_CURVE('',#91000,#91310,#91370,.T.);
#91390=ORIENTED_EDGE('',*,*,#91380,.T.);
#91400=ORIENTED_EDGE('',*,*,#91010,.F.);
#91410=EDGE_LOOP('',(#91400,#91390,#91330,#91250));
#91420=FACE_OUTER_BOUND('',#91410,.T.);
#91430=ADVANCED_FACE('',(#91420),#91240,.T.);
#91440=COLOUR_RGB('',1.,0.843137323856354,0.);
#91450=FILL_AREA_STYLE_COLOUR('',#91440);
#91460=FILL_AREA_STYLE('',(#91450));
#91470=SURFACE_STYLE_FILL_AREA(#91460);
#91480=SURFACE_SIDE_STYLE('',(#91470));
#91490=SURFACE_STYLE_USAGE(.BOTH.,#91480);
#91500=PRESENTATION_STYLE_ASSIGNMENT((#91490));
#91510=CARTESIAN_POINT('',(18.4236462030946,41.0002563333335,
-46.8863861188318));
#91520=DIRECTION('',(-1.,-1.4210854715202E-14,0.));
#91530=DIRECTION('',(0.,0.,1.));
#91540=AXIS2_PLACEMENT_3D('',#91510,#91520,#91530);
#91550=PLANE('',#91540);
#91560=ORIENTED_EDGE('',*,*,#51050,.F.);
#91570=CARTESIAN_POINT('',(18.4236462030946,41.0002563333335,
-45.0132861188318));
#91580=DIRECTION('',(0.,0.,1.));
#91590=VECTOR('',#91580,1.);
#91600=LINE('',#91570,#91590);
#91610=CARTESIAN_POINT('',(18.4236462030946,41.0002563333335,
-46.6032861188318));
#91620=VERTEX_POINT('',#91610);
#91630=EDGE_CURVE('',#91620,#51040,#91600,.T.);
#91640=ORIENTED_EDGE('',*,*,#91630,.T.);
#91650=CARTESIAN_POINT('',(18.4236462030946,43.776923,-46.6032861188318)
);
#91660=DIRECTION('',(-1.4210854715202E-14,1.,0.));
#91670=VECTOR('',#91660,1.);
#91680=LINE('',#91650,#91670);
#91690=EDGE_CURVE('',#91310,#91620,#91680,.T.);
#91700=ORIENTED_EDGE('',*,*,#91690,.T.);
#91710=ORIENTED_EDGE('',*,*,#91320,.T.);
#91720=EDGE_LOOP('',(#91710,#91700,#91640,#91560));
#91730=FACE_OUTER_BOUND('',#91720,.T.);
#91740=ADVANCED_FACE('',(#91730),#91550,.F.);
#91750=COLOUR_RGB('',1.,0.843137323856354,0.);
#91760=FILL_AREA_STYLE_COLOUR('',#91750);
#91770=FILL_AREA_STYLE('',(#91760));
#91780=SURFACE_STYLE_FILL_AREA(#91770);
#91790=SURFACE_SIDE_STYLE('',(#91780));
#91800=SURFACE_STYLE_USAGE(.BOTH.,#91790);
#91810=PRESENTATION_STYLE_ASSIGNMENT((#91800));
#91820=CARTESIAN_POINT('',(21.5336462030948,41.0002563333335,
-58.4732861188318));
#91830=DIRECTION('',(1.4210854715202E-14,-1.,0.));
#91840=DIRECTION('',(0.,0.,-1.));
#91850=AXIS2_PLACEMENT_3D('',#91820,#91830,#91840);
#91860=PLANE('',#91850);
#91870=ORIENTED_EDGE('',*,*,#51350,.T.);
#91880=ORIENTED_EDGE('',*,*,#50650,.T.);
#91890=ORIENTED_EDGE('',*,*,#52420,.F.);
#91900=CARTESIAN_POINT('',(19.9836462030946,41.0002563333335,-18.54));
#91910=DIRECTION('',(0.,0.,-1.));
#91920=VECTOR('',#91910,1.);
#91930=LINE('',#91900,#91920);
#91940=EDGE_CURVE('',#52350,#86360,#91930,.T.);
#91950=ORIENTED_EDGE('',*,*,#91940,.F.);
#91960=ORIENTED_EDGE('',*,*,#86370,.T.);
#91970=ORIENTED_EDGE('',*,*,#47910,.T.);
#91980=CARTESIAN_POINT('',(29.8169795364281,41.0002563333337,
-46.6032861188318));
#91990=DIRECTION('',(1.,1.4210854715202E-14,0.));
#92000=VECTOR('',#91990,1.);
#92010=LINE('',#91980,#92000);
#92020=EDGE_CURVE('',#47880,#91620,#92010,.T.);
#92030=ORIENTED_EDGE('',*,*,#92020,.F.);
#92040=ORIENTED_EDGE('',*,*,#91630,.F.);
#92050=EDGE_LOOP('',(#92040,#92030,#91970,#91960,#91950,#91890,#91880,
#91870));
#92060=FACE_OUTER_BOUND('',#92050,.T.);
#92070=ADVANCED_FACE('',(#92060),#91860,.T.);
#92080=CARTESIAN_POINT('',(19.9836462030946,41.0002563333335,
-45.9632861188318));
#92090=DIRECTION('',(1.,1.4210854715202E-14,-0.));
#92100=DIRECTION('',(-1.4210854715202E-14,1.,0.));
#92110=AXIS2_PLACEMENT_3D('',#92080,#92090,#92100);
#92120=PLANE('',#92110);
#92130=ORIENTED_EDGE('',*,*,#52360,.T.);
#92140=ORIENTED_EDGE('',*,*,#2350,.T.);
#92150=ORIENTED_EDGE('',*,*,#86430,.F.);
#92160=ORIENTED_EDGE('',*,*,#91940,.T.);
#92170=EDGE_LOOP('',(#92160,#92150,#92140,#92130));
#92180=FACE_OUTER_BOUND('',#92170,.T.);
#92190=ADVANCED_FACE('',(#92180),#92120,.F.);
#92200=CARTESIAN_POINT('',(21.8836462030946,42.570256333334,
-46.6032861188318));
#92210=DIRECTION('',(0.,0.,-1.));
#92220=DIRECTION('',(1.,0.,0.));
#92230=AXIS2_PLACEMENT_3D('',#92200,#92210,#92220);
#92240=PLANE('',#92230);
#92250=ORIENTED_EDGE('',*,*,#50870,.T.);
#92260=ORIENTED_EDGE('',*,*,#90140,.T.);
#92270=ORIENTED_EDGE('',*,*,#90450,.F.);
#92280=CARTESIAN_POINT('',(29.8169795364281,39.1002563333336,
-46.6032861188318));
#92290=DIRECTION('',(-1.,0.,0.));
#92300=VECTOR('',#92290,1.);
#92310=LINE('',#92280,#92300);
#92320=EDGE_CURVE('',#91310,#90380,#92310,.T.);
#92330=ORIENTED_EDGE('',*,*,#92320,.T.);
#92340=ORIENTED_EDGE('',*,*,#91690,.F.);
#92350=ORIENTED_EDGE('',*,*,#92020,.T.);
#92360=EDGE_LOOP('',(#92350,#92340,#92330,#92270,#92260,#92250));
#92370=FACE_OUTER_BOUND('',#92360,.T.);
#92380=ADVANCED_FACE('',(#92370),#92240,.T.);
#92390=COLOUR_RGB('',1.,0.843137323856354,0.);
#92400=FILL_AREA_STYLE_COLOUR('',#92390);
#92410=FILL_AREA_STYLE('',(#92400));
#92420=SURFACE_STYLE_FILL_AREA(#92410);
#92430=SURFACE_SIDE_STYLE('',(#92420));
#92440=SURFACE_STYLE_USAGE(.BOTH.,#92430);
#92450=PRESENTATION_STYLE_ASSIGNMENT((#92440));
#92460=CARTESIAN_POINT('',(18.2011462030947,38.8502563333336,
-46.5057861188318));
#92470=DIRECTION('',(0.,-0.363345276491644,-0.931654555106779));
#92480=DIRECTION('',(0.,0.931654555106779,-0.363345276491644));
#92490=AXIS2_PLACEMENT_3D('',#92460,#92470,#92480);
#92500=PLANE('',#92490);
#92510=ORIENTED_EDGE('',*,*,#91380,.F.);
#92520=ORIENTED_EDGE('',*,*,#92320,.F.);
#92530=ORIENTED_EDGE('',*,*,#90690,.T.);
#92540=ORIENTED_EDGE('',*,*,#91070,.F.);
#92550=EDGE_LOOP('',(#92540,#92530,#92520,#92510));
#92560=FACE_OUTER_BOUND('',#92550,.T.);
#92570=ADVANCED_FACE('',(#92560),#92500,.T.);
#92580=COLOUR_RGB('',1.,0.843137323856354,0.);
#92590=FILL_AREA_STYLE_COLOUR('',#92580);
#92600=FILL_AREA_STYLE('',(#92590));
#92610=SURFACE_STYLE_FILL_AREA(#92600);
#92620=SURFACE_SIDE_STYLE('',(#92610));
#92630=SURFACE_STYLE_USAGE(.BOTH.,#92620);
#92640=PRESENTATION_STYLE_ASSIGNMENT((#92630));
#92650=CARTESIAN_POINT('',(24.8836462030947,43.7769230000001,
-46.8032861188318));
#92660=DIRECTION('',(0.00872653549837393,1.24011528134445E-16,
-0.999961923064171));
#92670=DIRECTION('',(-1.4210854715202E-14,1.,-4.13041361561426E-32));
#92680=AXIS2_PLACEMENT_3D('',#92650,#92660,#92670);
#92690=PLANE('',#92680);
#92700=ORIENTED_EDGE('',*,*,#1950,.T.);
#92710=ORIENTED_EDGE('',*,*,#8590,.F.);
#92720=CARTESIAN_POINT('',(29.8169795364281,41.1572037855659,
-46.760233571064));
#92730=DIRECTION('',(0.999923850477571,-0.00872620324393001,
0.00872620324394422));
#92740=VECTOR('',#92730,1.);
#92750=LINE('',#92720,#92740);
#92760=EDGE_CURVE('',#85720,#8520,#92750,.T.);
#92770=ORIENTED_EDGE('',*,*,#92760,.T.);
#92780=ORIENTED_EDGE('',*,*,#85730,.F.);
#92790=EDGE_LOOP('',(#92780,#92770,#92710,#92700));
#92800=FACE_OUTER_BOUND('',#92790,.T.);
#92810=ADVANCED_FACE('',(#92800),#92690,.T.);
#92820=CARTESIAN_POINT('',(24.8836462030947,43.7769230000001,
-45.9632861188318));
#92830=DIRECTION('',(-0.00872653549837393,-1.24011528134445E-16,
0.999961923064171));
#92840=DIRECTION('',(1.4210854715202E-14,-1.,4.13041361561426E-32));
#92850=AXIS2_PLACEMENT_3D('',#92820,#92830,#92840);
#92860=PLANE('',#92850);
#92870=CARTESIAN_POINT('',(29.8152342293284,44.5433012654242,
-45.9202488021284));
#92880=DIRECTION('',(0.99992385047757,0.00872620324395843,
0.00872620324394422));
#92890=VECTOR('',#92880,1.);
#92900=LINE('',#92870,#92890);
#92910=CARTESIAN_POINT('',(20.4836462030948,44.4618657304413,
-46.0016843371111));
#92920=VERTEX_POINT('',#92910);
#92930=EDGE_CURVE('',#92920,#7930,#92900,.T.);
#92940=ORIENTED_EDGE('',*,*,#92930,.T.);
#92950=CARTESIAN_POINT('',(20.4836462030948,43.776923,-46.0016843371111)
);
#92960=DIRECTION('',(1.4210854715202E-14,-1.,4.13057089509717E-32));
#92970=VECTOR('',#92960,1.);
#92980=LINE('',#92950,#92970);
#92990=CARTESIAN_POINT('',(20.4836462030948,44.111850499667,
-46.0016843371111));
#93000=VERTEX_POINT('',#92990);
#93010=EDGE_CURVE('',#92920,#93000,#92980,.T.);
#93020=ORIENTED_EDGE('',*,*,#93010,.F.);
#93030=CARTESIAN_POINT('',(29.8187248435277,44.1933164967785,
-45.9202183399997));
#93040=DIRECTION('',(0.99992385047757,0.00872620324395843,
0.00872620324394422));
#93050=VECTOR('',#93040,1.);
#93060=LINE('',#93030,#93050);
#93070=EDGE_CURVE('',#93000,#8010,#93060,.T.);
#93080=ORIENTED_EDGE('',*,*,#93070,.F.);
#93090=ORIENTED_EDGE('',*,*,#8020,.T.);
#93100=EDGE_LOOP('',(#93090,#93080,#93020,#92940));
#93110=FACE_OUTER_BOUND('',#93100,.T.);
#93120=ADVANCED_FACE('',(#93110),#92860,.F.);
#93130=CARTESIAN_POINT('',(20.4836462030948,44.7035896666662,
-45.0132861188318));
#93140=DIRECTION('',(-1.,-1.4210854715202E-14,-0.));
#93150=DIRECTION('',(-1.4210854715202E-14,1.,0.));
#93160=AXIS2_PLACEMENT_3D('',#93130,#93140,#93150);
#93170=PLANE('',#93160);
#93180=CARTESIAN_POINT('',(20.4836462030948,44.461850499377,
-46.3648802848753));
#93190=DIRECTION('',(-1.,-1.4210854715202E-14,0.));
#93200=DIRECTION('',(-1.00485917355726E-14,0.7071067811863,
-0.707106781186795));
#93210=AXIS2_PLACEMENT_3D('',#93180,#93190,#93200);
#93220=ELLIPSE('',#93210,0.200015231064324,0.2);
#93230=CARTESIAN_POINT('',(20.4836462030948,44.6618581150542,
-46.3648955159396));
#93240=VERTEX_POINT('',#93230);
#93250=CARTESIAN_POINT('',(20.4836462030948,44.4618657304413,
-46.5648879005525));
#93260=VERTEX_POINT('',#93250);
#93270=EDGE_CURVE('',#93240,#93260,#93220,.T.);
#93280=ORIENTED_EDGE('',*,*,#93270,.F.);
#93290=CARTESIAN_POINT('',(20.4836462030948,43.776923,-46.5648879005525)
);
#93300=DIRECTION('',(1.4210854715202E-14,-1.,-4.13057089509717E-32));
#93310=VECTOR('',#93300,1.);
#93320=LINE('',#93290,#93310);
#93330=CARTESIAN_POINT('',(20.4836462030948,44.111850499667,
-46.5648879005525));
#93340=VERTEX_POINT('',#93330);
#93350=EDGE_CURVE('',#93260,#93340,#93320,.T.);
#93360=ORIENTED_EDGE('',*,*,#93350,.F.);
#93370=CARTESIAN_POINT('',(20.4836462030948,44.1118657307313,
-46.7648955162296));
#93380=DIRECTION('',(-1.,-1.4210854715202E-14,0.));
#93390=DIRECTION('',(-1.00485917355726E-14,0.7071067811863,
-0.707106781186795));
#93400=AXIS2_PLACEMENT_3D('',#93370,#93380,#93390);
#93410=ELLIPSE('',#93400,0.200015231064324,0.2);
#93420=CARTESIAN_POINT('',(20.4836462030948,43.9118581150542,
-46.7648802851653));
#93430=VERTEX_POINT('',#93420);
#93440=EDGE_CURVE('',#93430,#93340,#93410,.T.);
#93450=ORIENTED_EDGE('',*,*,#93440,.T.);
#93460=CARTESIAN_POINT('',(20.4836462030948,43.9118581150542,
-39.9332861188318));
#93470=DIRECTION('',(0.,0.,-1.));
#93480=VECTOR('',#93470,1.);
#93490=LINE('',#93460,#93480);
#93500=CARTESIAN_POINT('',(20.4836462030948,43.9118581150542,
-46.9932964991752));
#93510=VERTEX_POINT('',#93500);
#93520=EDGE_CURVE('',#93430,#93510,#93490,.T.);
#93530=ORIENTED_EDGE('',*,*,#93520,.F.);
#93540=CARTESIAN_POINT('',(20.4836462030948,43.6118466915385,
-46.9932667496224));
#93550=DIRECTION('',(-1.,-1.4210854715202E-14,0.));
#93560=DIRECTION('',(-8.65554103571559E-15,0.609079552861543,
-0.79310913390654));
#93570=AXIS2_PLACEMENT_3D('',#93540,#93550,#93560);
#93580=ELLIPSE('',#93570,0.300030791987682,0.3);
#93590=EDGE_CURVE('',#93510,#57040,#93580,.T.);
#93600=ORIENTED_EDGE('',*,*,#93590,.F.);
#93610=ORIENTED_EDGE('',*,*,#57050,.F.);
#93620=CARTESIAN_POINT('',(20.4836462030948,41.2386545516129,
-39.9332861188318));
#93630=DIRECTION('',(0.,0.,1.));
#93640=VECTOR('',#93630,1.);
#93650=LINE('',#93620,#93640);
#93660=CARTESIAN_POINT('',(20.4836462030948,41.2386545516129,
-45.5732757384884));
#93670=VERTEX_POINT('',#93660);
#93680=EDGE_CURVE('',#56960,#93670,#93650,.T.);
#93690=ORIENTED_EDGE('',*,*,#93680,.F.);
#93700=CARTESIAN_POINT('',(20.4836462030948,41.5386659751286,
-45.5733054880413));
#93710=DIRECTION('',(-1.,-1.4210854715202E-14,0.));
#93720=DIRECTION('',(-8.65554103570617E-15,0.60907955286088,
-0.793109133907049));
#93730=AXIS2_PLACEMENT_3D('',#93700,#93710,#93720);
#93740=ELLIPSE('',#93730,0.300030791987682,0.3);
#93750=CARTESIAN_POINT('',(20.4836462030948,41.5386362263636,
-45.2732861188318));
#93760=VERTEX_POINT('',#93750);
#93770=EDGE_CURVE('',#93670,#93760,#93740,.T.);
#93780=ORIENTED_EDGE('',*,*,#93770,.F.);
#93790=CARTESIAN_POINT('',(20.4836462030948,43.776923,-45.2732861188318)
);
#93800=DIRECTION('',(1.4210854715202E-14,-1.,4.13057089509717E-32));
#93810=VECTOR('',#93800,1.);
#93820=LINE('',#93790,#93810);
#93830=CARTESIAN_POINT('',(20.4836462030948,43.6118764403034,
-45.2732861188318));
#93840=VERTEX_POINT('',#93830);
#93850=EDGE_CURVE('',#93840,#93760,#93820,.T.);
#93860=ORIENTED_EDGE('',*,*,#93850,.T.);
#93870=CARTESIAN_POINT('',(20.4836462030948,43.6118466915385,
-45.5733054880413));
#93880=DIRECTION('',(-1.,-1.4210854715202E-14,0.));
#93890=DIRECTION('',(8.65554103570617E-15,-0.60907955286088,
-0.793109133907049));
#93900=AXIS2_PLACEMENT_3D('',#93870,#93880,#93890);
#93910=ELLIPSE('',#93900,0.300030791987682,0.3);
#93920=CARTESIAN_POINT('',(20.4836462030948,43.9118581150542,
-45.5732757384884));
#93930=VERTEX_POINT('',#93920);
#93940=EDGE_CURVE('',#93840,#93930,#93910,.T.);
#93950=ORIENTED_EDGE('',*,*,#93940,.F.);
#93960=CARTESIAN_POINT('',(20.4836462030948,43.9118581150542,
-39.9332861188318));
#93970=DIRECTION('',(0.,0.,-1.));
#93980=VECTOR('',#93970,1.);
#93990=LINE('',#93960,#93980);
#94000=CARTESIAN_POINT('',(20.4836462030948,43.9118581150542,
-45.8016919524983));
#94010=VERTEX_POINT('',#94000);
#94020=EDGE_CURVE('',#93930,#94010,#93990,.T.);
#94030=ORIENTED_EDGE('',*,*,#94020,.F.);
#94040=CARTESIAN_POINT('',(20.4836462030948,44.1118657307313,
-45.801676721434));
#94050=DIRECTION('',(-1.,-1.4210854715202E-14,0.));
#94060=DIRECTION('',(-1.00485917355726E-14,0.7071067811863,
0.707106781186795));
#94070=AXIS2_PLACEMENT_3D('',#94040,#94050,#94060);
#94080=ELLIPSE('',#94070,0.200015231064324,0.2);
#94090=EDGE_CURVE('',#93000,#94010,#94080,.T.);
#94100=ORIENTED_EDGE('',*,*,#94090,.T.);
#94110=ORIENTED_EDGE('',*,*,#93010,.T.);
#94120=CARTESIAN_POINT('',(20.4836462030948,44.461850499377,
-46.2016919527883));
#94130=DIRECTION('',(-1.,-1.4210854715202E-14,0.));
#94140=DIRECTION('',(-1.00485917355726E-14,0.7071067811863,
0.707106781186795));
#94150=AXIS2_PLACEMENT_3D('',#94120,#94130,#94140);
#94160=ELLIPSE('',#94150,0.200015231064324,0.2);
#94170=CARTESIAN_POINT('',(20.4836462030948,44.6618581150542,
-46.201676721724));
#94180=VERTEX_POINT('',#94170);
#94190=EDGE_CURVE('',#92920,#94180,#94160,.T.);
#94200=ORIENTED_EDGE('',*,*,#94190,.F.);
#94210=CARTESIAN_POINT('',(20.4836462030948,44.6618581150542,
-45.0132861188318));
#94220=DIRECTION('',(0.,0.,1.));
#94230=VECTOR('',#94220,1.);
#94240=LINE('',#94210,#94230);
#94250=EDGE_CURVE('',#93240,#94180,#94240,.T.);
#94260=ORIENTED_EDGE('',*,*,#94250,.T.);
#94270=EDGE_LOOP('',(#94260,#94200,#94110,#94100,#94030,#93950,#93860,
#93780,#93690,#93610,#93600,#93530,#93450,#93360,#93280));
#94280=FACE_OUTER_BOUND('',#94270,.T.);
#94290=CARTESIAN_POINT('',(20.4836462030948,43.776923,-45.9632861188318)
);
#94300=DIRECTION('',(1.4210854715202E-14,-1.,0.));
#94310=VECTOR('',#94300,1.);
#94320=LINE('',#94290,#94310);
#94330=CARTESIAN_POINT('',(20.4836462030948,42.890256333334,
-45.9632861188318));
#94340=VERTEX_POINT('',#94330);
#94350=CARTESIAN_POINT('',(20.4836462030948,42.250256333334,
-45.9632861188318));
#94360=VERTEX_POINT('',#94350);
#94370=EDGE_CURVE('',#94340,#94360,#94320,.T.);
#94380=ORIENTED_EDGE('',*,*,#94370,.F.);
#94390=CARTESIAN_POINT('',(20.4836462030948,42.250256333334,
-45.0132861188318));
#94400=DIRECTION('',(0.,0.,-1.));
#94410=VECTOR('',#94400,1.);
#94420=LINE('',#94390,#94410);
#94430=CARTESIAN_POINT('',(20.4836462030948,42.250256333334,
-46.6032861188318));
#94440=VERTEX_POINT('',#94430);
#94450=EDGE_CURVE('',#94360,#94440,#94420,.T.);
#94460=ORIENTED_EDGE('',*,*,#94450,.F.);
#94470=CARTESIAN_POINT('',(20.4836462030948,43.776923,-46.6032861188318)
);
#94480=DIRECTION('',(1.4210854715202E-14,-1.,0.));
#94490=VECTOR('',#94480,1.);
#94500=LINE('',#94470,#94490);
#94510=CARTESIAN_POINT('',(20.4836462030948,42.890256333334,
-46.6032861188318));
#94520=VERTEX_POINT('',#94510);
#94530=EDGE_CURVE('',#94520,#94440,#94500,.T.);
#94540=ORIENTED_EDGE('',*,*,#94530,.T.);
#94550=CARTESIAN_POINT('',(20.4836462030948,42.890256333334,
-45.0132861188318));
#94560=DIRECTION('',(0.,0.,1.));
#94570=VECTOR('',#94560,1.);
#94580=LINE('',#94550,#94570);
#94590=EDGE_CURVE('',#94520,#94340,#94580,.T.);
#94600=ORIENTED_EDGE('',*,*,#94590,.F.);
#94610=EDGE_LOOP('',(#94600,#94540,#94460,#94380));
#94620=FACE_BOUND('',#94610,.T.);
#94630=ADVANCED_FACE('',(#94280,#94620),#93170,.F.);
#94640=CARTESIAN_POINT('',(29.816979536428,43.6932974575857,
-47.099327355683));
#94650=DIRECTION('',(-0.999897370574939,-0.00872597215734906,
0.0113624701201671));
#94660=DIRECTION('',(-0.0113629027288246,-1.61476559822299E-16,
-0.9999354401368));
#94670=AXIS2_PLACEMENT_3D('',#94640,#94650,#94660);
#94680=CYLINDRICAL_SURFACE('',#94670,0.3);
#94690=ORIENTED_EDGE('',*,*,#7430,.T.);
#94700=ORIENTED_EDGE('',*,*,#57110,.F.);
#94710=ORIENTED_EDGE('',*,*,#93590,.T.);
#94720=CARTESIAN_POINT('',(29.8143615757785,43.9932860345049,
-47.099327355683));
#94730=DIRECTION('',(-0.999897370574939,-0.00872597215734906,
0.0113624701201671));
#94740=VECTOR('',#94730,1.);
#94750=LINE('',#94720,#94740);
#94760=EDGE_CURVE('',#7420,#93510,#94750,.T.);
#94770=ORIENTED_EDGE('',*,*,#94760,.T.);
#94780=EDGE_LOOP('',(#94770,#94710,#94700,#94690));
#94790=FACE_OUTER_BOUND('',#94780,.T.);
#94800=ADVANCED_FACE('',(#94790),#94680,.F.);
#94810=CARTESIAN_POINT('',(24.8836462030947,43.9502563333336,
-45.0132861188318));
#94820=DIRECTION('',(0.00872653549838815,-0.999961923064171,0.));
#94830=DIRECTION('',(-0.999961923064171,-0.00872653549838815,-0.));
#94840=AXIS2_PLACEMENT_3D('',#94810,#94820,#94830);
#94850=PLANE('',#94840);
#94860=ORIENTED_EDGE('',*,*,#94760,.F.);
#94870=ORIENTED_EDGE('',*,*,#93520,.T.);
#94880=CARTESIAN_POINT('',(29.8187248435277,43.9933241121657,
-46.8463462822767));
#94890=DIRECTION('',(-0.99992385047757,-0.00872620324395843,
0.00872620324394422));
#94900=VECTOR('',#94890,1.);
#94910=LINE('',#94880,#94900);
#94920=EDGE_CURVE('',#7500,#93430,#94910,.T.);
#94930=ORIENTED_EDGE('',*,*,#94920,.T.);
#94940=ORIENTED_EDGE('',*,*,#7510,.T.);
#94950=EDGE_LOOP('',(#94940,#94930,#94870,#94860));
#94960=FACE_OUTER_BOUND('',#94950,.T.);
#94970=ADVANCED_FACE('',(#94960),#94850,.T.);
#94980=CARTESIAN_POINT('',(29.816979536428,44.1933164967785,
-46.8463462822767));
#94990=DIRECTION('',(-0.99992385047757,-0.00872620324395843,
0.00872620324394422));
#95000=DIRECTION('',(0.00872653549838815,-0.999961923064171,0.));
#95010=AXIS2_PLACEMENT_3D('',#94980,#94990,#95000);
#95020=CYLINDRICAL_SURFACE('',#95010,0.2);
#95030=ORIENTED_EDGE('',*,*,#94920,.F.);
#95040=ORIENTED_EDGE('',*,*,#93440,.F.);
#95050=CARTESIAN_POINT('',(29.8187248435277,44.1933164967785,
-46.6463538976639));
#95060=DIRECTION('',(-0.99992385047757,-0.00872620324395843,
0.00872620324394422));
#95070=VECTOR('',#95060,1.);
#95080=LINE('',#95050,#95070);
#95090=EDGE_CURVE('',#7590,#93340,#95080,.T.);
#95100=ORIENTED_EDGE('',*,*,#95090,.T.);
#95110=ORIENTED_EDGE('',*,*,#7600,.F.);
#95120=EDGE_LOOP('',(#95110,#95100,#95040,#95030));
#95130=FACE_OUTER_BOUND('',#95120,.T.);
#95140=ADVANCED_FACE('',(#95130),#95020,.T.);
#95150=CARTESIAN_POINT('',(24.8836462030947,43.7769230000001,
-46.6032861188318));
#95160=DIRECTION('',(0.00872653549837393,1.24011528134445E-16,
0.999961923064171));
#95170=DIRECTION('',(1.4210854715202E-14,-1.,-4.13041361561426E-32));
#95180=AXIS2_PLACEMENT_3D('',#95150,#95160,#95170);
#95190=PLANE('',#95180);
#95200=ORIENTED_EDGE('',*,*,#95090,.F.);
#95210=ORIENTED_EDGE('',*,*,#93350,.T.);
#95220=CARTESIAN_POINT('',(29.8152342293284,44.5433012654242,
-46.6463234355352));
#95230=DIRECTION('',(-0.99992385047757,-0.00872620324395843,
0.00872620324394422));
#95240=VECTOR('',#95230,1.);
#95250=LINE('',#95220,#95240);
#95260=EDGE_CURVE('',#7670,#93260,#95250,.T.);
#95270=ORIENTED_EDGE('',*,*,#95260,.T.);
#95280=ORIENTED_EDGE('',*,*,#7680,.F.);
#95290=EDGE_LOOP('',(#95280,#95270,#95210,#95200));
#95300=FACE_OUTER_BOUND('',#95290,.T.);
#95310=ADVANCED_FACE('',(#95300),#95190,.T.);
#95320=CARTESIAN_POINT('',(29.816979536428,44.5433012654242,
-46.4463310509224));
#95330=DIRECTION('',(-0.99992385047757,-0.00872620324395843,
0.00872620324394422));
#95340=DIRECTION('',(0.00872653549838815,-0.999961923064171,0.));
#95350=AXIS2_PLACEMENT_3D('',#95320,#95330,#95340);
#95360=CYLINDRICAL_SURFACE('',#95350,0.2);
#95370=ORIENTED_EDGE('',*,*,#95260,.F.);
#95380=ORIENTED_EDGE('',*,*,#93270,.T.);
#95390=CARTESIAN_POINT('',(29.8152342293284,44.7432936500371,
-46.4463310509224));
#95400=DIRECTION('',(-0.99992385047757,-0.00872620324395843,
0.00872620324394422));
#95410=VECTOR('',#95400,1.);
#95420=LINE('',#95390,#95410);
#95430=EDGE_CURVE('',#7760,#93240,#95420,.T.);
#95440=ORIENTED_EDGE('',*,*,#95430,.T.);
#95450=ORIENTED_EDGE('',*,*,#7770,.F.);
#95460=EDGE_LOOP('',(#95450,#95440,#95380,#95370));
#95470=FACE_OUTER_BOUND('',#95460,.T.);
#95480=ADVANCED_FACE('',(#95470),#95360,.F.);
#95490=CARTESIAN_POINT('',(24.8836462030947,44.7002563333336,
-45.0132861188318));
#95500=DIRECTION('',(-0.00872653549838815,0.999961923064171,0.));
#95510=DIRECTION('',(0.999961923064171,0.00872653549838815,0.));
#95520=AXIS2_PLACEMENT_3D('',#95490,#95500,#95510);
#95530=PLANE('',#95520);
#95540=CARTESIAN_POINT('',(29.8152342293284,44.7432936500371,
-46.1202411867412));
#95550=DIRECTION('',(0.99992385047757,0.00872620324395843,
0.00872620324394422));
#95560=VECTOR('',#95550,1.);
#95570=LINE('',#95540,#95560);
#95580=EDGE_CURVE('',#94180,#7840,#95570,.T.);
#95590=ORIENTED_EDGE('',*,*,#95580,.F.);
#95600=ORIENTED_EDGE('',*,*,#7850,.T.);
#95610=ORIENTED_EDGE('',*,*,#95430,.F.);
#95620=ORIENTED_EDGE('',*,*,#94250,.F.);
#95630=EDGE_LOOP('',(#95620,#95610,#95600,#95590));
#95640=FACE_OUTER_BOUND('',#95630,.T.);
#95650=ADVANCED_FACE('',(#95640),#95530,.F.);
#95660=CARTESIAN_POINT('',(24.8836462030947,43.9502563333336,
-45.0132861188318));
#95670=DIRECTION('',(0.00872653549838815,-0.999961923064171,0.));
#95680=DIRECTION('',(-0.999961923064171,-0.00872653549838815,-0.));
#95690=AXIS2_PLACEMENT_3D('',#95660,#95670,#95680);
#95700=PLANE('',#95690);
#95710=CARTESIAN_POINT('',(29.8187248435277,43.9933241121657,
-45.7202259553869));
#95720=DIRECTION('',(0.99992385047757,0.00872620324395843,
0.00872620324394422));
#95730=VECTOR('',#95720,1.);
#95740=LINE('',#95710,#95730);
#95750=EDGE_CURVE('',#94010,#8100,#95740,.T.);
#95760=ORIENTED_EDGE('',*,*,#95750,.T.);
#95770=ORIENTED_EDGE('',*,*,#94020,.T.);
#95780=CARTESIAN_POINT('',(29.8143615757785,43.9932860345049,
-45.4672448819806));
#95790=DIRECTION('',(0.999897370574939,0.00872597215734906,
0.0113624701201756));
#95800=VECTOR('',#95790,1.);
#95810=LINE('',#95780,#95800);
#95820=EDGE_CURVE('',#93930,#8180,#95810,.T.);
#95830=ORIENTED_EDGE('',*,*,#95820,.F.);
#95840=ORIENTED_EDGE('',*,*,#8190,.T.);
#95850=EDGE_LOOP('',(#95840,#95830,#95770,#95760));
#95860=FACE_OUTER_BOUND('',#95850,.T.);
#95870=ADVANCED_FACE('',(#95860),#95700,.T.);
#95880=CARTESIAN_POINT('',(29.816979536428,43.6932974575857,
-45.4672448819806));
#95890=DIRECTION('',(0.999897370574939,0.00872597215734906,
0.0113624701201756));
#95900=DIRECTION('',(-0.0113629027288331,-1.6147655982242E-16,
0.9999354401368));
#95910=AXIS2_PLACEMENT_3D('',#95880,#95890,#95900);
#95920=CYLINDRICAL_SURFACE('',#95910,0.3);
#95930=ORIENTED_EDGE('',*,*,#95820,.T.);
#95940=ORIENTED_EDGE('',*,*,#93940,.T.);
#95950=CARTESIAN_POINT('',(29.8135706656094,43.6932974575857,
-45.1672642499396));
#95960=DIRECTION('',(0.999897370574939,0.00872597215734906,
0.0113624701201756));
#95970=VECTOR('',#95960,1.);
#95980=LINE('',#95950,#95970);
#95990=EDGE_CURVE('',#93840,#8270,#95980,.T.);
#96000=ORIENTED_EDGE('',*,*,#95990,.F.);
#96010=ORIENTED_EDGE('',*,*,#8280,.T.);
#96020=EDGE_LOOP('',(#96010,#96000,#95940,#95930));
#96030=FACE_OUTER_BOUND('',#96020,.T.);
#96040=ADVANCED_FACE('',(#96030),#95920,.F.);
#96050=CARTESIAN_POINT('',(24.8836462030948,40.6002563333336,
-45.2232861188318));
#96060=DIRECTION('',(0.0113629027288331,1.6147655982242E-16,
-0.9999354401368));
#96070=DIRECTION('',(-0.9999354401368,-1.42099372643656E-14,
-0.0113629027288331));
#96080=AXIS2_PLACEMENT_3D('',#96050,#96060,#96070);
#96090=PLANE('',#96080);
#96100=ORIENTED_EDGE('',*,*,#95990,.T.);
#96110=ORIENTED_EDGE('',*,*,#93850,.F.);
#96120=CARTESIAN_POINT('',(29.8135706656094,41.4572152090816,
-45.1672642499396));
#96130=DIRECTION('',(0.999897370574939,-0.00872597215732064,
0.0113624701201756));
#96140=VECTOR('',#96130,1.);
#96150=LINE('',#96120,#96140);
#96160=EDGE_CURVE('',#93760,#8350,#96150,.T.);
#96170=ORIENTED_EDGE('',*,*,#96160,.F.);
#96180=ORIENTED_EDGE('',*,*,#8360,.F.);
#96190=EDGE_LOOP('',(#96180,#96170,#96110,#96100));
#96200=FACE_OUTER_BOUND('',#96190,.T.);
#96210=ADVANCED_FACE('',(#96200),#96090,.T.);
#96220=CARTESIAN_POINT('',(24.8836462030948,41.2002563333336,
-45.0132861188318));
#96230=DIRECTION('',(-0.00872653549835972,-0.999961923064171,-0.));
#96240=DIRECTION('',(-0.999961923064171,0.00872653549835972,0.));
#96250=AXIS2_PLACEMENT_3D('',#96220,#96230,#96240);
#96260=PLANE('',#96250);
#96270=CARTESIAN_POINT('',(29.8143615757786,41.1572266321624,
-45.4672448819806));
#96280=DIRECTION('',(0.999897370574939,-0.00872597215732064,
0.0113624701201756));
#96290=VECTOR('',#96280,1.);
#96300=LINE('',#96270,#96290);
#96310=EDGE_CURVE('',#93670,#8440,#96300,.T.);
#96320=ORIENTED_EDGE('',*,*,#96310,.T.);
#96330=ORIENTED_EDGE('',*,*,#93680,.T.);
#96340=ORIENTED_EDGE('',*,*,#56970,.T.);
#96350=ORIENTED_EDGE('',*,*,#85790,.F.);
#96360=ORIENTED_EDGE('',*,*,#92760,.F.);
#96370=ORIENTED_EDGE('',*,*,#8530,.F.);
#96380=EDGE_LOOP('',(#96370,#96360,#96350,#96340,#96330,#96320));
#96390=FACE_OUTER_BOUND('',#96380,.T.);
#96400=ADVANCED_FACE('',(#96390),#96260,.F.);
#96410=CARTESIAN_POINT('',(29.8169795364281,41.4572152090816,
-45.4672448819806));
#96420=DIRECTION('',(0.999897370574939,-0.00872597215732064,
0.0113624701201756));
#96430=DIRECTION('',(-0.0113629027288331,-1.6147655982242E-16,
0.9999354401368));
#96440=AXIS2_PLACEMENT_3D('',#96410,#96420,#96430);
#96450=CYLINDRICAL_SURFACE('',#96440,0.3);
#96460=ORIENTED_EDGE('',*,*,#96160,.T.);
#96470=ORIENTED_EDGE('',*,*,#93770,.T.);
#96480=ORIENTED_EDGE('',*,*,#96310,.F.);
#96490=ORIENTED_EDGE('',*,*,#8450,.F.);
#96500=EDGE_LOOP('',(#96490,#96480,#96470,#96460));
#96510=FACE_OUTER_BOUND('',#96500,.T.);
#96520=ADVANCED_FACE('',(#96510),#96450,.F.);
#96530=CARTESIAN_POINT('',(29.816979536428,44.1933164967785,
-45.7202259553869));
#96540=DIRECTION('',(0.99992385047757,0.00872620324395843,
0.00872620324394422));
#96550=DIRECTION('',(-0.00872653549838815,0.999961923064171,0.));
#96560=AXIS2_PLACEMENT_3D('',#96530,#96540,#96550);
#96570=CYLINDRICAL_SURFACE('',#96560,0.2);
#96580=ORIENTED_EDGE('',*,*,#93070,.T.);
#96590=ORIENTED_EDGE('',*,*,#94090,.F.);
#96600=ORIENTED_EDGE('',*,*,#95750,.F.);
#96610=ORIENTED_EDGE('',*,*,#8110,.T.);
#96620=EDGE_LOOP('',(#96610,#96600,#96590,#96580));
#96630=FACE_OUTER_BOUND('',#96620,.T.);
#96640=ADVANCED_FACE('',(#96630),#96570,.T.);
#96650=CARTESIAN_POINT('',(21.8836462030946,42.570256333334,
-46.6032861188318));
#96660=DIRECTION('',(0.,0.,-1.));
#96670=DIRECTION('',(1.,0.,0.));
#96680=AXIS2_PLACEMENT_3D('',#96650,#96660,#96670);
#96690=PLANE('',#96680);
#96700=CARTESIAN_POINT('',(18.7236462030947,42.890256333334,
-46.6032861188318));
#96710=DIRECTION('',(1.,0.,0.));
#96720=VECTOR('',#96710,1.);
#96730=LINE('',#96700,#96720);
#96740=CARTESIAN_POINT('',(23.3836462030946,42.890256333334,
-46.6032861188318));
#96750=VERTEX_POINT('',#96740);
#96760=EDGE_CURVE('',#94520,#96750,#96730,.T.);
#96770=ORIENTED_EDGE('',*,*,#96760,.T.);
#96780=ORIENTED_EDGE('',*,*,#94530,.F.);
#96790=CARTESIAN_POINT('',(23.3836462030946,42.250256333334,
-46.6032861188318));
#96800=DIRECTION('',(-1.,0.,0.));
#96810=VECTOR('',#96800,1.);
#96820=LINE('',#96790,#96810);
#96830=CARTESIAN_POINT('',(23.3836462030946,42.250256333334,
-46.6032861188318));
#96840=VERTEX_POINT('',#96830);
#96850=EDGE_CURVE('',#96840,#94440,#96820,.T.);
#96860=ORIENTED_EDGE('',*,*,#96850,.T.);
#96870=CARTESIAN_POINT('',(23.3836462030946,42.472756333334,
-46.6032861188318));
#96880=DIRECTION('',(0.,-1.,-0.));
#96890=VECTOR('',#96880,1.);
#96900=LINE('',#96870,#96890);
#96910=EDGE_CURVE('',#96750,#96840,#96900,.T.);
#96920=ORIENTED_EDGE('',*,*,#96910,.T.);
#96930=EDGE_LOOP('',(#96920,#96860,#96780,#96770));
#96940=FACE_OUTER_BOUND('',#96930,.T.);
#96950=ADVANCED_FACE('',(#96940),#96690,.T.);
#96960=COLOUR_RGB('',1.,0.843137323856354,0.);
#96970=FILL_AREA_STYLE_COLOUR('',#96960);
#96980=FILL_AREA_STYLE('',(#96970));
#96990=SURFACE_STYLE_FILL_AREA(#96980);
#97000=SURFACE_SIDE_STYLE('',(#96990));
#97010=SURFACE_STYLE_USAGE(.BOTH.,#97000);
#97020=PRESENTATION_STYLE_ASSIGNMENT((#97010));
#97030=CARTESIAN_POINT('',(23.3836462030946,42.890256333334,
-46.6032861188318));
#97040=DIRECTION('',(0.,-1.,0.));
#97050=DIRECTION('',(1.,0.,0.));
#97060=AXIS2_PLACEMENT_3D('',#97030,#97040,#97050);
#97070=PLANE('',#97060);
#97080=CARTESIAN_POINT('',(18.7236462030947,42.890256333334,
-45.9632861188318));
#97090=DIRECTION('',(1.,0.,0.));
#97100=VECTOR('',#97090,1.);
#97110=LINE('',#97080,#97100);
#97120=CARTESIAN_POINT('',(23.3836462030946,42.890256333334,
-45.9632861188318));
#97130=VERTEX_POINT('',#97120);
#97140=EDGE_CURVE('',#94340,#97130,#97110,.T.);
#97150=ORIENTED_EDGE('',*,*,#97140,.T.);
#97160=ORIENTED_EDGE('',*,*,#94590,.T.);
#97170=ORIENTED_EDGE('',*,*,#96760,.F.);
#97180=CARTESIAN_POINT('',(23.3836462030946,42.890256333334,
-46.2832861188318));
#97190=DIRECTION('',(0.,0.,1.));
#97200=VECTOR('',#97190,1.);
#97210=LINE('',#97180,#97200);
#97220=EDGE_CURVE('',#96750,#97130,#97210,.T.);
#97230=ORIENTED_EDGE('',*,*,#97220,.F.);
#97240=EDGE_LOOP('',(#97230,#97170,#97160,#97150));
#97250=FACE_OUTER_BOUND('',#97240,.T.);
#97260=ADVANCED_FACE('',(#97250),#97070,.F.);
#97270=COLOUR_RGB('',1.,0.843137323856354,0.);
#97280=FILL_AREA_STYLE_COLOUR('',#97270);
#97290=FILL_AREA_STYLE('',(#97280));
#97300=SURFACE_STYLE_FILL_AREA(#97290);
#97310=SURFACE_SIDE_STYLE('',(#97300));
#97320=SURFACE_STYLE_USAGE(.BOTH.,#97310);
#97330=PRESENTATION_STYLE_ASSIGNMENT((#97320));
#97340=CARTESIAN_POINT('',(21.8836462030946,42.570256333334,
-45.9632861188318));
#97350=DIRECTION('',(0.,0.,-1.));
#97360=DIRECTION('',(1.,0.,0.));
#97370=AXIS2_PLACEMENT_3D('',#97340,#97350,#97360);
#97380=PLANE('',#97370);
#97390=CARTESIAN_POINT('',(23.3836462030946,42.250256333334,
-45.9632861188318));
#97400=DIRECTION('',(-1.,0.,0.));
#97410=VECTOR('',#97400,1.);
#97420=LINE('',#97390,#97410);
#97430=CARTESIAN_POINT('',(23.3836462030946,42.250256333334,
-45.9632861188318));
#97440=VERTEX_POINT('',#97430);
#97450=EDGE_CURVE('',#97440,#94360,#97420,.T.);
#97460=ORIENTED_EDGE('',*,*,#97450,.F.);
#97470=ORIENTED_EDGE('',*,*,#94370,.T.);
#97480=ORIENTED_EDGE('',*,*,#97140,.F.);
#97490=CARTESIAN_POINT('',(23.3836462030946,42.570256333334,
-45.9632861188318));
#97500=DIRECTION('',(0.,-1.,-0.));
#97510=VECTOR('',#97500,1.);
#97520=LINE('',#97490,#97510);
#97530=EDGE_CURVE('',#97130,#97440,#97520,.T.);
#97540=ORIENTED_EDGE('',*,*,#97530,.F.);
#97550=EDGE_LOOP('',(#97540,#97480,#97470,#97460));
#97560=FACE_OUTER_BOUND('',#97550,.T.);
#97570=ADVANCED_FACE('',(#97560),#97380,.F.);
#97580=COLOUR_RGB('',1.,0.843137323856354,0.);
#97590=FILL_AREA_STYLE_COLOUR('',#97580);
#97600=FILL_AREA_STYLE('',(#97590));
#97610=SURFACE_STYLE_FILL_AREA(#97600);
#97620=SURFACE_SIDE_STYLE('',(#97610));
#97630=SURFACE_STYLE_USAGE(.BOTH.,#97620);
#97640=PRESENTATION_STYLE_ASSIGNMENT((#97630));
#97650=CARTESIAN_POINT('',(23.6336462030946,42.570256333334,
-46.0607861188318));
#97660=DIRECTION('',(-0.363345276491644,0.,-0.931654555106779));
#97670=DIRECTION('',(0.931654555106779,0.,-0.363345276491644));
#97680=AXIS2_PLACEMENT_3D('',#97650,#97660,#97670);
#97690=PLANE('',#97680);
#97700=CARTESIAN_POINT('',(21.8836462030946,43.475256333334,
-45.3782861188318));
#97710=DIRECTION('',(-0.875644657040788,0.341501416245907,
0.341501416245907));
#97720=VECTOR('',#97710,1.);
#97730=LINE('',#97700,#97720);
#97740=CARTESIAN_POINT('',(23.8836462030946,42.695256333334,
-46.1582861188318));
#97750=VERTEX_POINT('',#97740);
#97760=EDGE_CURVE('',#97750,#97130,#97730,.T.);
#97770=ORIENTED_EDGE('',*,*,#97760,.T.);
#97780=CARTESIAN_POINT('',(23.8836462030946,42.570256333334,
-46.1582861188318));
#97790=DIRECTION('',(0.,-1.,-0.));
#97800=VECTOR('',#97790,1.);
#97810=LINE('',#97780,#97800);
#97820=CARTESIAN_POINT('',(23.8836462030946,42.445256333334,
-46.1582861188318));
#97830=VERTEX_POINT('',#97820);
#97840=EDGE_CURVE('',#97750,#97830,#97810,.T.);
#97850=ORIENTED_EDGE('',*,*,#97840,.F.);
#97860=CARTESIAN_POINT('',(21.8836462030946,41.665256333334,
-45.3782861188318));
#97870=DIRECTION('',(0.875644657040788,0.341501416245907,
-0.341501416245907));
#97880=VECTOR('',#97870,1.);
#97890=LINE('',#97860,#97880);
#97900=EDGE_CURVE('',#97440,#97830,#97890,.T.);
#97910=ORIENTED_EDGE('',*,*,#97900,.T.);
#97920=ORIENTED_EDGE('',*,*,#97530,.T.);
#97930=EDGE_LOOP('',(#97920,#97910,#97850,#97770));
#97940=FACE_OUTER_BOUND('',#97930,.T.);
#97950=ADVANCED_FACE('',(#97940),#97690,.F.);
#97960=COLOUR_RGB('',1.,0.843137323856354,0.);
#97970=FILL_AREA_STYLE_COLOUR('',#97960);
#97980=FILL_AREA_STYLE('',(#97970));
#97990=SURFACE_STYLE_FILL_AREA(#97980);
#98000=SURFACE_SIDE_STYLE('',(#97990));
#98010=SURFACE_STYLE_USAGE(.BOTH.,#98000);
#98020=PRESENTATION_STYLE_ASSIGNMENT((#98010));
#98030=CARTESIAN_POINT('',(23.6336462030946,42.792756333334,
-46.2832861188318));
#98040=DIRECTION('',(-0.363345276491644,-0.931654555106779,0.));
#98050=DIRECTION('',(0.931654555106779,-0.363345276491644,0.));
#98060=AXIS2_PLACEMENT_3D('',#98030,#98040,#98050);
#98070=PLANE('',#98060);
#98080=ORIENTED_EDGE('',*,*,#97760,.F.);
#98090=ORIENTED_EDGE('',*,*,#97220,.T.);
#98100=CARTESIAN_POINT('',(21.8836462030946,43.475256333334,
-47.1882861188318));
#98110=DIRECTION('',(-0.875644657040788,0.341501416245907,
-0.341501416245907));
#98120=VECTOR('',#98110,1.);
#98130=LINE('',#98100,#98120);
#98140=CARTESIAN_POINT('',(23.8836462030946,42.695256333334,
-46.4082861188318));
#98150=VERTEX_POINT('',#98140);
#98160=EDGE_CURVE('',#98150,#96750,#98130,.T.);
#98170=ORIENTED_EDGE('',*,*,#98160,.T.);
#98180=CARTESIAN_POINT('',(23.8836462030946,42.695256333334,
-46.2832861188318));
#98190=DIRECTION('',(0.,0.,1.));
#98200=VECTOR('',#98190,1.);
#98210=LINE('',#98180,#98200);
#98220=EDGE_CURVE('',#98150,#97750,#98210,.T.);
#98230=ORIENTED_EDGE('',*,*,#98220,.F.);
#98240=EDGE_LOOP('',(#98230,#98170,#98090,#98080));
#98250=FACE_OUTER_BOUND('',#98240,.T.);
#98260=ADVANCED_FACE('',(#98250),#98070,.F.);
#98270=COLOUR_RGB('',1.,0.843137323856354,0.);
#98280=FILL_AREA_STYLE_COLOUR('',#98270);
#98290=FILL_AREA_STYLE('',(#98280));
#98300=SURFACE_STYLE_FILL_AREA(#98290);
#98310=SURFACE_SIDE_STYLE('',(#98300));
#98320=SURFACE_STYLE_USAGE(.BOTH.,#98310);
#98330=PRESENTATION_STYLE_ASSIGNMENT((#98320));
#98340=CARTESIAN_POINT('',(23.6336462030946,42.472756333334,
-46.5057861188318));
#98350=DIRECTION('',(0.363345276491644,0.,-0.931654555106779));
#98360=DIRECTION('',(0.931654555106779,0.,0.363345276491644));
#98370=AXIS2_PLACEMENT_3D('',#98340,#98350,#98360);
#98380=PLANE('',#98370);
#98390=CARTESIAN_POINT('',(21.8836462030946,41.665256333334,
-47.1882861188318));
#98400=DIRECTION('',(-0.875644657040788,-0.341501416245907,
-0.341501416245907));
#98410=VECTOR('',#98400,1.);
#98420=LINE('',#98390,#98410);
#98430=CARTESIAN_POINT('',(23.8836462030946,42.445256333334,
-46.4082861188318));
#98440=VERTEX_POINT('',#98430);
#98450=EDGE_CURVE('',#98440,#96840,#98420,.T.);
#98460=ORIENTED_EDGE('',*,*,#98450,.T.);
#98470=CARTESIAN_POINT('',(23.8836462030946,42.472756333334,
-46.4082861188318));
#98480=DIRECTION('',(0.,-1.,-0.));
#98490=VECTOR('',#98480,1.);
#98500=LINE('',#98470,#98490);
#98510=EDGE_CURVE('',#98150,#98440,#98500,.T.);
#98520=ORIENTED_EDGE('',*,*,#98510,.T.);
#98530=ORIENTED_EDGE('',*,*,#98160,.F.);
#98540=ORIENTED_EDGE('',*,*,#96910,.F.);
#98550=EDGE_LOOP('',(#98540,#98530,#98520,#98460));
#98560=FACE_OUTER_BOUND('',#98550,.T.);
#98570=ADVANCED_FACE('',(#98560),#98380,.T.);
#98580=COLOUR_RGB('',1.,0.843137323856354,0.);
#98590=FILL_AREA_STYLE_COLOUR('',#98580);
#98600=FILL_AREA_STYLE('',(#98590));
#98610=SURFACE_STYLE_FILL_AREA(#98600);
#98620=SURFACE_SIDE_STYLE('',(#98610));
#98630=SURFACE_STYLE_USAGE(.BOTH.,#98620);
#98640=PRESENTATION_STYLE_ASSIGNMENT((#98630));
#98650=CARTESIAN_POINT('',(23.6336462030946,42.347756333334,
-46.1857861188318));
#98660=DIRECTION('',(-0.363345276491644,0.931654555106779,0.));
#98670=DIRECTION('',(-0.931654555106779,-0.363345276491644,-0.));
#98680=AXIS2_PLACEMENT_3D('',#98650,#98660,#98670);
#98690=PLANE('',#98680);
#98700=ORIENTED_EDGE('',*,*,#97900,.F.);
#98710=CARTESIAN_POINT('',(23.8836462030946,42.445256333334,
-46.1857861188318));
#98720=DIRECTION('',(0.,0.,1.));
#98730=VECTOR('',#98720,1.);
#98740=LINE('',#98710,#98730);
#98750=EDGE_CURVE('',#98440,#97830,#98740,.T.);
#98760=ORIENTED_EDGE('',*,*,#98750,.T.);
#98770=ORIENTED_EDGE('',*,*,#98450,.F.);
#98780=CARTESIAN_POINT('',(23.3836462030946,42.250256333334,
-46.1857861188318));
#98790=DIRECTION('',(0.,0.,1.));
#98800=VECTOR('',#98790,1.);
#98810=LINE('',#98780,#98800);
#98820=EDGE_CURVE('',#96840,#97440,#98810,.T.);
#98830=ORIENTED_EDGE('',*,*,#98820,.F.);
#98840=EDGE_LOOP('',(#98830,#98770,#98760,#98700));
#98850=FACE_OUTER_BOUND('',#98840,.T.);
#98860=ADVANCED_FACE('',(#98850),#98690,.F.);
#98870=COLOUR_RGB('',1.,0.843137323856354,0.);
#98880=FILL_AREA_STYLE_COLOUR('',#98870);
#98890=FILL_AREA_STYLE('',(#98880));
#98900=SURFACE_STYLE_FILL_AREA(#98890);
#98910=SURFACE_SIDE_STYLE('',(#98900));
#98920=SURFACE_STYLE_USAGE(.BOTH.,#98910);
#98930=PRESENTATION_STYLE_ASSIGNMENT((#98920));
#98940=CARTESIAN_POINT('',(18.7236462030947,42.250256333334,
-46.6032861188318));
#98950=DIRECTION('',(0.,1.,-0.));
#98960=DIRECTION('',(-1.,0.,0.));
#98970=AXIS2_PLACEMENT_3D('',#98940,#98950,#98960);
#98980=PLANE('',#98970);
#98990=ORIENTED_EDGE('',*,*,#97450,.T.);
#99000=ORIENTED_EDGE('',*,*,#98820,.T.);
#99010=ORIENTED_EDGE('',*,*,#96850,.F.);
#99020=ORIENTED_EDGE('',*,*,#94450,.T.);
#99030=EDGE_LOOP('',(#99020,#99010,#99000,#98990));
#99040=FACE_OUTER_BOUND('',#99030,.T.);
#99050=ADVANCED_FACE('',(#99040),#98980,.F.);
#99060=COLOUR_RGB('',1.,0.843137323856354,0.);
#99070=FILL_AREA_STYLE_COLOUR('',#99060);
#99080=FILL_AREA_STYLE('',(#99070));
#99090=SURFACE_STYLE_FILL_AREA(#99080);
#99100=SURFACE_SIDE_STYLE('',(#99090));
#99110=SURFACE_STYLE_USAGE(.BOTH.,#99100);
#99120=PRESENTATION_STYLE_ASSIGNMENT((#99110));
#99130=CARTESIAN_POINT('',(23.8836462030946,42.250256333334,
-46.6032861188318));
#99140=DIRECTION('',(-1.,-0.,0.));
#99150=DIRECTION('',(0.,-1.,-0.));
#99160=AXIS2_PLACEMENT_3D('',#99130,#99140,#99150);
#99170=PLANE('',#99160);
#99180=ORIENTED_EDGE('',*,*,#97840,.T.);
#99190=ORIENTED_EDGE('',*,*,#98220,.T.);
#99200=ORIENTED_EDGE('',*,*,#98510,.F.);
#99210=ORIENTED_EDGE('',*,*,#98750,.F.);
#99220=EDGE_LOOP('',(#99210,#99200,#99190,#99180));
#99230=FACE_OUTER_BOUND('',#99220,.T.);
#99240=ADVANCED_FACE('',(#99230),#99170,.F.);
#99250=COLOUR_RGB('',1.,0.843137323856354,0.);
#99260=FILL_AREA_STYLE_COLOUR('',#99250);
#99270=FILL_AREA_STYLE('',(#99260));
#99280=SURFACE_STYLE_FILL_AREA(#99270);
#99290=SURFACE_SIDE_STYLE('',(#99280));
#99300=SURFACE_STYLE_USAGE(.BOTH.,#99290);
#99310=PRESENTATION_STYLE_ASSIGNMENT((#99300));
#99320=CARTESIAN_POINT('',(29.816979536428,44.5433012654242,
-46.1202411867412));
#99330=DIRECTION('',(0.99992385047757,0.00872620324395843,
0.00872620324394422));
#99340=DIRECTION('',(-0.00872653549838815,0.999961923064171,0.));
#99350=AXIS2_PLACEMENT_3D('',#99320,#99330,#99340);
#99360=CYLINDRICAL_SURFACE('',#99350,0.2);
#99370=ORIENTED_EDGE('',*,*,#7940,.T.);
#99380=ORIENTED_EDGE('',*,*,#95580,.T.);
#99390=ORIENTED_EDGE('',*,*,#94190,.T.);
#99400=ORIENTED_EDGE('',*,*,#92930,.F.);
#99410=EDGE_LOOP('',(#99400,#99390,#99380,#99370));
#99420=FACE_OUTER_BOUND('',#99410,.T.);
#99430=ADVANCED_FACE('',(#99420),#99360,.F.);
#99440=CARTESIAN_POINT('',(24.8836462030947,43.7769230000001,
-38.9832861188318));
#99450=DIRECTION('',(0.00872653549837393,1.24011528134445E-16,
0.999961923064171));
#99460=DIRECTION('',(1.4210854715202E-14,-1.,-4.13041361561426E-32));
#99470=AXIS2_PLACEMENT_3D('',#99440,#99450,#99460);
#99480=PLANE('',#99470);
#99490=CARTESIAN_POINT('',(29.8187248435277,44.1933164967785,
-39.0263538976639));
#99500=DIRECTION('',(0.99992385047757,0.00872620324395843,
-0.00872620324394422));
#99510=VECTOR('',#99500,1.);
#99520=LINE('',#99490,#99510);
#99530=CARTESIAN_POINT('',(20.4836462030948,44.111850499667,
-38.9448879005525));
#99540=VERTEX_POINT('',#99530);
#99550=EDGE_CURVE('',#99540,#9060,#99520,.T.);
#99560=ORIENTED_EDGE('',*,*,#99550,.T.);
#99570=CARTESIAN_POINT('',(20.4836462030948,43.776923,-38.9448879005525)
);
#99580=DIRECTION('',(1.4210854715202E-14,-1.,-4.13057089509717E-32));
#99590=VECTOR('',#99580,1.);
#99600=LINE('',#99570,#99590);
#99610=CARTESIAN_POINT('',(20.4836462030948,44.4618657304413,
-38.9448879005525));
#99620=VERTEX_POINT('',#99610);
#99630=EDGE_CURVE('',#99620,#99540,#99600,.T.);
#99640=ORIENTED_EDGE('',*,*,#99630,.T.);
#99650=CARTESIAN_POINT('',(29.8152342293284,44.5433012654242,
-39.0263234355352));
#99660=DIRECTION('',(0.99992385047757,0.00872620324395843,
-0.00872620324394422));
#99670=VECTOR('',#99660,1.);
#99680=LINE('',#99650,#99670);
#99690=EDGE_CURVE('',#99620,#9140,#99680,.T.);
#99700=ORIENTED_EDGE('',*,*,#99690,.F.);
#99710=ORIENTED_EDGE('',*,*,#9150,.F.);
#99720=EDGE_LOOP('',(#99710,#99700,#99640,#99560));
#99730=FACE_OUTER_BOUND('',#99720,.T.);
#99740=ADVANCED_FACE('',(#99730),#99480,.T.);
#99750=CARTESIAN_POINT('',(29.816979536428,44.1933164967785,
-39.2263462822767));
#99760=DIRECTION('',(0.99992385047757,0.00872620324395843,
-0.00872620324394422));
#99770=DIRECTION('',(-0.00872653549838815,0.999961923064171,0.));
#99780=AXIS2_PLACEMENT_3D('',#99750,#99760,#99770);
#99790=CYLINDRICAL_SURFACE('',#99780,0.2);
#99800=CARTESIAN_POINT('',(29.8187248435277,43.9933241121657,
-39.2263462822767));
#99810=DIRECTION('',(0.99992385047757,0.00872620324395843,
-0.00872620324394422));
#99820=VECTOR('',#99810,1.);
#99830=LINE('',#99800,#99820);
#99840=CARTESIAN_POINT('',(20.4836462030948,43.9118581150542,
-39.1448802851653));
#99850=VERTEX_POINT('',#99840);
#99860=EDGE_CURVE('',#99850,#8970,#99830,.T.);
#99870=ORIENTED_EDGE('',*,*,#99860,.T.);
#99880=CARTESIAN_POINT('',(20.4836462030948,44.1118657307313,
-39.1448955162296));
#99890=DIRECTION('',(1.,1.4210854715202E-14,0.));
#99900=DIRECTION('',(-1.00485917355726E-14,0.7071067811863,
-0.707106781186795));
#99910=AXIS2_PLACEMENT_3D('',#99880,#99890,#99900);
#99920=ELLIPSE('',#99910,0.200015231064324,0.2);
#99930=EDGE_CURVE('',#99540,#99850,#99920,.T.);
#99940=ORIENTED_EDGE('',*,*,#99930,.T.);
#99950=ORIENTED_EDGE('',*,*,#99550,.F.);
#99960=ORIENTED_EDGE('',*,*,#9070,.F.);
#99970=EDGE_LOOP('',(#99960,#99950,#99940,#99870));
#99980=FACE_OUTER_BOUND('',#99970,.T.);
#99990=ADVANCED_FACE('',(#99980),#99790,.T.);
#100000=CARTESIAN_POINT('',(24.8836462030947,43.9502563333336,
-39.9332861188318));
#100010=DIRECTION('',(-0.00872653549838815,0.999961923064171,0.));
#100020=DIRECTION('',(-0.999961923064171,-0.00872653549838815,-0.));
#100030=AXIS2_PLACEMENT_3D('',#100000,#100010,#100020);
#100040=PLANE('',#100030);
#100050=CARTESIAN_POINT('',(29.8143615757785,43.9932860345049,
-39.479327355683));
#100060=DIRECTION('',(0.999897370574939,0.00872597215734906,
-0.0113624701201671));
#100070=VECTOR('',#100060,1.);
#100080=LINE('',#100050,#100070);
#100090=CARTESIAN_POINT('',(20.4836462030948,43.9118581150542,
-39.3732964991752));
#100100=VERTEX_POINT('',#100090);
#100110=EDGE_CURVE('',#100100,#8890,#100080,.T.);
#100120=ORIENTED_EDGE('',*,*,#100110,.T.);
#100130=CARTESIAN_POINT('',(20.4836462030948,43.9118581150542,
-39.9332861188318));
#100140=DIRECTION('',(0.,0.,1.));
#100150=VECTOR('',#100140,1.);
#100160=LINE('',#100130,#100150);
#100170=EDGE_CURVE('',#100100,#99850,#100160,.T.);
#100180=ORIENTED_EDGE('',*,*,#100170,.F.);
#100190=ORIENTED_EDGE('',*,*,#99860,.F.);
#100200=ORIENTED_EDGE('',*,*,#8980,.F.);
#100210=EDGE_LOOP('',(#100200,#100190,#100180,#100120));
#100220=FACE_OUTER_BOUND('',#100210,.T.);
#100230=ADVANCED_FACE('',(#100220),#100040,.F.);
#100240=CARTESIAN_POINT('',(29.8169795364281,43.6932974575857,
-39.479327355683));
#100250=DIRECTION('',(0.999897370574939,0.00872597215734906,
-0.0113624701201671));
#100260=DIRECTION('',(0.0113629027288246,1.61476559822299E-16,
0.9999354401368));
#100270=AXIS2_PLACEMENT_3D('',#100240,#100250,#100260);
#100280=CYLINDRICAL_SURFACE('',#100270,0.3);
#100290=CARTESIAN_POINT('',(29.8135706656094,43.6932974575857,
-39.779307987724));
#100300=DIRECTION('',(0.999897370574939,0.00872597215734906,
-0.0113624701201671));
#100310=VECTOR('',#100300,1.);
#100320=LINE('',#100290,#100310);
#100330=CARTESIAN_POINT('',(20.4836462030948,43.6118764403034,
-39.6732861188318));
#100340=VERTEX_POINT('',#100330);
#100350=EDGE_CURVE('',#100340,#8800,#100320,.T.);
#100360=ORIENTED_EDGE('',*,*,#100350,.T.);
#100370=CARTESIAN_POINT('',(20.4836462030948,43.6118466915384,
-39.3732667496224));
#100380=DIRECTION('',(1.,1.4210854715202E-14,0.));
#100390=DIRECTION('',(8.65554103571559E-15,-0.609079552861543,
0.79310913390654));
#100400=AXIS2_PLACEMENT_3D('',#100370,#100380,#100390);
#100410=ELLIPSE('',#100400,0.300030791987682,0.3);
#100420=EDGE_CURVE('',#100340,#100100,#100410,.T.);
#100430=ORIENTED_EDGE('',*,*,#100420,.F.);
#100440=ORIENTED_EDGE('',*,*,#100110,.F.);
#100450=ORIENTED_EDGE('',*,*,#8900,.T.);
#100460=EDGE_LOOP('',(#100450,#100440,#100430,#100360));
#100470=FACE_OUTER_BOUND('',#100460,.T.);
#100480=ADVANCED_FACE('',(#100470),#100280,.F.);
#100490=CARTESIAN_POINT('',(20.4836462030948,40.6002563333335,
-39.6732861188318));
#100500=DIRECTION('',(0.0113629027288246,1.61476559822299E-16,
0.9999354401368));
#100510=DIRECTION('',(0.9999354401368,1.42099372643656E-14,
-0.0113629027288246));
#100520=AXIS2_PLACEMENT_3D('',#100490,#100500,#100510);
#100530=PLANE('',#100520);
#100540=CARTESIAN_POINT('',(29.8135706656094,41.4572152090816,
-39.779307987724));
#100550=DIRECTION('',(0.99989737057494,-0.00872597215732064,
-0.0113624701201671));
#100560=VECTOR('',#100550,1.);
#100570=LINE('',#100540,#100560);
#100580=CARTESIAN_POINT('',(20.4836462030948,41.5386362263636,
-39.6732861188318));
#100590=VERTEX_POINT('',#100580);
#100600=EDGE_CURVE('',#100590,#8720,#100570,.T.);
#100610=ORIENTED_EDGE('',*,*,#100600,.T.);
#100620=CARTESIAN_POINT('',(20.4836462030948,43.776923,-39.6732861188318
));
#100630=DIRECTION('',(1.4210854715202E-14,-1.,-4.13057089509717E-32));
#100640=VECTOR('',#100630,1.);
#100650=LINE('',#100620,#100640);
#100660=EDGE_CURVE('',#100340,#100590,#100650,.T.);
#100670=ORIENTED_EDGE('',*,*,#100660,.T.);
#100680=ORIENTED_EDGE('',*,*,#100350,.F.);
#100690=ORIENTED_EDGE('',*,*,#8810,.T.);
#100700=EDGE_LOOP('',(#100690,#100680,#100670,#100610));
#100710=FACE_OUTER_BOUND('',#100700,.T.);
#100720=ADVANCED_FACE('',(#100710),#100530,.T.);
#100730=CARTESIAN_POINT('',(29.8169795364281,41.4572152090816,
-39.479327355683));
#100740=DIRECTION('',(0.99989737057494,-0.00872597215732064,
-0.0113624701201671));
#100750=DIRECTION('',(0.0113629027288246,1.61476559822299E-16,
0.9999354401368));
#100760=AXIS2_PLACEMENT_3D('',#100730,#100740,#100750);
#100770=CYLINDRICAL_SURFACE('',#100760,0.3);
#100780=ORIENTED_EDGE('',*,*,#8730,.T.);
#100790=CARTESIAN_POINT('',(29.8143615757786,41.1572266321624,
-39.479327355683));
#100800=DIRECTION('',(0.99989737057494,-0.00872597215732064,
-0.0113624701201671));
#100810=VECTOR('',#100800,1.);
#100820=LINE('',#100790,#100810);
#100830=CARTESIAN_POINT('',(20.4836462030948,41.2386545516128,
-39.3732964991752));
#100840=VERTEX_POINT('',#100830);
#100850=EDGE_CURVE('',#100840,#8700,#100820,.T.);
#100860=ORIENTED_EDGE('',*,*,#100850,.T.);
#100870=CARTESIAN_POINT('',(20.4836462030948,41.5386659751286,
-39.3732667496224));
#100880=DIRECTION('',(1.,1.4210854715202E-14,0.));
#100890=DIRECTION('',(-8.65554103571559E-15,0.609079552861543,
0.79310913390654));
#100900=AXIS2_PLACEMENT_3D('',#100870,#100880,#100890);
#100910=ELLIPSE('',#100900,0.300030791987682,0.3);
#100920=EDGE_CURVE('',#100840,#100590,#100910,.T.);
#100930=ORIENTED_EDGE('',*,*,#100920,.F.);
#100940=ORIENTED_EDGE('',*,*,#100600,.F.);
#100950=EDGE_LOOP('',(#100940,#100930,#100860,#100780));
#100960=FACE_OUTER_BOUND('',#100950,.T.);
#100970=ADVANCED_FACE('',(#100960),#100770,.F.);
#100980=CARTESIAN_POINT('',(24.8836462030948,41.2002563333336,
-37.3932861188318));
#100990=DIRECTION('',(-0.00872653549835972,-0.999961923064171,-0.));
#101000=DIRECTION('',(-0.999961923064171,0.00872653549835972,0.));
#101010=AXIS2_PLACEMENT_3D('',#100980,#100990,#101000);
#101020=PLANE('',#101010);
#101030=CARTESIAN_POINT('',(29.8143615757786,41.1572266321624,
-37.8472448819806));
#101040=DIRECTION('',(0.999897370574939,-0.00872597215732064,
0.0113624701201756));
#101050=VECTOR('',#101040,1.);
#101060=LINE('',#101030,#101050);
#101070=CARTESIAN_POINT('',(20.4836462030948,41.2386545516129,
-37.9532757384884));
#101080=VERTEX_POINT('',#101070);
#101090=EDGE_CURVE('',#101080,#9910,#101060,.T.);
#101100=ORIENTED_EDGE('',*,*,#101090,.T.);
#101110=CARTESIAN_POINT('',(20.4836462030948,41.2386545516129,
-32.3132861188318));
#101120=DIRECTION('',(0.,0.,1.));
#101130=VECTOR('',#101120,1.);
#101140=LINE('',#101110,#101130);
#101150=EDGE_CURVE('',#100840,#101080,#101140,.T.);
#101160=ORIENTED_EDGE('',*,*,#101150,.T.);
#101170=ORIENTED_EDGE('',*,*,#100850,.F.);
#101180=ORIENTED_EDGE('',*,*,#9980,.F.);
#101190=EDGE_LOOP('',(#101180,#101170,#101160,#101100));
#101200=FACE_OUTER_BOUND('',#101190,.T.);
#101210=ADVANCED_FACE('',(#101200),#101020,.F.);
#101220=CARTESIAN_POINT('',(24.8836462030947,44.7002563333336,
-37.3932861188318));
#101230=DIRECTION('',(-0.00872653549838815,0.999961923064171,0.));
#101240=DIRECTION('',(0.999961923064171,0.00872653549838815,0.));
#101250=AXIS2_PLACEMENT_3D('',#101220,#101230,#101240);
#101260=PLANE('',#101250);
#101270=ORIENTED_EDGE('',*,*,#9320,.T.);
#101280=CARTESIAN_POINT('',(29.8152342293284,44.7432936500371,
-38.8263310509224));
#101290=DIRECTION('',(0.99992385047757,0.00872620324395843,
-0.00872620324394422));
#101300=VECTOR('',#101290,1.);
#101310=LINE('',#101280,#101300);
#101320=CARTESIAN_POINT('',(20.4836462030948,44.6618581150542,
-38.7448955159396));
#101330=VERTEX_POINT('',#101320);
#101340=EDGE_CURVE('',#101330,#9230,#101310,.T.);
#101350=ORIENTED_EDGE('',*,*,#101340,.T.);
#101360=CARTESIAN_POINT('',(20.4836462030948,44.6618581150542,
-37.3932861188318));
#101370=DIRECTION('',(0.,0.,1.));
#101380=VECTOR('',#101370,1.);
#101390=LINE('',#101360,#101380);
#101400=CARTESIAN_POINT('',(20.4836462030948,44.6618581150542,
-38.581676721724));
#101410=VERTEX_POINT('',#101400);
#101420=EDGE_CURVE('',#101330,#101410,#101390,.T.);
#101430=ORIENTED_EDGE('',*,*,#101420,.F.);
#101440=CARTESIAN_POINT('',(29.8152342293284,44.7432936500371,
-38.5002411867412));
#101450=DIRECTION('',(0.99992385047757,0.00872620324395843,
0.00872620324394422));
#101460=VECTOR('',#101450,1.);
#101470=LINE('',#101440,#101460);
#101480=EDGE_CURVE('',#101410,#9310,#101470,.T.);
#101490=ORIENTED_EDGE('',*,*,#101480,.F.);
#101500=EDGE_LOOP('',(#101490,#101430,#101350,#101270));
#101510=FACE_OUTER_BOUND('',#101500,.T.);
#101520=ADVANCED_FACE('',(#101510),#101260,.F.);
#101530=CARTESIAN_POINT('',(20.4836462030948,44.7035896666662,
-37.3932861188318));
#101540=DIRECTION('',(-1.,-1.4210854715202E-14,-0.));
#101550=DIRECTION('',(-1.4210854715202E-14,1.,0.));
#101560=AXIS2_PLACEMENT_3D('',#101530,#101540,#101550);
#101570=PLANE('',#101560);
#101580=CARTESIAN_POINT('',(20.4836462030948,43.776923,-38.9832861188318
));
#101590=DIRECTION('',(-1.4210854715202E-14,1.,0.));
#101600=VECTOR('',#101590,1.);
#101610=LINE('',#101580,#101600);
#101620=CARTESIAN_POINT('',(20.4836462030948,42.250256333334,
-38.9832861188318));
#101630=VERTEX_POINT('',#101620);
#101640=CARTESIAN_POINT('',(20.4836462030948,42.890256333334,
-38.9832861188318));
#101650=VERTEX_POINT('',#101640);
#101660=EDGE_CURVE('',#101630,#101650,#101610,.T.);
#101670=ORIENTED_EDGE('',*,*,#101660,.F.);
#101680=CARTESIAN_POINT('',(20.4836462030948,42.890256333334,
-37.3932861188318));
#101690=DIRECTION('',(0.,0.,1.));
#101700=VECTOR('',#101690,1.);
#101710=LINE('',#101680,#101700);
#101720=CARTESIAN_POINT('',(20.4836462030948,42.890256333334,
-38.3432861188318));
#101730=VERTEX_POINT('',#101720);
#101740=EDGE_CURVE('',#101650,#101730,#101710,.T.);
#101750=ORIENTED_EDGE('',*,*,#101740,.F.);
#101760=CARTESIAN_POINT('',(20.4836462030948,43.776923,-38.3432861188318
));
#101770=DIRECTION('',(1.4210854715202E-14,-1.,0.));
#101780=VECTOR('',#101770,1.);
#101790=LINE('',#101760,#101780);
#101800=CARTESIAN_POINT('',(20.4836462030948,42.250256333334,
-38.3432861188318));
#101810=VERTEX_POINT('',#101800);
#101820=EDGE_CURVE('',#101730,#101810,#101790,.T.);
#101830=ORIENTED_EDGE('',*,*,#101820,.F.);
#101840=CARTESIAN_POINT('',(20.4836462030948,42.250256333334,
-37.3932861188318));
#101850=DIRECTION('',(0.,0.,-1.));
#101860=VECTOR('',#101850,1.);
#101870=LINE('',#101840,#101860);
#101880=EDGE_CURVE('',#101810,#101630,#101870,.T.);
#101890=ORIENTED_EDGE('',*,*,#101880,.F.);
#101900=EDGE_LOOP('',(#101890,#101830,#101750,#101670));
#101910=FACE_BOUND('',#101900,.T.);
#101920=CARTESIAN_POINT('',(20.4836462030948,41.5386659751286,
-37.9533054880413));
#101930=DIRECTION('',(-1.,-1.4210854715202E-14,0.));
#101940=DIRECTION('',(-8.65554103570617E-15,0.60907955286088,
-0.793109133907049));
#101950=AXIS2_PLACEMENT_3D('',#101920,#101930,#101940);
#101960=ELLIPSE('',#101950,0.300030791987682,0.3);
#101970=CARTESIAN_POINT('',(20.4836462030948,41.5386362263636,
-37.6532861188318));
#101980=VERTEX_POINT('',#101970);
#101990=EDGE_CURVE('',#101080,#101980,#101960,.T.);
#102000=ORIENTED_EDGE('',*,*,#101990,.F.);
#102010=CARTESIAN_POINT('',(20.4836462030948,43.776923,-37.6532861188318
));
#102020=DIRECTION('',(1.4210854715202E-14,-1.,4.13057089509717E-32));
#102030=VECTOR('',#102020,1.);
#102040=LINE('',#102010,#102030);
#102050=CARTESIAN_POINT('',(20.4836462030948,43.6118764403034,
-37.6532861188318));
#102060=VERTEX_POINT('',#102050);
#102070=EDGE_CURVE('',#102060,#101980,#102040,.T.);
#102080=ORIENTED_EDGE('',*,*,#102070,.T.);
#102090=CARTESIAN_POINT('',(20.4836462030948,43.6118466915385,
-37.9533054880413));
#102100=DIRECTION('',(-1.,-1.4210854715202E-14,0.));
#102110=DIRECTION('',(8.65554103570617E-15,-0.60907955286088,
-0.793109133907049));
#102120=AXIS2_PLACEMENT_3D('',#102090,#102100,#102110);
#102130=ELLIPSE('',#102120,0.300030791987682,0.3);
#102140=CARTESIAN_POINT('',(20.4836462030948,43.9118581150542,
-37.9532757384884));
#102150=VERTEX_POINT('',#102140);
#102160=EDGE_CURVE('',#102060,#102150,#102130,.T.);
#102170=ORIENTED_EDGE('',*,*,#102160,.F.);
#102180=CARTESIAN_POINT('',(20.4836462030948,43.9118581150542,
-32.3132861188318));
#102190=DIRECTION('',(0.,0.,-1.));
#102200=VECTOR('',#102190,1.);
#102210=LINE('',#102180,#102200);
#102220=CARTESIAN_POINT('',(20.4836462030948,43.9118581150542,
-38.1816919524983));
#102230=VERTEX_POINT('',#102220);
#102240=EDGE_CURVE('',#102150,#102230,#102210,.T.);
#102250=ORIENTED_EDGE('',*,*,#102240,.F.);
#102260=CARTESIAN_POINT('',(20.4836462030948,44.1118657307313,
-38.181676721434));
#102270=DIRECTION('',(-1.,-1.4210854715202E-14,0.));
#102280=DIRECTION('',(-1.00485917355726E-14,0.7071067811863,
0.707106781186795));
#102290=AXIS2_PLACEMENT_3D('',#102260,#102270,#102280);
#102300=ELLIPSE('',#102290,0.200015231064324,0.2);
#102310=CARTESIAN_POINT('',(20.4836462030948,44.111850499667,
-38.3816843371111));
#102320=VERTEX_POINT('',#102310);
#102330=EDGE_CURVE('',#102320,#102230,#102300,.T.);
#102340=ORIENTED_EDGE('',*,*,#102330,.T.);
#102350=CARTESIAN_POINT('',(20.4836462030948,43.776923,-38.3816843371111
));
#102360=DIRECTION('',(1.4210854715202E-14,-1.,4.13057089509717E-32));
#102370=VECTOR('',#102360,1.);
#102380=LINE('',#102350,#102370);
#102390=CARTESIAN_POINT('',(20.4836462030948,44.4618657304413,
-38.3816843371111));
#102400=VERTEX_POINT('',#102390);
#102410=EDGE_CURVE('',#102400,#102320,#102380,.T.);
#102420=ORIENTED_EDGE('',*,*,#102410,.T.);
#102430=CARTESIAN_POINT('',(20.4836462030948,44.461850499377,
-38.5816919527883));
#102440=DIRECTION('',(-1.,-1.4210854715202E-14,0.));
#102450=DIRECTION('',(-1.00485917355726E-14,0.7071067811863,
0.707106781186795));
#102460=AXIS2_PLACEMENT_3D('',#102430,#102440,#102450);
#102470=ELLIPSE('',#102460,0.200015231064324,0.2);
#102480=EDGE_CURVE('',#102400,#101410,#102470,.T.);
#102490=ORIENTED_EDGE('',*,*,#102480,.F.);
#102500=ORIENTED_EDGE('',*,*,#101420,.T.);
#102510=CARTESIAN_POINT('',(20.4836462030948,44.461850499377,
-38.7448802848753));
#102520=DIRECTION('',(1.,1.4210854715202E-14,0.));
#102530=DIRECTION('',(-1.00485917355726E-14,0.7071067811863,
-0.707106781186795));
#102540=AXIS2_PLACEMENT_3D('',#102510,#102520,#102530);
#102550=ELLIPSE('',#102540,0.200015231064324,0.2);
#102560=EDGE_CURVE('',#99620,#101330,#102550,.T.);
#102570=ORIENTED_EDGE('',*,*,#102560,.T.);
#102580=ORIENTED_EDGE('',*,*,#99630,.F.);
#102590=ORIENTED_EDGE('',*,*,#99930,.F.);
#102600=ORIENTED_EDGE('',*,*,#100170,.T.);
#102610=ORIENTED_EDGE('',*,*,#100420,.T.);
#102620=ORIENTED_EDGE('',*,*,#100660,.F.);
#102630=ORIENTED_EDGE('',*,*,#100920,.T.);
#102640=ORIENTED_EDGE('',*,*,#101150,.F.);
#102650=EDGE_LOOP('',(#102640,#102630,#102620,#102610,#102600,#102590,
#102580,#102570,#102500,#102490,#102420,#102340,#102250,#102170,#102080,
#102000));
#102660=FACE_OUTER_BOUND('',#102650,.T.);
#102670=ADVANCED_FACE('',(#101910,#102660),#101570,.F.);
#102680=CARTESIAN_POINT('',(21.8836462030946,42.570256333334,
-38.9832861188318));
#102690=DIRECTION('',(0.,0.,-1.));
#102700=DIRECTION('',(1.,0.,0.));
#102710=AXIS2_PLACEMENT_3D('',#102680,#102690,#102700);
#102720=PLANE('',#102710);
#102730=CARTESIAN_POINT('',(18.7236462030947,42.890256333334,
-38.9832861188318));
#102740=DIRECTION('',(1.,0.,0.));
#102750=VECTOR('',#102740,1.);
#102760=LINE('',#102730,#102750);
#102770=CARTESIAN_POINT('',(23.3836462030946,42.890256333334,
-38.9832861188318));
#102780=VERTEX_POINT('',#102770);
#102790=EDGE_CURVE('',#101650,#102780,#102760,.T.);
#102800=ORIENTED_EDGE('',*,*,#102790,.T.);
#102810=ORIENTED_EDGE('',*,*,#101660,.T.);
#102820=CARTESIAN_POINT('',(23.3836462030946,42.250256333334,
-38.9832861188318));
#102830=DIRECTION('',(-1.,0.,0.));
#102840=VECTOR('',#102830,1.);
#102850=LINE('',#102820,#102840);
#102860=CARTESIAN_POINT('',(23.3836462030946,42.250256333334,
-38.9832861188318));
#102870=VERTEX_POINT('',#102860);
#102880=EDGE_CURVE('',#102870,#101630,#102850,.T.);
#102890=ORIENTED_EDGE('',*,*,#102880,.T.);
#102900=CARTESIAN_POINT('',(23.3836462030946,42.472756333334,
-38.9832861188318));
#102910=DIRECTION('',(0.,-1.,-0.));
#102920=VECTOR('',#102910,1.);
#102930=LINE('',#102900,#102920);
#102940=EDGE_CURVE('',#102780,#102870,#102930,.T.);
#102950=ORIENTED_EDGE('',*,*,#102940,.T.);
#102960=EDGE_LOOP('',(#102950,#102890,#102810,#102800));
#102970=FACE_OUTER_BOUND('',#102960,.T.);
#102980=ADVANCED_FACE('',(#102970),#102720,.T.);
#102990=COLOUR_RGB('',1.,0.843137323856354,0.);
#103000=FILL_AREA_STYLE_COLOUR('',#102990);
#103010=FILL_AREA_STYLE('',(#103000));
#103020=SURFACE_STYLE_FILL_AREA(#103010);
#103030=SURFACE_SIDE_STYLE('',(#103020));
#103040=SURFACE_STYLE_USAGE(.BOTH.,#103030);
#103050=PRESENTATION_STYLE_ASSIGNMENT((#103040));
#103060=CARTESIAN_POINT('',(23.3836462030946,42.890256333334,
-38.9832861188318));
#103070=DIRECTION('',(0.,-1.,0.));
#103080=DIRECTION('',(1.,0.,0.));
#103090=AXIS2_PLACEMENT_3D('',#103060,#103070,#103080);
#103100=PLANE('',#103090);
#103110=CARTESIAN_POINT('',(18.7236462030947,42.890256333334,
-38.3432861188318));
#103120=DIRECTION('',(1.,0.,0.));
#103130=VECTOR('',#103120,1.);
#103140=LINE('',#103110,#103130);
#103150=CARTESIAN_POINT('',(23.3836462030946,42.890256333334,
-38.3432861188318));
#103160=VERTEX_POINT('',#103150);
#103170=EDGE_CURVE('',#101730,#103160,#103140,.T.);
#103180=ORIENTED_EDGE('',*,*,#103170,.T.);
#103190=ORIENTED_EDGE('',*,*,#101740,.T.);
#103200=ORIENTED_EDGE('',*,*,#102790,.F.);
#103210=CARTESIAN_POINT('',(23.3836462030946,42.890256333334,
-38.6632861188318));
#103220=DIRECTION('',(0.,0.,1.));
#103230=VECTOR('',#103220,1.);
#103240=LINE('',#103210,#103230);
#103250=EDGE_CURVE('',#102780,#103160,#103240,.T.);
#103260=ORIENTED_EDGE('',*,*,#103250,.F.);
#103270=EDGE_LOOP('',(#103260,#103200,#103190,#103180));
#103280=FACE_OUTER_BOUND('',#103270,.T.);
#103290=ADVANCED_FACE('',(#103280),#103100,.F.);
#103300=COLOUR_RGB('',1.,0.843137323856354,0.);
#103310=FILL_AREA_STYLE_COLOUR('',#103300);
#103320=FILL_AREA_STYLE('',(#103310));
#103330=SURFACE_STYLE_FILL_AREA(#103320);
#103340=SURFACE_SIDE_STYLE('',(#103330));
#103350=SURFACE_STYLE_USAGE(.BOTH.,#103340);
#103360=PRESENTATION_STYLE_ASSIGNMENT((#103350));
#103370=CARTESIAN_POINT('',(21.8836462030946,42.570256333334,
-38.3432861188318));
#103380=DIRECTION('',(0.,0.,-1.));
#103390=DIRECTION('',(1.,0.,0.));
#103400=AXIS2_PLACEMENT_3D('',#103370,#103380,#103390);
#103410=PLANE('',#103400);
#103420=CARTESIAN_POINT('',(23.3836462030946,42.250256333334,
-38.3432861188318));
#103430=DIRECTION('',(-1.,0.,0.));
#103440=VECTOR('',#103430,1.);
#103450=LINE('',#103420,#103440);
#103460=CARTESIAN_POINT('',(23.3836462030946,42.250256333334,
-38.3432861188318));
#103470=VERTEX_POINT('',#103460);
#103480=EDGE_CURVE('',#103470,#101810,#103450,.T.);
#103490=ORIENTED_EDGE('',*,*,#103480,.F.);
#103500=ORIENTED_EDGE('',*,*,#101820,.T.);
#103510=ORIENTED_EDGE('',*,*,#103170,.F.);
#103520=CARTESIAN_POINT('',(23.3836462030946,42.570256333334,
-38.3432861188318));
#103530=DIRECTION('',(0.,-1.,-0.));
#103540=VECTOR('',#103530,1.);
#103550=LINE('',#103520,#103540);
#103560=EDGE_CURVE('',#103160,#103470,#103550,.T.);
#103570=ORIENTED_EDGE('',*,*,#103560,.F.);
#103580=EDGE_LOOP('',(#103570,#103510,#103500,#103490));
#103590=FACE_OUTER_BOUND('',#103580,.T.);
#103600=ADVANCED_FACE('',(#103590),#103410,.F.);
#103610=COLOUR_RGB('',1.,0.843137323856354,0.);
#103620=FILL_AREA_STYLE_COLOUR('',#103610);
#103630=FILL_AREA_STYLE('',(#103620));
#103640=SURFACE_STYLE_FILL_AREA(#103630);
#103650=SURFACE_SIDE_STYLE('',(#103640));
#103660=SURFACE_STYLE_USAGE(.BOTH.,#103650);
#103670=PRESENTATION_STYLE_ASSIGNMENT((#103660));
#103680=CARTESIAN_POINT('',(18.7236462030947,42.250256333334,
-38.9832861188318));
#103690=DIRECTION('',(0.,1.,-0.));
#103700=DIRECTION('',(-1.,0.,0.));
#103710=AXIS2_PLACEMENT_3D('',#103680,#103690,#103700);
#103720=PLANE('',#103710);
#103730=ORIENTED_EDGE('',*,*,#102880,.F.);
#103740=ORIENTED_EDGE('',*,*,#101880,.T.);
#103750=ORIENTED_EDGE('',*,*,#103480,.T.);
#103760=CARTESIAN_POINT('',(23.3836462030946,42.250256333334,
-38.5657861188318));
#103770=DIRECTION('',(0.,0.,1.));
#103780=VECTOR('',#103770,1.);
#103790=LINE('',#103760,#103780);
#103800=EDGE_CURVE('',#102870,#103470,#103790,.T.);
#103810=ORIENTED_EDGE('',*,*,#103800,.T.);
#103820=EDGE_LOOP('',(#103810,#103750,#103740,#103730));
#103830=FACE_OUTER_BOUND('',#103820,.T.);
#103840=ADVANCED_FACE('',(#103830),#103720,.F.);
#103850=COLOUR_RGB('',1.,0.843137323856354,0.);
#103860=FILL_AREA_STYLE_COLOUR('',#103850);
#103870=FILL_AREA_STYLE('',(#103860));
#103880=SURFACE_STYLE_FILL_AREA(#103870);
#103890=SURFACE_SIDE_STYLE('',(#103880));
#103900=SURFACE_STYLE_USAGE(.BOTH.,#103890);
#103910=PRESENTATION_STYLE_ASSIGNMENT((#103900));
#103920=CARTESIAN_POINT('',(23.6336462030946,42.347756333334,
-38.5657861188318));
#103930=DIRECTION('',(-0.363345276491644,0.931654555106779,0.));
#103940=DIRECTION('',(-0.931654555106779,-0.363345276491644,-0.));
#103950=AXIS2_PLACEMENT_3D('',#103920,#103930,#103940);
#103960=PLANE('',#103950);
#103970=CARTESIAN_POINT('',(21.8836462030946,41.665256333334,
-39.5682861188318));
#103980=DIRECTION('',(-0.875644657040788,-0.341501416245907,
-0.341501416245907));
#103990=VECTOR('',#103980,1.);
#104000=LINE('',#103970,#103990);
#104010=CARTESIAN_POINT('',(23.8836462030946,42.445256333334,
-38.7882861188318));
#104020=VERTEX_POINT('',#104010);
#104030=EDGE_CURVE('',#104020,#102870,#104000,.T.);
#104040=ORIENTED_EDGE('',*,*,#104030,.F.);
#104050=ORIENTED_EDGE('',*,*,#103800,.F.);
#104060=CARTESIAN_POINT('',(21.8836462030946,41.665256333334,
-37.7582861188318));
#104070=DIRECTION('',(0.875644657040788,0.341501416245907,
-0.341501416245907));
#104080=VECTOR('',#104070,1.);
#104090=LINE('',#104060,#104080);
#104100=CARTESIAN_POINT('',(23.8836462030946,42.445256333334,
-38.5382861188318));
#104110=VERTEX_POINT('',#104100);
#104120=EDGE_CURVE('',#103470,#104110,#104090,.T.);
#104130=ORIENTED_EDGE('',*,*,#104120,.F.);
#104140=CARTESIAN_POINT('',(23.8836462030946,42.445256333334,
-38.5657861188318));
#104150=DIRECTION('',(0.,0.,1.));
#104160=VECTOR('',#104150,1.);
#104170=LINE('',#104140,#104160);
#104180=EDGE_CURVE('',#104020,#104110,#104170,.T.);
#104190=ORIENTED_EDGE('',*,*,#104180,.T.);
#104200=EDGE_LOOP('',(#104190,#104130,#104050,#104040));
#104210=FACE_OUTER_BOUND('',#104200,.T.);
#104220=ADVANCED_FACE('',(#104210),#103960,.F.);
#104230=COLOUR_RGB('',1.,0.843137323856354,0.);
#104240=FILL_AREA_STYLE_COLOUR('',#104230);
#104250=FILL_AREA_STYLE('',(#104240));
#104260=SURFACE_STYLE_FILL_AREA(#104250);
#104270=SURFACE_SIDE_STYLE('',(#104260));
#104280=SURFACE_STYLE_USAGE(.BOTH.,#104270);
#104290=PRESENTATION_STYLE_ASSIGNMENT((#104280));
#104300=CARTESIAN_POINT('',(23.6336462030946,42.792756333334,
-38.6632861188318));
#104310=DIRECTION('',(-0.363345276491644,-0.931654555106779,0.));
#104320=DIRECTION('',(0.931654555106779,-0.363345276491644,0.));
#104330=AXIS2_PLACEMENT_3D('',#104300,#104310,#104320);
#104340=PLANE('',#104330);
#104350=CARTESIAN_POINT('',(21.8836462030946,43.475256333334,
-39.5682861188318));
#104360=DIRECTION('',(-0.875644657040788,0.341501416245907,
-0.341501416245907));
#104370=VECTOR('',#104360,1.);
#104380=LINE('',#104350,#104370);
#104390=CARTESIAN_POINT('',(23.8836462030946,42.695256333334,
-38.7882861188318));
#104400=VERTEX_POINT('',#104390);
#104410=EDGE_CURVE('',#104400,#102780,#104380,.T.);
#104420=ORIENTED_EDGE('',*,*,#104410,.T.);
#104430=CARTESIAN_POINT('',(23.8836462030946,42.695256333334,
-38.6632861188318));
#104440=DIRECTION('',(0.,0.,1.));
#104450=VECTOR('',#104440,1.);
#104460=LINE('',#104430,#104450);
#104470=CARTESIAN_POINT('',(23.8836462030946,42.695256333334,
-38.5382861188318));
#104480=VERTEX_POINT('',#104470);
#104490=EDGE_CURVE('',#104400,#104480,#104460,.T.);
#104500=ORIENTED_EDGE('',*,*,#104490,.F.);
#104510=CARTESIAN_POINT('',(21.8836462030946,43.475256333334,
-37.7582861188318));
#104520=DIRECTION('',(-0.875644657040788,0.341501416245907,
0.341501416245907));
#104530=VECTOR('',#104520,1.);
#104540=LINE('',#104510,#104530);
#104550=EDGE_CURVE('',#104480,#103160,#104540,.T.);
#104560=ORIENTED_EDGE('',*,*,#104550,.F.);
#104570=ORIENTED_EDGE('',*,*,#103250,.T.);
#104580=EDGE_LOOP('',(#104570,#104560,#104500,#104420));
#104590=FACE_OUTER_BOUND('',#104580,.T.);
#104600=ADVANCED_FACE('',(#104590),#104340,.F.);
#104610=COLOUR_RGB('',1.,0.843137323856354,0.);
#104620=FILL_AREA_STYLE_COLOUR('',#104610);
#104630=FILL_AREA_STYLE('',(#104620));
#104640=SURFACE_STYLE_FILL_AREA(#104630);
#104650=SURFACE_SIDE_STYLE('',(#104640));
#104660=SURFACE_STYLE_USAGE(.BOTH.,#104650);
#104670=PRESENTATION_STYLE_ASSIGNMENT((#104660));
#104680=CARTESIAN_POINT('',(23.8836462030946,42.250256333334,
-38.9832861188318));
#104690=DIRECTION('',(-1.,-0.,0.));
#104700=DIRECTION('',(0.,-1.,-0.));
#104710=AXIS2_PLACEMENT_3D('',#104680,#104690,#104700);
#104720=PLANE('',#104710);
#104730=CARTESIAN_POINT('',(23.8836462030946,42.570256333334,
-38.5382861188318));
#104740=DIRECTION('',(0.,-1.,-0.));
#104750=VECTOR('',#104740,1.);
#104760=LINE('',#104730,#104750);
#104770=EDGE_CURVE('',#104480,#104110,#104760,.T.);
#104780=ORIENTED_EDGE('',*,*,#104770,.T.);
#104790=ORIENTED_EDGE('',*,*,#104490,.T.);
#104800=CARTESIAN_POINT('',(23.8836462030946,42.472756333334,
-38.7882861188318));
#104810=DIRECTION('',(0.,-1.,-0.));
#104820=VECTOR('',#104810,1.);
#104830=LINE('',#104800,#104820);
#104840=EDGE_CURVE('',#104400,#104020,#104830,.T.);
#104850=ORIENTED_EDGE('',*,*,#104840,.F.);
#104860=ORIENTED_EDGE('',*,*,#104180,.F.);
#104870=EDGE_LOOP('',(#104860,#104850,#104790,#104780));
#104880=FACE_OUTER_BOUND('',#104870,.T.);
#104890=ADVANCED_FACE('',(#104880),#104720,.F.);
#104900=COLOUR_RGB('',1.,0.843137323856354,0.);
#104910=FILL_AREA_STYLE_COLOUR('',#104900);
#104920=FILL_AREA_STYLE('',(#104910));
#104930=SURFACE_STYLE_FILL_AREA(#104920);
#104940=SURFACE_SIDE_STYLE('',(#104930));
#104950=SURFACE_STYLE_USAGE(.BOTH.,#104940);
#104960=PRESENTATION_STYLE_ASSIGNMENT((#104950));
#104970=CARTESIAN_POINT('',(23.6336462030946,42.570256333334,
-38.4407861188318));
#104980=DIRECTION('',(-0.363345276491644,0.,-0.931654555106779));
#104990=DIRECTION('',(0.931654555106779,0.,-0.363345276491644));
#105000=AXIS2_PLACEMENT_3D('',#104970,#104980,#104990);
#105010=PLANE('',#105000);
#105020=ORIENTED_EDGE('',*,*,#104550,.T.);
#105030=ORIENTED_EDGE('',*,*,#104770,.F.);
#105040=ORIENTED_EDGE('',*,*,#104120,.T.);
#105050=ORIENTED_EDGE('',*,*,#103560,.T.);
#105060=EDGE_LOOP('',(#105050,#105040,#105030,#105020));
#105070=FACE_OUTER_BOUND('',#105060,.T.);
#105080=ADVANCED_FACE('',(#105070),#105010,.F.);
#105090=COLOUR_RGB('',1.,0.843137323856354,0.);
#105100=FILL_AREA_STYLE_COLOUR('',#105090);
#105110=FILL_AREA_STYLE('',(#105100));
#105120=SURFACE_STYLE_FILL_AREA(#105110);
#105130=SURFACE_SIDE_STYLE('',(#105120));
#105140=SURFACE_STYLE_USAGE(.BOTH.,#105130);
#105150=PRESENTATION_STYLE_ASSIGNMENT((#105140));
#105160=CARTESIAN_POINT('',(23.6336462030946,42.472756333334,
-38.8857861188318));
#105170=DIRECTION('',(0.363345276491644,0.,-0.931654555106779));
#105180=DIRECTION('',(0.931654555106779,0.,0.363345276491644));
#105190=AXIS2_PLACEMENT_3D('',#105160,#105170,#105180);
#105200=PLANE('',#105190);
#105210=ORIENTED_EDGE('',*,*,#104030,.T.);
#105220=ORIENTED_EDGE('',*,*,#104840,.T.);
#105230=ORIENTED_EDGE('',*,*,#104410,.F.);
#105240=ORIENTED_EDGE('',*,*,#102940,.F.);
#105250=EDGE_LOOP('',(#105240,#105230,#105220,#105210));
#105260=FACE_OUTER_BOUND('',#105250,.T.);
#105270=ADVANCED_FACE('',(#105260),#105200,.T.);
#105280=COLOUR_RGB('',1.,0.843137323856354,0.);
#105290=FILL_AREA_STYLE_COLOUR('',#105280);
#105300=FILL_AREA_STYLE('',(#105290));
#105310=SURFACE_STYLE_FILL_AREA(#105300);
#105320=SURFACE_SIDE_STYLE('',(#105310));
#105330=SURFACE_STYLE_USAGE(.BOTH.,#105320);
#105340=PRESENTATION_STYLE_ASSIGNMENT((#105330));
#105350=CARTESIAN_POINT('',(24.8836462030947,43.7769230000001,
-38.3432861188318));
#105360=DIRECTION('',(-0.00872653549837393,-1.24011528134445E-16,
0.999961923064171));
#105370=DIRECTION('',(1.4210854715202E-14,-1.,4.13041361561426E-32));
#105380=AXIS2_PLACEMENT_3D('',#105350,#105360,#105370);
#105390=PLANE('',#105380);
#105400=CARTESIAN_POINT('',(29.8152342293284,44.5433012654242,
-38.3002488021284));
#105410=DIRECTION('',(0.99992385047757,0.00872620324395843,
0.00872620324394422));
#105420=VECTOR('',#105410,1.);
#105430=LINE('',#105400,#105420);
#105440=EDGE_CURVE('',#102400,#9400,#105430,.T.);
#105450=ORIENTED_EDGE('',*,*,#105440,.T.);
#105460=ORIENTED_EDGE('',*,*,#102410,.F.);
#105470=CARTESIAN_POINT('',(29.8187248435277,44.1933164967785,
-38.3002183399997));
#105480=DIRECTION('',(0.99992385047757,0.00872620324395843,
0.00872620324394422));
#105490=VECTOR('',#105480,1.);
#105500=LINE('',#105470,#105490);
#105510=EDGE_CURVE('',#102320,#9480,#105500,.T.);
#105520=ORIENTED_EDGE('',*,*,#105510,.F.);
#105530=ORIENTED_EDGE('',*,*,#9490,.T.);
#105540=EDGE_LOOP('',(#105530,#105520,#105460,#105450));
#105550=FACE_OUTER_BOUND('',#105540,.T.);
#105560=ADVANCED_FACE('',(#105550),#105390,.F.);
#105570=CARTESIAN_POINT('',(24.8836462030947,43.9502563333336,
-37.3932861188318));
#105580=DIRECTION('',(0.00872653549838815,-0.999961923064171,0.));
#105590=DIRECTION('',(-0.999961923064171,-0.00872653549838815,-0.));
#105600=AXIS2_PLACEMENT_3D('',#105570,#105580,#105590);
#105610=PLANE('',#105600);
#105620=CARTESIAN_POINT('',(29.8187248435277,43.9933241121657,
-38.1002259553869));
#105630=DIRECTION('',(0.99992385047757,0.00872620324395843,
0.00872620324394422));
#105640=VECTOR('',#105630,1.);
#105650=LINE('',#105620,#105640);
#105660=EDGE_CURVE('',#102230,#9570,#105650,.T.);
#105670=ORIENTED_EDGE('',*,*,#105660,.T.);
#105680=ORIENTED_EDGE('',*,*,#102240,.T.);
#105690=CARTESIAN_POINT('',(29.8143615757785,43.9932860345049,
-37.8472448819806));
#105700=DIRECTION('',(0.999897370574939,0.00872597215734906,
0.0113624701201756));
#105710=VECTOR('',#105700,1.);
#105720=LINE('',#105690,#105710);
#105730=EDGE_CURVE('',#102150,#9650,#105720,.T.);
#105740=ORIENTED_EDGE('',*,*,#105730,.F.);
#105750=ORIENTED_EDGE('',*,*,#9660,.T.);
#105760=EDGE_LOOP('',(#105750,#105740,#105680,#105670));
#105770=FACE_OUTER_BOUND('',#105760,.T.);
#105780=ADVANCED_FACE('',(#105770),#105610,.T.);
#105790=CARTESIAN_POINT('',(29.8169795364281,43.6932974575857,
-37.8472448819806));
#105800=DIRECTION('',(0.999897370574939,0.00872597215734906,
0.0113624701201756));
#105810=DIRECTION('',(-0.0113629027288331,-1.6147655982242E-16,
0.9999354401368));
#105820=AXIS2_PLACEMENT_3D('',#105790,#105800,#105810);
#105830=CYLINDRICAL_SURFACE('',#105820,0.3);
#105840=ORIENTED_EDGE('',*,*,#105730,.T.);
#105850=ORIENTED_EDGE('',*,*,#102160,.T.);
#105860=CARTESIAN_POINT('',(29.8135706656094,43.6932974575857,
-37.5472642499396));
#105870=DIRECTION('',(0.999897370574939,0.00872597215734906,
0.0113624701201756));
#105880=VECTOR('',#105870,1.);
#105890=LINE('',#105860,#105880);
#105900=EDGE_CURVE('',#102060,#9740,#105890,.T.);
#105910=ORIENTED_EDGE('',*,*,#105900,.F.);
#105920=ORIENTED_EDGE('',*,*,#9750,.T.);
#105930=EDGE_LOOP('',(#105920,#105910,#105850,#105840));
#105940=FACE_OUTER_BOUND('',#105930,.T.);
#105950=ADVANCED_FACE('',(#105940),#105830,.F.);
#105960=CARTESIAN_POINT('',(24.8836462030948,40.6002563333336,
-37.6032861188318));
#105970=DIRECTION('',(0.0113629027288331,1.6147655982242E-16,
-0.9999354401368));
#105980=DIRECTION('',(-0.9999354401368,-1.42099372643656E-14,
-0.0113629027288331));
#105990=AXIS2_PLACEMENT_3D('',#105960,#105970,#105980);
#106000=PLANE('',#105990);
#106010=ORIENTED_EDGE('',*,*,#105900,.T.);
#106020=ORIENTED_EDGE('',*,*,#102070,.F.);
#106030=CARTESIAN_POINT('',(29.8135706656094,41.4572152090816,
-37.5472642499396));
#106040=DIRECTION('',(0.999897370574939,-0.00872597215732064,
0.0113624701201756));
#106050=VECTOR('',#106040,1.);
#106060=LINE('',#106030,#106050);
#106070=EDGE_CURVE('',#101980,#9820,#106060,.T.);
#106080=ORIENTED_EDGE('',*,*,#106070,.F.);
#106090=ORIENTED_EDGE('',*,*,#9830,.F.);
#106100=EDGE_LOOP('',(#106090,#106080,#106020,#106010));
#106110=FACE_OUTER_BOUND('',#106100,.T.);
#106120=ADVANCED_FACE('',(#106110),#106000,.T.);
#106130=CARTESIAN_POINT('',(29.8169795364281,41.4572152090816,
-37.8472448819806));
#106140=DIRECTION('',(0.999897370574939,-0.00872597215732064,
0.0113624701201756));
#106150=DIRECTION('',(-0.0113629027288331,-1.6147655982242E-16,
0.9999354401368));
#106160=AXIS2_PLACEMENT_3D('',#106130,#106140,#106150);
#106170=CYLINDRICAL_SURFACE('',#106160,0.3);
#106180=ORIENTED_EDGE('',*,*,#106070,.T.);
#106190=ORIENTED_EDGE('',*,*,#101990,.T.);
#106200=ORIENTED_EDGE('',*,*,#101090,.F.);
#106210=ORIENTED_EDGE('',*,*,#9920,.F.);
#106220=EDGE_LOOP('',(#106210,#106200,#106190,#106180));
#106230=FACE_OUTER_BOUND('',#106220,.T.);
#106240=ADVANCED_FACE('',(#106230),#106170,.F.);
#106250=CARTESIAN_POINT('',(29.816979536428,44.1933164967785,
-38.1002259553869));
#106260=DIRECTION('',(0.99992385047757,0.00872620324395843,
0.00872620324394422));
#106270=DIRECTION('',(-0.00872653549838815,0.999961923064171,0.));
#106280=AXIS2_PLACEMENT_3D('',#106250,#106260,#106270);
#106290=CYLINDRICAL_SURFACE('',#106280,0.2);
#106300=ORIENTED_EDGE('',*,*,#105510,.T.);
#106310=ORIENTED_EDGE('',*,*,#102330,.F.);
#106320=ORIENTED_EDGE('',*,*,#105660,.F.);
#106330=ORIENTED_EDGE('',*,*,#9580,.T.);
#106340=EDGE_LOOP('',(#106330,#106320,#106310,#106300));
#106350=FACE_OUTER_BOUND('',#106340,.T.);
#106360=ADVANCED_FACE('',(#106350),#106290,.T.);
#106370=CARTESIAN_POINT('',(29.816979536428,44.5433012654242,
-38.5002411867412));
#106380=DIRECTION('',(0.99992385047757,0.00872620324395843,
0.00872620324394422));
#106390=DIRECTION('',(-0.00872653549838815,0.999961923064171,0.));
#106400=AXIS2_PLACEMENT_3D('',#106370,#106380,#106390);
#106410=CYLINDRICAL_SURFACE('',#106400,0.2);
#106420=ORIENTED_EDGE('',*,*,#9410,.T.);
#106430=ORIENTED_EDGE('',*,*,#101480,.T.);
#106440=ORIENTED_EDGE('',*,*,#102480,.T.);
#106450=ORIENTED_EDGE('',*,*,#105440,.F.);
#106460=EDGE_LOOP('',(#106450,#106440,#106430,#106420));
#106470=FACE_OUTER_BOUND('',#106460,.T.);
#106480=ADVANCED_FACE('',(#106470),#106410,.F.);
#106490=CARTESIAN_POINT('',(29.816979536428,44.5433012654242,
-38.8263310509224));
#106500=DIRECTION('',(0.99992385047757,0.00872620324395843,
-0.00872620324394422));
#106510=DIRECTION('',(-0.00872653549838815,0.999961923064171,0.));
#106520=AXIS2_PLACEMENT_3D('',#106490,#106500,#106510);
#106530=CYLINDRICAL_SURFACE('',#106520,0.2);
#106540=ORIENTED_EDGE('',*,*,#99690,.T.);
#106550=ORIENTED_EDGE('',*,*,#102560,.F.);
#106560=ORIENTED_EDGE('',*,*,#101340,.F.);
#106570=ORIENTED_EDGE('',*,*,#9240,.F.);
#106580=EDGE_LOOP('',(#106570,#106560,#106550,#106540));
#106590=FACE_OUTER_BOUND('',#106580,.T.);
#106600=ADVANCED_FACE('',(#106590),#106530,.F.);
#106610=CARTESIAN_POINT('',(24.8836462030947,43.7769230000001,
-41.5232861188318));
#106620=DIRECTION('',(0.00872653549837393,1.24011528134445E-16,
0.999961923064171));
#106630=DIRECTION('',(1.4210854715202E-14,-1.,-4.13041361561426E-32));
#106640=AXIS2_PLACEMENT_3D('',#106610,#106620,#106630);
#106650=PLANE('',#106640);
#106660=CARTESIAN_POINT('',(29.8187248435277,44.1933164967785,
-41.5663538976639));
#106670=DIRECTION('',(0.99992385047757,0.00872620324395843,
-0.00872620324394422));
#106680=VECTOR('',#106670,1.);
#106690=LINE('',#106660,#106680);
#106700=CARTESIAN_POINT('',(20.4836462030948,44.111850499667,
-41.4848879005525));
#106710=VERTEX_POINT('',#106700);
#106720=EDGE_CURVE('',#106710,#10440,#106690,.T.);
#106730=ORIENTED_EDGE('',*,*,#106720,.T.);
#106740=CARTESIAN_POINT('',(20.4836462030948,43.776923,-41.4848879005525
));
#106750=DIRECTION('',(1.4210854715202E-14,-1.,-4.13057089509717E-32));
#106760=VECTOR('',#106750,1.);
#106770=LINE('',#106740,#106760);
#106780=CARTESIAN_POINT('',(20.4836462030948,44.4618657304413,
-41.4848879005525));
#106790=VERTEX_POINT('',#106780);
#106800=EDGE_CURVE('',#106790,#106710,#106770,.T.);
#106810=ORIENTED_EDGE('',*,*,#106800,.T.);
#106820=CARTESIAN_POINT('',(29.8152342293284,44.5433012654242,
-41.5663234355353));
#106830=DIRECTION('',(0.99992385047757,0.00872620324395843,
-0.00872620324394422));
#106840=VECTOR('',#106830,1.);
#106850=LINE('',#106820,#106840);
#106860=EDGE_CURVE('',#106790,#10520,#106850,.T.);
#106870=ORIENTED_EDGE('',*,*,#106860,.F.);
#106880=ORIENTED_EDGE('',*,*,#10530,.F.);
#106890=EDGE_LOOP('',(#106880,#106870,#106810,#106730));
#106900=FACE_OUTER_BOUND('',#106890,.T.);
#106910=ADVANCED_FACE('',(#106900),#106650,.T.);
#106920=CARTESIAN_POINT('',(29.816979536428,44.1933164967785,
-41.7663462822767));
#106930=DIRECTION('',(0.99992385047757,0.00872620324395843,
-0.00872620324394422));
#106940=DIRECTION('',(-0.00872653549838815,0.999961923064171,0.));
#106950=AXIS2_PLACEMENT_3D('',#106920,#106930,#106940);
#106960=CYLINDRICAL_SURFACE('',#106950,0.2);
#106970=CARTESIAN_POINT('',(29.8187248435277,43.9933241121657,
-41.7663462822767));
#106980=DIRECTION('',(0.99992385047757,0.00872620324395843,
-0.00872620324394422));
#106990=VECTOR('',#106980,1.);
#107000=LINE('',#106970,#106990);
#107010=CARTESIAN_POINT('',(20.4836462030948,43.9118581150542,
-41.6848802851653));
#107020=VERTEX_POINT('',#107010);
#107030=EDGE_CURVE('',#107020,#10350,#107000,.T.);
#107040=ORIENTED_EDGE('',*,*,#107030,.T.);
#107050=CARTESIAN_POINT('',(20.4836462030948,44.1118657307313,
-41.6848955162296));
#107060=DIRECTION('',(1.,1.4210854715202E-14,0.));
#107070=DIRECTION('',(-1.00485917355726E-14,0.7071067811863,
-0.707106781186795));
#107080=AXIS2_PLACEMENT_3D('',#107050,#107060,#107070);
#107090=ELLIPSE('',#107080,0.200015231064324,0.2);
#107100=EDGE_CURVE('',#106710,#107020,#107090,.T.);
#107110=ORIENTED_EDGE('',*,*,#107100,.T.);
#107120=ORIENTED_EDGE('',*,*,#106720,.F.);
#107130=ORIENTED_EDGE('',*,*,#10450,.F.);
#107140=EDGE_LOOP('',(#107130,#107120,#107110,#107040));
#107150=FACE_OUTER_BOUND('',#107140,.T.);
#107160=ADVANCED_FACE('',(#107150),#106960,.T.);
#107170=CARTESIAN_POINT('',(24.8836462030947,43.9502563333336,
-42.4732861188318));
#107180=DIRECTION('',(-0.00872653549838815,0.999961923064171,0.));
#107190=DIRECTION('',(-0.999961923064171,-0.00872653549838815,-0.));
#107200=AXIS2_PLACEMENT_3D('',#107170,#107180,#107190);
#107210=PLANE('',#107200);
#107220=CARTESIAN_POINT('',(29.8143615757785,43.9932860345049,
-42.019327355683));
#107230=DIRECTION('',(0.999897370574939,0.00872597215734906,
-0.0113624701201671));
#107240=VECTOR('',#107230,1.);
#107250=LINE('',#107220,#107240);
#107260=CARTESIAN_POINT('',(20.4836462030948,43.9118581150542,
-41.9132964991752));
#107270=VERTEX_POINT('',#107260);
#107280=EDGE_CURVE('',#107270,#10270,#107250,.T.);
#107290=ORIENTED_EDGE('',*,*,#107280,.T.);
#107300=CARTESIAN_POINT('',(20.4836462030948,43.9118581150542,
-42.4732861188318));
#107310=DIRECTION('',(0.,0.,1.));
#107320=VECTOR('',#107310,1.);
#107330=LINE('',#107300,#107320);
#107340=EDGE_CURVE('',#107270,#107020,#107330,.T.);
#107350=ORIENTED_EDGE('',*,*,#107340,.F.);
#107360=ORIENTED_EDGE('',*,*,#107030,.F.);
#107370=ORIENTED_EDGE('',*,*,#10360,.F.);
#107380=EDGE_LOOP('',(#107370,#107360,#107350,#107290));
#107390=FACE_OUTER_BOUND('',#107380,.T.);
#107400=ADVANCED_FACE('',(#107390),#107210,.F.);
#107410=CARTESIAN_POINT('',(29.816979536428,43.6932974575857,
-42.019327355683));
#107420=DIRECTION('',(0.999897370574939,0.00872597215734906,
-0.0113624701201671));
#107430=DIRECTION('',(0.0113629027288246,1.61476559822299E-16,
0.9999354401368));
#107440=AXIS2_PLACEMENT_3D('',#107410,#107420,#107430);
#107450=CYLINDRICAL_SURFACE('',#107440,0.3);
#107460=CARTESIAN_POINT('',(29.8135706656094,43.6932974575857,
-42.319307987724));
#107470=DIRECTION('',(0.999897370574939,0.00872597215734906,
-0.0113624701201671));
#107480=VECTOR('',#107470,1.);
#107490=LINE('',#107460,#107480);
#107500=CARTESIAN_POINT('',(20.4836462030948,43.6118764403034,
-42.2132861188318));
#107510=VERTEX_POINT('',#107500);
#107520=EDGE_CURVE('',#107510,#10180,#107490,.T.);
#107530=ORIENTED_EDGE('',*,*,#107520,.T.);
#107540=CARTESIAN_POINT('',(20.4836462030948,43.6118466915384,
-41.9132667496224));
#107550=DIRECTION('',(1.,1.4210854715202E-14,0.));
#107560=DIRECTION('',(8.65554103571559E-15,-0.609079552861543,
0.79310913390654));
#107570=AXIS2_PLACEMENT_3D('',#107540,#107550,#107560);
#107580=ELLIPSE('',#107570,0.300030791987682,0.3);
#107590=EDGE_CURVE('',#107510,#107270,#107580,.T.);
#107600=ORIENTED_EDGE('',*,*,#107590,.F.);
#107610=ORIENTED_EDGE('',*,*,#107280,.F.);
#107620=ORIENTED_EDGE('',*,*,#10280,.T.);
#107630=EDGE_LOOP('',(#107620,#107610,#107600,#107530));
#107640=FACE_OUTER_BOUND('',#107630,.T.);
#107650=ADVANCED_FACE('',(#107640),#107450,.F.);
#107660=CARTESIAN_POINT('',(20.4836462030948,40.6002563333335,
-42.2132861188318));
#107670=DIRECTION('',(0.0113629027288246,1.61476559822299E-16,
0.9999354401368));
#107680=DIRECTION('',(0.9999354401368,1.42099372643656E-14,
-0.0113629027288246));
#107690=AXIS2_PLACEMENT_3D('',#107660,#107670,#107680);
#107700=PLANE('',#107690);
#107710=CARTESIAN_POINT('',(29.8135706656094,41.4572152090816,
-42.319307987724));
#107720=DIRECTION('',(0.99989737057494,-0.00872597215732064,
-0.0113624701201671));
#107730=VECTOR('',#107720,1.);
#107740=LINE('',#107710,#107730);
#107750=CARTESIAN_POINT('',(20.4836462030948,41.5386362263636,
-42.2132861188318));
#107760=VERTEX_POINT('',#107750);
#107770=EDGE_CURVE('',#107760,#10100,#107740,.T.);
#107780=ORIENTED_EDGE('',*,*,#107770,.T.);
#107790=CARTESIAN_POINT('',(20.4836462030948,43.776923,-42.2132861188318
));
#107800=DIRECTION('',(1.4210854715202E-14,-1.,-4.13057089509717E-32));
#107810=VECTOR('',#107800,1.);
#107820=LINE('',#107790,#107810);
#107830=EDGE_CURVE('',#107510,#107760,#107820,.T.);
#107840=ORIENTED_EDGE('',*,*,#107830,.T.);
#107850=ORIENTED_EDGE('',*,*,#107520,.F.);
#107860=ORIENTED_EDGE('',*,*,#10190,.T.);
#107870=EDGE_LOOP('',(#107860,#107850,#107840,#107780));
#107880=FACE_OUTER_BOUND('',#107870,.T.);
#107890=ADVANCED_FACE('',(#107880),#107700,.T.);
#107900=CARTESIAN_POINT('',(29.8169795364281,41.4572152090816,
-42.019327355683));
#107910=DIRECTION('',(0.99989737057494,-0.00872597215732064,
-0.0113624701201671));
#107920=DIRECTION('',(0.0113629027288246,1.61476559822299E-16,
0.9999354401368));
#107930=AXIS2_PLACEMENT_3D('',#107900,#107910,#107920);
#107940=CYLINDRICAL_SURFACE('',#107930,0.3);
#107950=ORIENTED_EDGE('',*,*,#10110,.T.);
#107960=CARTESIAN_POINT('',(29.8143615757786,41.1572266321624,
-42.019327355683));
#107970=DIRECTION('',(0.99989737057494,-0.00872597215732064,
-0.0113624701201671));
#107980=VECTOR('',#107970,1.);
#107990=LINE('',#107960,#107980);
#108000=CARTESIAN_POINT('',(20.4836462030948,41.2386545516128,
-41.9132964991752));
#108010=VERTEX_POINT('',#108000);
#108020=EDGE_CURVE('',#108010,#10080,#107990,.T.);
#108030=ORIENTED_EDGE('',*,*,#108020,.T.);
#108040=CARTESIAN_POINT('',(20.4836462030948,41.5386659751286,
-41.9132667496224));
#108050=DIRECTION('',(1.,1.4210854715202E-14,0.));
#108060=DIRECTION('',(-8.65554103571559E-15,0.609079552861543,
0.79310913390654));
#108070=AXIS2_PLACEMENT_3D('',#108040,#108050,#108060);
#108080=ELLIPSE('',#108070,0.300030791987682,0.3);
#108090=EDGE_CURVE('',#108010,#107760,#108080,.T.);
#108100=ORIENTED_EDGE('',*,*,#108090,.F.);
#108110=ORIENTED_EDGE('',*,*,#107770,.F.);
#108120=EDGE_LOOP('',(#108110,#108100,#108030,#107950));
#108130=FACE_OUTER_BOUND('',#108120,.T.);
#108140=ADVANCED_FACE('',(#108130),#107940,.F.);
#108150=CARTESIAN_POINT('',(24.8836462030948,41.2002563333336,
-39.9332861188318));
#108160=DIRECTION('',(-0.00872653549835972,-0.999961923064171,-0.));
#108170=DIRECTION('',(-0.999961923064171,0.00872653549835972,0.));
#108180=AXIS2_PLACEMENT_3D('',#108150,#108160,#108170);
#108190=PLANE('',#108180);
#108200=CARTESIAN_POINT('',(29.8143615757786,41.1572266321624,
-40.3872448819806));
#108210=DIRECTION('',(0.999897370574939,-0.00872597215732064,
0.0113624701201756));
#108220=VECTOR('',#108210,1.);
#108230=LINE('',#108200,#108220);
#108240=CARTESIAN_POINT('',(20.4836462030948,41.2386545516129,
-40.4932757384884));
#108250=VERTEX_POINT('',#108240);
#108260=EDGE_CURVE('',#108250,#11290,#108230,.T.);
#108270=ORIENTED_EDGE('',*,*,#108260,.T.);
#108280=CARTESIAN_POINT('',(20.4836462030948,41.2386545516129,
-34.8532861188318));
#108290=DIRECTION('',(0.,0.,1.));
#108300=VECTOR('',#108290,1.);
#108310=LINE('',#108280,#108300);
#108320=EDGE_CURVE('',#108010,#108250,#108310,.T.);
#108330=ORIENTED_EDGE('',*,*,#108320,.T.);
#108340=ORIENTED_EDGE('',*,*,#108020,.F.);
#108350=ORIENTED_EDGE('',*,*,#11360,.F.);
#108360=EDGE_LOOP('',(#108350,#108340,#108330,#108270));
#108370=FACE_OUTER_BOUND('',#108360,.T.);
#108380=ADVANCED_FACE('',(#108370),#108190,.F.);
#108390=CARTESIAN_POINT('',(24.8836462030947,44.7002563333336,
-39.9332861188318));
#108400=DIRECTION('',(-0.00872653549838815,0.999961923064171,0.));
#108410=DIRECTION('',(0.999961923064171,0.00872653549838815,0.));
#108420=AXIS2_PLACEMENT_3D('',#108390,#108400,#108410);
#108430=PLANE('',#108420);
#108440=ORIENTED_EDGE('',*,*,#10700,.T.);
#108450=CARTESIAN_POINT('',(29.8152342293284,44.7432936500371,
-41.3663310509224));
#108460=DIRECTION('',(0.99992385047757,0.00872620324395843,
-0.00872620324394422));
#108470=VECTOR('',#108460,1.);
#108480=LINE('',#108450,#108470);
#108490=CARTESIAN_POINT('',(20.4836462030948,44.6618581150542,
-41.2848955159397));
#108500=VERTEX_POINT('',#108490);
#108510=EDGE_CURVE('',#108500,#10610,#108480,.T.);
#108520=ORIENTED_EDGE('',*,*,#108510,.T.);
#108530=CARTESIAN_POINT('',(20.4836462030948,44.6618581150542,
-39.9332861188318));
#108540=DIRECTION('',(0.,0.,1.));
#108550=VECTOR('',#108540,1.);
#108560=LINE('',#108530,#108550);
#108570=CARTESIAN_POINT('',(20.4836462030948,44.6618581150542,
-41.121676721724));
#108580=VERTEX_POINT('',#108570);
#108590=EDGE_CURVE('',#108500,#108580,#108560,.T.);
#108600=ORIENTED_EDGE('',*,*,#108590,.F.);
#108610=CARTESIAN_POINT('',(29.8152342293284,44.7432936500371,
-41.0402411867412));
#108620=DIRECTION('',(0.99992385047757,0.00872620324395843,
0.00872620324394422));
#108630=VECTOR('',#108620,1.);
#108640=LINE('',#108610,#108630);
#108650=EDGE_CURVE('',#108580,#10690,#108640,.T.);
#108660=ORIENTED_EDGE('',*,*,#108650,.F.);
#108670=EDGE_LOOP('',(#108660,#108600,#108520,#108440));
#108680=FACE_OUTER_BOUND('',#108670,.T.);
#108690=ADVANCED_FACE('',(#108680),#108430,.F.);
#108700=CARTESIAN_POINT('',(20.4836462030948,44.7035896666662,
-39.9332861188318));
#108710=DIRECTION('',(-1.,-1.4210854715202E-14,-0.));
#108720=DIRECTION('',(-1.4210854715202E-14,1.,0.));
#108730=AXIS2_PLACEMENT_3D('',#108700,#108710,#108720);
#108740=PLANE('',#108730);
#108750=CARTESIAN_POINT('',(20.4836462030948,43.776923,-41.5232861188318
));
#108760=DIRECTION('',(-1.4210854715202E-14,1.,0.));
#108770=VECTOR('',#108760,1.);
#108780=LINE('',#108750,#108770);
#108790=CARTESIAN_POINT('',(20.4836462030948,42.250256333334,
-41.5232861188318));
#108800=VERTEX_POINT('',#108790);
#108810=CARTESIAN_POINT('',(20.4836462030948,42.890256333334,
-41.5232861188318));
#108820=VERTEX_POINT('',#108810);
#108830=EDGE_CURVE('',#108800,#108820,#108780,.T.);
#108840=ORIENTED_EDGE('',*,*,#108830,.F.);
#108850=CARTESIAN_POINT('',(20.4836462030948,42.890256333334,
-39.9332861188318));
#108860=DIRECTION('',(0.,0.,1.));
#108870=VECTOR('',#108860,1.);
#108880=LINE('',#108850,#108870);
#108890=CARTESIAN_POINT('',(20.4836462030948,42.890256333334,
-40.8832861188318));
#108900=VERTEX_POINT('',#108890);
#108910=EDGE_CURVE('',#108820,#108900,#108880,.T.);
#108920=ORIENTED_EDGE('',*,*,#108910,.F.);
#108930=CARTESIAN_POINT('',(20.4836462030948,43.776923,-40.8832861188318
));
#108940=DIRECTION('',(1.4210854715202E-14,-1.,0.));
#108950=VECTOR('',#108940,1.);
#108960=LINE('',#108930,#108950);
#108970=CARTESIAN_POINT('',(20.4836462030948,42.250256333334,
-40.8832861188318));
#108980=VERTEX_POINT('',#108970);
#108990=EDGE_CURVE('',#108900,#108980,#108960,.T.);
#109000=ORIENTED_EDGE('',*,*,#108990,.F.);
#109010=CARTESIAN_POINT('',(20.4836462030948,42.250256333334,
-39.9332861188318));
#109020=DIRECTION('',(0.,0.,-1.));
#109030=VECTOR('',#109020,1.);
#109040=LINE('',#109010,#109030);
#109050=EDGE_CURVE('',#108980,#108800,#109040,.T.);
#109060=ORIENTED_EDGE('',*,*,#109050,.F.);
#109070=EDGE_LOOP('',(#109060,#109000,#108920,#108840));
#109080=FACE_BOUND('',#109070,.T.);
#109090=CARTESIAN_POINT('',(20.4836462030948,41.5386659751286,
-40.4933054880413));
#109100=DIRECTION('',(-1.,-1.4210854715202E-14,0.));
#109110=DIRECTION('',(-8.65554103570617E-15,0.60907955286088,
-0.793109133907049));
#109120=AXIS2_PLACEMENT_3D('',#109090,#109100,#109110);
#109130=ELLIPSE('',#109120,0.300030791987682,0.3);
#109140=CARTESIAN_POINT('',(20.4836462030948,41.5386362263636,
-40.1932861188318));
#109150=VERTEX_POINT('',#109140);
#109160=EDGE_CURVE('',#108250,#109150,#109130,.T.);
#109170=ORIENTED_EDGE('',*,*,#109160,.F.);
#109180=CARTESIAN_POINT('',(20.4836462030948,43.776923,-40.1932861188318
));
#109190=DIRECTION('',(1.4210854715202E-14,-1.,4.13057089509717E-32));
#109200=VECTOR('',#109190,1.);
#109210=LINE('',#109180,#109200);
#109220=CARTESIAN_POINT('',(20.4836462030948,43.6118764403034,
-40.1932861188318));
#109230=VERTEX_POINT('',#109220);
#109240=EDGE_CURVE('',#109230,#109150,#109210,.T.);
#109250=ORIENTED_EDGE('',*,*,#109240,.T.);
#109260=CARTESIAN_POINT('',(20.4836462030948,43.6118466915385,
-40.4933054880413));
#109270=DIRECTION('',(-1.,-1.4210854715202E-14,0.));
#109280=DIRECTION('',(8.65554103570617E-15,-0.60907955286088,
-0.793109133907049));
#109290=AXIS2_PLACEMENT_3D('',#109260,#109270,#109280);
#109300=ELLIPSE('',#109290,0.300030791987682,0.3);
#109310=CARTESIAN_POINT('',(20.4836462030948,43.9118581150542,
-40.4932757384884));
#109320=VERTEX_POINT('',#109310);
#109330=EDGE_CURVE('',#109230,#109320,#109300,.T.);
#109340=ORIENTED_EDGE('',*,*,#109330,.F.);
#109350=CARTESIAN_POINT('',(20.4836462030948,43.9118581150542,
-34.8532861188318));
#109360=DIRECTION('',(0.,0.,-1.));
#109370=VECTOR('',#109360,1.);
#109380=LINE('',#109350,#109370);
#109390=CARTESIAN_POINT('',(20.4836462030948,43.9118581150542,
-40.7216919524983));
#109400=VERTEX_POINT('',#109390);
#109410=EDGE_CURVE('',#109320,#109400,#109380,.T.);
#109420=ORIENTED_EDGE('',*,*,#109410,.F.);
#109430=CARTESIAN_POINT('',(20.4836462030948,44.1118657307313,
-40.721676721434));
#109440=DIRECTION('',(-1.,-1.4210854715202E-14,0.));
#109450=DIRECTION('',(-1.00485917355726E-14,0.7071067811863,
0.707106781186795));
#109460=AXIS2_PLACEMENT_3D('',#109430,#109440,#109450);
#109470=ELLIPSE('',#109460,0.200015231064324,0.2);
#109480=CARTESIAN_POINT('',(20.4836462030948,44.111850499667,
-40.9216843371111));
#109490=VERTEX_POINT('',#109480);
#109500=EDGE_CURVE('',#109490,#109400,#109470,.T.);
#109510=ORIENTED_EDGE('',*,*,#109500,.T.);
#109520=CARTESIAN_POINT('',(20.4836462030948,43.776923,-40.9216843371111
));
#109530=DIRECTION('',(1.4210854715202E-14,-1.,4.13057089509717E-32));
#109540=VECTOR('',#109530,1.);
#109550=LINE('',#109520,#109540);
#109560=CARTESIAN_POINT('',(20.4836462030948,44.4618657304413,
-40.9216843371111));
#109570=VERTEX_POINT('',#109560);
#109580=EDGE_CURVE('',#109570,#109490,#109550,.T.);
#109590=ORIENTED_EDGE('',*,*,#109580,.T.);
#109600=CARTESIAN_POINT('',(20.4836462030948,44.461850499377,
-41.1216919527883));
#109610=DIRECTION('',(-1.,-1.4210854715202E-14,0.));
#109620=DIRECTION('',(-1.00485917355726E-14,0.7071067811863,
0.707106781186795));
#109630=AXIS2_PLACEMENT_3D('',#109600,#109610,#109620);
#109640=ELLIPSE('',#109630,0.200015231064324,0.2);
#109650=EDGE_CURVE('',#109570,#108580,#109640,.T.);
#109660=ORIENTED_EDGE('',*,*,#109650,.F.);
#109670=ORIENTED_EDGE('',*,*,#108590,.T.);
#109680=CARTESIAN_POINT('',(20.4836462030948,44.461850499377,
-41.2848802848753));
#109690=DIRECTION('',(1.,1.4210854715202E-14,0.));
#109700=DIRECTION('',(-1.00485917355726E-14,0.7071067811863,
-0.707106781186795));
#109710=AXIS2_PLACEMENT_3D('',#109680,#109690,#109700);
#109720=ELLIPSE('',#109710,0.200015231064324,0.2);
#109730=EDGE_CURVE('',#106790,#108500,#109720,.T.);
#109740=ORIENTED_EDGE('',*,*,#109730,.T.);
#109750=ORIENTED_EDGE('',*,*,#106800,.F.);
#109760=ORIENTED_EDGE('',*,*,#107100,.F.);
#109770=ORIENTED_EDGE('',*,*,#107340,.T.);
#109780=ORIENTED_EDGE('',*,*,#107590,.T.);
#109790=ORIENTED_EDGE('',*,*,#107830,.F.);
#109800=ORIENTED_EDGE('',*,*,#108090,.T.);
#109810=ORIENTED_EDGE('',*,*,#108320,.F.);
#109820=EDGE_LOOP('',(#109810,#109800,#109790,#109780,#109770,#109760,
#109750,#109740,#109670,#109660,#109590,#109510,#109420,#109340,#109250,
#109170));
#109830=FACE_OUTER_BOUND('',#109820,.T.);
#109840=ADVANCED_FACE('',(#109080,#109830),#108740,.F.);
#109850=CARTESIAN_POINT('',(21.8836462030946,42.570256333334,
-41.5232861188318));
#109860=DIRECTION('',(0.,0.,-1.));
#109870=DIRECTION('',(1.,0.,0.));
#109880=AXIS2_PLACEMENT_3D('',#109850,#109860,#109870);
#109890=PLANE('',#109880);
#109900=CARTESIAN_POINT('',(18.7236462030947,42.890256333334,
-41.5232861188318));
#109910=DIRECTION('',(1.,0.,0.));
#109920=VECTOR('',#109910,1.);
#109930=LINE('',#109900,#109920);
#109940=CARTESIAN_POINT('',(23.3836462030946,42.890256333334,
-41.5232861188318));
#109950=VERTEX_POINT('',#109940);
#109960=EDGE_CURVE('',#108820,#109950,#109930,.T.);
#109970=ORIENTED_EDGE('',*,*,#109960,.T.);
#109980=ORIENTED_EDGE('',*,*,#108830,.T.);
#109990=CARTESIAN_POINT('',(23.3836462030946,42.250256333334,
-41.5232861188318));
#110000=DIRECTION('',(-1.,0.,0.));
#110010=VECTOR('',#110000,1.);
#110020=LINE('',#109990,#110010);
#110030=CARTESIAN_POINT('',(23.3836462030946,42.250256333334,
-41.5232861188318));
#110040=VERTEX_POINT('',#110030);
#110050=EDGE_CURVE('',#110040,#108800,#110020,.T.);
#110060=ORIENTED_EDGE('',*,*,#110050,.T.);
#110070=CARTESIAN_POINT('',(23.3836462030946,42.472756333334,
-41.5232861188318));
#110080=DIRECTION('',(0.,-1.,-0.));
#110090=VECTOR('',#110080,1.);
#110100=LINE('',#110070,#110090);
#110110=EDGE_CURVE('',#109950,#110040,#110100,.T.);
#110120=ORIENTED_EDGE('',*,*,#110110,.T.);
#110130=EDGE_LOOP('',(#110120,#110060,#109980,#109970));
#110140=FACE_OUTER_BOUND('',#110130,.T.);
#110150=ADVANCED_FACE('',(#110140),#109890,.T.);
#110160=COLOUR_RGB('',1.,0.843137323856354,0.);
#110170=FILL_AREA_STYLE_COLOUR('',#110160);
#110180=FILL_AREA_STYLE('',(#110170));
#110190=SURFACE_STYLE_FILL_AREA(#110180);
#110200=SURFACE_SIDE_STYLE('',(#110190));
#110210=SURFACE_STYLE_USAGE(.BOTH.,#110200);
#110220=PRESENTATION_STYLE_ASSIGNMENT((#110210));
#110230=CARTESIAN_POINT('',(23.3836462030946,42.890256333334,
-41.5232861188318));
#110240=DIRECTION('',(0.,-1.,0.));
#110250=DIRECTION('',(1.,0.,0.));
#110260=AXIS2_PLACEMENT_3D('',#110230,#110240,#110250);
#110270=PLANE('',#110260);
#110280=CARTESIAN_POINT('',(18.7236462030947,42.890256333334,
-40.8832861188318));
#110290=DIRECTION('',(1.,0.,0.));
#110300=VECTOR('',#110290,1.);
#110310=LINE('',#110280,#110300);
#110320=CARTESIAN_POINT('',(23.3836462030946,42.890256333334,
-40.8832861188318));
#110330=VERTEX_POINT('',#110320);
#110340=EDGE_CURVE('',#108900,#110330,#110310,.T.);
#110350=ORIENTED_EDGE('',*,*,#110340,.T.);
#110360=ORIENTED_EDGE('',*,*,#108910,.T.);
#110370=ORIENTED_EDGE('',*,*,#109960,.F.);
#110380=CARTESIAN_POINT('',(23.3836462030946,42.890256333334,
-41.2032861188318));
#110390=DIRECTION('',(0.,0.,1.));
#110400=VECTOR('',#110390,1.);
#110410=LINE('',#110380,#110400);
#110420=EDGE_CURVE('',#109950,#110330,#110410,.T.);
#110430=ORIENTED_EDGE('',*,*,#110420,.F.);
#110440=EDGE_LOOP('',(#110430,#110370,#110360,#110350));
#110450=FACE_OUTER_BOUND('',#110440,.T.);
#110460=ADVANCED_FACE('',(#110450),#110270,.F.);
#110470=COLOUR_RGB('',1.,0.843137323856354,0.);
#110480=FILL_AREA_STYLE_COLOUR('',#110470);
#110490=FILL_AREA_STYLE('',(#110480));
#110500=SURFACE_STYLE_FILL_AREA(#110490);
#110510=SURFACE_SIDE_STYLE('',(#110500));
#110520=SURFACE_STYLE_USAGE(.BOTH.,#110510);
#110530=PRESENTATION_STYLE_ASSIGNMENT((#110520));
#110540=CARTESIAN_POINT('',(21.8836462030946,42.570256333334,
-40.8832861188318));
#110550=DIRECTION('',(0.,0.,-1.));
#110560=DIRECTION('',(1.,0.,0.));
#110570=AXIS2_PLACEMENT_3D('',#110540,#110550,#110560);
#110580=PLANE('',#110570);
#110590=CARTESIAN_POINT('',(23.3836462030946,42.250256333334,
-40.8832861188318));
#110600=DIRECTION('',(-1.,0.,0.));
#110610=VECTOR('',#110600,1.);
#110620=LINE('',#110590,#110610);
#110630=CARTESIAN_POINT('',(23.3836462030946,42.250256333334,
-40.8832861188318));
#110640=VERTEX_POINT('',#110630);
#110650=EDGE_CURVE('',#110640,#108980,#110620,.T.);
#110660=ORIENTED_EDGE('',*,*,#110650,.F.);
#110670=ORIENTED_EDGE('',*,*,#108990,.T.);
#110680=ORIENTED_EDGE('',*,*,#110340,.F.);
#110690=CARTESIAN_POINT('',(23.3836462030946,42.570256333334,
-40.8832861188318));
#110700=DIRECTION('',(0.,-1.,-0.));
#110710=VECTOR('',#110700,1.);
#110720=LINE('',#110690,#110710);
#110730=EDGE_CURVE('',#110330,#110640,#110720,.T.);
#110740=ORIENTED_EDGE('',*,*,#110730,.F.);
#110750=EDGE_LOOP('',(#110740,#110680,#110670,#110660));
#110760=FACE_OUTER_BOUND('',#110750,.T.);
#110770=ADVANCED_FACE('',(#110760),#110580,.F.);
#110780=COLOUR_RGB('',1.,0.843137323856354,0.);
#110790=FILL_AREA_STYLE_COLOUR('',#110780);
#110800=FILL_AREA_STYLE('',(#110790));
#110810=SURFACE_STYLE_FILL_AREA(#110800);
#110820=SURFACE_SIDE_STYLE('',(#110810));
#110830=SURFACE_STYLE_USAGE(.BOTH.,#110820);
#110840=PRESENTATION_STYLE_ASSIGNMENT((#110830));
#110850=CARTESIAN_POINT('',(18.7236462030947,42.250256333334,
-41.5232861188318));
#110860=DIRECTION('',(0.,1.,-0.));
#110870=DIRECTION('',(-1.,0.,0.));
#110880=AXIS2_PLACEMENT_3D('',#110850,#110860,#110870);
#110890=PLANE('',#110880);
#110900=ORIENTED_EDGE('',*,*,#110050,.F.);
#110910=ORIENTED_EDGE('',*,*,#109050,.T.);
#110920=ORIENTED_EDGE('',*,*,#110650,.T.);
#110930=CARTESIAN_POINT('',(23.3836462030946,42.250256333334,
-41.1057861188318));
#110940=DIRECTION('',(0.,0.,1.));
#110950=VECTOR('',#110940,1.);
#110960=LINE('',#110930,#110950);
#110970=EDGE_CURVE('',#110040,#110640,#110960,.T.);
#110980=ORIENTED_EDGE('',*,*,#110970,.T.);
#110990=EDGE_LOOP('',(#110980,#110920,#110910,#110900));
#111000=FACE_OUTER_BOUND('',#110990,.T.);
#111010=ADVANCED_FACE('',(#111000),#110890,.F.);
#111020=COLOUR_RGB('',1.,0.843137323856354,0.);
#111030=FILL_AREA_STYLE_COLOUR('',#111020);
#111040=FILL_AREA_STYLE('',(#111030));
#111050=SURFACE_STYLE_FILL_AREA(#111040);
#111060=SURFACE_SIDE_STYLE('',(#111050));
#111070=SURFACE_STYLE_USAGE(.BOTH.,#111060);
#111080=PRESENTATION_STYLE_ASSIGNMENT((#111070));
#111090=CARTESIAN_POINT('',(23.6336462030946,42.347756333334,
-41.1057861188318));
#111100=DIRECTION('',(-0.363345276491644,0.931654555106779,0.));
#111110=DIRECTION('',(-0.931654555106779,-0.363345276491644,-0.));
#111120=AXIS2_PLACEMENT_3D('',#111090,#111100,#111110);
#111130=PLANE('',#111120);
#111140=CARTESIAN_POINT('',(21.8836462030946,41.665256333334,
-42.1082861188318));
#111150=DIRECTION('',(-0.875644657040788,-0.341501416245907,
-0.341501416245907));
#111160=VECTOR('',#111150,1.);
#111170=LINE('',#111140,#111160);
#111180=CARTESIAN_POINT('',(23.8836462030946,42.445256333334,
-41.3282861188318));
#111190=VERTEX_POINT('',#111180);
#111200=EDGE_CURVE('',#111190,#110040,#111170,.T.);
#111210=ORIENTED_EDGE('',*,*,#111200,.F.);
#111220=ORIENTED_EDGE('',*,*,#110970,.F.);
#111230=CARTESIAN_POINT('',(21.8836462030946,41.665256333334,
-40.2982861188318));
#111240=DIRECTION('',(0.875644657040788,0.341501416245907,
-0.341501416245907));
#111250=VECTOR('',#111240,1.);
#111260=LINE('',#111230,#111250);
#111270=CARTESIAN_POINT('',(23.8836462030946,42.445256333334,
-41.0782861188318));
#111280=VERTEX_POINT('',#111270);
#111290=EDGE_CURVE('',#110640,#111280,#111260,.T.);
#111300=ORIENTED_EDGE('',*,*,#111290,.F.);
#111310=CARTESIAN_POINT('',(23.8836462030946,42.445256333334,
-41.1057861188318));
#111320=DIRECTION('',(0.,0.,1.));
#111330=VECTOR('',#111320,1.);
#111340=LINE('',#111310,#111330);
#111350=EDGE_CURVE('',#111190,#111280,#111340,.T.);
#111360=ORIENTED_EDGE('',*,*,#111350,.T.);
#111370=EDGE_LOOP('',(#111360,#111300,#111220,#111210));
#111380=FACE_OUTER_BOUND('',#111370,.T.);
#111390=ADVANCED_FACE('',(#111380),#111130,.F.);
#111400=COLOUR_RGB('',1.,0.843137323856354,0.);
#111410=FILL_AREA_STYLE_COLOUR('',#111400);
#111420=FILL_AREA_STYLE('',(#111410));
#111430=SURFACE_STYLE_FILL_AREA(#111420);
#111440=SURFACE_SIDE_STYLE('',(#111430));
#111450=SURFACE_STYLE_USAGE(.BOTH.,#111440);
#111460=PRESENTATION_STYLE_ASSIGNMENT((#111450));
#111470=CARTESIAN_POINT('',(23.6336462030946,42.792756333334,
-41.2032861188318));
#111480=DIRECTION('',(-0.363345276491644,-0.931654555106779,0.));
#111490=DIRECTION('',(0.931654555106779,-0.363345276491644,0.));
#111500=AXIS2_PLACEMENT_3D('',#111470,#111480,#111490);
#111510=PLANE('',#111500);
#111520=CARTESIAN_POINT('',(21.8836462030946,43.475256333334,
-42.1082861188318));
#111530=DIRECTION('',(-0.875644657040788,0.341501416245907,
-0.341501416245907));
#111540=VECTOR('',#111530,1.);
#111550=LINE('',#111520,#111540);
#111560=CARTESIAN_POINT('',(23.8836462030946,42.695256333334,
-41.3282861188318));
#111570=VERTEX_POINT('',#111560);
#111580=EDGE_CURVE('',#111570,#109950,#111550,.T.);
#111590=ORIENTED_EDGE('',*,*,#111580,.T.);
#111600=CARTESIAN_POINT('',(23.8836462030946,42.695256333334,
-41.2032861188318));
#111610=DIRECTION('',(0.,0.,1.));
#111620=VECTOR('',#111610,1.);
#111630=LINE('',#111600,#111620);
#111640=CARTESIAN_POINT('',(23.8836462030946,42.695256333334,
-41.0782861188318));
#111650=VERTEX_POINT('',#111640);
#111660=EDGE_CURVE('',#111570,#111650,#111630,.T.);
#111670=ORIENTED_EDGE('',*,*,#111660,.F.);
#111680=CARTESIAN_POINT('',(21.8836462030946,43.475256333334,
-40.2982861188318));
#111690=DIRECTION('',(-0.875644657040788,0.341501416245907,
0.341501416245907));
#111700=VECTOR('',#111690,1.);
#111710=LINE('',#111680,#111700);
#111720=EDGE_CURVE('',#111650,#110330,#111710,.T.);
#111730=ORIENTED_EDGE('',*,*,#111720,.F.);
#111740=ORIENTED_EDGE('',*,*,#110420,.T.);
#111750=EDGE_LOOP('',(#111740,#111730,#111670,#111590));
#111760=FACE_OUTER_BOUND('',#111750,.T.);
#111770=ADVANCED_FACE('',(#111760),#111510,.F.);
#111780=COLOUR_RGB('',1.,0.843137323856354,0.);
#111790=FILL_AREA_STYLE_COLOUR('',#111780);
#111800=FILL_AREA_STYLE('',(#111790));
#111810=SURFACE_STYLE_FILL_AREA(#111800);
#111820=SURFACE_SIDE_STYLE('',(#111810));
#111830=SURFACE_STYLE_USAGE(.BOTH.,#111820);
#111840=PRESENTATION_STYLE_ASSIGNMENT((#111830));
#111850=CARTESIAN_POINT('',(23.8836462030946,42.250256333334,
-41.5232861188318));
#111860=DIRECTION('',(-1.,-0.,0.));
#111870=DIRECTION('',(0.,-1.,-0.));
#111880=AXIS2_PLACEMENT_3D('',#111850,#111860,#111870);
#111890=PLANE('',#111880);
#111900=CARTESIAN_POINT('',(23.8836462030946,42.570256333334,
-41.0782861188318));
#111910=DIRECTION('',(0.,-1.,-0.));
#111920=VECTOR('',#111910,1.);
#111930=LINE('',#111900,#111920);
#111940=EDGE_CURVE('',#111650,#111280,#111930,.T.);
#111950=ORIENTED_EDGE('',*,*,#111940,.T.);
#111960=ORIENTED_EDGE('',*,*,#111660,.T.);
#111970=CARTESIAN_POINT('',(23.8836462030946,42.472756333334,
-41.3282861188318));
#111980=DIRECTION('',(0.,-1.,-0.));
#111990=VECTOR('',#111980,1.);
#112000=LINE('',#111970,#111990);
#112010=EDGE_CURVE('',#111570,#111190,#112000,.T.);
#112020=ORIENTED_EDGE('',*,*,#112010,.F.);
#112030=ORIENTED_EDGE('',*,*,#111350,.F.);
#112040=EDGE_LOOP('',(#112030,#112020,#111960,#111950));
#112050=FACE_OUTER_BOUND('',#112040,.T.);
#112060=ADVANCED_FACE('',(#112050),#111890,.F.);
#112070=COLOUR_RGB('',1.,0.843137323856354,0.);
#112080=FILL_AREA_STYLE_COLOUR('',#112070);
#112090=FILL_AREA_STYLE('',(#112080));
#112100=SURFACE_STYLE_FILL_AREA(#112090);
#112110=SURFACE_SIDE_STYLE('',(#112100));
#112120=SURFACE_STYLE_USAGE(.BOTH.,#112110);
#112130=PRESENTATION_STYLE_ASSIGNMENT((#112120));
#112140=CARTESIAN_POINT('',(23.6336462030946,42.570256333334,
-40.9807861188318));
#112150=DIRECTION('',(-0.363345276491644,0.,-0.931654555106779));
#112160=DIRECTION('',(0.931654555106779,0.,-0.363345276491644));
#112170=AXIS2_PLACEMENT_3D('',#112140,#112150,#112160);
#112180=PLANE('',#112170);
#112190=ORIENTED_EDGE('',*,*,#111720,.T.);
#112200=ORIENTED_EDGE('',*,*,#111940,.F.);
#112210=ORIENTED_EDGE('',*,*,#111290,.T.);
#112220=ORIENTED_EDGE('',*,*,#110730,.T.);
#112230=EDGE_LOOP('',(#112220,#112210,#112200,#112190));
#112240=FACE_OUTER_BOUND('',#112230,.T.);
#112250=ADVANCED_FACE('',(#112240),#112180,.F.);
#112260=COLOUR_RGB('',1.,0.843137323856354,0.);
#112270=FILL_AREA_STYLE_COLOUR('',#112260);
#112280=FILL_AREA_STYLE('',(#112270));
#112290=SURFACE_STYLE_FILL_AREA(#112280);
#112300=SURFACE_SIDE_STYLE('',(#112290));
#112310=SURFACE_STYLE_USAGE(.BOTH.,#112300);
#112320=PRESENTATION_STYLE_ASSIGNMENT((#112310));
#112330=CARTESIAN_POINT('',(23.6336462030946,42.472756333334,
-41.4257861188318));
#112340=DIRECTION('',(0.363345276491644,0.,-0.931654555106779));
#112350=DIRECTION('',(0.931654555106779,0.,0.363345276491644));
#112360=AXIS2_PLACEMENT_3D('',#112330,#112340,#112350);
#112370=PLANE('',#112360);
#112380=ORIENTED_EDGE('',*,*,#111200,.T.);
#112390=ORIENTED_EDGE('',*,*,#112010,.T.);
#112400=ORIENTED_EDGE('',*,*,#111580,.F.);
#112410=ORIENTED_EDGE('',*,*,#110110,.F.);
#112420=EDGE_LOOP('',(#112410,#112400,#112390,#112380));
#112430=FACE_OUTER_BOUND('',#112420,.T.);
#112440=ADVANCED_FACE('',(#112430),#112370,.T.);
#112450=COLOUR_RGB('',1.,0.843137323856354,0.);
#112460=FILL_AREA_STYLE_COLOUR('',#112450);
#112470=FILL_AREA_STYLE('',(#112460));
#112480=SURFACE_STYLE_FILL_AREA(#112470);
#112490=SURFACE_SIDE_STYLE('',(#112480));
#112500=SURFACE_STYLE_USAGE(.BOTH.,#112490);
#112510=PRESENTATION_STYLE_ASSIGNMENT((#112500));
#112520=CARTESIAN_POINT('',(24.8836462030947,43.7769230000001,
-40.8832861188318));
#112530=DIRECTION('',(-0.00872653549837393,-1.24011528134445E-16,
0.999961923064171));
#112540=DIRECTION('',(1.4210854715202E-14,-1.,4.13041361561426E-32));
#112550=AXIS2_PLACEMENT_3D('',#112520,#112530,#112540);
#112560=PLANE('',#112550);
#112570=CARTESIAN_POINT('',(29.8152342293284,44.5433012654242,
-40.8402488021284));
#112580=DIRECTION('',(0.99992385047757,0.00872620324395843,
0.00872620324394422));
#112590=VECTOR('',#112580,1.);
#112600=LINE('',#112570,#112590);
#112610=EDGE_CURVE('',#109570,#10780,#112600,.T.);
#112620=ORIENTED_EDGE('',*,*,#112610,.T.);
#112630=ORIENTED_EDGE('',*,*,#109580,.F.);
#112640=CARTESIAN_POINT('',(29.8187248435277,44.1933164967785,
-40.8402183399998));
#112650=DIRECTION('',(0.99992385047757,0.00872620324395843,
0.00872620324394422));
#112660=VECTOR('',#112650,1.);
#112670=LINE('',#112640,#112660);
#112680=EDGE_CURVE('',#109490,#10860,#112670,.T.);
#112690=ORIENTED_EDGE('',*,*,#112680,.F.);
#112700=ORIENTED_EDGE('',*,*,#10870,.T.);
#112710=EDGE_LOOP('',(#112700,#112690,#112630,#112620));
#112720=FACE_OUTER_BOUND('',#112710,.T.);
#112730=ADVANCED_FACE('',(#112720),#112560,.F.);
#112740=CARTESIAN_POINT('',(24.8836462030947,43.9502563333336,
-39.9332861188318));
#112750=DIRECTION('',(0.00872653549838815,-0.999961923064171,0.));
#112760=DIRECTION('',(-0.999961923064171,-0.00872653549838815,-0.));
#112770=AXIS2_PLACEMENT_3D('',#112740,#112750,#112760);
#112780=PLANE('',#112770);
#112790=CARTESIAN_POINT('',(29.8187248435277,43.9933241121657,
-40.6402259553869));
#112800=DIRECTION('',(0.99992385047757,0.00872620324395843,
0.00872620324394422));
#112810=VECTOR('',#112800,1.);
#112820=LINE('',#112790,#112810);
#112830=EDGE_CURVE('',#109400,#10950,#112820,.T.);
#112840=ORIENTED_EDGE('',*,*,#112830,.T.);
#112850=ORIENTED_EDGE('',*,*,#109410,.T.);
#112860=CARTESIAN_POINT('',(29.8143615757785,43.9932860345049,
-40.3872448819806));
#112870=DIRECTION('',(0.999897370574939,0.00872597215734906,
0.0113624701201756));
#112880=VECTOR('',#112870,1.);
#112890=LINE('',#112860,#112880);
#112900=EDGE_CURVE('',#109320,#11030,#112890,.T.);
#112910=ORIENTED_EDGE('',*,*,#112900,.F.);
#112920=ORIENTED_EDGE('',*,*,#11040,.T.);
#112930=EDGE_LOOP('',(#112920,#112910,#112850,#112840));
#112940=FACE_OUTER_BOUND('',#112930,.T.);
#112950=ADVANCED_FACE('',(#112940),#112780,.T.);
#112960=CARTESIAN_POINT('',(29.816979536428,43.6932974575857,
-40.3872448819806));
#112970=DIRECTION('',(0.999897370574939,0.00872597215734906,
0.0113624701201756));
#112980=DIRECTION('',(-0.0113629027288331,-1.6147655982242E-16,
0.9999354401368));
#112990=AXIS2_PLACEMENT_3D('',#112960,#112970,#112980);
#113000=CYLINDRICAL_SURFACE('',#112990,0.3);
#113010=ORIENTED_EDGE('',*,*,#112900,.T.);
#113020=ORIENTED_EDGE('',*,*,#109330,.T.);
#113030=CARTESIAN_POINT('',(29.8135706656094,43.6932974575857,
-40.0872642499396));
#113040=DIRECTION('',(0.999897370574939,0.00872597215734906,
0.0113624701201756));
#113050=VECTOR('',#113040,1.);
#113060=LINE('',#113030,#113050);
#113070=EDGE_CURVE('',#109230,#11120,#113060,.T.);
#113080=ORIENTED_EDGE('',*,*,#113070,.F.);
#113090=ORIENTED_EDGE('',*,*,#11130,.T.);
#113100=EDGE_LOOP('',(#113090,#113080,#113020,#113010));
#113110=FACE_OUTER_BOUND('',#113100,.T.);
#113120=ADVANCED_FACE('',(#113110),#113000,.F.);
#113130=CARTESIAN_POINT('',(24.8836462030948,40.6002563333336,
-40.1432861188318));
#113140=DIRECTION('',(0.0113629027288331,1.6147655982242E-16,
-0.9999354401368));
#113150=DIRECTION('',(-0.9999354401368,-1.42099372643656E-14,
-0.0113629027288331));
#113160=AXIS2_PLACEMENT_3D('',#113130,#113140,#113150);
#113170=PLANE('',#113160);
#113180=ORIENTED_EDGE('',*,*,#113070,.T.);
#113190=ORIENTED_EDGE('',*,*,#109240,.F.);
#113200=CARTESIAN_POINT('',(29.8135706656094,41.4572152090816,
-40.0872642499396));
#113210=DIRECTION('',(0.999897370574939,-0.00872597215732064,
0.0113624701201756));
#113220=VECTOR('',#113210,1.);
#113230=LINE('',#113200,#113220);
#113240=EDGE_CURVE('',#109150,#11200,#113230,.T.);
#113250=ORIENTED_EDGE('',*,*,#113240,.F.);
#113260=ORIENTED_EDGE('',*,*,#11210,.F.);
#113270=EDGE_LOOP('',(#113260,#113250,#113190,#113180));
#113280=FACE_OUTER_BOUND('',#113270,.T.);
#113290=ADVANCED_FACE('',(#113280),#113170,.T.);
#113300=CARTESIAN_POINT('',(29.8169795364281,41.4572152090816,
-40.3872448819806));
#113310=DIRECTION('',(0.999897370574939,-0.00872597215732064,
0.0113624701201756));
#113320=DIRECTION('',(-0.0113629027288331,-1.6147655982242E-16,
0.9999354401368));
#113330=AXIS2_PLACEMENT_3D('',#113300,#113310,#113320);
#113340=CYLINDRICAL_SURFACE('',#113330,0.3);
#113350=ORIENTED_EDGE('',*,*,#113240,.T.);
#113360=ORIENTED_EDGE('',*,*,#109160,.T.);
#113370=ORIENTED_EDGE('',*,*,#108260,.F.);
#113380=ORIENTED_EDGE('',*,*,#11300,.F.);
#113390=EDGE_LOOP('',(#113380,#113370,#113360,#113350));
#113400=FACE_OUTER_BOUND('',#113390,.T.);
#113410=ADVANCED_FACE('',(#113400),#113340,.F.);
#113420=CARTESIAN_POINT('',(29.816979536428,44.1933164967785,
-40.6402259553869));
#113430=DIRECTION('',(0.99992385047757,0.00872620324395843,
0.00872620324394422));
#113440=DIRECTION('',(-0.00872653549838815,0.999961923064171,0.));
#113450=AXIS2_PLACEMENT_3D('',#113420,#113430,#113440);
#113460=CYLINDRICAL_SURFACE('',#113450,0.2);
#113470=ORIENTED_EDGE('',*,*,#112680,.T.);
#113480=ORIENTED_EDGE('',*,*,#109500,.F.);
#113490=ORIENTED_EDGE('',*,*,#112830,.F.);
#113500=ORIENTED_EDGE('',*,*,#10960,.T.);
#113510=EDGE_LOOP('',(#113500,#113490,#113480,#113470));
#113520=FACE_OUTER_BOUND('',#113510,.T.);
#113530=ADVANCED_FACE('',(#113520),#113460,.T.);
#113540=CARTESIAN_POINT('',(29.816979536428,44.5433012654242,
-41.0402411867412));
#113550=DIRECTION('',(0.99992385047757,0.00872620324395843,
0.00872620324394422));
#113560=DIRECTION('',(-0.00872653549838815,0.999961923064171,0.));
#113570=AXIS2_PLACEMENT_3D('',#113540,#113550,#113560);
#113580=CYLINDRICAL_SURFACE('',#113570,0.2);
#113590=ORIENTED_EDGE('',*,*,#10790,.T.);
#113600=ORIENTED_EDGE('',*,*,#108650,.T.);
#113610=ORIENTED_EDGE('',*,*,#109650,.T.);
#113620=ORIENTED_EDGE('',*,*,#112610,.F.);
#113630=EDGE_LOOP('',(#113620,#113610,#113600,#113590));
#113640=FACE_OUTER_BOUND('',#113630,.T.);
#113650=ADVANCED_FACE('',(#113640),#113580,.F.);
#113660=CARTESIAN_POINT('',(29.816979536428,44.5433012654242,
-41.3663310509224));
#113670=DIRECTION('',(0.99992385047757,0.00872620324395843,
-0.00872620324394422));
#113680=DIRECTION('',(-0.00872653549838815,0.999961923064171,0.));
#113690=AXIS2_PLACEMENT_3D('',#113660,#113670,#113680);
#113700=CYLINDRICAL_SURFACE('',#113690,0.2);
#113710=ORIENTED_EDGE('',*,*,#106860,.T.);
#113720=ORIENTED_EDGE('',*,*,#109730,.F.);
#113730=ORIENTED_EDGE('',*,*,#108510,.F.);
#113740=ORIENTED_EDGE('',*,*,#10620,.F.);
#113750=EDGE_LOOP('',(#113740,#113730,#113720,#113710));
#113760=FACE_OUTER_BOUND('',#113750,.T.);
#113770=ADVANCED_FACE('',(#113760),#113700,.F.);
#113780=CARTESIAN_POINT('',(24.8836462030947,43.7769230000001,
-44.0632861188318));
#113790=DIRECTION('',(0.00872653549837393,1.24011528134445E-16,
0.999961923064171));
#113800=DIRECTION('',(1.4210854715202E-14,-1.,-4.13041361561426E-32));
#113810=AXIS2_PLACEMENT_3D('',#113780,#113790,#113800);
#113820=PLANE('',#113810);
#113830=CARTESIAN_POINT('',(29.8187248435277,44.1933164967785,
-44.1063538976639));
#113840=DIRECTION('',(0.99992385047757,0.00872620324395843,
-0.00872620324394422));
#113850=VECTOR('',#113840,1.);
#113860=LINE('',#113830,#113850);
#113870=CARTESIAN_POINT('',(20.4836462030948,44.111850499667,
-44.0248879005525));
#113880=VERTEX_POINT('',#113870);
#113890=EDGE_CURVE('',#113880,#11820,#113860,.T.);
#113900=ORIENTED_EDGE('',*,*,#113890,.T.);
#113910=CARTESIAN_POINT('',(20.4836462030948,43.776923,-44.0248879005525
));
#113920=DIRECTION('',(1.4210854715202E-14,-1.,-4.13057089509717E-32));
#113930=VECTOR('',#113920,1.);
#113940=LINE('',#113910,#113930);
#113950=CARTESIAN_POINT('',(20.4836462030948,44.4618657304413,
-44.0248879005525));
#113960=VERTEX_POINT('',#113950);
#113970=EDGE_CURVE('',#113960,#113880,#113940,.T.);
#113980=ORIENTED_EDGE('',*,*,#113970,.T.);
#113990=CARTESIAN_POINT('',(29.8152342293284,44.5433012654242,
-44.1063234355352));
#114000=DIRECTION('',(0.99992385047757,0.00872620324395843,
-0.00872620324394422));
#114010=VECTOR('',#114000,1.);
#114020=LINE('',#113990,#114010);
#114030=EDGE_CURVE('',#113960,#11900,#114020,.T.);
#114040=ORIENTED_EDGE('',*,*,#114030,.F.);
#114050=ORIENTED_EDGE('',*,*,#11910,.F.);
#114060=EDGE_LOOP('',(#114050,#114040,#113980,#113900));
#114070=FACE_OUTER_BOUND('',#114060,.T.);
#114080=ADVANCED_FACE('',(#114070),#113820,.T.);
#114090=CARTESIAN_POINT('',(29.816979536428,44.1933164967785,
-44.3063462822767));
#114100=DIRECTION('',(0.99992385047757,0.00872620324395843,
-0.00872620324394422));
#114110=DIRECTION('',(-0.00872653549838815,0.999961923064171,0.));
#114120=AXIS2_PLACEMENT_3D('',#114090,#114100,#114110);
#114130=CYLINDRICAL_SURFACE('',#114120,0.2);
#114140=CARTESIAN_POINT('',(29.8187248435277,43.9933241121657,
-44.3063462822767));
#114150=DIRECTION('',(0.99992385047757,0.00872620324395843,
-0.00872620324394422));
#114160=VECTOR('',#114150,1.);
#114170=LINE('',#114140,#114160);
#114180=CARTESIAN_POINT('',(20.4836462030948,43.9118581150542,
-44.2248802851653));
#114190=VERTEX_POINT('',#114180);
#114200=EDGE_CURVE('',#114190,#11730,#114170,.T.);
#114210=ORIENTED_EDGE('',*,*,#114200,.T.);
#114220=CARTESIAN_POINT('',(20.4836462030948,44.1118657307313,
-44.2248955162296));
#114230=DIRECTION('',(1.,1.4210854715202E-14,0.));
#114240=DIRECTION('',(-1.00485917355726E-14,0.7071067811863,
-0.707106781186795));
#114250=AXIS2_PLACEMENT_3D('',#114220,#114230,#114240);
#114260=ELLIPSE('',#114250,0.200015231064324,0.2);
#114270=EDGE_CURVE('',#113880,#114190,#114260,.T.);
#114280=ORIENTED_EDGE('',*,*,#114270,.T.);
#114290=ORIENTED_EDGE('',*,*,#113890,.F.);
#114300=ORIENTED_EDGE('',*,*,#11830,.F.);
#114310=EDGE_LOOP('',(#114300,#114290,#114280,#114210));
#114320=FACE_OUTER_BOUND('',#114310,.T.);
#114330=ADVANCED_FACE('',(#114320),#114130,.T.);
#114340=CARTESIAN_POINT('',(24.8836462030947,43.9502563333336,
-45.0132861188318));
#114350=DIRECTION('',(-0.00872653549838815,0.999961923064171,0.));
#114360=DIRECTION('',(-0.999961923064171,-0.00872653549838815,-0.));
#114370=AXIS2_PLACEMENT_3D('',#114340,#114350,#114360);
#114380=PLANE('',#114370);
#114390=CARTESIAN_POINT('',(29.8143615757785,43.9932860345049,
-44.559327355683));
#114400=DIRECTION('',(0.999897370574939,0.00872597215734906,
-0.0113624701201671));
#114410=VECTOR('',#114400,1.);
#114420=LINE('',#114390,#114410);
#114430=CARTESIAN_POINT('',(20.4836462030948,43.9118581150542,
-44.4532964991752));
#114440=VERTEX_POINT('',#114430);
#114450=EDGE_CURVE('',#114440,#11650,#114420,.T.);
#114460=ORIENTED_EDGE('',*,*,#114450,.T.);
#114470=CARTESIAN_POINT('',(20.4836462030948,43.9118581150542,
-45.0132861188318));
#114480=DIRECTION('',(0.,0.,1.));
#114490=VECTOR('',#114480,1.);
#114500=LINE('',#114470,#114490);
#114510=EDGE_CURVE('',#114440,#114190,#114500,.T.);
#114520=ORIENTED_EDGE('',*,*,#114510,.F.);
#114530=ORIENTED_EDGE('',*,*,#114200,.F.);
#114540=ORIENTED_EDGE('',*,*,#11740,.F.);
#114550=EDGE_LOOP('',(#114540,#114530,#114520,#114460));
#114560=FACE_OUTER_BOUND('',#114550,.T.);
#114570=ADVANCED_FACE('',(#114560),#114380,.F.);
#114580=CARTESIAN_POINT('',(29.816979536428,43.6932974575857,
-44.559327355683));
#114590=DIRECTION('',(0.999897370574939,0.00872597215734906,
-0.0113624701201671));
#114600=DIRECTION('',(0.0113629027288246,1.61476559822299E-16,
0.9999354401368));
#114610=AXIS2_PLACEMENT_3D('',#114580,#114590,#114600);
#114620=CYLINDRICAL_SURFACE('',#114610,0.3);
#114630=CARTESIAN_POINT('',(29.8135706656094,43.6932974575857,
-44.859307987724));
#114640=DIRECTION('',(0.999897370574939,0.00872597215734906,
-0.0113624701201671));
#114650=VECTOR('',#114640,1.);
#114660=LINE('',#114630,#114650);
#114670=CARTESIAN_POINT('',(20.4836462030948,43.6118764403034,
-44.7532861188318));
#114680=VERTEX_POINT('',#114670);
#114690=EDGE_CURVE('',#114680,#11560,#114660,.T.);
#114700=ORIENTED_EDGE('',*,*,#114690,.T.);
#114710=CARTESIAN_POINT('',(20.4836462030948,43.6118466915384,
-44.4532667496224));
#114720=DIRECTION('',(1.,1.4210854715202E-14,0.));
#114730=DIRECTION('',(8.65554103571559E-15,-0.609079552861543,
0.79310913390654));
#114740=AXIS2_PLACEMENT_3D('',#114710,#114720,#114730);
#114750=ELLIPSE('',#114740,0.300030791987682,0.3);
#114760=EDGE_CURVE('',#114680,#114440,#114750,.T.);
#114770=ORIENTED_EDGE('',*,*,#114760,.F.);
#114780=ORIENTED_EDGE('',*,*,#114450,.F.);
#114790=ORIENTED_EDGE('',*,*,#11660,.T.);
#114800=EDGE_LOOP('',(#114790,#114780,#114770,#114700));
#114810=FACE_OUTER_BOUND('',#114800,.T.);
#114820=ADVANCED_FACE('',(#114810),#114620,.F.);
#114830=CARTESIAN_POINT('',(20.4836462030948,40.6002563333335,
-44.7532861188318));
#114840=DIRECTION('',(0.0113629027288246,1.61476559822299E-16,
0.9999354401368));
#114850=DIRECTION('',(0.9999354401368,1.42099372643656E-14,
-0.0113629027288246));
#114860=AXIS2_PLACEMENT_3D('',#114830,#114840,#114850);
#114870=PLANE('',#114860);
#114880=CARTESIAN_POINT('',(29.8135706656094,41.4572152090816,
-44.859307987724));
#114890=DIRECTION('',(0.99989737057494,-0.00872597215732064,
-0.0113624701201671));
#114900=VECTOR('',#114890,1.);
#114910=LINE('',#114880,#114900);
#114920=CARTESIAN_POINT('',(20.4836462030948,41.5386362263636,
-44.7532861188318));
#114930=VERTEX_POINT('',#114920);
#114940=EDGE_CURVE('',#114930,#11480,#114910,.T.);
#114950=ORIENTED_EDGE('',*,*,#114940,.T.);
#114960=CARTESIAN_POINT('',(20.4836462030948,43.776923,-44.7532861188318
));
#114970=DIRECTION('',(1.4210854715202E-14,-1.,-4.13057089509717E-32));
#114980=VECTOR('',#114970,1.);
#114990=LINE('',#114960,#114980);
#115000=EDGE_CURVE('',#114680,#114930,#114990,.T.);
#115010=ORIENTED_EDGE('',*,*,#115000,.T.);
#115020=ORIENTED_EDGE('',*,*,#114690,.F.);
#115030=ORIENTED_EDGE('',*,*,#11570,.T.);
#115040=EDGE_LOOP('',(#115030,#115020,#115010,#114950));
#115050=FACE_OUTER_BOUND('',#115040,.T.);
#115060=ADVANCED_FACE('',(#115050),#114870,.T.);
#115070=CARTESIAN_POINT('',(29.8169795364281,41.4572152090816,
-44.559327355683));
#115080=DIRECTION('',(0.99989737057494,-0.00872597215732064,
-0.0113624701201671));
#115090=DIRECTION('',(0.0113629027288246,1.61476559822299E-16,
0.9999354401368));
#115100=AXIS2_PLACEMENT_3D('',#115070,#115080,#115090);
#115110=CYLINDRICAL_SURFACE('',#115100,0.3);
#115120=ORIENTED_EDGE('',*,*,#11490,.T.);
#115130=CARTESIAN_POINT('',(29.8143615757786,41.1572266321624,
-44.559327355683));
#115140=DIRECTION('',(0.99989737057494,-0.00872597215732064,
-0.0113624701201671));
#115150=VECTOR('',#115140,1.);
#115160=LINE('',#115130,#115150);
#115170=CARTESIAN_POINT('',(20.4836462030948,41.2386545516128,
-44.4532964991752));
#115180=VERTEX_POINT('',#115170);
#115190=EDGE_CURVE('',#115180,#11460,#115160,.T.);
#115200=ORIENTED_EDGE('',*,*,#115190,.T.);
#115210=CARTESIAN_POINT('',(20.4836462030948,41.5386659751286,
-44.4532667496224));
#115220=DIRECTION('',(1.,1.4210854715202E-14,0.));
#115230=DIRECTION('',(-8.65554103571559E-15,0.609079552861543,
0.79310913390654));
#115240=AXIS2_PLACEMENT_3D('',#115210,#115220,#115230);
#115250=ELLIPSE('',#115240,0.300030791987682,0.3);
#115260=EDGE_CURVE('',#115180,#114930,#115250,.T.);
#115270=ORIENTED_EDGE('',*,*,#115260,.F.);
#115280=ORIENTED_EDGE('',*,*,#114940,.F.);
#115290=EDGE_LOOP('',(#115280,#115270,#115200,#115120));
#115300=FACE_OUTER_BOUND('',#115290,.T.);
#115310=ADVANCED_FACE('',(#115300),#115110,.F.);
#115320=CARTESIAN_POINT('',(24.8836462030948,41.2002563333336,
-42.4732861188318));
#115330=DIRECTION('',(-0.00872653549835972,-0.999961923064171,-0.));
#115340=DIRECTION('',(-0.999961923064171,0.00872653549835972,0.));
#115350=AXIS2_PLACEMENT_3D('',#115320,#115330,#115340);
#115360=PLANE('',#115350);
#115370=CARTESIAN_POINT('',(29.8143615757786,41.1572266321624,
-42.9272448819806));
#115380=DIRECTION('',(0.999897370574939,-0.00872597215732064,
0.0113624701201756));
#115390=VECTOR('',#115380,1.);
#115400=LINE('',#115370,#115390);
#115410=CARTESIAN_POINT('',(20.4836462030948,41.2386545516129,
-43.0332757384884));
#115420=VERTEX_POINT('',#115410);
#115430=EDGE_CURVE('',#115420,#12670,#115400,.T.);
#115440=ORIENTED_EDGE('',*,*,#115430,.T.);
#115450=CARTESIAN_POINT('',(20.4836462030948,41.2386545516129,
-37.3932861188318));
#115460=DIRECTION('',(0.,0.,1.));
#115470=VECTOR('',#115460,1.);
#115480=LINE('',#115450,#115470);
#115490=EDGE_CURVE('',#115180,#115420,#115480,.T.);
#115500=ORIENTED_EDGE('',*,*,#115490,.T.);
#115510=ORIENTED_EDGE('',*,*,#115190,.F.);
#115520=ORIENTED_EDGE('',*,*,#12740,.F.);
#115530=EDGE_LOOP('',(#115520,#115510,#115500,#115440));
#115540=FACE_OUTER_BOUND('',#115530,.T.);
#115550=ADVANCED_FACE('',(#115540),#115360,.F.);
#115560=CARTESIAN_POINT('',(24.8836462030947,44.7002563333336,
-42.4732861188318));
#115570=DIRECTION('',(-0.00872653549838815,0.999961923064171,0.));
#115580=DIRECTION('',(0.999961923064171,0.00872653549838815,0.));
#115590=AXIS2_PLACEMENT_3D('',#115560,#115570,#115580);
#115600=PLANE('',#115590);
#115610=ORIENTED_EDGE('',*,*,#12080,.T.);
#115620=CARTESIAN_POINT('',(29.8152342293284,44.7432936500371,
-43.9063310509224));
#115630=DIRECTION('',(0.99992385047757,0.00872620324395843,
-0.00872620324394422));
#115640=VECTOR('',#115630,1.);
#115650=LINE('',#115620,#115640);
#115660=CARTESIAN_POINT('',(20.4836462030948,44.6618581150542,
-43.8248955159396));
#115670=VERTEX_POINT('',#115660);
#115680=EDGE_CURVE('',#115670,#11990,#115650,.T.);
#115690=ORIENTED_EDGE('',*,*,#115680,.T.);
#115700=CARTESIAN_POINT('',(20.4836462030948,44.6618581150542,
-42.4732861188318));
#115710=DIRECTION('',(0.,0.,1.));
#115720=VECTOR('',#115710,1.);
#115730=LINE('',#115700,#115720);
#115740=CARTESIAN_POINT('',(20.4836462030948,44.6618581150542,
-43.661676721724));
#115750=VERTEX_POINT('',#115740);
#115760=EDGE_CURVE('',#115670,#115750,#115730,.T.);
#115770=ORIENTED_EDGE('',*,*,#115760,.F.);
#115780=CARTESIAN_POINT('',(29.8152342293284,44.7432936500371,
-43.5802411867412));
#115790=DIRECTION('',(0.99992385047757,0.00872620324395843,
0.00872620324394422));
#115800=VECTOR('',#115790,1.);
#115810=LINE('',#115780,#115800);
#115820=EDGE_CURVE('',#115750,#12070,#115810,.T.);
#115830=ORIENTED_EDGE('',*,*,#115820,.F.);
#115840=EDGE_LOOP('',(#115830,#115770,#115690,#115610));
#115850=FACE_OUTER_BOUND('',#115840,.T.);
#115860=ADVANCED_FACE('',(#115850),#115600,.F.);
#115870=CARTESIAN_POINT('',(20.4836462030948,44.7035896666662,
-42.4732861188318));
#115880=DIRECTION('',(-1.,-1.4210854715202E-14,-0.));
#115890=DIRECTION('',(-1.4210854715202E-14,1.,0.));
#115900=AXIS2_PLACEMENT_3D('',#115870,#115880,#115890);
#115910=PLANE('',#115900);
#115920=CARTESIAN_POINT('',(20.4836462030948,43.776923,-44.0632861188318
));
#115930=DIRECTION('',(-1.4210854715202E-14,1.,0.));
#115940=VECTOR('',#115930,1.);
#115950=LINE('',#115920,#115940);
#115960=CARTESIAN_POINT('',(20.4836462030948,42.250256333334,
-44.0632861188318));
#115970=VERTEX_POINT('',#115960);
#115980=CARTESIAN_POINT('',(20.4836462030948,42.890256333334,
-44.0632861188318));
#115990=VERTEX_POINT('',#115980);
#116000=EDGE_CURVE('',#115970,#115990,#115950,.T.);
#116010=ORIENTED_EDGE('',*,*,#116000,.F.);
#116020=CARTESIAN_POINT('',(20.4836462030948,42.890256333334,
-42.4732861188318));
#116030=DIRECTION('',(0.,0.,1.));
#116040=VECTOR('',#116030,1.);
#116050=LINE('',#116020,#116040);
#116060=CARTESIAN_POINT('',(20.4836462030948,42.890256333334,
-43.4232861188318));
#116070=VERTEX_POINT('',#116060);
#116080=EDGE_CURVE('',#115990,#116070,#116050,.T.);
#116090=ORIENTED_EDGE('',*,*,#116080,.F.);
#116100=CARTESIAN_POINT('',(20.4836462030948,43.776923,-43.4232861188318
));
#116110=DIRECTION('',(1.4210854715202E-14,-1.,0.));
#116120=VECTOR('',#116110,1.);
#116130=LINE('',#116100,#116120);
#116140=CARTESIAN_POINT('',(20.4836462030948,42.250256333334,
-43.4232861188318));
#116150=VERTEX_POINT('',#116140);
#116160=EDGE_CURVE('',#116070,#116150,#116130,.T.);
#116170=ORIENTED_EDGE('',*,*,#116160,.F.);
#116180=CARTESIAN_POINT('',(20.4836462030948,42.250256333334,
-42.4732861188318));
#116190=DIRECTION('',(0.,0.,-1.));
#116200=VECTOR('',#116190,1.);
#116210=LINE('',#116180,#116200);
#116220=EDGE_CURVE('',#116150,#115970,#116210,.T.);
#116230=ORIENTED_EDGE('',*,*,#116220,.F.);
#116240=EDGE_LOOP('',(#116230,#116170,#116090,#116010));
#116250=FACE_BOUND('',#116240,.T.);
#116260=CARTESIAN_POINT('',(20.4836462030948,41.5386659751286,
-43.0333054880413));
#116270=DIRECTION('',(-1.,-1.4210854715202E-14,0.));
#116280=DIRECTION('',(-8.65554103570617E-15,0.60907955286088,
-0.793109133907049));
#116290=AXIS2_PLACEMENT_3D('',#116260,#116270,#116280);
#116300=ELLIPSE('',#116290,0.300030791987682,0.3);
#116310=CARTESIAN_POINT('',(20.4836462030948,41.5386362263636,
-42.7332861188318));
#116320=VERTEX_POINT('',#116310);
#116330=EDGE_CURVE('',#115420,#116320,#116300,.T.);
#116340=ORIENTED_EDGE('',*,*,#116330,.F.);
#116350=CARTESIAN_POINT('',(20.4836462030948,43.776923,-42.7332861188318
));
#116360=DIRECTION('',(1.4210854715202E-14,-1.,4.13057089509717E-32));
#116370=VECTOR('',#116360,1.);
#116380=LINE('',#116350,#116370);
#116390=CARTESIAN_POINT('',(20.4836462030948,43.6118764403034,
-42.7332861188318));
#116400=VERTEX_POINT('',#116390);
#116410=EDGE_CURVE('',#116400,#116320,#116380,.T.);
#116420=ORIENTED_EDGE('',*,*,#116410,.T.);
#116430=CARTESIAN_POINT('',(20.4836462030948,43.6118466915385,
-43.0333054880413));
#116440=DIRECTION('',(-1.,-1.4210854715202E-14,0.));
#116450=DIRECTION('',(8.65554103570617E-15,-0.60907955286088,
-0.793109133907049));
#116460=AXIS2_PLACEMENT_3D('',#116430,#116440,#116450);
#116470=ELLIPSE('',#116460,0.300030791987682,0.3);
#116480=CARTESIAN_POINT('',(20.4836462030948,43.9118581150542,
-43.0332757384884));
#116490=VERTEX_POINT('',#116480);
#116500=EDGE_CURVE('',#116400,#116490,#116470,.T.);
#116510=ORIENTED_EDGE('',*,*,#116500,.F.);
#116520=CARTESIAN_POINT('',(20.4836462030948,43.9118581150542,
-37.3932861188318));
#116530=DIRECTION('',(0.,0.,-1.));
#116540=VECTOR('',#116530,1.);
#116550=LINE('',#116520,#116540);
#116560=CARTESIAN_POINT('',(20.4836462030948,43.9118581150542,
-43.2616919524983));
#116570=VERTEX_POINT('',#116560);
#116580=EDGE_CURVE('',#116490,#116570,#116550,.T.);
#116590=ORIENTED_EDGE('',*,*,#116580,.F.);
#116600=CARTESIAN_POINT('',(20.4836462030948,44.1118657307313,
-43.261676721434));
#116610=DIRECTION('',(-1.,-1.4210854715202E-14,0.));
#116620=DIRECTION('',(-1.00485917355726E-14,0.7071067811863,
0.707106781186795));
#116630=AXIS2_PLACEMENT_3D('',#116600,#116610,#116620);
#116640=ELLIPSE('',#116630,0.200015231064324,0.2);
#116650=CARTESIAN_POINT('',(20.4836462030948,44.111850499667,
-43.4616843371111));
#116660=VERTEX_POINT('',#116650);
#116670=EDGE_CURVE('',#116660,#116570,#116640,.T.);
#116680=ORIENTED_EDGE('',*,*,#116670,.T.);
#116690=CARTESIAN_POINT('',(20.4836462030948,43.776923,-43.4616843371111
));
#116700=DIRECTION('',(1.4210854715202E-14,-1.,4.13057089509717E-32));
#116710=VECTOR('',#116700,1.);
#116720=LINE('',#116690,#116710);
#116730=CARTESIAN_POINT('',(20.4836462030948,44.4618657304413,
-43.4616843371111));
#116740=VERTEX_POINT('',#116730);
#116750=EDGE_CURVE('',#116740,#116660,#116720,.T.);
#116760=ORIENTED_EDGE('',*,*,#116750,.T.);
#116770=CARTESIAN_POINT('',(20.4836462030948,44.461850499377,
-43.6616919527883));
#116780=DIRECTION('',(-1.,-1.4210854715202E-14,0.));
#116790=DIRECTION('',(-1.00485917355726E-14,0.7071067811863,
0.707106781186795));
#116800=AXIS2_PLACEMENT_3D('',#116770,#116780,#116790);
#116810=ELLIPSE('',#116800,0.200015231064324,0.2);
#116820=EDGE_CURVE('',#116740,#115750,#116810,.T.);
#116830=ORIENTED_EDGE('',*,*,#116820,.F.);
#116840=ORIENTED_EDGE('',*,*,#115760,.T.);
#116850=CARTESIAN_POINT('',(20.4836462030948,44.461850499377,
-43.8248802848753));
#116860=DIRECTION('',(1.,1.4210854715202E-14,0.));
#116870=DIRECTION('',(-1.00485917355726E-14,0.7071067811863,
-0.707106781186795));
#116880=AXIS2_PLACEMENT_3D('',#116850,#116860,#116870);
#116890=ELLIPSE('',#116880,0.200015231064324,0.2);
#116900=EDGE_CURVE('',#113960,#115670,#116890,.T.);
#116910=ORIENTED_EDGE('',*,*,#116900,.T.);
#116920=ORIENTED_EDGE('',*,*,#113970,.F.);
#116930=ORIENTED_EDGE('',*,*,#114270,.F.);
#116940=ORIENTED_EDGE('',*,*,#114510,.T.);
#116950=ORIENTED_EDGE('',*,*,#114760,.T.);
#116960=ORIENTED_EDGE('',*,*,#115000,.F.);
#116970=ORIENTED_EDGE('',*,*,#115260,.T.);
#116980=ORIENTED_EDGE('',*,*,#115490,.F.);
#116990=EDGE_LOOP('',(#116980,#116970,#116960,#116950,#116940,#116930,
#116920,#116910,#116840,#116830,#116760,#116680,#116590,#116510,#116420,
#116340));
#117000=FACE_OUTER_BOUND('',#116990,.T.);
#117010=ADVANCED_FACE('',(#116250,#117000),#115910,.F.);
#117020=CARTESIAN_POINT('',(21.8836462030946,42.570256333334,
-44.0632861188318));
#117030=DIRECTION('',(0.,0.,-1.));
#117040=DIRECTION('',(1.,0.,0.));
#117050=AXIS2_PLACEMENT_3D('',#117020,#117030,#117040);
#117060=PLANE('',#117050);
#117070=CARTESIAN_POINT('',(18.7236462030947,42.890256333334,
-44.0632861188318));
#117080=DIRECTION('',(1.,0.,0.));
#117090=VECTOR('',#117080,1.);
#117100=LINE('',#117070,#117090);
#117110=CARTESIAN_POINT('',(23.3836462030946,42.890256333334,
-44.0632861188318));
#117120=VERTEX_POINT('',#117110);
#117130=EDGE_CURVE('',#115990,#117120,#117100,.T.);
#117140=ORIENTED_EDGE('',*,*,#117130,.T.);
#117150=ORIENTED_EDGE('',*,*,#116000,.T.);
#117160=CARTESIAN_POINT('',(23.3836462030946,42.250256333334,
-44.0632861188318));
#117170=DIRECTION('',(-1.,0.,0.));
#117180=VECTOR('',#117170,1.);
#117190=LINE('',#117160,#117180);
#117200=CARTESIAN_POINT('',(23.3836462030946,42.250256333334,
-44.0632861188318));
#117210=VERTEX_POINT('',#117200);
#117220=EDGE_CURVE('',#117210,#115970,#117190,.T.);
#117230=ORIENTED_EDGE('',*,*,#117220,.T.);
#117240=CARTESIAN_POINT('',(23.3836462030946,42.472756333334,
-44.0632861188318));
#117250=DIRECTION('',(0.,-1.,-0.));
#117260=VECTOR('',#117250,1.);
#117270=LINE('',#117240,#117260);
#117280=EDGE_CURVE('',#117120,#117210,#117270,.T.);
#117290=ORIENTED_EDGE('',*,*,#117280,.T.);
#117300=EDGE_LOOP('',(#117290,#117230,#117150,#117140));
#117310=FACE_OUTER_BOUND('',#117300,.T.);
#117320=ADVANCED_FACE('',(#117310),#117060,.T.);
#117330=COLOUR_RGB('',1.,0.843137323856354,0.);
#117340=FILL_AREA_STYLE_COLOUR('',#117330);
#117350=FILL_AREA_STYLE('',(#117340));
#117360=SURFACE_STYLE_FILL_AREA(#117350);
#117370=SURFACE_SIDE_STYLE('',(#117360));
#117380=SURFACE_STYLE_USAGE(.BOTH.,#117370);
#117390=PRESENTATION_STYLE_ASSIGNMENT((#117380));
#117400=CARTESIAN_POINT('',(23.3836462030946,42.890256333334,
-44.0632861188318));
#117410=DIRECTION('',(0.,-1.,0.));
#117420=DIRECTION('',(1.,0.,0.));
#117430=AXIS2_PLACEMENT_3D('',#117400,#117410,#117420);
#117440=PLANE('',#117430);
#117450=CARTESIAN_POINT('',(18.7236462030947,42.890256333334,
-43.4232861188318));
#117460=DIRECTION('',(1.,0.,0.));
#117470=VECTOR('',#117460,1.);
#117480=LINE('',#117450,#117470);
#117490=CARTESIAN_POINT('',(23.3836462030946,42.890256333334,
-43.4232861188318));
#117500=VERTEX_POINT('',#117490);
#117510=EDGE_CURVE('',#116070,#117500,#117480,.T.);
#117520=ORIENTED_EDGE('',*,*,#117510,.T.);
#117530=ORIENTED_EDGE('',*,*,#116080,.T.);
#117540=ORIENTED_EDGE('',*,*,#117130,.F.);
#117550=CARTESIAN_POINT('',(23.3836462030946,42.890256333334,
-43.7432861188318));
#117560=DIRECTION('',(0.,0.,1.));
#117570=VECTOR('',#117560,1.);
#117580=LINE('',#117550,#117570);
#117590=EDGE_CURVE('',#117120,#117500,#117580,.T.);
#117600=ORIENTED_EDGE('',*,*,#117590,.F.);
#117610=EDGE_LOOP('',(#117600,#117540,#117530,#117520));
#117620=FACE_OUTER_BOUND('',#117610,.T.);
#117630=ADVANCED_FACE('',(#117620),#117440,.F.);
#117640=COLOUR_RGB('',1.,0.843137323856354,0.);
#117650=FILL_AREA_STYLE_COLOUR('',#117640);
#117660=FILL_AREA_STYLE('',(#117650));
#117670=SURFACE_STYLE_FILL_AREA(#117660);
#117680=SURFACE_SIDE_STYLE('',(#117670));
#117690=SURFACE_STYLE_USAGE(.BOTH.,#117680);
#117700=PRESENTATION_STYLE_ASSIGNMENT((#117690));
#117710=CARTESIAN_POINT('',(21.8836462030946,42.570256333334,
-43.4232861188318));
#117720=DIRECTION('',(0.,0.,-1.));
#117730=DIRECTION('',(1.,0.,0.));
#117740=AXIS2_PLACEMENT_3D('',#117710,#117720,#117730);
#117750=PLANE('',#117740);
#117760=CARTESIAN_POINT('',(23.3836462030946,42.250256333334,
-43.4232861188318));
#117770=DIRECTION('',(-1.,0.,0.));
#117780=VECTOR('',#117770,1.);
#117790=LINE('',#117760,#117780);
#117800=CARTESIAN_POINT('',(23.3836462030946,42.250256333334,
-43.4232861188318));
#117810=VERTEX_POINT('',#117800);
#117820=EDGE_CURVE('',#117810,#116150,#117790,.T.);
#117830=ORIENTED_EDGE('',*,*,#117820,.F.);
#117840=ORIENTED_EDGE('',*,*,#116160,.T.);
#117850=ORIENTED_EDGE('',*,*,#117510,.F.);
#117860=CARTESIAN_POINT('',(23.3836462030946,42.570256333334,
-43.4232861188318));
#117870=DIRECTION('',(0.,-1.,-0.));
#117880=VECTOR('',#117870,1.);
#117890=LINE('',#117860,#117880);
#117900=EDGE_CURVE('',#117500,#117810,#117890,.T.);
#117910=ORIENTED_EDGE('',*,*,#117900,.F.);
#117920=EDGE_LOOP('',(#117910,#117850,#117840,#117830));
#117930=FACE_OUTER_BOUND('',#117920,.T.);
#117940=ADVANCED_FACE('',(#117930),#117750,.F.);
#117950=COLOUR_RGB('',1.,0.843137323856354,0.);
#117960=FILL_AREA_STYLE_COLOUR('',#117950);
#117970=FILL_AREA_STYLE('',(#117960));
#117980=SURFACE_STYLE_FILL_AREA(#117970);
#117990=SURFACE_SIDE_STYLE('',(#117980));
#118000=SURFACE_STYLE_USAGE(.BOTH.,#117990);
#118010=PRESENTATION_STYLE_ASSIGNMENT((#118000));
#118020=CARTESIAN_POINT('',(18.7236462030947,42.250256333334,
-44.0632861188318));
#118030=DIRECTION('',(0.,1.,-0.));
#118040=DIRECTION('',(-1.,0.,0.));
#118050=AXIS2_PLACEMENT_3D('',#118020,#118030,#118040);
#118060=PLANE('',#118050);
#118070=ORIENTED_EDGE('',*,*,#117220,.F.);
#118080=ORIENTED_EDGE('',*,*,#116220,.T.);
#118090=ORIENTED_EDGE('',*,*,#117820,.T.);
#118100=CARTESIAN_POINT('',(23.3836462030946,42.250256333334,
-43.6457861188318));
#118110=DIRECTION('',(0.,0.,1.));
#118120=VECTOR('',#118110,1.);
#118130=LINE('',#118100,#118120);
#118140=EDGE_CURVE('',#117210,#117810,#118130,.T.);
#118150=ORIENTED_EDGE('',*,*,#118140,.T.);
#118160=EDGE_LOOP('',(#118150,#118090,#118080,#118070));
#118170=FACE_OUTER_BOUND('',#118160,.T.);
#118180=ADVANCED_FACE('',(#118170),#118060,.F.);
#118190=COLOUR_RGB('',1.,0.843137323856354,0.);
#118200=FILL_AREA_STYLE_COLOUR('',#118190);
#118210=FILL_AREA_STYLE('',(#118200));
#118220=SURFACE_STYLE_FILL_AREA(#118210);
#118230=SURFACE_SIDE_STYLE('',(#118220));
#118240=SURFACE_STYLE_USAGE(.BOTH.,#118230);
#118250=PRESENTATION_STYLE_ASSIGNMENT((#118240));
#118260=CARTESIAN_POINT('',(23.6336462030946,42.347756333334,
-43.6457861188318));
#118270=DIRECTION('',(-0.363345276491644,0.931654555106779,0.));
#118280=DIRECTION('',(-0.931654555106779,-0.363345276491644,-0.));
#118290=AXIS2_PLACEMENT_3D('',#118260,#118270,#118280);
#118300=PLANE('',#118290);
#118310=CARTESIAN_POINT('',(21.8836462030946,41.665256333334,
-44.6482861188318));
#118320=DIRECTION('',(-0.875644657040788,-0.341501416245907,
-0.341501416245907));
#118330=VECTOR('',#118320,1.);
#118340=LINE('',#118310,#118330);
#118350=CARTESIAN_POINT('',(23.8836462030946,42.445256333334,
-43.8682861188318));
#118360=VERTEX_POINT('',#118350);
#118370=EDGE_CURVE('',#118360,#117210,#118340,.T.);
#118380=ORIENTED_EDGE('',*,*,#118370,.F.);
#118390=ORIENTED_EDGE('',*,*,#118140,.F.);
#118400=CARTESIAN_POINT('',(21.8836462030946,41.665256333334,
-42.8382861188318));
#118410=DIRECTION('',(0.875644657040788,0.341501416245907,
-0.341501416245907));
#118420=VECTOR('',#118410,1.);
#118430=LINE('',#118400,#118420);
#118440=CARTESIAN_POINT('',(23.8836462030946,42.445256333334,
-43.6182861188318));
#118450=VERTEX_POINT('',#118440);
#118460=EDGE_CURVE('',#117810,#118450,#118430,.T.);
#118470=ORIENTED_EDGE('',*,*,#118460,.F.);
#118480=CARTESIAN_POINT('',(23.8836462030946,42.445256333334,
-43.6457861188318));
#118490=DIRECTION('',(0.,0.,1.));
#118500=VECTOR('',#118490,1.);
#118510=LINE('',#118480,#118500);
#118520=EDGE_CURVE('',#118360,#118450,#118510,.T.);
#118530=ORIENTED_EDGE('',*,*,#118520,.T.);
#118540=EDGE_LOOP('',(#118530,#118470,#118390,#118380));
#118550=FACE_OUTER_BOUND('',#118540,.T.);
#118560=ADVANCED_FACE('',(#118550),#118300,.F.);
#118570=COLOUR_RGB('',1.,0.843137323856354,0.);
#118580=FILL_AREA_STYLE_COLOUR('',#118570);
#118590=FILL_AREA_STYLE('',(#118580));
#118600=SURFACE_STYLE_FILL_AREA(#118590);
#118610=SURFACE_SIDE_STYLE('',(#118600));
#118620=SURFACE_STYLE_USAGE(.BOTH.,#118610);
#118630=PRESENTATION_STYLE_ASSIGNMENT((#118620));
#118640=CARTESIAN_POINT('',(23.6336462030946,42.792756333334,
-43.7432861188318));
#118650=DIRECTION('',(-0.363345276491644,-0.931654555106779,0.));
#118660=DIRECTION('',(0.931654555106779,-0.363345276491644,0.));
#118670=AXIS2_PLACEMENT_3D('',#118640,#118650,#118660);
#118680=PLANE('',#118670);
#118690=CARTESIAN_POINT('',(21.8836462030946,43.475256333334,
-44.6482861188318));
#118700=DIRECTION('',(-0.875644657040788,0.341501416245907,
-0.341501416245907));
#118710=VECTOR('',#118700,1.);
#118720=LINE('',#118690,#118710);
#118730=CARTESIAN_POINT('',(23.8836462030946,42.695256333334,
-43.8682861188318));
#118740=VERTEX_POINT('',#118730);
#118750=EDGE_CURVE('',#118740,#117120,#118720,.T.);
#118760=ORIENTED_EDGE('',*,*,#118750,.T.);
#118770=CARTESIAN_POINT('',(23.8836462030946,42.695256333334,
-43.7432861188318));
#118780=DIRECTION('',(0.,0.,1.));
#118790=VECTOR('',#118780,1.);
#118800=LINE('',#118770,#118790);
#118810=CARTESIAN_POINT('',(23.8836462030946,42.695256333334,
-43.6182861188318));
#118820=VERTEX_POINT('',#118810);
#118830=EDGE_CURVE('',#118740,#118820,#118800,.T.);
#118840=ORIENTED_EDGE('',*,*,#118830,.F.);
#118850=CARTESIAN_POINT('',(21.8836462030946,43.475256333334,
-42.8382861188318));
#118860=DIRECTION('',(-0.875644657040788,0.341501416245907,
0.341501416245907));
#118870=VECTOR('',#118860,1.);
#118880=LINE('',#118850,#118870);
#118890=EDGE_CURVE('',#118820,#117500,#118880,.T.);
#118900=ORIENTED_EDGE('',*,*,#118890,.F.);
#118910=ORIENTED_EDGE('',*,*,#117590,.T.);
#118920=EDGE_LOOP('',(#118910,#118900,#118840,#118760));
#118930=FACE_OUTER_BOUND('',#118920,.T.);
#118940=ADVANCED_FACE('',(#118930),#118680,.F.);
#118950=COLOUR_RGB('',1.,0.843137323856354,0.);
#118960=FILL_AREA_STYLE_COLOUR('',#118950);
#118970=FILL_AREA_STYLE('',(#118960));
#118980=SURFACE_STYLE_FILL_AREA(#118970);
#118990=SURFACE_SIDE_STYLE('',(#118980));
#119000=SURFACE_STYLE_USAGE(.BOTH.,#118990);
#119010=PRESENTATION_STYLE_ASSIGNMENT((#119000));
#119020=CARTESIAN_POINT('',(23.8836462030946,42.250256333334,
-44.0632861188318));
#119030=DIRECTION('',(-1.,-0.,0.));
#119040=DIRECTION('',(0.,-1.,-0.));
#119050=AXIS2_PLACEMENT_3D('',#119020,#119030,#119040);
#119060=PLANE('',#119050);
#119070=CARTESIAN_POINT('',(23.8836462030946,42.570256333334,
-43.6182861188318));
#119080=DIRECTION('',(0.,-1.,-0.));
#119090=VECTOR('',#119080,1.);
#119100=LINE('',#119070,#119090);
#119110=EDGE_CURVE('',#118820,#118450,#119100,.T.);
#119120=ORIENTED_EDGE('',*,*,#119110,.T.);
#119130=ORIENTED_EDGE('',*,*,#118830,.T.);
#119140=CARTESIAN_POINT('',(23.8836462030946,42.472756333334,
-43.8682861188318));
#119150=DIRECTION('',(0.,-1.,-0.));
#119160=VECTOR('',#119150,1.);
#119170=LINE('',#119140,#119160);
#119180=EDGE_CURVE('',#118740,#118360,#119170,.T.);
#119190=ORIENTED_EDGE('',*,*,#119180,.F.);
#119200=ORIENTED_EDGE('',*,*,#118520,.F.);
#119210=EDGE_LOOP('',(#119200,#119190,#119130,#119120));
#119220=FACE_OUTER_BOUND('',#119210,.T.);
#119230=ADVANCED_FACE('',(#119220),#119060,.F.);
#119240=COLOUR_RGB('',1.,0.843137323856354,0.);
#119250=FILL_AREA_STYLE_COLOUR('',#119240);
#119260=FILL_AREA_STYLE('',(#119250));
#119270=SURFACE_STYLE_FILL_AREA(#119260);
#119280=SURFACE_SIDE_STYLE('',(#119270));
#119290=SURFACE_STYLE_USAGE(.BOTH.,#119280);
#119300=PRESENTATION_STYLE_ASSIGNMENT((#119290));
#119310=CARTESIAN_POINT('',(23.6336462030946,42.570256333334,
-43.5207861188318));
#119320=DIRECTION('',(-0.363345276491644,0.,-0.931654555106779));
#119330=DIRECTION('',(0.931654555106779,0.,-0.363345276491644));
#119340=AXIS2_PLACEMENT_3D('',#119310,#119320,#119330);
#119350=PLANE('',#119340);
#119360=ORIENTED_EDGE('',*,*,#118890,.T.);
#119370=ORIENTED_EDGE('',*,*,#119110,.F.);
#119380=ORIENTED_EDGE('',*,*,#118460,.T.);
#119390=ORIENTED_EDGE('',*,*,#117900,.T.);
#119400=EDGE_LOOP('',(#119390,#119380,#119370,#119360));
#119410=FACE_OUTER_BOUND('',#119400,.T.);
#119420=ADVANCED_FACE('',(#119410),#119350,.F.);
#119430=COLOUR_RGB('',1.,0.843137323856354,0.);
#119440=FILL_AREA_STYLE_COLOUR('',#119430);
#119450=FILL_AREA_STYLE('',(#119440));
#119460=SURFACE_STYLE_FILL_AREA(#119450);
#119470=SURFACE_SIDE_STYLE('',(#119460));
#119480=SURFACE_STYLE_USAGE(.BOTH.,#119470);
#119490=PRESENTATION_STYLE_ASSIGNMENT((#119480));
#119500=CARTESIAN_POINT('',(23.6336462030946,42.472756333334,
-43.9657861188318));
#119510=DIRECTION('',(0.363345276491644,0.,-0.931654555106779));
#119520=DIRECTION('',(0.931654555106779,0.,0.363345276491644));
#119530=AXIS2_PLACEMENT_3D('',#119500,#119510,#119520);
#119540=PLANE('',#119530);
#119550=ORIENTED_EDGE('',*,*,#118370,.T.);
#119560=ORIENTED_EDGE('',*,*,#119180,.T.);
#119570=ORIENTED_EDGE('',*,*,#118750,.F.);
#119580=ORIENTED_EDGE('',*,*,#117280,.F.);
#119590=EDGE_LOOP('',(#119580,#119570,#119560,#119550));
#119600=FACE_OUTER_BOUND('',#119590,.T.);
#119610=ADVANCED_FACE('',(#119600),#119540,.T.);
#119620=COLOUR_RGB('',1.,0.843137323856354,0.);
#119630=FILL_AREA_STYLE_COLOUR('',#119620);
#119640=FILL_AREA_STYLE('',(#119630));
#119650=SURFACE_STYLE_FILL_AREA(#119640);
#119660=SURFACE_SIDE_STYLE('',(#119650));
#119670=SURFACE_STYLE_USAGE(.BOTH.,#119660);
#119680=PRESENTATION_STYLE_ASSIGNMENT((#119670));
#119690=CARTESIAN_POINT('',(24.8836462030947,43.7769230000001,
-43.4232861188318));
#119700=DIRECTION('',(-0.00872653549837393,-1.24011528134445E-16,
0.999961923064171));
#119710=DIRECTION('',(1.4210854715202E-14,-1.,4.13041361561426E-32));
#119720=AXIS2_PLACEMENT_3D('',#119690,#119700,#119710);
#119730=PLANE('',#119720);
#119740=CARTESIAN_POINT('',(29.8152342293284,44.5433012654242,
-43.3802488021284));
#119750=DIRECTION('',(0.99992385047757,0.00872620324395843,
0.00872620324394422));
#119760=VECTOR('',#119750,1.);
#119770=LINE('',#119740,#119760);
#119780=EDGE_CURVE('',#116740,#12160,#119770,.T.);
#119790=ORIENTED_EDGE('',*,*,#119780,.T.);
#119800=ORIENTED_EDGE('',*,*,#116750,.F.);
#119810=CARTESIAN_POINT('',(29.8187248435277,44.1933164967785,
-43.3802183399997));
#119820=DIRECTION('',(0.99992385047757,0.00872620324395843,
0.00872620324394422));
#119830=VECTOR('',#119820,1.);
#119840=LINE('',#119810,#119830);
#119850=EDGE_CURVE('',#116660,#12240,#119840,.T.);
#119860=ORIENTED_EDGE('',*,*,#119850,.F.);
#119870=ORIENTED_EDGE('',*,*,#12250,.T.);
#119880=EDGE_LOOP('',(#119870,#119860,#119800,#119790));
#119890=FACE_OUTER_BOUND('',#119880,.T.);
#119900=ADVANCED_FACE('',(#119890),#119730,.F.);
#119910=CARTESIAN_POINT('',(24.8836462030947,43.9502563333336,
-42.4732861188318));
#119920=DIRECTION('',(0.00872653549838815,-0.999961923064171,0.));
#119930=DIRECTION('',(-0.999961923064171,-0.00872653549838815,-0.));
#119940=AXIS2_PLACEMENT_3D('',#119910,#119920,#119930);
#119950=PLANE('',#119940);
#119960=CARTESIAN_POINT('',(29.8187248435277,43.9933241121657,
-43.1802259553869));
#119970=DIRECTION('',(0.99992385047757,0.00872620324395843,
0.00872620324394422));
#119980=VECTOR('',#119970,1.);
#119990=LINE('',#119960,#119980);
#120000=EDGE_CURVE('',#116570,#12330,#119990,.T.);
#120010=ORIENTED_EDGE('',*,*,#120000,.T.);
#120020=ORIENTED_EDGE('',*,*,#116580,.T.);
#120030=CARTESIAN_POINT('',(29.8143615757785,43.9932860345049,
-42.9272448819806));
#120040=DIRECTION('',(0.999897370574939,0.00872597215734906,
0.0113624701201756));
#120050=VECTOR('',#120040,1.);
#120060=LINE('',#120030,#120050);
#120070=EDGE_CURVE('',#116490,#12410,#120060,.T.);
#120080=ORIENTED_EDGE('',*,*,#120070,.F.);
#120090=ORIENTED_EDGE('',*,*,#12420,.T.);
#120100=EDGE_LOOP('',(#120090,#120080,#120020,#120010));
#120110=FACE_OUTER_BOUND('',#120100,.T.);
#120120=ADVANCED_FACE('',(#120110),#119950,.T.);
#120130=CARTESIAN_POINT('',(29.816979536428,43.6932974575857,
-42.9272448819806));
#120140=DIRECTION('',(0.999897370574939,0.00872597215734906,
0.0113624701201756));
#120150=DIRECTION('',(-0.0113629027288331,-1.6147655982242E-16,
0.9999354401368));
#120160=AXIS2_PLACEMENT_3D('',#120130,#120140,#120150);
#120170=CYLINDRICAL_SURFACE('',#120160,0.3);
#120180=ORIENTED_EDGE('',*,*,#120070,.T.);
#120190=ORIENTED_EDGE('',*,*,#116500,.T.);
#120200=CARTESIAN_POINT('',(29.8135706656094,43.6932974575857,
-42.6272642499396));
#120210=DIRECTION('',(0.999897370574939,0.00872597215734906,
0.0113624701201756));
#120220=VECTOR('',#120210,1.);
#120230=LINE('',#120200,#120220);
#120240=EDGE_CURVE('',#116400,#12500,#120230,.T.);
#120250=ORIENTED_EDGE('',*,*,#120240,.F.);
#120260=ORIENTED_EDGE('',*,*,#12510,.T.);
#120270=EDGE_LOOP('',(#120260,#120250,#120190,#120180));
#120280=FACE_OUTER_BOUND('',#120270,.T.);
#120290=ADVANCED_FACE('',(#120280),#120170,.F.);
#120300=CARTESIAN_POINT('',(24.8836462030948,40.6002563333336,
-42.6832861188318));
#120310=DIRECTION('',(0.0113629027288331,1.6147655982242E-16,
-0.9999354401368));
#120320=DIRECTION('',(-0.9999354401368,-1.42099372643656E-14,
-0.0113629027288331));
#120330=AXIS2_PLACEMENT_3D('',#120300,#120310,#120320);
#120340=PLANE('',#120330);
#120350=ORIENTED_EDGE('',*,*,#120240,.T.);
#120360=ORIENTED_EDGE('',*,*,#116410,.F.);
#120370=CARTESIAN_POINT('',(29.8135706656094,41.4572152090816,
-42.6272642499396));
#120380=DIRECTION('',(0.999897370574939,-0.00872597215732064,
0.0113624701201756));
#120390=VECTOR('',#120380,1.);
#120400=LINE('',#120370,#120390);
#120410=EDGE_CURVE('',#116320,#12580,#120400,.T.);
#120420=ORIENTED_EDGE('',*,*,#120410,.F.);
#120430=ORIENTED_EDGE('',*,*,#12590,.F.);
#120440=EDGE_LOOP('',(#120430,#120420,#120360,#120350));
#120450=FACE_OUTER_BOUND('',#120440,.T.);
#120460=ADVANCED_FACE('',(#120450),#120340,.T.);
#120470=CARTESIAN_POINT('',(29.8169795364281,41.4572152090816,
-42.9272448819806));
#120480=DIRECTION('',(0.999897370574939,-0.00872597215732064,
0.0113624701201756));
#120490=DIRECTION('',(-0.0113629027288331,-1.6147655982242E-16,
0.9999354401368));
#120500=AXIS2_PLACEMENT_3D('',#120470,#120480,#120490);
#120510=CYLINDRICAL_SURFACE('',#120500,0.3);
#120520=ORIENTED_EDGE('',*,*,#120410,.T.);
#120530=ORIENTED_EDGE('',*,*,#116330,.T.);
#120540=ORIENTED_EDGE('',*,*,#115430,.F.);
#120550=ORIENTED_EDGE('',*,*,#12680,.F.);
#120560=EDGE_LOOP('',(#120550,#120540,#120530,#120520));
#120570=FACE_OUTER_BOUND('',#120560,.T.);
#120580=ADVANCED_FACE('',(#120570),#120510,.F.);
#120590=CARTESIAN_POINT('',(29.816979536428,44.1933164967785,
-43.1802259553869));
#120600=DIRECTION('',(0.99992385047757,0.00872620324395843,
0.00872620324394422));
#120610=DIRECTION('',(-0.00872653549838815,0.999961923064171,0.));
#120620=AXIS2_PLACEMENT_3D('',#120590,#120600,#120610);
#120630=CYLINDRICAL_SURFACE('',#120620,0.2);
#120640=ORIENTED_EDGE('',*,*,#119850,.T.);
#120650=ORIENTED_EDGE('',*,*,#116670,.F.);
#120660=ORIENTED_EDGE('',*,*,#120000,.F.);
#120670=ORIENTED_EDGE('',*,*,#12340,.T.);
#120680=EDGE_LOOP('',(#120670,#120660,#120650,#120640));
#120690=FACE_OUTER_BOUND('',#120680,.T.);
#120700=ADVANCED_FACE('',(#120690),#120630,.T.);
#120710=CARTESIAN_POINT('',(29.816979536428,44.5433012654242,
-43.5802411867412));
#120720=DIRECTION('',(0.99992385047757,0.00872620324395843,
0.00872620324394422));
#120730=DIRECTION('',(-0.00872653549838815,0.999961923064171,0.));
#120740=AXIS2_PLACEMENT_3D('',#120710,#120720,#120730);
#120750=CYLINDRICAL_SURFACE('',#120740,0.2);
#120760=ORIENTED_EDGE('',*,*,#12170,.T.);
#120770=ORIENTED_EDGE('',*,*,#115820,.T.);
#120780=ORIENTED_EDGE('',*,*,#116820,.T.);
#120790=ORIENTED_EDGE('',*,*,#119780,.F.);
#120800=EDGE_LOOP('',(#120790,#120780,#120770,#120760));
#120810=FACE_OUTER_BOUND('',#120800,.T.);
#120820=ADVANCED_FACE('',(#120810),#120750,.F.);
#120830=CARTESIAN_POINT('',(29.816979536428,44.5433012654242,
-43.9063310509224));
#120840=DIRECTION('',(0.99992385047757,0.00872620324395843,
-0.00872620324394422));
#120850=DIRECTION('',(-0.00872653549838815,0.999961923064171,0.));
#120860=AXIS2_PLACEMENT_3D('',#120830,#120840,#120850);
#120870=CYLINDRICAL_SURFACE('',#120860,0.2);
#120880=ORIENTED_EDGE('',*,*,#114030,.T.);
#120890=ORIENTED_EDGE('',*,*,#116900,.F.);
#120900=ORIENTED_EDGE('',*,*,#115680,.F.);
#120910=ORIENTED_EDGE('',*,*,#12000,.F.);
#120920=EDGE_LOOP('',(#120910,#120900,#120890,#120880));
#120930=FACE_OUTER_BOUND('',#120920,.T.);
#120940=ADVANCED_FACE('',(#120930),#120870,.F.);
#120950=CARTESIAN_POINT('',(17.7836462030948,43.0252563333335,
-37.3932861188318));
#120960=DIRECTION('',(-1.,0.,0.));
#120970=DIRECTION('',(0.,0.,1.));
#120980=AXIS2_PLACEMENT_3D('',#120950,#120960,#120970);
#120990=PLANE('',#120980);
#121000=ORIENTED_EDGE('',*,*,#3150,.T.);
#121010=CARTESIAN_POINT('',(17.7836462030948,43.776923,-40.1832861188318
));
#121020=DIRECTION('',(0.,-1.,-0.));
#121030=VECTOR('',#121020,1.);
#121040=LINE('',#121010,#121030);
#121050=CARTESIAN_POINT('',(17.7836462030948,41.3002563333335,
-40.1832861188318));
#121060=VERTEX_POINT('',#121050);
#121070=EDGE_CURVE('',#121060,#3060,#121040,.T.);
#121080=ORIENTED_EDGE('',*,*,#121070,.T.);
#121090=CARTESIAN_POINT('',(17.7836462030948,41.3002563333335,
-34.8532861188318));
#121100=DIRECTION('',(0.,0.,-1.));
#121110=VECTOR('',#121100,1.);
#121120=LINE('',#121090,#121110);
#121130=EDGE_CURVE('',#39670,#121060,#121120,.T.);
#121140=ORIENTED_EDGE('',*,*,#121130,.T.);
#121150=ORIENTED_EDGE('',*,*,#39680,.T.);
#121160=EDGE_LOOP('',(#121150,#121140,#121080,#121000));
#121170=FACE_OUTER_BOUND('',#121160,.T.);
#121180=ADVANCED_FACE('',(#121170),#120990,.T.);
#121190=CARTESIAN_POINT('',(17.7836462030948,41.3002563333335,
-39.6832861188318));
#121200=DIRECTION('',(-0.034899496702501,0.999390827019096,0.));
#121210=DIRECTION('',(0.,0.,1.));
#121220=AXIS2_PLACEMENT_3D('',#121190,#121200,#121210);
#121230=PLANE('',#121220);
#121240=CARTESIAN_POINT('',(29.8169795364281,41.7204695928842,
-40.1832861188318));
#121250=DIRECTION('',(0.999390827019096,0.034899496702501,0.));
#121260=VECTOR('',#121250,1.);
#121270=LINE('',#121240,#121260);
#121280=EDGE_CURVE('',#121060,#49360,#121270,.T.);
#121290=ORIENTED_EDGE('',*,*,#121280,.F.);
#121300=ORIENTED_EDGE('',*,*,#49370,.T.);
#121310=ORIENTED_EDGE('',*,*,#39760,.T.);
#121320=ORIENTED_EDGE('',*,*,#121130,.F.);
#121330=EDGE_LOOP('',(#121320,#121310,#121300,#121290));
#121340=FACE_OUTER_BOUND('',#121330,.T.);
#121350=ADVANCED_FACE('',(#121340),#121230,.T.);
#121360=CARTESIAN_POINT('',(19.3736462030946,40.6002563333335,
-42.7232861188318));
#121370=DIRECTION('',(0.,-0.,1.));
#121380=DIRECTION('',(1.,1.4210854715202E-14,0.));
#121390=AXIS2_PLACEMENT_3D('',#121360,#121370,#121380);
#121400=PLANE('',#121390);
#121410=ORIENTED_EDGE('',*,*,#49930,.F.);
#121420=CARTESIAN_POINT('',(29.8169795364281,41.7204695928842,
-42.7232861188318));
#121430=DIRECTION('',(0.999390827019096,0.034899496702501,0.));
#121440=VECTOR('',#121430,1.);
#121450=LINE('',#121420,#121440);
#121460=CARTESIAN_POINT('',(17.7836462030948,41.3002563333335,
-42.7232861188318));
#121470=VERTEX_POINT('',#121460);
#121480=EDGE_CURVE('',#121470,#49840,#121450,.T.);
#121490=ORIENTED_EDGE('',*,*,#121480,.T.);
#121500=CARTESIAN_POINT('',(17.7836462030948,43.776923,-42.7232861188318
));
#121510=DIRECTION('',(0.,-1.,-0.));
#121520=VECTOR('',#121510,1.);
#121530=LINE('',#121500,#121520);
#121540=EDGE_CURVE('',#121470,#2740,#121530,.T.);
#121550=ORIENTED_EDGE('',*,*,#121540,.F.);
#121560=ORIENTED_EDGE('',*,*,#2750,.F.);
#121570=CARTESIAN_POINT('',(19.9836462030952,4.2632564145606E-14,
-42.7232861188318));
#121580=DIRECTION('',(-1.4210854715202E-14,1.,0.));
#121590=VECTOR('',#121580,1.);
#121600=LINE('',#121570,#121590);
#121610=EDGE_CURVE('',#2660,#55560,#121600,.T.);
#121620=ORIENTED_EDGE('',*,*,#121610,.F.);
#121630=ORIENTED_EDGE('',*,*,#55570,.T.);
#121640=EDGE_LOOP('',(#121630,#121620,#121560,#121550,#121490,#121410));
#121650=FACE_OUTER_BOUND('',#121640,.T.);
#121660=ADVANCED_FACE('',(#121650),#121400,.F.);
#121670=CARTESIAN_POINT('',(17.7836462030948,41.3002563333335,
-42.2232861188318));
#121680=DIRECTION('',(-0.034899496702501,0.999390827019096,0.));
#121690=DIRECTION('',(0.,0.,1.));
#121700=AXIS2_PLACEMENT_3D('',#121670,#121680,#121690);
#121710=PLANE('',#121700);
#121720=ORIENTED_EDGE('',*,*,#121480,.F.);
#121730=ORIENTED_EDGE('',*,*,#49850,.T.);
#121740=CARTESIAN_POINT('',(29.8169795364281,41.7204695928842,
-42.2232861188318));
#121750=DIRECTION('',(0.999390827019096,0.034899496702501,0.));
#121760=VECTOR('',#121750,1.);
#121770=LINE('',#121740,#121760);
#121780=CARTESIAN_POINT('',(17.7836462030948,41.3002563333335,
-42.2232861188318));
#121790=VERTEX_POINT('',#121780);
#121800=EDGE_CURVE('',#121790,#49760,#121770,.T.);
#121810=ORIENTED_EDGE('',*,*,#121800,.T.);
#121820=CARTESIAN_POINT('',(17.7836462030948,41.3002563333335,
-37.3932861188318));
#121830=DIRECTION('',(0.,0.,-1.));
#121840=VECTOR('',#121830,1.);
#121850=LINE('',#121820,#121840);
#121860=EDGE_CURVE('',#121790,#121470,#121850,.T.);
#121870=ORIENTED_EDGE('',*,*,#121860,.F.);
#121880=EDGE_LOOP('',(#121870,#121810,#121730,#121720));
#121890=FACE_OUTER_BOUND('',#121880,.T.);
#121900=ADVANCED_FACE('',(#121890),#121710,.T.);
#121910=CARTESIAN_POINT('',(17.7836462030948,43.0252563333335,
-39.9332861188318));
#121920=DIRECTION('',(-1.,0.,0.));
#121930=DIRECTION('',(0.,0.,1.));
#121940=AXIS2_PLACEMENT_3D('',#121910,#121920,#121930);
#121950=PLANE('',#121940);
#121960=CARTESIAN_POINT('',(17.7836462030948,43.776923,-42.2232861188318
));
#121970=DIRECTION('',(0.,1.,0.));
#121980=VECTOR('',#121970,1.);
#121990=LINE('',#121960,#121980);
#122000=EDGE_CURVE('',#2820,#121790,#121990,.T.);
#122010=ORIENTED_EDGE('',*,*,#122000,.T.);
#122020=ORIENTED_EDGE('',*,*,#2830,.T.);
#122030=ORIENTED_EDGE('',*,*,#121540,.T.);
#122040=ORIENTED_EDGE('',*,*,#121860,.T.);
#122050=EDGE_LOOP('',(#122040,#122030,#122020,#122010));
#122060=FACE_OUTER_BOUND('',#122050,.T.);
#122070=ADVANCED_FACE('',(#122060),#121950,.T.);
#122080=CARTESIAN_POINT('',(17.7836462030948,43.0252563333335,
-42.4732861188318));
#122090=DIRECTION('',(-1.,0.,0.));
#122100=DIRECTION('',(0.,0.,1.));
#122110=AXIS2_PLACEMENT_3D('',#122080,#122090,#122100);
#122120=PLANE('',#122110);
#122130=ORIENTED_EDGE('',*,*,#52570,.T.);
#122140=ORIENTED_EDGE('',*,*,#2510,.T.);
#122150=ORIENTED_EDGE('',*,*,#52270,.T.);
#122160=ORIENTED_EDGE('',*,*,#52110,.T.);
#122170=EDGE_LOOP('',(#122160,#122150,#122140,#122130));
#122180=FACE_OUTER_BOUND('',#122170,.T.);
#122190=ADVANCED_FACE('',(#122180),#122120,.T.);
#122200=CARTESIAN_POINT('',(19.9836462030946,41.0002563333335,
-43.4232861188318));
#122210=DIRECTION('',(1.,1.4210854715202E-14,-0.));
#122220=DIRECTION('',(-1.4210854715202E-14,1.,0.));
#122230=AXIS2_PLACEMENT_3D('',#122200,#122210,#122220);
#122240=PLANE('',#122230);
#122250=ORIENTED_EDGE('',*,*,#52730,.F.);
#122260=ORIENTED_EDGE('',*,*,#55630,.T.);
#122270=ORIENTED_EDGE('',*,*,#121610,.T.);
#122280=ORIENTED_EDGE('',*,*,#2670,.T.);
#122290=EDGE_LOOP('',(#122280,#122270,#122260,#122250));
#122300=FACE_OUTER_BOUND('',#122290,.T.);
#122310=ADVANCED_FACE('',(#122300),#122240,.F.);
#122320=CARTESIAN_POINT('',(18.1036462030946,38.8502563333336,
-43.5207861188318));
#122330=DIRECTION('',(0.,-0.363345276491644,0.931654555106779));
#122340=DIRECTION('',(0.,0.931654555106779,0.363345276491644));
#122350=AXIS2_PLACEMENT_3D('',#122320,#122330,#122340);
#122360=PLANE('',#122350);
#122370=ORIENTED_EDGE('',*,*,#53880,.F.);
#122380=CARTESIAN_POINT('',(29.8169795364281,39.1002563333336,
-43.4232861188318));
#122390=DIRECTION('',(1.,0.,0.));
#122400=VECTOR('',#122390,1.);
#122410=LINE('',#122380,#122400);
#122420=EDGE_CURVE('',#53810,#52880,#122410,.T.);
#122430=ORIENTED_EDGE('',*,*,#122420,.F.);
#122440=ORIENTED_EDGE('',*,*,#52910,.F.);
#122450=ORIENTED_EDGE('',*,*,#53500,.F.);
#122460=EDGE_LOOP('',(#122450,#122440,#122430,#122370));
#122470=FACE_OUTER_BOUND('',#122460,.T.);
#122480=ADVANCED_FACE('',(#122470),#122360,.T.);
#122490=COLOUR_RGB('',1.,0.843137323856354,0.);
#122500=FILL_AREA_STYLE_COLOUR('',#122490);
#122510=FILL_AREA_STYLE('',(#122500));
#122520=SURFACE_STYLE_FILL_AREA(#122510);
#122530=SURFACE_SIDE_STYLE('',(#122520));
#122540=SURFACE_STYLE_USAGE(.BOTH.,#122530);
#122550=PRESENTATION_STYLE_ASSIGNMENT((#122540));
#122560=CARTESIAN_POINT('',(21.8836462030946,42.570256333334,
-43.4232861188318));
#122570=DIRECTION('',(0.,0.,-1.));
#122580=DIRECTION('',(1.,0.,0.));
#122590=AXIS2_PLACEMENT_3D('',#122560,#122570,#122580);
#122600=PLANE('',#122590);
#122610=ORIENTED_EDGE('',*,*,#55210,.T.);
#122620=ORIENTED_EDGE('',*,*,#122420,.T.);
#122630=ORIENTED_EDGE('',*,*,#54260,.F.);
#122640=ORIENTED_EDGE('',*,*,#54570,.F.);
#122650=ORIENTED_EDGE('',*,*,#50090,.F.);
#122660=ORIENTED_EDGE('',*,*,#55480,.F.);
#122670=EDGE_LOOP('',(#122660,#122650,#122640,#122630,#122620,#122610));
#122680=FACE_OUTER_BOUND('',#122670,.T.);
#122690=ADVANCED_FACE('',(#122680),#122600,.F.);
#122700=COLOUR_RGB('',1.,0.843137323856354,0.);
#122710=FILL_AREA_STYLE_COLOUR('',#122700);
#122720=FILL_AREA_STYLE('',(#122710));
#122730=SURFACE_STYLE_FILL_AREA(#122720);
#122740=SURFACE_SIDE_STYLE('',(#122730));
#122750=SURFACE_STYLE_USAGE(.BOTH.,#122740);
#122760=PRESENTATION_STYLE_ASSIGNMENT((#122750));
#122770=CARTESIAN_POINT('',(18.2011462030947,38.8502563333336,
-43.9657861188318));
#122780=DIRECTION('',(0.,-0.363345276491644,-0.931654555106779));
#122790=DIRECTION('',(0.,0.931654555106779,-0.363345276491644));
#122800=AXIS2_PLACEMENT_3D('',#122770,#122780,#122790);
#122810=PLANE('',#122800);
#122820=ORIENTED_EDGE('',*,*,#53070,.F.);
#122830=ORIENTED_EDGE('',*,*,#54810,.F.);
#122840=ORIENTED_EDGE('',*,*,#53740,.T.);
#122850=ORIENTED_EDGE('',*,*,#53360,.F.);
#122860=EDGE_LOOP('',(#122850,#122840,#122830,#122820));
#122870=FACE_OUTER_BOUND('',#122860,.T.);
#122880=ADVANCED_FACE('',(#122870),#122810,.T.);
#122890=COLOUR_RGB('',1.,0.843137323856354,0.);
#122900=FILL_AREA_STYLE_COLOUR('',#122890);
#122910=FILL_AREA_STYLE('',(#122900));
#122920=SURFACE_STYLE_FILL_AREA(#122910);
#122930=SURFACE_SIDE_STYLE('',(#122920));
#122940=SURFACE_STYLE_USAGE(.BOTH.,#122930);
#122950=PRESENTATION_STYLE_ASSIGNMENT((#122940));
#122960=CARTESIAN_POINT('',(18.4236462030946,41.0002563333335,
-41.8063861188318));
#122970=DIRECTION('',(-1.,-1.4210854715202E-14,0.));
#122980=DIRECTION('',(0.,0.,1.));
#122990=AXIS2_PLACEMENT_3D('',#122960,#122970,#122980);
#123000=PLANE('',#122990);
#123010=ORIENTED_EDGE('',*,*,#47520,.F.);
#123020=ORIENTED_EDGE('',*,*,#45530,.T.);
#123030=CARTESIAN_POINT('',(18.4236462030946,43.776923,-40.8832861188318
));
#123040=DIRECTION('',(-1.4210854715202E-14,1.,0.));
#123050=VECTOR('',#123040,1.);
#123060=LINE('',#123030,#123050);
#123070=CARTESIAN_POINT('',(18.4236462030946,41.0002563333335,
-40.8832861188318));
#123080=VERTEX_POINT('',#123070);
#123090=EDGE_CURVE('',#45420,#123080,#123060,.T.);
#123100=ORIENTED_EDGE('',*,*,#123090,.F.);
#123110=CARTESIAN_POINT('',(18.4236462030946,41.0002563333335,
-39.9332861188318));
#123120=DIRECTION('',(0.,0.,1.));
#123130=VECTOR('',#123120,1.);
#123140=LINE('',#123110,#123130);
#123150=EDGE_CURVE('',#47510,#123080,#123140,.T.);
#123160=ORIENTED_EDGE('',*,*,#123150,.T.);
#123170=EDGE_LOOP('',(#123160,#123100,#123020,#123010));
#123180=FACE_OUTER_BOUND('',#123170,.T.);
#123190=ADVANCED_FACE('',(#123180),#123000,.F.);
#123200=COLOUR_RGB('',1.,0.843137323856354,0.);
#123210=FILL_AREA_STYLE_COLOUR('',#123200);
#123220=FILL_AREA_STYLE('',(#123210));
#123230=SURFACE_STYLE_FILL_AREA(#123220);
#123240=SURFACE_SIDE_STYLE('',(#123230));
#123250=SURFACE_STYLE_USAGE(.BOTH.,#123240);
#123260=PRESENTATION_STYLE_ASSIGNMENT((#123250));
#123270=CARTESIAN_POINT('',(21.5336462030948,41.0002563333335,
-53.3932861188318));
#123280=DIRECTION('',(1.4210854715202E-14,-1.,0.));
#123290=DIRECTION('',(0.,0.,-1.));
#123300=AXIS2_PLACEMENT_3D('',#123270,#123280,#123290);
#123310=PLANE('',#123300);
#123320=CARTESIAN_POINT('',(29.8169795364281,41.0002563333337,
-40.8832861188318));
#123330=DIRECTION('',(1.,1.4210854715202E-14,0.));
#123340=VECTOR('',#123330,1.);
#123350=LINE('',#123320,#123340);
#123360=EDGE_CURVE('',#49520,#123080,#123350,.T.);
#123370=ORIENTED_EDGE('',*,*,#123360,.T.);
#123380=ORIENTED_EDGE('',*,*,#49530,.T.);
#123390=CARTESIAN_POINT('',(-2.48689957516035E-14,41.0002563333332,
-40.1832861188318));
#123400=DIRECTION('',(1.,1.4210854715202E-14,0.));
#123410=VECTOR('',#123400,1.);
#123420=LINE('',#123390,#123410);
#123430=CARTESIAN_POINT('',(19.9836462030946,41.0002563333335,
-40.1832861188318));
#123440=VERTEX_POINT('',#123430);
#123450=EDGE_CURVE('',#49440,#123440,#123420,.T.);
#123460=ORIENTED_EDGE('',*,*,#123450,.F.);
#123470=CARTESIAN_POINT('',(19.9836462030946,41.0002563333335,-13.46));
#123480=DIRECTION('',(0.,0.,-1.));
#123490=VECTOR('',#123480,1.);
#123500=LINE('',#123470,#123490);
#123510=CARTESIAN_POINT('',(19.9836462030946,41.0002563333335,
-42.2232861188318));
#123520=VERTEX_POINT('',#123510);
#123530=EDGE_CURVE('',#123440,#123520,#123500,.T.);
#123540=ORIENTED_EDGE('',*,*,#123530,.F.);
#123550=CARTESIAN_POINT('',(-2.48689957516035E-14,41.0002563333332,
-42.2232861188318));
#123560=DIRECTION('',(-1.,-1.4210854715202E-14,0.));
#123570=VECTOR('',#123560,1.);
#123580=LINE('',#123550,#123570);
#123590=EDGE_CURVE('',#123520,#49680,#123580,.T.);
#123600=ORIENTED_EDGE('',*,*,#123590,.F.);
#123610=ORIENTED_EDGE('',*,*,#49690,.T.);
#123620=ORIENTED_EDGE('',*,*,#47600,.T.);
#123630=ORIENTED_EDGE('',*,*,#123150,.F.);
#123640=EDGE_LOOP('',(#123630,#123620,#123610,#123600,#123540,#123460,
#123380,#123370));
#123650=FACE_OUTER_BOUND('',#123640,.T.);
#123660=ADVANCED_FACE('',(#123650),#123310,.T.);
#123670=CARTESIAN_POINT('',(19.9836462030946,41.0002563333335,
-40.8832861188318));
#123680=DIRECTION('',(1.,1.4210854715202E-14,-0.));
#123690=DIRECTION('',(-1.4210854715202E-14,1.,0.));
#123700=AXIS2_PLACEMENT_3D('',#123670,#123680,#123690);
#123710=PLANE('',#123700);
#123720=CARTESIAN_POINT('',(19.9836462030952,3.5527136788005E-14,
-42.2232861188318));
#123730=DIRECTION('',(-1.4210854715202E-14,1.,0.));
#123740=VECTOR('',#123730,1.);
#123750=LINE('',#123720,#123740);
#123760=EDGE_CURVE('',#2900,#123520,#123750,.T.);
#123770=ORIENTED_EDGE('',*,*,#123760,.F.);
#123780=ORIENTED_EDGE('',*,*,#123530,.T.);
#123790=CARTESIAN_POINT('',(19.9836462030952,4.2632564145606E-14,
-40.1832861188318));
#123800=DIRECTION('',(-1.4210854715202E-14,1.,0.));
#123810=VECTOR('',#123800,1.);
#123820=LINE('',#123790,#123810);
#123830=EDGE_CURVE('',#2980,#123440,#123820,.T.);
#123840=ORIENTED_EDGE('',*,*,#123830,.T.);
#123850=ORIENTED_EDGE('',*,*,#2990,.T.);
#123860=EDGE_LOOP('',(#123850,#123840,#123780,#123770));
#123870=FACE_OUTER_BOUND('',#123860,.T.);
#123880=ADVANCED_FACE('',(#123870),#123710,.F.);
#123890=CARTESIAN_POINT('',(19.3736462030946,40.6002563333335,
-40.1832861188318));
#123900=DIRECTION('',(0.,-0.,1.));
#123910=DIRECTION('',(1.,1.4210854715202E-14,0.));
#123920=AXIS2_PLACEMENT_3D('',#123890,#123900,#123910);
#123930=PLANE('',#123920);
#123940=ORIENTED_EDGE('',*,*,#49450,.F.);
#123950=ORIENTED_EDGE('',*,*,#121280,.T.);
#123960=ORIENTED_EDGE('',*,*,#121070,.F.);
#123970=ORIENTED_EDGE('',*,*,#3070,.F.);
#123980=ORIENTED_EDGE('',*,*,#123830,.F.);
#123990=ORIENTED_EDGE('',*,*,#123450,.T.);
#124000=EDGE_LOOP('',(#123990,#123980,#123970,#123960,#123950,#123940));
#124010=FACE_OUTER_BOUND('',#124000,.T.);
#124020=ADVANCED_FACE('',(#124010),#123930,.F.);
#124030=CARTESIAN_POINT('',(16.102266656755,40.6002563333334,
-42.2232861188318));
#124040=DIRECTION('',(-0.,0.,-1.));
#124050=DIRECTION('',(-1.,-1.4210854715202E-14,0.));
#124060=AXIS2_PLACEMENT_3D('',#124030,#124040,#124050);
#124070=PLANE('',#124060);
#124080=ORIENTED_EDGE('',*,*,#2910,.T.);
#124090=ORIENTED_EDGE('',*,*,#122000,.F.);
#124100=ORIENTED_EDGE('',*,*,#121800,.F.);
#124110=ORIENTED_EDGE('',*,*,#49770,.F.);
#124120=ORIENTED_EDGE('',*,*,#123590,.T.);
#124130=ORIENTED_EDGE('',*,*,#123760,.T.);
#124140=EDGE_LOOP('',(#124130,#124120,#124110,#124100,#124090,#124080));
#124150=FACE_OUTER_BOUND('',#124140,.T.);
#124160=ADVANCED_FACE('',(#124150),#124070,.F.);
#124170=CARTESIAN_POINT('',(18.1036462030947,38.8502563333336,
-40.9807861188318));
#124180=DIRECTION('',(0.,-0.363345276491644,0.931654555106779));
#124190=DIRECTION('',(0.,0.931654555106779,0.363345276491644));
#124200=AXIS2_PLACEMENT_3D('',#124170,#124180,#124190);
#124210=PLANE('',#124200);
#124220=ORIENTED_EDGE('',*,*,#46420,.F.);
#124230=CARTESIAN_POINT('',(29.8169795364281,39.1002563333336,
-40.8832861188318));
#124240=DIRECTION('',(1.,0.,0.));
#124250=VECTOR('',#124240,1.);
#124260=LINE('',#124230,#124250);
#124270=EDGE_CURVE('',#46350,#45420,#124260,.T.);
#124280=ORIENTED_EDGE('',*,*,#124270,.F.);
#124290=ORIENTED_EDGE('',*,*,#45450,.F.);
#124300=ORIENTED_EDGE('',*,*,#46040,.F.);
#124310=EDGE_LOOP('',(#124300,#124290,#124280,#124220));
#124320=FACE_OUTER_BOUND('',#124310,.T.);
#124330=ADVANCED_FACE('',(#124320),#124210,.T.);
#124340=COLOUR_RGB('',1.,0.843137323856354,0.);
#124350=FILL_AREA_STYLE_COLOUR('',#124340);
#124360=FILL_AREA_STYLE('',(#124350));
#124370=SURFACE_STYLE_FILL_AREA(#124360);
#124380=SURFACE_SIDE_STYLE('',(#124370));
#124390=SURFACE_STYLE_USAGE(.BOTH.,#124380);
#124400=PRESENTATION_STYLE_ASSIGNMENT((#124390));
#124410=CARTESIAN_POINT('',(21.8836462030946,42.570256333334,
-40.8832861188318));
#124420=DIRECTION('',(0.,0.,-1.));
#124430=DIRECTION('',(1.,0.,0.));
#124440=AXIS2_PLACEMENT_3D('',#124410,#124420,#124430);
#124450=PLANE('',#124440);
#124460=ORIENTED_EDGE('',*,*,#123090,.T.);
#124470=ORIENTED_EDGE('',*,*,#124270,.T.);
#124480=ORIENTED_EDGE('',*,*,#46800,.F.);
#124490=ORIENTED_EDGE('',*,*,#47200,.F.);
#124500=ORIENTED_EDGE('',*,*,#49590,.F.);
#124510=ORIENTED_EDGE('',*,*,#123360,.F.);
#124520=EDGE_LOOP('',(#124510,#124500,#124490,#124480,#124470,#124460));
#124530=FACE_OUTER_BOUND('',#124520,.T.);
#124540=ADVANCED_FACE('',(#124530),#124450,.F.);
#124550=COLOUR_RGB('',1.,0.843137323856354,0.);
#124560=FILL_AREA_STYLE_COLOUR('',#124550);
#124570=FILL_AREA_STYLE('',(#124560));
#124580=SURFACE_STYLE_FILL_AREA(#124570);
#124590=SURFACE_SIDE_STYLE('',(#124580));
#124600=SURFACE_STYLE_USAGE(.BOTH.,#124590);
#124610=PRESENTATION_STYLE_ASSIGNMENT((#124600));
#124620=CARTESIAN_POINT('',(18.3261462030947,38.8502563333336,
-38.6632861188318));
#124630=DIRECTION('',(0.931654555106779,-0.363345276491644,0.));
#124640=DIRECTION('',(0.363345276491644,0.931654555106779,0.));
#124650=AXIS2_PLACEMENT_3D('',#124620,#124630,#124640);
#124660=PLANE('',#124650);
#124670=ORIENTED_EDGE('',*,*,#86960,.T.);
#124680=CARTESIAN_POINT('',(18.4236462030947,39.1002563333336,
-37.3932861188318));
#124690=DIRECTION('',(0.,0.,-1.));
#124700=VECTOR('',#124690,1.);
#124710=LINE('',#124680,#124700);
#124720=EDGE_CURVE('',#44780,#1090,#124710,.T.);
#124730=ORIENTED_EDGE('',*,*,#124720,.F.);
#124740=ORIENTED_EDGE('',*,*,#1100,.T.);
#124750=CARTESIAN_POINT('',(18.2286462030947,38.6002563333336,
-38.6632861188318));
#124760=DIRECTION('',(0.,0.,1.));
#124770=VECTOR('',#124760,1.);
#124780=LINE('',#124750,#124770);
#124790=EDGE_CURVE('',#1070,#86950,#124780,.T.);
#124800=ORIENTED_EDGE('',*,*,#124790,.F.);
#124810=EDGE_LOOP('',(#124800,#124740,#124730,#124670));
#124820=FACE_OUTER_BOUND('',#124810,.T.);
#124830=ADVANCED_FACE('',(#124820),#124660,.T.);
#124840=COLOUR_RGB('',1.,0.843137323856354,0.);
#124850=FILL_AREA_STYLE_COLOUR('',#124840);
#124860=FILL_AREA_STYLE('',(#124850));
#124870=SURFACE_STYLE_FILL_AREA(#124860);
#124880=SURFACE_SIDE_STYLE('',(#124870));
#124890=SURFACE_STYLE_USAGE(.BOTH.,#124880);
#124900=PRESENTATION_STYLE_ASSIGNMENT((#124890));
#124910=CARTESIAN_POINT('',(19.0536462030946,38.6002563333336,
-38.5032861188318));
#124920=DIRECTION('',(0.,-1.,0.));
#124930=DIRECTION('',(1.,0.,0.));
#124940=AXIS2_PLACEMENT_3D('',#124910,#124920,#124930);
#124950=PLANE('',#124940);
#124960=ORIENTED_EDGE('',*,*,#1320,.T.);
#124970=CARTESIAN_POINT('',(17.9786462030947,38.6002563333336,
-38.7607861188318));
#124980=DIRECTION('',(0.,0.,-1.));
#124990=VECTOR('',#124980,1.);
#125000=LINE('',#124970,#124990);
#125010=EDGE_CURVE('',#86860,#1250,#125000,.T.);
#125020=ORIENTED_EDGE('',*,*,#125010,.T.);
#125030=ORIENTED_EDGE('',*,*,#87020,.T.);
#125040=ORIENTED_EDGE('',*,*,#124790,.T.);
#125050=EDGE_LOOP('',(#125040,#125030,#125020,#124960));
#125060=FACE_OUTER_BOUND('',#125050,.T.);
#125070=ADVANCED_FACE('',(#125060),#124950,.T.);
#125080=COLOUR_RGB('',1.,0.843137323856354,0.);
#125090=FILL_AREA_STYLE_COLOUR('',#125080);
#125100=FILL_AREA_STYLE('',(#125090));
#125110=SURFACE_STYLE_FILL_AREA(#125100);
#125120=SURFACE_SIDE_STYLE('',(#125110));
#125130=SURFACE_STYLE_USAGE(.BOTH.,#125120);
#125140=PRESENTATION_STYLE_ASSIGNMENT((#125130));
#125150=CARTESIAN_POINT('',(17.8811462030947,38.8502563333336,
-38.7607861188318));
#125160=DIRECTION('',(-0.931654555106779,-0.363345276491644,-0.));
#125170=DIRECTION('',(-0.363345276491644,0.931654555106779,0.));
#125180=AXIS2_PLACEMENT_3D('',#125150,#125160,#125170);
#125190=PLANE('',#125180);
#125200=ORIENTED_EDGE('',*,*,#1260,.F.);
#125210=CARTESIAN_POINT('',(17.7836462030947,39.1002563333335,
-37.3932861188318));
#125220=DIRECTION('',(0.,0.,1.));
#125230=VECTOR('',#125220,1.);
#125240=LINE('',#125210,#125230);
#125250=EDGE_CURVE('',#1170,#44880,#125240,.T.);
#125260=ORIENTED_EDGE('',*,*,#125250,.F.);
#125270=ORIENTED_EDGE('',*,*,#86870,.T.);
#125280=ORIENTED_EDGE('',*,*,#125010,.F.);
#125290=EDGE_LOOP('',(#125280,#125270,#125260,#125200));
#125300=FACE_OUTER_BOUND('',#125290,.T.);
#125310=ADVANCED_FACE('',(#125300),#125190,.T.);
#125320=COLOUR_RGB('',1.,0.843137323856354,0.);
#125330=FILL_AREA_STYLE_COLOUR('',#125320);
#125340=FILL_AREA_STYLE('',(#125330));
#125350=SURFACE_STYLE_FILL_AREA(#125340);
#125360=SURFACE_SIDE_STYLE('',(#125350));
#125370=SURFACE_STYLE_USAGE(.BOTH.,#125360);
#125380=PRESENTATION_STYLE_ASSIGNMENT((#125370));
#125390=CARTESIAN_POINT('',(17.7836462030947,41.950256333334,
-38.9832861188318));
#125400=DIRECTION('',(1.,0.,0.));
#125410=DIRECTION('',(0.,1.,0.));
#125420=AXIS2_PLACEMENT_3D('',#125390,#125400,#125410);
#125430=PLANE('',#125420);
#125440=CARTESIAN_POINT('',(17.7836462030947,43.776923,-38.9832861188318
));
#125450=DIRECTION('',(0.,-1.,-0.));
#125460=VECTOR('',#125450,1.);
#125470=LINE('',#125440,#125460);
#125480=CARTESIAN_POINT('',(17.7836462030947,41.950256333334,
-38.9832861188318));
#125490=VERTEX_POINT('',#125480);
#125500=EDGE_CURVE('',#125490,#1170,#125470,.T.);
#125510=ORIENTED_EDGE('',*,*,#125500,.T.);
#125520=CARTESIAN_POINT('',(17.7836462030947,41.950256333334,
-38.3432829273425));
#125530=DIRECTION('',(0.,0.,-1.));
#125540=VECTOR('',#125530,1.);
#125550=LINE('',#125520,#125540);
#125560=EDGE_CURVE('',#44960,#125490,#125550,.T.);
#125570=ORIENTED_EDGE('',*,*,#125560,.T.);
#125580=ORIENTED_EDGE('',*,*,#44970,.T.);
#125590=ORIENTED_EDGE('',*,*,#125250,.T.);
#125600=EDGE_LOOP('',(#125590,#125580,#125570,#125510));
#125610=FACE_OUTER_BOUND('',#125600,.T.);
#125620=ADVANCED_FACE('',(#125610),#125430,.F.);
#125630=COLOUR_RGB('',1.,0.843137323856354,0.);
#125640=FILL_AREA_STYLE_COLOUR('',#125630);
#125650=FILL_AREA_STYLE('',(#125640));
#125660=SURFACE_STYLE_FILL_AREA(#125650);
#125670=SURFACE_SIDE_STYLE('',(#125660));
#125680=SURFACE_STYLE_USAGE(.BOTH.,#125670);
#125690=PRESENTATION_STYLE_ASSIGNMENT((#125680));
#125700=CARTESIAN_POINT('',(18.7236462030947,41.950256333334,
-38.6632861188318));
#125710=DIRECTION('',(0.,0.,-1.));
#125720=DIRECTION('',(0.,1.,0.));
#125730=AXIS2_PLACEMENT_3D('',#125700,#125710,#125720);
#125740=CYLINDRICAL_SURFACE('',#125730,0.94);
#125750=CARTESIAN_POINT('',(18.7236462030947,41.950256333334,
-38.9832861188318));
#125760=DIRECTION('',(0.,0.,-1.));
#125770=DIRECTION('',(0.,1.,0.));
#125780=AXIS2_PLACEMENT_3D('',#125750,#125760,#125770);
#125790=CIRCLE('',#125780,0.94);
#125800=EDGE_CURVE('',#125490,#49130,#125790,.T.);
#125810=ORIENTED_EDGE('',*,*,#125800,.F.);
#125820=ORIENTED_EDGE('',*,*,#49140,.T.);
#125830=ORIENTED_EDGE('',*,*,#45060,.T.);
#125840=ORIENTED_EDGE('',*,*,#125560,.F.);
#125850=EDGE_LOOP('',(#125840,#125830,#125820,#125810));
#125860=FACE_OUTER_BOUND('',#125850,.T.);
#125870=ADVANCED_FACE('',(#125860),#125740,.T.);
#125880=COLOUR_RGB('',1.,0.843137323856354,0.);
#125890=FILL_AREA_STYLE_COLOUR('',#125880);
#125900=FILL_AREA_STYLE('',(#125890));
#125910=SURFACE_STYLE_FILL_AREA(#125900);
#125920=SURFACE_SIDE_STYLE('',(#125910));
#125930=SURFACE_STYLE_USAGE(.BOTH.,#125920);
#125940=PRESENTATION_STYLE_ASSIGNMENT((#125930));
#125950=CARTESIAN_POINT('',(21.8836462030946,42.570256333334,
-38.9832861188318));
#125960=DIRECTION('',(0.,0.,-1.));
#125970=DIRECTION('',(1.,0.,0.));
#125980=AXIS2_PLACEMENT_3D('',#125950,#125960,#125970);
#125990=PLANE('',#125980);
#126000=ORIENTED_EDGE('',*,*,#125800,.T.);
#126010=ORIENTED_EDGE('',*,*,#125500,.F.);
#126020=ORIENTED_EDGE('',*,*,#1180,.T.);
#126030=CARTESIAN_POINT('',(18.4236462030947,43.776923,-38.9832861188318
));
#126040=DIRECTION('',(0.,-1.,-0.));
#126050=VECTOR('',#126040,1.);
#126060=LINE('',#126030,#126050);
#126070=CARTESIAN_POINT('',(18.4236462030947,41.0002563333335,
-38.9832861188318));
#126080=VERTEX_POINT('',#126070);
#126090=EDGE_CURVE('',#126080,#1090,#126060,.T.);
#126100=ORIENTED_EDGE('',*,*,#126090,.T.);
#126110=CARTESIAN_POINT('',(29.8169795364281,41.0002563333336,
-38.9832861188318));
#126120=DIRECTION('',(-1.,-1.4210854715202E-14,0.));
#126130=VECTOR('',#126120,1.);
#126140=LINE('',#126110,#126130);
#126150=EDGE_CURVE('',#126080,#49210,#126140,.T.);
#126160=ORIENTED_EDGE('',*,*,#126150,.F.);
#126170=ORIENTED_EDGE('',*,*,#49220,.F.);
#126180=EDGE_LOOP('',(#126170,#126160,#126100,#126020,#126010,#126000));
#126190=FACE_OUTER_BOUND('',#126180,.T.);
#126200=ADVANCED_FACE('',(#126190),#125990,.T.);
#126210=COLOUR_RGB('',1.,0.843137323856354,0.);
#126220=FILL_AREA_STYLE_COLOUR('',#126210);
#126230=FILL_AREA_STYLE('',(#126220));
#126240=SURFACE_STYLE_FILL_AREA(#126230);
#126250=SURFACE_SIDE_STYLE('',(#126240));
#126260=SURFACE_STYLE_USAGE(.BOTH.,#126250);
#126270=PRESENTATION_STYLE_ASSIGNMENT((#126260));
#126280=CARTESIAN_POINT('',(18.4236462030946,41.0002563333335,
-39.2663861188318));
#126290=DIRECTION('',(-1.,-1.4210854715202E-14,0.));
#126300=DIRECTION('',(0.,0.,1.));
#126310=AXIS2_PLACEMENT_3D('',#126280,#126290,#126300);
#126320=PLANE('',#126310);
#126330=ORIENTED_EDGE('',*,*,#126090,.F.);
#126340=ORIENTED_EDGE('',*,*,#124720,.T.);
#126350=ORIENTED_EDGE('',*,*,#44810,.F.);
#126360=CARTESIAN_POINT('',(18.4236462030946,41.0002563333335,
-37.3932861188318));
#126370=DIRECTION('',(0.,0.,1.));
#126380=VECTOR('',#126370,1.);
#126390=LINE('',#126360,#126380);
#126400=EDGE_CURVE('',#126080,#44800,#126390,.T.);
#126410=ORIENTED_EDGE('',*,*,#126400,.T.);
#126420=EDGE_LOOP('',(#126410,#126350,#126340,#126330));
#126430=FACE_OUTER_BOUND('',#126420,.T.);
#126440=ADVANCED_FACE('',(#126430),#126320,.F.);
#126450=COLOUR_RGB('',1.,0.843137323856354,0.);
#126460=FILL_AREA_STYLE_COLOUR('',#126450);
#126470=FILL_AREA_STYLE('',(#126460));
#126480=SURFACE_STYLE_FILL_AREA(#126470);
#126490=SURFACE_SIDE_STYLE('',(#126480));
#126500=SURFACE_STYLE_USAGE(.BOTH.,#126490);
#126510=PRESENTATION_STYLE_ASSIGNMENT((#126500));
#126520=CARTESIAN_POINT('',(21.5336462030948,41.0002563333335,
-50.8532861188318));
#126530=DIRECTION('',(1.4210854715202E-14,-1.,0.));
#126540=DIRECTION('',(0.,0.,-1.));
#126550=AXIS2_PLACEMENT_3D('',#126520,#126530,#126540);
#126560=PLANE('',#126550);
#126570=ORIENTED_EDGE('',*,*,#45200,.T.);
#126580=ORIENTED_EDGE('',*,*,#49050,.T.);
#126590=ORIENTED_EDGE('',*,*,#89900,.F.);
#126600=ORIENTED_EDGE('',*,*,#56320,.F.);
#126610=ORIENTED_EDGE('',*,*,#39920,.F.);
#126620=ORIENTED_EDGE('',*,*,#49280,.T.);
#126630=ORIENTED_EDGE('',*,*,#126150,.T.);
#126640=ORIENTED_EDGE('',*,*,#126400,.F.);
#126650=EDGE_LOOP('',(#126640,#126630,#126620,#126610,#126600,#126590,
#126580,#126570));
#126660=FACE_OUTER_BOUND('',#126650,.T.);
#126670=ADVANCED_FACE('',(#126660),#126560,.T.);
#126680=CARTESIAN_POINT('',(20.0911603424871,42.9852118064037,
-49.8432861188318));
#126690=CARTESIAN_POINT('',(20.0911603424871,43.0063955380316,
-49.8432861188318));
#126700=CARTESIAN_POINT('',(20.0955798009823,43.0273429506452,
-49.8432861188318));
#126710=CARTESIAN_POINT('',(20.1126842826307,43.0660475542545,
-49.8432861188318));
#126720=CARTESIAN_POINT('',(20.1251784935929,43.0833729689259,
-49.8432861188318));
#126730=CARTESIAN_POINT('',(20.1564299366232,43.1117223353042,
-49.8432861188318));
#126740=CARTESIAN_POINT('',(20.1748385374708,43.1224300304403,
-49.8432861188318));
#126750=CARTESIAN_POINT('',(20.2148332834728,43.1355222965949,
-49.8432861188318));
#126760=CARTESIAN_POINT('',(20.2359732598822,43.1377608144304,
-49.8432861188318));
#126770=CARTESIAN_POINT('',(20.2777958539312,43.1333322086037,
-49.8432861188318));
#126780=CARTESIAN_POINT('',(20.2980119119307,43.1267144890684,
-49.8432861188318));
#126790=CARTESIAN_POINT('',(20.3344308475693,43.1055307574404,
-49.8432861188318));
#126800=CARTESIAN_POINT('',(20.3502274470736,43.0912010643622,
-49.8432861188318));
#126810=CARTESIAN_POINT('',(20.3749455594743,43.0569250665796,
-49.8432861188318));
#126820=CARTESIAN_POINT('',(20.3835913249215,43.0373611340727,
-49.8432861188318));
#126830=CARTESIAN_POINT('',(20.3901488021502,43.0062799096731,
-49.8432861188318));
#126840=CARTESIAN_POINT('',(20.3912417150216,42.9957458580384,
-49.8432861188318));
#126850=CARTESIAN_POINT('',(20.3912417150216,42.9852118064037,
-49.8432861188318));
#126860=B_SPLINE_CURVE_WITH_KNOTS('',3,(#126680,#126690,#126700,#126710,
#126720,#126730,#126740,#126750,#126760,#126770,#126780,#126790,#126800,
#126810,#126820,#126830,#126840,#126850),.UNSPECIFIED.,.F.,.F.,(4,2,2,2,
2,2,2,2,4),(0.,1.,2.,3.,4.,5.,6.,7.,7.5),.UNSPECIFIED.);
#126870=DIRECTION('',(0.,0.,-1.));
#126880=VECTOR('',#126870,1.);
#126890=SURFACE_OF_LINEAR_EXTRUSION('',#126860,#126880);
#126900=ORIENTED_EDGE('',*,*,#75250,.F.);
#126910=ORIENTED_EDGE('',*,*,#74760,.F.);
#126920=ORIENTED_EDGE('',*,*,#71620,.T.);
#126930=ORIENTED_EDGE('',*,*,#75190,.T.);
#126940=EDGE_LOOP('',(#126930,#126920,#126910,#126900));
#126950=FACE_OUTER_BOUND('',#126940,.T.);
#126960=ADVANCED_FACE('',(#126950),#126890,.F.);
#126970=CLOSED_SHELL('',(#560,#960,#1360,#1740,#3810,#4120,#12780,#13900
,#14120,#14290,#14460,#14630,#14800,#14970,#15140,#15310,#15480,#15650,
#15820,#15990,#16110,#17620,#17930,#18180,#18490,#19080,#19390,#19940,
#20300,#20610,#21020,#21260,#21500,#21690,#21940,#22190,#22440,#22670,
#22810,#23060,#23230,#23810,#24280,#24730,#25040,#25420,#25730,#26020,
#26210,#26520,#26760,#27020,#27210,#27460,#27710,#27880,#28050,#28170,
#28480,#28730,#29370,#29690,#29930,#31360,#31670,#31980,#32290,#32670,
#32980,#33290,#33580,#33770,#33960,#34200,#34370,#34540,#34710,#34880,
#35050,#35270,#35440,#35610,#35730,#35850,#36040,#36280,#36520,#36640,
#36760,#37010,#38760,#39160,#39380,#39550,#40020,#40420,#40970,#41360,
#41670,#42050,#42360,#42720,#42960,#43150,#43480,#43880,#44140,#44340,
#44520,#44670,#45240,#45710,#46090,#46470,#46850,#47250,#47700,#50910,
#51390,#51770,#52150,#52460,#52770,#53170,#53550,#53930,#54310,#54620,
#55000,#55310,#55710,#55880,#56190,#56430,#57170,#57480,#57730,#59070,
#59710,#60090,#60590,#61070,#61360,#61600,#61840,#62030,#62410,#62730,
#63310,#63780,#64090,#64400,#64800,#65040,#65420,#65730,#66090,#66280,
#66520,#66710,#66960,#67210,#67460,#67690,#67810,#68060,#68310,#68610,
#68780,#68950,#69190,#70250,#74470,#75240,#75300,#76630,#76940,#77110,
#77350,#77650,#77890,#78060,#78320,#78490,#78830,#78950,#80430,#80720,
#80890,#81150,#81320,#81580,#81750,#82010,#82180,#82440,#82610,#82850,
#83100,#83320,#83580,#83750,#84010,#84180,#84440,#84610,#84820,#84940,
#85130,#85310,#85490,#85610,#85940,#86250,#86510,#86630,#86750,#87060,
#87370,#87610,#87850,#88090,#88330,#88500,#88620,#88790,#88910,#89150,
#89320,#89440,#89560,#89680,#89940,#90190,#90500,#90810,#91120,#91430,
#91740,#92070,#92190,#92380,#92570,#92810,#93120,#94630,#94800,#94970,
#95140,#95310,#95480,#95650,#95870,#96040,#96210,#96400,#96520,#96640,
#96950,#97260,#97570,#97950,#98260,#98570,#98860,#99050,#99240,#99430,
#99740,#99990,#100230,#100480,#100720,#100970,#101210,#101520,#102670,
#102980,#103290,#103600,#103840,#104220,#104600,#104890,#105080,#105270,
#105560,#105780,#105950,#106120,#106240,#106360,#106480,#106600,#106910,
#107160,#107400,#107650,#107890,#108140,#108380,#108690,#109840,#110150,
#110460,#110770,#111010,#111390,#111770,#112060,#112250,#112440,#112730,
#112950,#113120,#113290,#113410,#113530,#113650,#113770,#114080,#114330,
#114570,#114820,#115060,#115310,#115550,#115860,#117010,#117320,#117630,
#117940,#118180,#118560,#118940,#119230,#119420,#119610,#119900,#120120,
#120290,#120460,#120580,#120700,#120820,#120940,#121180,#121350,#121660,
#121900,#122070,#122190,#122310,#122480,#122690,#122880,#123190,#123660,
#123880,#124020,#124160,#124330,#124540,#124830,#125070,#125310,#125620,
#125870,#126200,#126440,#126670,#126960));
#126980=MANIFOLD_SOLID_BREP('',#126970);
#126990=CARTESIAN_POINT('',(0.,0.,0.));
#127000=DIRECTION('',(0.,0.,1.));
#127010=DIRECTION('',(1.,0.,0.));
#127020=AXIS2_PLACEMENT_3D('',#126990,#127000,#127010);
#127030=APPLICATION_CONTEXT(' ');
#127040=APPLICATION_PROTOCOL_DEFINITION(' ','automotive_design',1998,
#127030);
#127050=PRODUCT_CONTEXT('',#127030,'mechanical');
#127060=PRODUCT_DEFINITION_CONTEXT('part definition',#127030,'design');
#127070=PRODUCT('MC_0.5_5-G-2.54.1','MC_0.5_5-G-2.54.1','',(#127050));
#127080=PRODUCT_RELATED_PRODUCT_CATEGORY('part',' ',(#127070));
#127090=PRODUCT_DEFINITION_FORMATION_WITH_SPECIFIED_SOURCE('','',#127070
,.BOUGHT.);
#127100=PRODUCT_DEFINITION('',' ',#127090,#127060);
#127110=PRODUCT_DEFINITION_SHAPE('','',#127100);
#127120=DIMENSIONAL_EXPONENTS(1.,0.,0.,0.,0.,0.,0.);
#127130=DIMENSIONAL_EXPONENTS(0.,0.,0.,0.,0.,0.,0.);
#127140=DIMENSIONAL_EXPONENTS(0.,0.,0.,0.,0.,0.,0.);
#127150=(LENGTH_UNIT() NAMED_UNIT(*) SI_UNIT(.MILLI.,.METRE.));
#127160=(NAMED_UNIT(*) PLANE_ANGLE_UNIT() SI_UNIT($,.RADIAN.));
#127170=(NAMED_UNIT(*) SI_UNIT($,.STERADIAN.) SOLID_ANGLE_UNIT());
#127180=(GEOMETRIC_REPRESENTATION_CONTEXT(3) 
GLOBAL_UNCERTAINTY_ASSIGNED_CONTEXT((#127190)) 
GLOBAL_UNIT_ASSIGNED_CONTEXT((#127150,#127160,#127170)) 
REPRESENTATION_CONTEXT('',''));
#127190=UNCERTAINTY_MEASURE_WITH_UNIT(LENGTH_MEASURE(1.E-6),#127150,
'distance_accuracy_value','maximum gap value');
#127200=ADVANCED_BREP_SHAPE_REPRESENTATION('',(#127020,#126980),#127180)
;
#127210=SHAPE_DEFINITION_REPRESENTATION(#127110,#127200);
#127220=COLOUR_RGB('',0.34901961684227,0.34901961684227,0.34901961684227
);
#127230=FILL_AREA_STYLE_COLOUR('',#127220);
#127240=FILL_AREA_STYLE('',(#127230));
#127250=SURFACE_STYLE_FILL_AREA(#127240);
#127260=SURFACE_SIDE_STYLE('',(#127250));
#127270=SURFACE_STYLE_USAGE(.BOTH.,#127260);
#127280=PRESENTATION_STYLE_ASSIGNMENT((#127270));
#127290=STYLED_ITEM('',(#127280),#126980);
#127300=OVER_RIDING_STYLED_ITEM('',(#1430),#1360,#127290);
#127310=OVER_RIDING_STYLED_ITEM('',(#19460),#19390,#127290);
#127320=OVER_RIDING_STYLED_ITEM('',(#20010),#19940,#127290);
#127330=OVER_RIDING_STYLED_ITEM('',(#20370),#20300,#127290);
#127340=OVER_RIDING_STYLED_ITEM('',(#20680),#20610,#127290);
#127350=OVER_RIDING_STYLED_ITEM('',(#21090),#21020,#127290);
#127360=OVER_RIDING_STYLED_ITEM('',(#21330),#21260,#127290);
#127370=OVER_RIDING_STYLED_ITEM('',(#21570),#21500,#127290);
#127380=OVER_RIDING_STYLED_ITEM('',(#21760),#21690,#127290);
#127390=OVER_RIDING_STYLED_ITEM('',(#24350),#24280,#127290);
#127400=OVER_RIDING_STYLED_ITEM('',(#24800),#24730,#127290);
#127410=OVER_RIDING_STYLED_ITEM('',(#25110),#25040,#127290);
#127420=OVER_RIDING_STYLED_ITEM('',(#25490),#25420,#127290);
#127430=OVER_RIDING_STYLED_ITEM('',(#25800),#25730,#127290);
#127440=OVER_RIDING_STYLED_ITEM('',(#26090),#26020,#127290);
#127450=OVER_RIDING_STYLED_ITEM('',(#26280),#26210,#127290);
#127460=OVER_RIDING_STYLED_ITEM('',(#26590),#26520,#127290);
#127470=OVER_RIDING_STYLED_ITEM('',(#26830),#26760,#127290);
#127480=OVER_RIDING_STYLED_ITEM('',(#27090),#27020,#127290);
#127490=OVER_RIDING_STYLED_ITEM('',(#27280),#27210,#127290);
#127500=OVER_RIDING_STYLED_ITEM('',(#31740),#31670,#127290);
#127510=OVER_RIDING_STYLED_ITEM('',(#32050),#31980,#127290);
#127520=OVER_RIDING_STYLED_ITEM('',(#32360),#32290,#127290);
#127530=OVER_RIDING_STYLED_ITEM('',(#32740),#32670,#127290);
#127540=OVER_RIDING_STYLED_ITEM('',(#33050),#32980,#127290);
#127550=OVER_RIDING_STYLED_ITEM('',(#33360),#33290,#127290);
#127560=OVER_RIDING_STYLED_ITEM('',(#33650),#33580,#127290);
#127570=OVER_RIDING_STYLED_ITEM('',(#33840),#33770,#127290);
#127580=OVER_RIDING_STYLED_ITEM('',(#34030),#33960,#127290);
#127590=OVER_RIDING_STYLED_ITEM('',(#40490),#40420,#127290);
#127600=OVER_RIDING_STYLED_ITEM('',(#41040),#40970,#127290);
#127610=OVER_RIDING_STYLED_ITEM('',(#41430),#41360,#127290);
#127620=OVER_RIDING_STYLED_ITEM('',(#41740),#41670,#127290);
#127630=OVER_RIDING_STYLED_ITEM('',(#42120),#42050,#127290);
#127640=OVER_RIDING_STYLED_ITEM('',(#42430),#42360,#127290);
#127650=OVER_RIDING_STYLED_ITEM('',(#42790),#42720,#127290);
#127660=OVER_RIDING_STYLED_ITEM('',(#43030),#42960,#127290);
#127670=OVER_RIDING_STYLED_ITEM('',(#43220),#43150,#127290);
#127680=OVER_RIDING_STYLED_ITEM('',(#43550),#43480,#127290);
#127690=OVER_RIDING_STYLED_ITEM('',(#45310),#45240,#127290);
#127700=OVER_RIDING_STYLED_ITEM('',(#45780),#45710,#127290);
#127710=OVER_RIDING_STYLED_ITEM('',(#46160),#46090,#127290);
#127720=OVER_RIDING_STYLED_ITEM('',(#46540),#46470,#127290);
#127730=OVER_RIDING_STYLED_ITEM('',(#46920),#46850,#127290);
#127740=OVER_RIDING_STYLED_ITEM('',(#47320),#47250,#127290);
#127750=OVER_RIDING_STYLED_ITEM('',(#47770),#47700,#127290);
#127760=OVER_RIDING_STYLED_ITEM('',(#51460),#51390,#127290);
#127770=OVER_RIDING_STYLED_ITEM('',(#51840),#51770,#127290);
#127780=OVER_RIDING_STYLED_ITEM('',(#53240),#53170,#127290);
#127790=OVER_RIDING_STYLED_ITEM('',(#53620),#53550,#127290);
#127800=OVER_RIDING_STYLED_ITEM('',(#54000),#53930,#127290);
#127810=OVER_RIDING_STYLED_ITEM('',(#54380),#54310,#127290);
#127820=OVER_RIDING_STYLED_ITEM('',(#54690),#54620,#127290);
#127830=OVER_RIDING_STYLED_ITEM('',(#55070),#55000,#127290);
#127840=OVER_RIDING_STYLED_ITEM('',(#55380),#55310,#127290);
#127850=OVER_RIDING_STYLED_ITEM('',(#59780),#59710,#127290);
#127860=OVER_RIDING_STYLED_ITEM('',(#60160),#60090,#127290);
#127870=OVER_RIDING_STYLED_ITEM('',(#61140),#61070,#127290);
#127880=OVER_RIDING_STYLED_ITEM('',(#61430),#61360,#127290);
#127890=OVER_RIDING_STYLED_ITEM('',(#61670),#61600,#127290);
#127900=OVER_RIDING_STYLED_ITEM('',(#61910),#61840,#127290);
#127910=OVER_RIDING_STYLED_ITEM('',(#62100),#62030,#127290);
#127920=OVER_RIDING_STYLED_ITEM('',(#63850),#63780,#127290);
#127930=OVER_RIDING_STYLED_ITEM('',(#64160),#64090,#127290);
#127940=OVER_RIDING_STYLED_ITEM('',(#64470),#64400,#127290);
#127950=OVER_RIDING_STYLED_ITEM('',(#64870),#64800,#127290);
#127960=OVER_RIDING_STYLED_ITEM('',(#65110),#65040,#127290);
#127970=OVER_RIDING_STYLED_ITEM('',(#65490),#65420,#127290);
#127980=OVER_RIDING_STYLED_ITEM('',(#65800),#65730,#127290);
#127990=OVER_RIDING_STYLED_ITEM('',(#66160),#66090,#127290);
#128000=OVER_RIDING_STYLED_ITEM('',(#66350),#66280,#127290);
#128010=OVER_RIDING_STYLED_ITEM('',(#66590),#66520,#127290);
#128020=OVER_RIDING_STYLED_ITEM('',(#66780),#66710,#127290);
#128030=OVER_RIDING_STYLED_ITEM('',(#85010),#84940,#127290);
#128040=OVER_RIDING_STYLED_ITEM('',(#87130),#87060,#127290);
#128050=OVER_RIDING_STYLED_ITEM('',(#89750),#89680,#127290);
#128060=OVER_RIDING_STYLED_ITEM('',(#90260),#90190,#127290);
#128070=OVER_RIDING_STYLED_ITEM('',(#90570),#90500,#127290);
#128080=OVER_RIDING_STYLED_ITEM('',(#90880),#90810,#127290);
#128090=OVER_RIDING_STYLED_ITEM('',(#91190),#91120,#127290);
#128100=OVER_RIDING_STYLED_ITEM('',(#91500),#91430,#127290);
#128110=OVER_RIDING_STYLED_ITEM('',(#91810),#91740,#127290);
#128120=OVER_RIDING_STYLED_ITEM('',(#92450),#92380,#127290);
#128130=OVER_RIDING_STYLED_ITEM('',(#92640),#92570,#127290);
#128140=OVER_RIDING_STYLED_ITEM('',(#97020),#96950,#127290);
#128150=OVER_RIDING_STYLED_ITEM('',(#97330),#97260,#127290);
#128160=OVER_RIDING_STYLED_ITEM('',(#97640),#97570,#127290);
#128170=OVER_RIDING_STYLED_ITEM('',(#98020),#97950,#127290);
#128180=OVER_RIDING_STYLED_ITEM('',(#98330),#98260,#127290);
#128190=OVER_RIDING_STYLED_ITEM('',(#98640),#98570,#127290);
#128200=OVER_RIDING_STYLED_ITEM('',(#98930),#98860,#127290);
#128210=OVER_RIDING_STYLED_ITEM('',(#99120),#99050,#127290);
#128220=OVER_RIDING_STYLED_ITEM('',(#99310),#99240,#127290);
#128230=OVER_RIDING_STYLED_ITEM('',(#103050),#102980,#127290);
#128240=OVER_RIDING_STYLED_ITEM('',(#103360),#103290,#127290);
#128250=OVER_RIDING_STYLED_ITEM('',(#103670),#103600,#127290);
#128260=OVER_RIDING_STYLED_ITEM('',(#103910),#103840,#127290);
#128270=OVER_RIDING_STYLED_ITEM('',(#104290),#104220,#127290);
#128280=OVER_RIDING_STYLED_ITEM('',(#104670),#104600,#127290);
#128290=OVER_RIDING_STYLED_ITEM('',(#104960),#104890,#127290);
#128300=OVER_RIDING_STYLED_ITEM('',(#105150),#105080,#127290);
#128310=OVER_RIDING_STYLED_ITEM('',(#105340),#105270,#127290);
#128320=OVER_RIDING_STYLED_ITEM('',(#110220),#110150,#127290);
#128330=OVER_RIDING_STYLED_ITEM('',(#110530),#110460,#127290);
#128340=OVER_RIDING_STYLED_ITEM('',(#110840),#110770,#127290);
#128350=OVER_RIDING_STYLED_ITEM('',(#111080),#111010,#127290);
#128360=OVER_RIDING_STYLED_ITEM('',(#111460),#111390,#127290);
#128370=OVER_RIDING_STYLED_ITEM('',(#111840),#111770,#127290);
#128380=OVER_RIDING_STYLED_ITEM('',(#112130),#112060,#127290);
#128390=OVER_RIDING_STYLED_ITEM('',(#112320),#112250,#127290);
#128400=OVER_RIDING_STYLED_ITEM('',(#112510),#112440,#127290);
#128410=OVER_RIDING_STYLED_ITEM('',(#117390),#117320,#127290);
#128420=OVER_RIDING_STYLED_ITEM('',(#117700),#117630,#127290);
#128430=OVER_RIDING_STYLED_ITEM('',(#118010),#117940,#127290);
#128440=OVER_RIDING_STYLED_ITEM('',(#118250),#118180,#127290);
#128450=OVER_RIDING_STYLED_ITEM('',(#118630),#118560,#127290);
#128460=OVER_RIDING_STYLED_ITEM('',(#119010),#118940,#127290);
#128470=OVER_RIDING_STYLED_ITEM('',(#119300),#119230,#127290);
#128480=OVER_RIDING_STYLED_ITEM('',(#119490),#119420,#127290);
#128490=OVER_RIDING_STYLED_ITEM('',(#119680),#119610,#127290);
#128500=OVER_RIDING_STYLED_ITEM('',(#122550),#122480,#127290);
#128510=OVER_RIDING_STYLED_ITEM('',(#122760),#122690,#127290);
#128520=OVER_RIDING_STYLED_ITEM('',(#122950),#122880,#127290);
#128530=OVER_RIDING_STYLED_ITEM('',(#123260),#123190,#127290);
#128540=OVER_RIDING_STYLED_ITEM('',(#124400),#124330,#127290);
#128550=OVER_RIDING_STYLED_ITEM('',(#124610),#124540,#127290);
#128560=OVER_RIDING_STYLED_ITEM('',(#124900),#124830,#127290);
#128570=OVER_RIDING_STYLED_ITEM('',(#125140),#125070,#127290);
#128580=OVER_RIDING_STYLED_ITEM('',(#125380),#125310,#127290);
#128590=OVER_RIDING_STYLED_ITEM('',(#125690),#125620,#127290);
#128600=OVER_RIDING_STYLED_ITEM('',(#125940),#125870,#127290);
#128610=OVER_RIDING_STYLED_ITEM('',(#126270),#126200,#127290);
#128620=OVER_RIDING_STYLED_ITEM('',(#126510),#126440,#127290);
#128630=DRAUGHTING_MODEL('',(#127290,#127300,#127310,#127320,#127330,
#127340,#127350,#127360,#127370,#127380,#127390,#127400,#127410,#127420,
#127430,#127440,#127450,#127460,#127470,#127480,#127490,#127500,#127510,
#127520,#127530,#127540,#127550,#127560,#127570,#127580,#127590,#127600,
#127610,#127620,#127630,#127640,#127650,#127660,#127670,#127680,#127690,
#127700,#127710,#127720,#127730,#127740,#127750,#127760,#127770,#127780,
#127790,#127800,#127810,#127820,#127830,#127840,#127850,#127860,#127870,
#127880,#127890,#127900,#127910,#127920,#127930,#127940,#127950,#127960,
#127970,#127980,#127990,#128000,#128010,#128020,#128030,#128040,#128050,
#128060,#128070,#128080,#128090,#128100,#128110,#128120,#128130,#128140,
#128150,#128160,#128170,#128180,#128190,#128200,#128210,#128220,#128230,
#128240,#128250,#128260,#128270,#128280,#128290,#128300,#128310,#128320,
#128330,#128340,#128350,#128360,#128370,#128380,#128390,#128400,#128410,
#128420,#128430,#128440,#128450,#128460,#128470,#128480,#128490,#128500,
#128510,#128520,#128530,#128540,#128550,#128560,#128570,#128580,#128590,
#128600,#128610,#128620),#127180);
#128640=CARTESIAN_POINT('',(-34.6032861188315,24.8836462030947,
-40.6002563333339));
#128650=DIRECTION('',(-1.,1.44328993201268E-14,2.22044604924634E-16));
#128660=DIRECTION('',(-1.44328993201268E-14,-1.,1.4210854715202E-14));
#128670=AXIS2_PLACEMENT_3D('',#128640,#128650,#128660);
#128680=ITEM_DEFINED_TRANSFORMATION('MC_0.5_5-G-2.54.1','',#127020,
#128670);
#128690=CARTESIAN_POINT('',(22.4336462030947,40.6002563333335,
-38.9339765318755));
#128700=DIRECTION('',(1.4210854715202E-14,-1.,0.));
#128710=DIRECTION('',(0.,0.,-1.));
#128720=AXIS2_PLACEMENT_3D('',#128690,#128700,#128710);
#128730=PLANE('',#128720);
#128740=CARTESIAN_POINT('',(29.8169795364281,40.6002563333336,
-41.5232861188319));
#128750=DIRECTION('',(-1.,-1.4210854715202E-14,0.));
#128760=VECTOR('',#128750,1.);
#128770=LINE('',#128740,#128760);
#128780=CARTESIAN_POINT('',(20.9636462030947,40.6002563333335,
-41.5232861188319));
#128790=VERTEX_POINT('',#128780);
#128800=CARTESIAN_POINT('',(20.3236462030947,40.6002563333335,
-41.5232861188319));
#128810=VERTEX_POINT('',#128800);
#128820=EDGE_CURVE('',#128790,#128810,#128770,.T.);
#128830=ORIENTED_EDGE('',*,*,#128820,.F.);
#128840=CARTESIAN_POINT('',(20.3236462030947,40.6002563333335,
-37.3932861188318));
#128850=DIRECTION('',(0.,0.,1.));
#128860=VECTOR('',#128850,1.);
#128870=LINE('',#128840,#128860);
#128880=CARTESIAN_POINT('',(20.3236462030947,40.6002563333335,
-40.8832861188319));
#128890=VERTEX_POINT('',#128880);
#128900=EDGE_CURVE('',#128810,#128890,#128870,.T.);
#128910=ORIENTED_EDGE('',*,*,#128900,.F.);
#128920=CARTESIAN_POINT('',(29.8169795364281,40.6002563333336,
-40.8832861188319));
#128930=DIRECTION('',(1.,1.4210854715202E-14,0.));
#128940=VECTOR('',#128930,1.);
#128950=LINE('',#128920,#128940);
#128960=CARTESIAN_POINT('',(20.9636462030947,40.6002563333335,
-40.8832861188319));
#128970=VERTEX_POINT('',#128960);
#128980=EDGE_CURVE('',#128890,#128970,#128950,.T.);
#128990=ORIENTED_EDGE('',*,*,#128980,.F.);
#129000=CARTESIAN_POINT('',(20.9636462030947,40.6002563333335,
-37.3932861188318));
#129010=DIRECTION('',(0.,0.,-1.));
#129020=VECTOR('',#129010,1.);
#129030=LINE('',#129000,#129020);
#129040=EDGE_CURVE('',#128970,#128790,#129030,.T.);
#129050=ORIENTED_EDGE('',*,*,#129040,.F.);
#129060=EDGE_LOOP('',(#129050,#128990,#128910,#128830));
#129070=FACE_BOUND('',#129060,.T.);
#129080=CARTESIAN_POINT('',(20.6436462030947,40.6002563333335,
-41.2032861188319));
#129090=DIRECTION('',(1.4210854715202E-14,-1.,0.));
#129100=DIRECTION('',(0.,0.,-1.));
#129110=AXIS2_PLACEMENT_3D('',#129080,#129090,#129100);
#129120=CIRCLE('',#129110,0.6);
#129130=CARTESIAN_POINT('',(20.6436462030947,40.6002563333335,
-40.6032861188319));
#129140=VERTEX_POINT('',#129130);
#129150=CARTESIAN_POINT('',(20.6436462030947,40.6002563333335,
-41.8032861188319));
#129160=VERTEX_POINT('',#129150);
#129170=EDGE_CURVE('',#129140,#129160,#129120,.T.);
#129180=ORIENTED_EDGE('',*,*,#129170,.F.);
#129190=EDGE_CURVE('',#129160,#129140,#129120,.T.);
#129200=ORIENTED_EDGE('',*,*,#129190,.F.);
#129210=EDGE_LOOP('',(#129200,#129180));
#129220=FACE_OUTER_BOUND('',#129210,.T.);
#129230=ADVANCED_FACE('',(#129070,#129220),#128730,.F.);
#129240=COLOUR_RGB('',0.639215707778931,0.0901960805058479,
0.10196079313755);
#129250=FILL_AREA_STYLE_COLOUR('',#129240);
#129260=FILL_AREA_STYLE('',(#129250));
#129270=SURFACE_STYLE_FILL_AREA(#129260);
#129280=SURFACE_SIDE_STYLE('',(#129270));
#129290=SURFACE_STYLE_USAGE(.BOTH.,#129280);
#129300=PRESENTATION_STYLE_ASSIGNMENT((#129290));
#129310=CARTESIAN_POINT('',(20.3236462030948,37.9152539333334,
-40.8832861188319));
#129320=DIRECTION('',(0.,0.,-1.));
#129330=DIRECTION('',(1.,1.4210854715202E-14,0.));
#129340=AXIS2_PLACEMENT_3D('',#129310,#129320,#129330);
#129350=PLANE('',#129340);
#129360=CARTESIAN_POINT('',(20.9636462030947,37.9152539333334,
-40.8832861188319));
#129370=DIRECTION('',(-1.4210854715202E-14,1.,0.));
#129380=VECTOR('',#129370,1.);
#129390=LINE('',#129360,#129380);
#129400=CARTESIAN_POINT('',(20.9636462030947,40.1002563333335,
-40.8832861188319));
#129410=VERTEX_POINT('',#129400);
#129420=EDGE_CURVE('',#129410,#128970,#129390,.T.);
#129430=ORIENTED_EDGE('',*,*,#129420,.F.);
#129440=ORIENTED_EDGE('',*,*,#128980,.T.);
#129450=CARTESIAN_POINT('',(20.3236462030948,37.9152539333334,
-40.8832861188319));
#129460=DIRECTION('',(-1.4210854715202E-14,1.,0.));
#129470=VECTOR('',#129460,1.);
#129480=LINE('',#129450,#129470);
#129490=CARTESIAN_POINT('',(20.3236462030947,40.1002563333335,
-40.8832861188319));
#129500=VERTEX_POINT('',#129490);
#129510=EDGE_CURVE('',#129500,#128890,#129480,.T.);
#129520=ORIENTED_EDGE('',*,*,#129510,.T.);
#129530=CARTESIAN_POINT('',(29.8169795364281,40.1002563333336,
-40.8832861188319));
#129540=DIRECTION('',(1.,1.4210854715202E-14,0.));
#129550=VECTOR('',#129540,1.);
#129560=LINE('',#129530,#129550);
#129570=EDGE_CURVE('',#129500,#129410,#129560,.T.);
#129580=ORIENTED_EDGE('',*,*,#129570,.F.);
#129590=EDGE_LOOP('',(#129580,#129520,#129440,#129430));
#129600=FACE_OUTER_BOUND('',#129590,.T.);
#129610=ADVANCED_FACE('',(#129600),#129350,.T.);
#129620=CARTESIAN_POINT('',(22.4336462030947,40.1002563333335,
-38.9339765318755));
#129630=DIRECTION('',(1.4210854715202E-14,-1.,0.));
#129640=DIRECTION('',(0.,0.,-1.));
#129650=AXIS2_PLACEMENT_3D('',#129620,#129630,#129640);
#129660=PLANE('',#129650);
#129670=CARTESIAN_POINT('',(20.6436462030947,40.1002563333335,
-41.2032861188319));
#129680=DIRECTION('',(1.4210854715202E-14,-1.,0.));
#129690=DIRECTION('',(0.,0.,-1.));
#129700=AXIS2_PLACEMENT_3D('',#129670,#129680,#129690);
#129710=CIRCLE('',#129700,0.6);
#129720=CARTESIAN_POINT('',(20.6436462030947,40.1002563333335,
-41.8032861188319));
#129730=VERTEX_POINT('',#129720);
#129740=CARTESIAN_POINT('',(20.6436462030947,40.1002563333335,
-40.6032861188319));
#129750=VERTEX_POINT('',#129740);
#129760=EDGE_CURVE('',#129730,#129750,#129710,.T.);
#129770=ORIENTED_EDGE('',*,*,#129760,.T.);
#129780=EDGE_CURVE('',#129750,#129730,#129710,.T.);
#129790=ORIENTED_EDGE('',*,*,#129780,.T.);
#129800=EDGE_LOOP('',(#129790,#129770));
#129810=FACE_OUTER_BOUND('',#129800,.T.);
#129820=CARTESIAN_POINT('',(29.8169795364281,40.1002563333336,
-41.5232861188319));
#129830=DIRECTION('',(-1.,-1.4210854715202E-14,0.));
#129840=VECTOR('',#129830,1.);
#129850=LINE('',#129820,#129840);
#129860=CARTESIAN_POINT('',(20.9636462030947,40.1002563333335,
-41.5232861188319));
#129870=VERTEX_POINT('',#129860);
#129880=CARTESIAN_POINT('',(20.3236462030948,40.1002563333335,
-41.5232861188319));
#129890=VERTEX_POINT('',#129880);
#129900=EDGE_CURVE('',#129870,#129890,#129850,.T.);
#129910=ORIENTED_EDGE('',*,*,#129900,.T.);
#129920=CARTESIAN_POINT('',(20.9636462030947,40.1002563333335,
-37.3932861188318));
#129930=DIRECTION('',(0.,0.,-1.));
#129940=VECTOR('',#129930,1.);
#129950=LINE('',#129920,#129940);
#129960=EDGE_CURVE('',#129410,#129870,#129950,.T.);
#129970=ORIENTED_EDGE('',*,*,#129960,.T.);
#129980=ORIENTED_EDGE('',*,*,#129570,.T.);
#129990=CARTESIAN_POINT('',(20.3236462030948,40.1002563333335,
-37.3932861188318));
#130000=DIRECTION('',(0.,0.,1.));
#130010=VECTOR('',#130000,1.);
#130020=LINE('',#129990,#130010);
#130030=EDGE_CURVE('',#129890,#129500,#130020,.T.);
#130040=ORIENTED_EDGE('',*,*,#130030,.T.);
#130050=EDGE_LOOP('',(#130040,#129980,#129970,#129910));
#130060=FACE_BOUND('',#130050,.T.);
#130070=ADVANCED_FACE('',(#129810,#130060),#129660,.T.);
#130080=COLOUR_RGB('',0.639215707778931,0.0901960805058479,
0.10196079313755);
#130090=FILL_AREA_STYLE_COLOUR('',#130080);
#130100=FILL_AREA_STYLE('',(#130090));
#130110=SURFACE_STYLE_FILL_AREA(#130100);
#130120=SURFACE_SIDE_STYLE('',(#130110));
#130130=SURFACE_STYLE_USAGE(.BOTH.,#130120);
#130140=PRESENTATION_STYLE_ASSIGNMENT((#130130));
#130150=CARTESIAN_POINT('',(20.6436462030947,40.6002563333335,
-41.2032861188319));
#130160=DIRECTION('',(1.4210854715202E-14,-1.,0.));
#130170=DIRECTION('',(0.,0.,-1.));
#130180=AXIS2_PLACEMENT_3D('',#130150,#130160,#130170);
#130190=CYLINDRICAL_SURFACE('',#130180,0.6);
#130200=CARTESIAN_POINT('',(20.6436462030947,40.6002563333335,
-41.8032861188319));
#130210=DIRECTION('',(1.4210854715202E-14,-1.,0.));
#130220=VECTOR('',#130210,1.);
#130230=LINE('',#130200,#130220);
#130240=EDGE_CURVE('',#129160,#129730,#130230,.T.);
#130250=ORIENTED_EDGE('',*,*,#130240,.T.);
#130260=ORIENTED_EDGE('',*,*,#129170,.T.);
#130270=CARTESIAN_POINT('',(20.6436462030947,40.6002563333335,
-40.6032861188319));
#130280=DIRECTION('',(1.4210854715202E-14,-1.,0.));
#130290=VECTOR('',#130280,1.);
#130300=LINE('',#130270,#130290);
#130310=EDGE_CURVE('',#129140,#129750,#130300,.T.);
#130320=ORIENTED_EDGE('',*,*,#130310,.F.);
#130330=ORIENTED_EDGE('',*,*,#129780,.F.);
#130340=EDGE_LOOP('',(#130330,#130320,#130260,#130250));
#130350=FACE_OUTER_BOUND('',#130340,.T.);
#130360=ADVANCED_FACE('',(#130350),#130190,.T.);
#130370=COLOUR_RGB('',0.639215707778931,0.0901960805058479,
0.10196079313755);
#130380=FILL_AREA_STYLE_COLOUR('',#130370);
#130390=FILL_AREA_STYLE('',(#130380));
#130400=SURFACE_STYLE_FILL_AREA(#130390);
#130410=SURFACE_SIDE_STYLE('',(#130400));
#130420=SURFACE_STYLE_USAGE(.BOTH.,#130410);
#130430=PRESENTATION_STYLE_ASSIGNMENT((#130420));
#130440=CARTESIAN_POINT('',(20.9636462030947,37.9152539333334,
-41.5232861188319));
#130450=DIRECTION('',(0.,0.,1.));
#130460=DIRECTION('',(-1.,-1.4210854715202E-14,0.));
#130470=AXIS2_PLACEMENT_3D('',#130440,#130450,#130460);
#130480=PLANE('',#130470);
#130490=CARTESIAN_POINT('',(20.3236462030948,37.9152539333334,
-41.5232861188319));
#130500=DIRECTION('',(-1.4210854715202E-14,1.,0.));
#130510=VECTOR('',#130500,1.);
#130520=LINE('',#130490,#130510);
#130530=EDGE_CURVE('',#129890,#128810,#130520,.T.);
#130540=ORIENTED_EDGE('',*,*,#130530,.F.);
#130550=ORIENTED_EDGE('',*,*,#128820,.T.);
#130560=CARTESIAN_POINT('',(20.9636462030947,37.9152539333334,
-41.5232861188319));
#130570=DIRECTION('',(-1.4210854715202E-14,1.,0.));
#130580=VECTOR('',#130570,1.);
#130590=LINE('',#130560,#130580);
#130600=EDGE_CURVE('',#129870,#128790,#130590,.T.);
#130610=ORIENTED_EDGE('',*,*,#130600,.T.);
#130620=ORIENTED_EDGE('',*,*,#129900,.F.);
#130630=EDGE_LOOP('',(#130620,#130610,#130550,#130540));
#130640=FACE_OUTER_BOUND('',#130630,.T.);
#130650=ADVANCED_FACE('',(#130640),#130480,.T.);
#130660=CARTESIAN_POINT('',(20.9636462030947,37.9152539333334,
-40.8832861188319));
#130670=DIRECTION('',(-1.,-1.4210854715202E-14,-0.));
#130680=DIRECTION('',(0.,0.,-1.));
#130690=AXIS2_PLACEMENT_3D('',#130660,#130670,#130680);
#130700=PLANE('',#130690);
#130710=ORIENTED_EDGE('',*,*,#129420,.T.);
#130720=ORIENTED_EDGE('',*,*,#129960,.F.);
#130730=ORIENTED_EDGE('',*,*,#130600,.F.);
#130740=ORIENTED_EDGE('',*,*,#129040,.T.);
#130750=EDGE_LOOP('',(#130740,#130730,#130720,#130710));
#130760=FACE_OUTER_BOUND('',#130750,.T.);
#130770=ADVANCED_FACE('',(#130760),#130700,.T.);
#130780=CARTESIAN_POINT('',(20.3236462030948,37.9152539333334,
-41.5232861188319));
#130790=DIRECTION('',(1.,1.4210854715202E-14,-0.));
#130800=DIRECTION('',(0.,0.,1.));
#130810=AXIS2_PLACEMENT_3D('',#130780,#130790,#130800);
#130820=PLANE('',#130810);
#130830=ORIENTED_EDGE('',*,*,#129510,.F.);
#130840=ORIENTED_EDGE('',*,*,#128900,.T.);
#130850=ORIENTED_EDGE('',*,*,#130530,.T.);
#130860=ORIENTED_EDGE('',*,*,#130030,.F.);
#130870=EDGE_LOOP('',(#130860,#130850,#130840,#130830));
#130880=FACE_OUTER_BOUND('',#130870,.T.);
#130890=ADVANCED_FACE('',(#130880),#130820,.T.);
#130900=CARTESIAN_POINT('',(20.6436462030947,40.6002563333335,
-41.2032861188319));
#130910=DIRECTION('',(1.4210854715202E-14,-1.,0.));
#130920=DIRECTION('',(0.,0.,-1.));
#130930=AXIS2_PLACEMENT_3D('',#130900,#130910,#130920);
#130940=CYLINDRICAL_SURFACE('',#130930,0.6);
#130950=ORIENTED_EDGE('',*,*,#130240,.F.);
#130960=ORIENTED_EDGE('',*,*,#129760,.F.);
#130970=ORIENTED_EDGE('',*,*,#130310,.T.);
#130980=ORIENTED_EDGE('',*,*,#129190,.T.);
#130990=EDGE_LOOP('',(#130980,#130970,#130960,#130950));
#131000=FACE_OUTER_BOUND('',#130990,.T.);
#131010=ADVANCED_FACE('',(#131000),#130940,.T.);
#131020=COLOUR_RGB('',0.639215707778931,0.0901960805058479,
0.10196079313755);
#131030=FILL_AREA_STYLE_COLOUR('',#131020);
#131040=FILL_AREA_STYLE('',(#131030));
#131050=SURFACE_STYLE_FILL_AREA(#131040);
#131060=SURFACE_SIDE_STYLE('',(#131050));
#131070=SURFACE_STYLE_USAGE(.BOTH.,#131060);
#131080=PRESENTATION_STYLE_ASSIGNMENT((#131070));
#131090=CLOSED_SHELL('',(#129230,#129610,#130070,#130360,#130650,#130770
,#130890,#131010));
#131100=MANIFOLD_SOLID_BREP('',#131090);
#131110=APPLICATION_CONTEXT(' ');
#131120=APPLICATION_PROTOCOL_DEFINITION(' ','automotive_design',1998,
#131110);
#131130=PRODUCT_CONTEXT('',#131110,'mechanical');
#131140=PRODUCT_DEFINITION_CONTEXT('part definition',#131110,'design');
#131150=PRODUCT('Bohrdurchmesser','Bohrdurchmesser','',(#131130));
#131160=PRODUCT_RELATED_PRODUCT_CATEGORY('part',' ',(#131150));
#131170=PRODUCT_DEFINITION_FORMATION_WITH_SPECIFIED_SOURCE('','',#131150
,.BOUGHT.);
#131180=PRODUCT_DEFINITION('',' ',#131170,#131140);
#131190=PRODUCT_DEFINITION_SHAPE('','',#131180);
#131200=DIMENSIONAL_EXPONENTS(1.,0.,0.,0.,0.,0.,0.);
#131210=DIMENSIONAL_EXPONENTS(0.,0.,0.,0.,0.,0.,0.);
#131220=DIMENSIONAL_EXPONENTS(0.,0.,0.,0.,0.,0.,0.);
#131230=(LENGTH_UNIT() NAMED_UNIT(*) SI_UNIT(.MILLI.,.METRE.));
#131240=(NAMED_UNIT(*) PLANE_ANGLE_UNIT() SI_UNIT($,.RADIAN.));
#131250=(NAMED_UNIT(*) SI_UNIT($,.STERADIAN.) SOLID_ANGLE_UNIT());
#131260=(GEOMETRIC_REPRESENTATION_CONTEXT(3) 
GLOBAL_UNCERTAINTY_ASSIGNED_CONTEXT((#131270)) 
GLOBAL_UNIT_ASSIGNED_CONTEXT((#131230,#131240,#131250)) 
REPRESENTATION_CONTEXT('',''));
#131270=UNCERTAINTY_MEASURE_WITH_UNIT(LENGTH_MEASURE(1.E-6),#131230,
'distance_accuracy_value','maximum gap value');
#131280=ADVANCED_BREP_SHAPE_REPRESENTATION('',(#127020,#131100),#131260)
;
#131290=SHAPE_DEFINITION_REPRESENTATION(#131190,#131280);
#131300=COLOUR_RGB('',0.34901961684227,0.34901961684227,0.34901961684227
);
#131310=FILL_AREA_STYLE_COLOUR('',#131300);
#131320=FILL_AREA_STYLE('',(#131310));
#131330=SURFACE_STYLE_FILL_AREA(#131320);
#131340=SURFACE_SIDE_STYLE('',(#131330));
#131350=SURFACE_STYLE_USAGE(.BOTH.,#131340);
#131360=PRESENTATION_STYLE_ASSIGNMENT((#131350));
#131370=STYLED_ITEM('',(#131360),#131100);
#131380=OVER_RIDING_STYLED_ITEM('',(#129300),#129230,#131370);
#131390=OVER_RIDING_STYLED_ITEM('',(#130140),#130070,#131370);
#131400=OVER_RIDING_STYLED_ITEM('',(#130430),#130360,#131370);
#131410=OVER_RIDING_STYLED_ITEM('',(#131080),#131010,#131370);
#131420=DRAUGHTING_MODEL('',(#131370,#131380,#131390,#131400,#131410),
#131260);
#131430=CARTESIAN_POINT('',(40.6002713333332,-26.8536462030956,
17.6582641188322));
#131440=DIRECTION('',(3.15544362088405E-30,1.4210854715202E-14,1.));
#131450=DIRECTION('',(1.4210854715202E-14,1.,-1.4210854715202E-14));
#131460=AXIS2_PLACEMENT_3D('',#131430,#131440,#131450);
#131470=ITEM_DEFINED_TRANSFORMATION('Bohrdurchmesser','',#127020,#131460
);
#131480=CARTESIAN_POINT('',(20.6436462030947,40.6002563333335,
-33.5832861188319));
#131490=DIRECTION('',(1.4210854715202E-14,-1.,0.));
#131500=DIRECTION('',(0.,0.,-1.));
#131510=AXIS2_PLACEMENT_3D('',#131480,#131490,#131500);
#131520=CYLINDRICAL_SURFACE('',#131510,0.6);
#131530=CARTESIAN_POINT('',(20.6436462030947,40.6002563333335,
-32.9832861188319));
#131540=DIRECTION('',(1.4210854715202E-14,-1.,0.));
#131550=VECTOR('',#131540,1.);
#131560=LINE('',#131530,#131550);
#131570=CARTESIAN_POINT('',(20.6436462030947,40.6002563333335,
-32.9832861188319));
#131580=VERTEX_POINT('',#131570);
#131590=CARTESIAN_POINT('',(20.6436462030947,40.1002563333335,
-32.9832861188319));
#131600=VERTEX_POINT('',#131590);
#131610=EDGE_CURVE('',#131580,#131600,#131560,.T.);
#131620=ORIENTED_EDGE('',*,*,#131610,.T.);
#131630=CARTESIAN_POINT('',(20.6436462030947,40.6002563333335,
-33.5832861188319));
#131640=DIRECTION('',(1.4210854715202E-14,-1.,0.));
#131650=DIRECTION('',(0.,0.,-1.));
#131660=AXIS2_PLACEMENT_3D('',#131630,#131640,#131650);
#131670=CIRCLE('',#131660,0.6);
#131680=CARTESIAN_POINT('',(20.6436462030947,40.6002563333335,
-34.1832861188319));
#131690=VERTEX_POINT('',#131680);
#131700=EDGE_CURVE('',#131690,#131580,#131670,.T.);
#131710=ORIENTED_EDGE('',*,*,#131700,.T.);
#131720=CARTESIAN_POINT('',(20.6436462030947,40.6002563333335,
-34.1832861188319));
#131730=DIRECTION('',(1.4210854715202E-14,-1.,0.));
#131740=VECTOR('',#131730,1.);
#131750=LINE('',#131720,#131740);
#131760=CARTESIAN_POINT('',(20.6436462030947,40.1002563333335,
-34.1832861188319));
#131770=VERTEX_POINT('',#131760);
#131780=EDGE_CURVE('',#131690,#131770,#131750,.T.);
#131790=ORIENTED_EDGE('',*,*,#131780,.F.);
#131800=CARTESIAN_POINT('',(20.6436462030947,40.1002563333335,
-33.5832861188319));
#131810=DIRECTION('',(1.4210854715202E-14,-1.,0.));
#131820=DIRECTION('',(0.,0.,-1.));
#131830=AXIS2_PLACEMENT_3D('',#131800,#131810,#131820);
#131840=CIRCLE('',#131830,0.6);
#131850=EDGE_CURVE('',#131770,#131600,#131840,.T.);
#131860=ORIENTED_EDGE('',*,*,#131850,.F.);
#131870=EDGE_LOOP('',(#131860,#131790,#131710,#131620));
#131880=FACE_OUTER_BOUND('',#131870,.T.);
#131890=ADVANCED_FACE('',(#131880),#131520,.T.);
#131900=COLOUR_RGB('',0.639215707778931,0.0901960805058479,
0.10196079313755);
#131910=FILL_AREA_STYLE_COLOUR('',#131900);
#131920=FILL_AREA_STYLE('',(#131910));
#131930=SURFACE_STYLE_FILL_AREA(#131920);
#131940=SURFACE_SIDE_STYLE('',(#131930));
#131950=SURFACE_STYLE_USAGE(.BOTH.,#131940);
#131960=PRESENTATION_STYLE_ASSIGNMENT((#131950));
#131970=CARTESIAN_POINT('',(22.4336462030947,40.1002563333335,
-38.9339765318755));
#131980=DIRECTION('',(1.4210854715202E-14,-1.,0.));
#131990=DIRECTION('',(0.,0.,-1.));
#132000=AXIS2_PLACEMENT_3D('',#131970,#131980,#131990);
#132010=PLANE('',#132000);
#132020=EDGE_CURVE('',#131600,#131770,#131840,.T.);
#132030=ORIENTED_EDGE('',*,*,#132020,.T.);
#132040=ORIENTED_EDGE('',*,*,#131850,.T.);
#132050=EDGE_LOOP('',(#132040,#132030));
#132060=FACE_OUTER_BOUND('',#132050,.T.);
#132070=CARTESIAN_POINT('',(29.8169795364281,40.1002563333336,
-33.9032861188319));
#132080=DIRECTION('',(-1.,-1.4210854715202E-14,0.));
#132090=VECTOR('',#132080,1.);
#132100=LINE('',#132070,#132090);
#132110=CARTESIAN_POINT('',(20.9636462030947,40.1002563333335,
-33.9032861188319));
#132120=VERTEX_POINT('',#132110);
#132130=CARTESIAN_POINT('',(20.3236462030947,40.1002563333335,
-33.9032861188319));
#132140=VERTEX_POINT('',#132130);
#132150=EDGE_CURVE('',#132120,#132140,#132100,.T.);
#132160=ORIENTED_EDGE('',*,*,#132150,.T.);
#132170=CARTESIAN_POINT('',(20.9636462030947,40.1002563333335,
-37.3932861188318));
#132180=DIRECTION('',(0.,0.,-1.));
#132190=VECTOR('',#132180,1.);
#132200=LINE('',#132170,#132190);
#132210=CARTESIAN_POINT('',(20.9636462030947,40.1002563333335,
-33.2632861188319));
#132220=VERTEX_POINT('',#132210);
#132230=EDGE_CURVE('',#132220,#132120,#132200,.T.);
#132240=ORIENTED_EDGE('',*,*,#132230,.T.);
#132250=CARTESIAN_POINT('',(29.8169795364281,40.1002563333336,
-33.2632861188319));
#132260=DIRECTION('',(1.,1.4210854715202E-14,0.));
#132270=VECTOR('',#132260,1.);
#132280=LINE('',#132250,#132270);
#132290=CARTESIAN_POINT('',(20.3236462030947,40.1002563333335,
-33.2632861188319));
#132300=VERTEX_POINT('',#132290);
#132310=EDGE_CURVE('',#132300,#132220,#132280,.T.);
#132320=ORIENTED_EDGE('',*,*,#132310,.T.);
#132330=CARTESIAN_POINT('',(20.3236462030947,40.1002563333335,
-37.3932861188318));
#132340=DIRECTION('',(0.,0.,1.));
#132350=VECTOR('',#132340,1.);
#132360=LINE('',#132330,#132350);
#132370=EDGE_CURVE('',#132140,#132300,#132360,.T.);
#132380=ORIENTED_EDGE('',*,*,#132370,.T.);
#132390=EDGE_LOOP('',(#132380,#132320,#132240,#132160));
#132400=FACE_BOUND('',#132390,.T.);
#132410=ADVANCED_FACE('',(#132060,#132400),#132010,.T.);
#132420=COLOUR_RGB('',0.639215707778931,0.0901960805058479,
0.10196079313755);
#132430=FILL_AREA_STYLE_COLOUR('',#132420);
#132440=FILL_AREA_STYLE('',(#132430));
#132450=SURFACE_STYLE_FILL_AREA(#132440);
#132460=SURFACE_SIDE_STYLE('',(#132450));
#132470=SURFACE_STYLE_USAGE(.BOTH.,#132460);
#132480=PRESENTATION_STYLE_ASSIGNMENT((#132470));
#132490=CARTESIAN_POINT('',(20.9636462030947,37.9152539333334,
-33.9032861188319));
#132500=DIRECTION('',(0.,0.,1.));
#132510=DIRECTION('',(-1.,-1.4210854715202E-14,0.));
#132520=AXIS2_PLACEMENT_3D('',#132490,#132500,#132510);
#132530=PLANE('',#132520);
#132540=CARTESIAN_POINT('',(20.3236462030948,37.9152539333334,
-33.9032861188319));
#132550=DIRECTION('',(-1.4210854715202E-14,1.,0.));
#132560=VECTOR('',#132550,1.);
#132570=LINE('',#132540,#132560);
#132580=CARTESIAN_POINT('',(20.3236462030947,40.6002563333335,
-33.9032861188319));
#132590=VERTEX_POINT('',#132580);
#132600=EDGE_CURVE('',#132140,#132590,#132570,.T.);
#132610=ORIENTED_EDGE('',*,*,#132600,.F.);
#132620=CARTESIAN_POINT('',(29.8169795364281,40.6002563333336,
-33.9032861188319));
#132630=DIRECTION('',(-1.,-1.4210854715202E-14,0.));
#132640=VECTOR('',#132630,1.);
#132650=LINE('',#132620,#132640);
#132660=CARTESIAN_POINT('',(20.9636462030947,40.6002563333335,
-33.9032861188319));
#132670=VERTEX_POINT('',#132660);
#132680=EDGE_CURVE('',#132670,#132590,#132650,.T.);
#132690=ORIENTED_EDGE('',*,*,#132680,.T.);
#132700=CARTESIAN_POINT('',(20.9636462030947,37.9152539333334,
-33.9032861188319));
#132710=DIRECTION('',(-1.4210854715202E-14,1.,0.));
#132720=VECTOR('',#132710,1.);
#132730=LINE('',#132700,#132720);
#132740=EDGE_CURVE('',#132120,#132670,#132730,.T.);
#132750=ORIENTED_EDGE('',*,*,#132740,.T.);
#132760=ORIENTED_EDGE('',*,*,#132150,.F.);
#132770=EDGE_LOOP('',(#132760,#132750,#132690,#132610));
#132780=FACE_OUTER_BOUND('',#132770,.T.);
#132790=ADVANCED_FACE('',(#132780),#132530,.T.);
#132800=CARTESIAN_POINT('',(22.4336462030947,40.6002563333335,
-38.9339765318755));
#132810=DIRECTION('',(1.4210854715202E-14,-1.,0.));
#132820=DIRECTION('',(0.,0.,-1.));
#132830=AXIS2_PLACEMENT_3D('',#132800,#132810,#132820);
#132840=PLANE('',#132830);
#132850=CARTESIAN_POINT('',(20.3236462030947,40.6002563333335,
-37.3932861188318));
#132860=DIRECTION('',(0.,0.,1.));
#132870=VECTOR('',#132860,1.);
#132880=LINE('',#132850,#132870);
#132890=CARTESIAN_POINT('',(20.3236462030947,40.6002563333335,
-33.2632861188319));
#132900=VERTEX_POINT('',#132890);
#132910=EDGE_CURVE('',#132590,#132900,#132880,.T.);
#132920=ORIENTED_EDGE('',*,*,#132910,.F.);
#132930=CARTESIAN_POINT('',(29.8169795364281,40.6002563333336,
-33.2632861188319));
#132940=DIRECTION('',(1.,1.4210854715202E-14,0.));
#132950=VECTOR('',#132940,1.);
#132960=LINE('',#132930,#132950);
#132970=CARTESIAN_POINT('',(20.9636462030947,40.6002563333335,
-33.2632861188319));
#132980=VERTEX_POINT('',#132970);
#132990=EDGE_CURVE('',#132900,#132980,#132960,.T.);
#133000=ORIENTED_EDGE('',*,*,#132990,.F.);
#133010=CARTESIAN_POINT('',(20.9636462030947,40.6002563333335,
-37.3932861188318));
#133020=DIRECTION('',(0.,0.,-1.));
#133030=VECTOR('',#133020,1.);
#133040=LINE('',#133010,#133030);
#133050=EDGE_CURVE('',#132980,#132670,#133040,.T.);
#133060=ORIENTED_EDGE('',*,*,#133050,.F.);
#133070=ORIENTED_EDGE('',*,*,#132680,.F.);
#133080=EDGE_LOOP('',(#133070,#133060,#133000,#132920));
#133090=FACE_BOUND('',#133080,.T.);
#133100=EDGE_CURVE('',#131580,#131690,#131670,.T.);
#133110=ORIENTED_EDGE('',*,*,#133100,.F.);
#133120=ORIENTED_EDGE('',*,*,#131700,.F.);
#133130=EDGE_LOOP('',(#133120,#133110));
#133140=FACE_OUTER_BOUND('',#133130,.T.);
#133150=ADVANCED_FACE('',(#133090,#133140),#132840,.F.);
#133160=COLOUR_RGB('',0.639215707778931,0.0901960805058479,
0.10196079313755);
#133170=FILL_AREA_STYLE_COLOUR('',#133160);
#133180=FILL_AREA_STYLE('',(#133170));
#133190=SURFACE_STYLE_FILL_AREA(#133180);
#133200=SURFACE_SIDE_STYLE('',(#133190));
#133210=SURFACE_STYLE_USAGE(.BOTH.,#133200);
#133220=PRESENTATION_STYLE_ASSIGNMENT((#133210));
#133230=CARTESIAN_POINT('',(20.3236462030948,37.9152539333334,
-33.2632861188319));
#133240=DIRECTION('',(0.,0.,-1.));
#133250=DIRECTION('',(1.,1.4210854715202E-14,0.));
#133260=AXIS2_PLACEMENT_3D('',#133230,#133240,#133250);
#133270=PLANE('',#133260);
#133280=CARTESIAN_POINT('',(20.9636462030947,37.9152539333334,
-33.2632861188319));
#133290=DIRECTION('',(-1.4210854715202E-14,1.,0.));
#133300=VECTOR('',#133290,1.);
#133310=LINE('',#133280,#133300);
#133320=EDGE_CURVE('',#132220,#132980,#133310,.T.);
#133330=ORIENTED_EDGE('',*,*,#133320,.F.);
#133340=ORIENTED_EDGE('',*,*,#132990,.T.);
#133350=CARTESIAN_POINT('',(20.3236462030948,37.9152539333334,
-33.2632861188319));
#133360=DIRECTION('',(-1.4210854715202E-14,1.,0.));
#133370=VECTOR('',#133360,1.);
#133380=LINE('',#133350,#133370);
#133390=EDGE_CURVE('',#132300,#132900,#133380,.T.);
#133400=ORIENTED_EDGE('',*,*,#133390,.T.);
#133410=ORIENTED_EDGE('',*,*,#132310,.F.);
#133420=EDGE_LOOP('',(#133410,#133400,#133340,#133330));
#133430=FACE_OUTER_BOUND('',#133420,.T.);
#133440=ADVANCED_FACE('',(#133430),#133270,.T.);
#133450=CARTESIAN_POINT('',(20.9636462030947,37.9152539333334,
-33.2632861188319));
#133460=DIRECTION('',(-1.,-1.4210854715202E-14,-0.));
#133470=DIRECTION('',(0.,0.,-1.));
#133480=AXIS2_PLACEMENT_3D('',#133450,#133460,#133470);
#133490=PLANE('',#133480);
#133500=ORIENTED_EDGE('',*,*,#133320,.T.);
#133510=ORIENTED_EDGE('',*,*,#132230,.F.);
#133520=ORIENTED_EDGE('',*,*,#132740,.F.);
#133530=ORIENTED_EDGE('',*,*,#133050,.T.);
#133540=EDGE_LOOP('',(#133530,#133520,#133510,#133500));
#133550=FACE_OUTER_BOUND('',#133540,.T.);
#133560=ADVANCED_FACE('',(#133550),#133490,.T.);
#133570=CARTESIAN_POINT('',(20.3236462030948,37.9152539333334,
-33.9032861188319));
#133580=DIRECTION('',(1.,1.4210854715202E-14,-0.));
#133590=DIRECTION('',(0.,0.,1.));
#133600=AXIS2_PLACEMENT_3D('',#133570,#133580,#133590);
#133610=PLANE('',#133600);
#133620=ORIENTED_EDGE('',*,*,#132600,.T.);
#133630=ORIENTED_EDGE('',*,*,#132370,.F.);
#133640=ORIENTED_EDGE('',*,*,#133390,.F.);
#133650=ORIENTED_EDGE('',*,*,#132910,.T.);
#133660=EDGE_LOOP('',(#133650,#133640,#133630,#133620));
#133670=FACE_OUTER_BOUND('',#133660,.T.);
#133680=ADVANCED_FACE('',(#133670),#133610,.T.);
#133690=CARTESIAN_POINT('',(20.6436462030947,40.6002563333335,
-33.5832861188319));
#133700=DIRECTION('',(1.4210854715202E-14,-1.,0.));
#133710=DIRECTION('',(0.,0.,-1.));
#133720=AXIS2_PLACEMENT_3D('',#133690,#133700,#133710);
#133730=CYLINDRICAL_SURFACE('',#133720,0.6);
#133740=ORIENTED_EDGE('',*,*,#133100,.T.);
#133750=ORIENTED_EDGE('',*,*,#131610,.F.);
#133760=ORIENTED_EDGE('',*,*,#132020,.F.);
#133770=ORIENTED_EDGE('',*,*,#131780,.T.);
#133780=EDGE_LOOP('',(#133770,#133760,#133750,#133740));
#133790=FACE_OUTER_BOUND('',#133780,.T.);
#133800=ADVANCED_FACE('',(#133790),#133730,.T.);
#133810=COLOUR_RGB('',0.639215707778931,0.0901960805058479,
0.10196079313755);
#133820=FILL_AREA_STYLE_COLOUR('',#133810);
#133830=FILL_AREA_STYLE('',(#133820));
#133840=SURFACE_STYLE_FILL_AREA(#133830);
#133850=SURFACE_SIDE_STYLE('',(#133840));
#133860=SURFACE_STYLE_USAGE(.BOTH.,#133850);
#133870=PRESENTATION_STYLE_ASSIGNMENT((#133860));
#133880=CLOSED_SHELL('',(#131890,#132410,#132790,#133150,#133440,#133560
,#133680,#133800));
#133890=MANIFOLD_SOLID_BREP('',#133880);
#133900=APPLICATION_CONTEXT(' ');
#133910=APPLICATION_PROTOCOL_DEFINITION(' ','automotive_design',1998,
#133900);
#133920=PRODUCT_CONTEXT('',#133900,'mechanical');
#133930=PRODUCT_DEFINITION_CONTEXT('part definition',#133900,'design');
#133940=PRODUCT('Bohrdurchmesser_1','Bohrdurchmesser_1','',(#133920));
#133950=PRODUCT_RELATED_PRODUCT_CATEGORY('part',' ',(#133940));
#133960=PRODUCT_DEFINITION_FORMATION_WITH_SPECIFIED_SOURCE('','',#133940
,.BOUGHT.);
#133970=PRODUCT_DEFINITION('',' ',#133960,#133930);
#133980=PRODUCT_DEFINITION_SHAPE('','',#133970);
#133990=DIMENSIONAL_EXPONENTS(1.,0.,0.,0.,0.,0.,0.);
#134000=DIMENSIONAL_EXPONENTS(0.,0.,0.,0.,0.,0.,0.);
#134010=DIMENSIONAL_EXPONENTS(0.,0.,0.,0.,0.,0.,0.);
#134020=(LENGTH_UNIT() NAMED_UNIT(*) SI_UNIT(.MILLI.,.METRE.));
#134030=(NAMED_UNIT(*) PLANE_ANGLE_UNIT() SI_UNIT($,.RADIAN.));
#134040=(NAMED_UNIT(*) SI_UNIT($,.STERADIAN.) SOLID_ANGLE_UNIT());
#134050=(GEOMETRIC_REPRESENTATION_CONTEXT(3) 
GLOBAL_UNCERTAINTY_ASSIGNED_CONTEXT((#134060)) 
GLOBAL_UNIT_ASSIGNED_CONTEXT((#134020,#134030,#134040)) 
REPRESENTATION_CONTEXT('',''));
#134060=UNCERTAINTY_MEASURE_WITH_UNIT(LENGTH_MEASURE(1.E-6),#134020,
'distance_accuracy_value','maximum gap value');
#134070=ADVANCED_BREP_SHAPE_REPRESENTATION('',(#127020,#133890),#134050)
;
#134080=SHAPE_DEFINITION_REPRESENTATION(#133980,#134070);
#134090=COLOUR_RGB('',0.34901961684227,0.34901961684227,0.34901961684227
);
#134100=FILL_AREA_STYLE_COLOUR('',#134090);
#134110=FILL_AREA_STYLE('',(#134100));
#134120=SURFACE_STYLE_FILL_AREA(#134110);
#134130=SURFACE_SIDE_STYLE('',(#134120));
#134140=SURFACE_STYLE_USAGE(.BOTH.,#134130);
#134150=PRESENTATION_STYLE_ASSIGNMENT((#134140));
#134160=STYLED_ITEM('',(#134150),#133890);
#134170=OVER_RIDING_STYLED_ITEM('',(#131960),#131890,#134160);
#134180=OVER_RIDING_STYLED_ITEM('',(#132480),#132410,#134160);
#134190=OVER_RIDING_STYLED_ITEM('',(#133220),#133150,#134160);
#134200=OVER_RIDING_STYLED_ITEM('',(#133870),#133800,#134160);
#134210=DRAUGHTING_MODEL('',(#134160,#134170,#134180,#134190,#134200),
#134050);
#134220=CARTESIAN_POINT('',(40.6002713333332,-26.8536462030954,
25.2782641188322));
#134230=DIRECTION('',(3.15544362088405E-30,1.4210854715202E-14,1.));
#134240=DIRECTION('',(1.4210854715202E-14,1.,-1.4210854715202E-14));
#134250=AXIS2_PLACEMENT_3D('',#134220,#134230,#134240);
#134260=ITEM_DEFINED_TRANSFORMATION('Bohrdurchmesser_1','',#127020,
#134250);
#134270=CARTESIAN_POINT('',(22.4336462030947,40.6002563333335,
-38.9339765318755));
#134280=DIRECTION('',(1.4210854715202E-14,-1.,0.));
#134290=DIRECTION('',(0.,0.,-1.));
#134300=AXIS2_PLACEMENT_3D('',#134270,#134280,#134290);
#134310=PLANE('',#134300);
#134320=CARTESIAN_POINT('',(29.8169795364281,40.6002563333336,
-38.3432861188318));
#134330=DIRECTION('',(1.,1.4210854715202E-14,0.));
#134340=VECTOR('',#134330,1.);
#134350=LINE('',#134320,#134340);
#134360=CARTESIAN_POINT('',(17.7836462030947,40.6002563333334,
-38.3432861188318));
#134370=VERTEX_POINT('',#134360);
#134380=CARTESIAN_POINT('',(18.4236462030947,40.6002563333335,
-38.3432861188318));
#134390=VERTEX_POINT('',#134380);
#134400=EDGE_CURVE('',#134370,#134390,#134350,.T.);
#134410=ORIENTED_EDGE('',*,*,#134400,.F.);
#134420=CARTESIAN_POINT('',(18.4236462030947,40.6002563333335,
-37.3932861188318));
#134430=DIRECTION('',(0.,0.,-1.));
#134440=VECTOR('',#134430,1.);
#134450=LINE('',#134420,#134440);
#134460=CARTESIAN_POINT('',(18.4236462030947,40.6002563333335,
-38.9832861188318));
#134470=VERTEX_POINT('',#134460);
#134480=EDGE_CURVE('',#134390,#134470,#134450,.T.);
#134490=ORIENTED_EDGE('',*,*,#134480,.F.);
#134500=CARTESIAN_POINT('',(29.8169795364281,40.6002563333336,
-38.9832861188318));
#134510=DIRECTION('',(-1.,-1.4210854715202E-14,0.));
#134520=VECTOR('',#134510,1.);
#134530=LINE('',#134500,#134520);
#134540=CARTESIAN_POINT('',(17.7836462030947,40.6002563333334,
-38.9832861188318));
#134550=VERTEX_POINT('',#134540);
#134560=EDGE_CURVE('',#134470,#134550,#134530,.T.);
#134570=ORIENTED_EDGE('',*,*,#134560,.F.);
#134580=CARTESIAN_POINT('',(17.7836462030947,40.6002563333334,
-37.3932861188318));
#134590=DIRECTION('',(0.,0.,1.));
#134600=VECTOR('',#134590,1.);
#134610=LINE('',#134580,#134600);
#134620=EDGE_CURVE('',#134550,#134370,#134610,.T.);
#134630=ORIENTED_EDGE('',*,*,#134620,.F.);
#134640=EDGE_LOOP('',(#134630,#134570,#134490,#134410));
#134650=FACE_BOUND('',#134640,.T.);
#134660=CARTESIAN_POINT('',(18.1036462030947,40.6002563333335,
-38.6632861188318));
#134670=DIRECTION('',(1.4210854715202E-14,-1.,0.));
#134680=DIRECTION('',(0.,0.,-1.));
#134690=AXIS2_PLACEMENT_3D('',#134660,#134670,#134680);
#134700=CIRCLE('',#134690,0.6);
#134710=CARTESIAN_POINT('',(18.1036462030947,40.6002563333335,
-38.0632861188318));
#134720=VERTEX_POINT('',#134710);
#134730=CARTESIAN_POINT('',(18.1036462030947,40.6002563333335,
-39.2632861188318));
#134740=VERTEX_POINT('',#134730);
#134750=EDGE_CURVE('',#134720,#134740,#134700,.T.);
#134760=ORIENTED_EDGE('',*,*,#134750,.F.);
#134770=EDGE_CURVE('',#134740,#134720,#134700,.T.);
#134780=ORIENTED_EDGE('',*,*,#134770,.F.);
#134790=EDGE_LOOP('',(#134780,#134760));
#134800=FACE_OUTER_BOUND('',#134790,.T.);
#134810=ADVANCED_FACE('',(#134650,#134800),#134310,.F.);
#134820=COLOUR_RGB('',0.639215707778931,0.0901960805058479,
0.10196079313755);
#134830=FILL_AREA_STYLE_COLOUR('',#134820);
#134840=FILL_AREA_STYLE('',(#134830));
#134850=SURFACE_STYLE_FILL_AREA(#134840);
#134860=SURFACE_SIDE_STYLE('',(#134850));
#134870=SURFACE_STYLE_USAGE(.BOTH.,#134860);
#134880=PRESENTATION_STYLE_ASSIGNMENT((#134870));
#134890=CARTESIAN_POINT('',(18.4236462030947,37.9152539333334,
-38.9832861188318));
#134900=DIRECTION('',(0.,0.,1.));
#134910=DIRECTION('',(-1.,-1.4210854715202E-14,0.));
#134920=AXIS2_PLACEMENT_3D('',#134890,#134900,#134910);
#134930=PLANE('',#134920);
#134940=CARTESIAN_POINT('',(18.4236462030946,43.7769229999999,
-38.9832861188318));
#134950=DIRECTION('',(-1.4210854715202E-14,1.,0.));
#134960=VECTOR('',#134950,1.);
#134970=LINE('',#134940,#134960);
#134980=CARTESIAN_POINT('',(18.4236462030947,40.1002563333335,
-38.9832861188318));
#134990=VERTEX_POINT('',#134980);
#135000=EDGE_CURVE('',#134990,#134470,#134970,.T.);
#135010=ORIENTED_EDGE('',*,*,#135000,.T.);
#135020=CARTESIAN_POINT('',(29.8169795364281,40.1002563333336,
-38.9832861188318));
#135030=DIRECTION('',(-1.,-1.4210854715202E-14,0.));
#135040=VECTOR('',#135030,1.);
#135050=LINE('',#135020,#135040);
#135060=CARTESIAN_POINT('',(17.7836462030947,40.1002563333334,
-38.9832861188318));
#135070=VERTEX_POINT('',#135060);
#135080=EDGE_CURVE('',#134990,#135070,#135050,.T.);
#135090=ORIENTED_EDGE('',*,*,#135080,.F.);
#135100=CARTESIAN_POINT('',(17.7836462030946,43.7769229999999,
-38.9832861188318));
#135110=DIRECTION('',(1.4210854715202E-14,-1.,0.));
#135120=VECTOR('',#135110,1.);
#135130=LINE('',#135100,#135120);
#135140=EDGE_CURVE('',#134550,#135070,#135130,.T.);
#135150=ORIENTED_EDGE('',*,*,#135140,.T.);
#135160=ORIENTED_EDGE('',*,*,#134560,.T.);
#135170=EDGE_LOOP('',(#135160,#135150,#135090,#135010));
#135180=FACE_OUTER_BOUND('',#135170,.T.);
#135190=ADVANCED_FACE('',(#135180),#134930,.T.);
#135200=CARTESIAN_POINT('',(18.4236462030947,37.9152539333334,
-38.3432861188318));
#135210=DIRECTION('',(-1.,-1.4210854715202E-14,-0.));
#135220=DIRECTION('',(0.,0.,-1.));
#135230=AXIS2_PLACEMENT_3D('',#135200,#135210,#135220);
#135240=PLANE('',#135230);
#135250=CARTESIAN_POINT('',(18.4236462030946,43.7769229999999,
-38.3432861188318));
#135260=DIRECTION('',(-1.4210854715202E-14,1.,0.));
#135270=VECTOR('',#135260,1.);
#135280=LINE('',#135250,#135270);
#135290=CARTESIAN_POINT('',(18.4236462030947,40.1002563333335,
-38.3432861188318));
#135300=VERTEX_POINT('',#135290);
#135310=EDGE_CURVE('',#135300,#134390,#135280,.T.);
#135320=ORIENTED_EDGE('',*,*,#135310,.T.);
#135330=CARTESIAN_POINT('',(18.4236462030947,40.1002563333335,
-37.3932861188318));
#135340=DIRECTION('',(0.,0.,-1.));
#135350=VECTOR('',#135340,1.);
#135360=LINE('',#135330,#135350);
#135370=EDGE_CURVE('',#135300,#134990,#135360,.T.);
#135380=ORIENTED_EDGE('',*,*,#135370,.F.);
#135390=ORIENTED_EDGE('',*,*,#135000,.F.);
#135400=ORIENTED_EDGE('',*,*,#134480,.T.);
#135410=EDGE_LOOP('',(#135400,#135390,#135380,#135320));
#135420=FACE_OUTER_BOUND('',#135410,.T.);
#135430=ADVANCED_FACE('',(#135420),#135240,.T.);
#135440=CARTESIAN_POINT('',(22.4336462030947,40.1002563333335,
-38.9339765318755));
#135450=DIRECTION('',(1.4210854715202E-14,-1.,0.));
#135460=DIRECTION('',(0.,0.,-1.));
#135470=AXIS2_PLACEMENT_3D('',#135440,#135450,#135460);
#135480=PLANE('',#135470);
#135490=CARTESIAN_POINT('',(18.1036462030947,40.1002563333335,
-38.6632861188318));
#135500=DIRECTION('',(1.4210854715202E-14,-1.,0.));
#135510=DIRECTION('',(0.,0.,-1.));
#135520=AXIS2_PLACEMENT_3D('',#135490,#135500,#135510);
#135530=CIRCLE('',#135520,0.6);
#135540=CARTESIAN_POINT('',(18.1036462030947,40.1002563333335,
-38.0632861188318));
#135550=VERTEX_POINT('',#135540);
#135560=CARTESIAN_POINT('',(18.1036462030947,40.1002563333335,
-39.2632861188318));
#135570=VERTEX_POINT('',#135560);
#135580=EDGE_CURVE('',#135550,#135570,#135530,.T.);
#135590=ORIENTED_EDGE('',*,*,#135580,.T.);
#135600=EDGE_CURVE('',#135570,#135550,#135530,.T.);
#135610=ORIENTED_EDGE('',*,*,#135600,.T.);
#135620=EDGE_LOOP('',(#135610,#135590));
#135630=FACE_OUTER_BOUND('',#135620,.T.);
#135640=ORIENTED_EDGE('',*,*,#135080,.T.);
#135650=ORIENTED_EDGE('',*,*,#135370,.T.);
#135660=CARTESIAN_POINT('',(29.8169795364281,40.1002563333336,
-38.3432861188318));
#135670=DIRECTION('',(1.,1.4210854715202E-14,0.));
#135680=VECTOR('',#135670,1.);
#135690=LINE('',#135660,#135680);
#135700=CARTESIAN_POINT('',(17.7836462030947,40.1002563333334,
-38.3432861188318));
#135710=VERTEX_POINT('',#135700);
#135720=EDGE_CURVE('',#135710,#135300,#135690,.T.);
#135730=ORIENTED_EDGE('',*,*,#135720,.T.);
#135740=CARTESIAN_POINT('',(17.7836462030947,40.1002563333334,
-37.3932861188318));
#135750=DIRECTION('',(0.,0.,1.));
#135760=VECTOR('',#135750,1.);
#135770=LINE('',#135740,#135760);
#135780=EDGE_CURVE('',#135070,#135710,#135770,.T.);
#135790=ORIENTED_EDGE('',*,*,#135780,.T.);
#135800=EDGE_LOOP('',(#135790,#135730,#135650,#135640));
#135810=FACE_BOUND('',#135800,.T.);
#135820=ADVANCED_FACE('',(#135630,#135810),#135480,.T.);
#135830=COLOUR_RGB('',0.639215707778931,0.0901960805058479,
0.10196079313755);
#135840=FILL_AREA_STYLE_COLOUR('',#135830);
#135850=FILL_AREA_STYLE('',(#135840));
#135860=SURFACE_STYLE_FILL_AREA(#135850);
#135870=SURFACE_SIDE_STYLE('',(#135860));
#135880=SURFACE_STYLE_USAGE(.BOTH.,#135870);
#135890=PRESENTATION_STYLE_ASSIGNMENT((#135880));
#135900=CARTESIAN_POINT('',(18.1036462030947,40.6002563333335,
-38.6632861188318));
#135910=DIRECTION('',(1.4210854715202E-14,-1.,0.));
#135920=DIRECTION('',(0.,0.,-1.));
#135930=AXIS2_PLACEMENT_3D('',#135900,#135910,#135920);
#135940=CYLINDRICAL_SURFACE('',#135930,0.6);
#135950=CARTESIAN_POINT('',(18.1036462030947,40.6002563333335,
-39.2632861188318));
#135960=DIRECTION('',(1.4210854715202E-14,-1.,0.));
#135970=VECTOR('',#135960,1.);
#135980=LINE('',#135950,#135970);
#135990=EDGE_CURVE('',#134740,#135570,#135980,.T.);
#136000=ORIENTED_EDGE('',*,*,#135990,.F.);
#136010=ORIENTED_EDGE('',*,*,#135600,.F.);
#136020=CARTESIAN_POINT('',(18.1036462030947,40.6002563333335,
-38.0632861188318));
#136030=DIRECTION('',(1.4210854715202E-14,-1.,0.));
#136040=VECTOR('',#136030,1.);
#136050=LINE('',#136020,#136040);
#136060=EDGE_CURVE('',#134720,#135550,#136050,.T.);
#136070=ORIENTED_EDGE('',*,*,#136060,.T.);
#136080=ORIENTED_EDGE('',*,*,#134770,.T.);
#136090=EDGE_LOOP('',(#136080,#136070,#136010,#136000));
#136100=FACE_OUTER_BOUND('',#136090,.T.);
#136110=ADVANCED_FACE('',(#136100),#135940,.T.);
#136120=COLOUR_RGB('',0.639215707778931,0.0901960805058479,
0.10196079313755);
#136130=FILL_AREA_STYLE_COLOUR('',#136120);
#136140=FILL_AREA_STYLE('',(#136130));
#136150=SURFACE_STYLE_FILL_AREA(#136140);
#136160=SURFACE_SIDE_STYLE('',(#136150));
#136170=SURFACE_STYLE_USAGE(.BOTH.,#136160);
#136180=PRESENTATION_STYLE_ASSIGNMENT((#136170));
#136190=CARTESIAN_POINT('',(17.7836462030947,37.9152539333334,
-38.3432861188318));
#136200=DIRECTION('',(0.,0.,-1.));
#136210=DIRECTION('',(1.,1.4210854715202E-14,0.));
#136220=AXIS2_PLACEMENT_3D('',#136190,#136200,#136210);
#136230=PLANE('',#136220);
#136240=CARTESIAN_POINT('',(17.7836462030946,43.7769229999999,
-38.3432861188318));
#136250=DIRECTION('',(-1.4210854715202E-14,1.,0.));
#136260=VECTOR('',#136250,1.);
#136270=LINE('',#136240,#136260);
#136280=EDGE_CURVE('',#135710,#134370,#136270,.T.);
#136290=ORIENTED_EDGE('',*,*,#136280,.T.);
#136300=ORIENTED_EDGE('',*,*,#135720,.F.);
#136310=ORIENTED_EDGE('',*,*,#135310,.F.);
#136320=ORIENTED_EDGE('',*,*,#134400,.T.);
#136330=EDGE_LOOP('',(#136320,#136310,#136300,#136290));
#136340=FACE_OUTER_BOUND('',#136330,.T.);
#136350=ADVANCED_FACE('',(#136340),#136230,.T.);
#136360=CARTESIAN_POINT('',(17.7836462030947,37.9152539333334,
-38.9832861188318));
#136370=DIRECTION('',(1.,1.4210854715202E-14,-0.));
#136380=DIRECTION('',(0.,0.,1.));
#136390=AXIS2_PLACEMENT_3D('',#136360,#136370,#136380);
#136400=PLANE('',#136390);
#136410=ORIENTED_EDGE('',*,*,#136280,.F.);
#136420=ORIENTED_EDGE('',*,*,#134620,.T.);
#136430=ORIENTED_EDGE('',*,*,#135140,.F.);
#136440=ORIENTED_EDGE('',*,*,#135780,.F.);
#136450=EDGE_LOOP('',(#136440,#136430,#136420,#136410));
#136460=FACE_OUTER_BOUND('',#136450,.T.);
#136470=ADVANCED_FACE('',(#136460),#136400,.T.);
#136480=CARTESIAN_POINT('',(18.1036462030947,40.6002563333335,
-38.6632861188318));
#136490=DIRECTION('',(1.4210854715202E-14,-1.,0.));
#136500=DIRECTION('',(0.,0.,-1.));
#136510=AXIS2_PLACEMENT_3D('',#136480,#136490,#136500);
#136520=CYLINDRICAL_SURFACE('',#136510,0.6);
#136530=ORIENTED_EDGE('',*,*,#134750,.T.);
#136540=ORIENTED_EDGE('',*,*,#136060,.F.);
#136550=ORIENTED_EDGE('',*,*,#135580,.F.);
#136560=ORIENTED_EDGE('',*,*,#135990,.T.);
#136570=EDGE_LOOP('',(#136560,#136550,#136540,#136530));
#136580=FACE_OUTER_BOUND('',#136570,.T.);
#136590=ADVANCED_FACE('',(#136580),#136520,.T.);
#136600=COLOUR_RGB('',0.639215707778931,0.0901960805058479,
0.10196079313755);
#136610=FILL_AREA_STYLE_COLOUR('',#136600);
#136620=FILL_AREA_STYLE('',(#136610));
#136630=SURFACE_STYLE_FILL_AREA(#136620);
#136640=SURFACE_SIDE_STYLE('',(#136630));
#136650=SURFACE_STYLE_USAGE(.BOTH.,#136640);
#136660=PRESENTATION_STYLE_ASSIGNMENT((#136650));
#136670=CLOSED_SHELL('',(#134810,#135190,#135430,#135820,#136110,#136350
,#136470,#136590));
#136680=MANIFOLD_SOLID_BREP('',#136670);
#136690=APPLICATION_CONTEXT(' ');
#136700=APPLICATION_PROTOCOL_DEFINITION(' ','automotive_design',1998,
#136690);
#136710=PRODUCT_CONTEXT('',#136690,'mechanical');
#136720=PRODUCT_DEFINITION_CONTEXT('part definition',#136690,'design');
#136730=PRODUCT('Bohrdurchmesser_2','Bohrdurchmesser_2','',(#136710));
#136740=PRODUCT_RELATED_PRODUCT_CATEGORY('part',' ',(#136730));
#136750=PRODUCT_DEFINITION_FORMATION_WITH_SPECIFIED_SOURCE('','',#136730
,.BOUGHT.);
#136760=PRODUCT_DEFINITION('',' ',#136750,#136720);
#136770=PRODUCT_DEFINITION_SHAPE('','',#136760);
#136780=DIMENSIONAL_EXPONENTS(1.,0.,0.,0.,0.,0.,0.);
#136790=DIMENSIONAL_EXPONENTS(0.,0.,0.,0.,0.,0.,0.);
#136800=DIMENSIONAL_EXPONENTS(0.,0.,0.,0.,0.,0.,0.);
#136810=(LENGTH_UNIT() NAMED_UNIT(*) SI_UNIT(.MILLI.,.METRE.));
#136820=(NAMED_UNIT(*) PLANE_ANGLE_UNIT() SI_UNIT($,.RADIAN.));
#136830=(NAMED_UNIT(*) SI_UNIT($,.STERADIAN.) SOLID_ANGLE_UNIT());
#136840=(GEOMETRIC_REPRESENTATION_CONTEXT(3) 
GLOBAL_UNCERTAINTY_ASSIGNED_CONTEXT((#136850)) 
GLOBAL_UNIT_ASSIGNED_CONTEXT((#136810,#136820,#136830)) 
REPRESENTATION_CONTEXT('',''));
#136850=UNCERTAINTY_MEASURE_WITH_UNIT(LENGTH_MEASURE(1.E-6),#136810,
'distance_accuracy_value','maximum gap value');
#136860=ADVANCED_BREP_SHAPE_REPRESENTATION('',(#127020,#136680),#136840)
;
#136870=SHAPE_DEFINITION_REPRESENTATION(#136770,#136860);
#136880=COLOUR_RGB('',0.34901961684227,0.34901961684227,0.34901961684227
);
#136890=FILL_AREA_STYLE_COLOUR('',#136880);
#136900=FILL_AREA_STYLE('',(#136890));
#136910=SURFACE_STYLE_FILL_AREA(#136900);
#136920=SURFACE_SIDE_STYLE('',(#136910));
#136930=SURFACE_STYLE_USAGE(.BOTH.,#136920);
#136940=PRESENTATION_STYLE_ASSIGNMENT((#136930));
#136950=STYLED_ITEM('',(#136940),#136680);
#136960=OVER_RIDING_STYLED_ITEM('',(#134880),#134810,#136950);
#136970=OVER_RIDING_STYLED_ITEM('',(#135890),#135820,#136950);
#136980=OVER_RIDING_STYLED_ITEM('',(#136180),#136110,#136950);
#136990=OVER_RIDING_STYLED_ITEM('',(#136660),#136590,#136950);
#137000=DRAUGHTING_MODEL('',(#136950,#136960,#136970,#136980,#136990),
#136840);
#137010=CARTESIAN_POINT('',(40.6002713333332,-26.8536462030954,
25.2782641188322));
#137020=DIRECTION('',(3.15544362088405E-30,1.4210854715202E-14,1.));
#137030=DIRECTION('',(1.4210854715202E-14,1.,-1.4210854715202E-14));
#137040=AXIS2_PLACEMENT_3D('',#137010,#137020,#137030);
#137050=ITEM_DEFINED_TRANSFORMATION('Bohrdurchmesser_2','',#127020,
#137040);
#137060=CARTESIAN_POINT('',(18.1036462030947,40.6002563333335,
-36.1232861188318));
#137070=DIRECTION('',(1.4210854715202E-14,-1.,0.));
#137080=DIRECTION('',(0.,0.,-1.));
#137090=AXIS2_PLACEMENT_3D('',#137060,#137070,#137080);
#137100=CYLINDRICAL_SURFACE('',#137090,0.6);
#137110=CARTESIAN_POINT('',(18.1036462030947,40.6002563333335,
-35.5232861188318));
#137120=DIRECTION('',(1.4210854715202E-14,-1.,0.));
#137130=VECTOR('',#137120,1.);
#137140=LINE('',#137110,#137130);
#137150=CARTESIAN_POINT('',(18.1036462030947,40.6002563333335,
-35.5232861188318));
#137160=VERTEX_POINT('',#137150);
#137170=CARTESIAN_POINT('',(18.1036462030947,40.1002563333335,
-35.5232861188318));
#137180=VERTEX_POINT('',#137170);
#137190=EDGE_CURVE('',#137160,#137180,#137140,.T.);
#137200=ORIENTED_EDGE('',*,*,#137190,.F.);
#137210=CARTESIAN_POINT('',(18.1036462030947,40.1002563333335,
-36.1232861188318));
#137220=DIRECTION('',(1.4210854715202E-14,-1.,0.));
#137230=DIRECTION('',(0.,0.,-1.));
#137240=AXIS2_PLACEMENT_3D('',#137210,#137220,#137230);
#137250=CIRCLE('',#137240,0.6);
#137260=CARTESIAN_POINT('',(17.5036462030947,40.1002563333334,
-36.1232861188318));
#137270=VERTEX_POINT('',#137260);
#137280=EDGE_CURVE('',#137180,#137270,#137250,.T.);
#137290=ORIENTED_EDGE('',*,*,#137280,.F.);
#137300=CARTESIAN_POINT('',(18.1036462030947,40.1002563333335,
-36.7232861188318));
#137310=VERTEX_POINT('',#137300);
#137320=EDGE_CURVE('',#137270,#137310,#137250,.T.);
#137330=ORIENTED_EDGE('',*,*,#137320,.F.);
#137340=CARTESIAN_POINT('',(18.1036462030947,40.6002563333335,
-36.7232861188318));
#137350=DIRECTION('',(1.4210854715202E-14,-1.,0.));
#137360=VECTOR('',#137350,1.);
#137370=LINE('',#137340,#137360);
#137380=CARTESIAN_POINT('',(18.1036462030947,40.6002563333335,
-36.7232861188318));
#137390=VERTEX_POINT('',#137380);
#137400=EDGE_CURVE('',#137390,#137310,#137370,.T.);
#137410=ORIENTED_EDGE('',*,*,#137400,.T.);
#137420=CARTESIAN_POINT('',(18.1036462030947,40.6002563333335,
-36.1232861188318));
#137430=DIRECTION('',(1.4210854715202E-14,-1.,0.));
#137440=DIRECTION('',(0.,0.,-1.));
#137450=AXIS2_PLACEMENT_3D('',#137420,#137430,#137440);
#137460=CIRCLE('',#137450,0.6);
#137470=CARTESIAN_POINT('',(17.5036462030947,40.6002563333334,
-36.1232861188318));
#137480=VERTEX_POINT('',#137470);
#137490=EDGE_CURVE('',#137480,#137390,#137460,.T.);
#137500=ORIENTED_EDGE('',*,*,#137490,.T.);
#137510=EDGE_CURVE('',#137160,#137480,#137460,.T.);
#137520=ORIENTED_EDGE('',*,*,#137510,.T.);
#137530=EDGE_LOOP('',(#137520,#137500,#137410,#137330,#137290,#137200));
#137540=FACE_OUTER_BOUND('',#137530,.T.);
#137550=ADVANCED_FACE('',(#137540),#137100,.T.);
#137560=COLOUR_RGB('',0.639215707778931,0.0901960805058479,
0.10196079313755);
#137570=FILL_AREA_STYLE_COLOUR('',#137560);
#137580=FILL_AREA_STYLE('',(#137570));
#137590=SURFACE_STYLE_FILL_AREA(#137580);
#137600=SURFACE_SIDE_STYLE('',(#137590));
#137610=SURFACE_STYLE_USAGE(.BOTH.,#137600);
#137620=PRESENTATION_STYLE_ASSIGNMENT((#137610));
#137630=CARTESIAN_POINT('',(22.4336462030947,40.6002563333335,
-38.9339765318755));
#137640=DIRECTION('',(1.4210854715202E-14,-1.,0.));
#137650=DIRECTION('',(0.,0.,-1.));
#137660=AXIS2_PLACEMENT_3D('',#137630,#137640,#137650);
#137670=PLANE('',#137660);
#137680=ORIENTED_EDGE('',*,*,#137490,.F.);
#137690=EDGE_CURVE('',#137390,#137160,#137460,.T.);
#137700=ORIENTED_EDGE('',*,*,#137690,.F.);
#137710=ORIENTED_EDGE('',*,*,#137510,.F.);
#137720=EDGE_LOOP('',(#137710,#137700,#137680));
#137730=FACE_OUTER_BOUND('',#137720,.T.);
#137740=CARTESIAN_POINT('',(29.8169795364281,40.6002563333336,
-36.4432861188318));
#137750=DIRECTION('',(-1.,-1.4210854715202E-14,0.));
#137760=VECTOR('',#137750,1.);
#137770=LINE('',#137740,#137760);
#137780=CARTESIAN_POINT('',(18.4236462030947,40.6002563333335,
-36.4432861188318));
#137790=VERTEX_POINT('',#137780);
#137800=CARTESIAN_POINT('',(17.7836462030947,40.6002563333334,
-36.4432861188318));
#137810=VERTEX_POINT('',#137800);
#137820=EDGE_CURVE('',#137790,#137810,#137770,.T.);
#137830=ORIENTED_EDGE('',*,*,#137820,.F.);
#137840=CARTESIAN_POINT('',(17.7836462030947,40.6002563333334,
-37.3932861188318));
#137850=DIRECTION('',(0.,0.,1.));
#137860=VECTOR('',#137850,1.);
#137870=LINE('',#137840,#137860);
#137880=CARTESIAN_POINT('',(17.7836462030947,40.6002563333334,
-35.8032861188318));
#137890=VERTEX_POINT('',#137880);
#137900=EDGE_CURVE('',#137810,#137890,#137870,.T.);
#137910=ORIENTED_EDGE('',*,*,#137900,.F.);
#137920=CARTESIAN_POINT('',(29.8169795364281,40.6002563333336,
-35.8032861188318));
#137930=DIRECTION('',(1.,1.4210854715202E-14,0.));
#137940=VECTOR('',#137930,1.);
#137950=LINE('',#137920,#137940);
#137960=CARTESIAN_POINT('',(18.4236462030947,40.6002563333335,
-35.8032861188318));
#137970=VERTEX_POINT('',#137960);
#137980=EDGE_CURVE('',#137890,#137970,#137950,.T.);
#137990=ORIENTED_EDGE('',*,*,#137980,.F.);
#138000=CARTESIAN_POINT('',(18.4236462030947,40.6002563333335,
-37.3932861188318));
#138010=DIRECTION('',(0.,0.,-1.));
#138020=VECTOR('',#138010,1.);
#138030=LINE('',#138000,#138020);
#138040=EDGE_CURVE('',#137970,#137790,#138030,.T.);
#138050=ORIENTED_EDGE('',*,*,#138040,.F.);
#138060=EDGE_LOOP('',(#138050,#137990,#137910,#137830));
#138070=FACE_BOUND('',#138060,.T.);
#138080=ADVANCED_FACE('',(#137730,#138070),#137670,.F.);
#138090=COLOUR_RGB('',0.639215707778931,0.0901960805058479,
0.10196079313755);
#138100=FILL_AREA_STYLE_COLOUR('',#138090);
#138110=FILL_AREA_STYLE('',(#138100));
#138120=SURFACE_STYLE_FILL_AREA(#138110);
#138130=SURFACE_SIDE_STYLE('',(#138120));
#138140=SURFACE_STYLE_USAGE(.BOTH.,#138130);
#138150=PRESENTATION_STYLE_ASSIGNMENT((#138140));
#138160=CARTESIAN_POINT('',(18.4236462030947,37.9152539333334,
-36.4432861188318));
#138170=DIRECTION('',(0.,0.,1.));
#138180=DIRECTION('',(-1.,-1.4210854715202E-14,0.));
#138190=AXIS2_PLACEMENT_3D('',#138160,#138170,#138180);
#138200=PLANE('',#138190);
#138210=CARTESIAN_POINT('',(17.7836462030947,37.9152539333334,
-36.4432861188318));
#138220=DIRECTION('',(-1.4210854715202E-14,1.,0.));
#138230=VECTOR('',#138220,1.);
#138240=LINE('',#138210,#138230);
#138250=CARTESIAN_POINT('',(17.7836462030947,40.1002563333334,
-36.4432861188318));
#138260=VERTEX_POINT('',#138250);
#138270=EDGE_CURVE('',#138260,#137810,#138240,.T.);
#138280=ORIENTED_EDGE('',*,*,#138270,.F.);
#138290=ORIENTED_EDGE('',*,*,#137820,.T.);
#138300=CARTESIAN_POINT('',(18.4236462030947,37.9152539333334,
-36.4432861188318));
#138310=DIRECTION('',(-1.4210854715202E-14,1.,0.));
#138320=VECTOR('',#138310,1.);
#138330=LINE('',#138300,#138320);
#138340=CARTESIAN_POINT('',(18.4236462030947,40.1002563333335,
-36.4432861188318));
#138350=VERTEX_POINT('',#138340);
#138360=EDGE_CURVE('',#138350,#137790,#138330,.T.);
#138370=ORIENTED_EDGE('',*,*,#138360,.T.);
#138380=CARTESIAN_POINT('',(29.8169795364281,40.1002563333336,
-36.4432861188318));
#138390=DIRECTION('',(-1.,-1.4210854715202E-14,0.));
#138400=VECTOR('',#138390,1.);
#138410=LINE('',#138380,#138400);
#138420=EDGE_CURVE('',#138350,#138260,#138410,.T.);
#138430=ORIENTED_EDGE('',*,*,#138420,.F.);
#138440=EDGE_LOOP('',(#138430,#138370,#138290,#138280));
#138450=FACE_OUTER_BOUND('',#138440,.T.);
#138460=ADVANCED_FACE('',(#138450),#138200,.T.);
#138470=CARTESIAN_POINT('',(18.4236462030947,37.9152539333334,
-35.8032861188318));
#138480=DIRECTION('',(-1.,-1.4210854715202E-14,-0.));
#138490=DIRECTION('',(0.,0.,-1.));
#138500=AXIS2_PLACEMENT_3D('',#138470,#138480,#138490);
#138510=PLANE('',#138500);
#138520=ORIENTED_EDGE('',*,*,#138360,.F.);
#138530=ORIENTED_EDGE('',*,*,#138040,.T.);
#138540=CARTESIAN_POINT('',(18.4236462030947,37.9152539333334,
-35.8032861188318));
#138550=DIRECTION('',(-1.4210854715202E-14,1.,0.));
#138560=VECTOR('',#138550,1.);
#138570=LINE('',#138540,#138560);
#138580=CARTESIAN_POINT('',(18.4236462030947,40.1002563333335,
-35.8032861188318));
#138590=VERTEX_POINT('',#138580);
#138600=EDGE_CURVE('',#138590,#137970,#138570,.T.);
#138610=ORIENTED_EDGE('',*,*,#138600,.T.);
#138620=CARTESIAN_POINT('',(18.4236462030947,40.1002563333335,
-37.3932861188318));
#138630=DIRECTION('',(0.,0.,-1.));
#138640=VECTOR('',#138630,1.);
#138650=LINE('',#138620,#138640);
#138660=EDGE_CURVE('',#138590,#138350,#138650,.T.);
#138670=ORIENTED_EDGE('',*,*,#138660,.F.);
#138680=EDGE_LOOP('',(#138670,#138610,#138530,#138520));
#138690=FACE_OUTER_BOUND('',#138680,.T.);
#138700=ADVANCED_FACE('',(#138690),#138510,.T.);
#138710=CARTESIAN_POINT('',(17.7836462030947,37.9152539333334,
-35.8032861188318));
#138720=DIRECTION('',(0.,0.,-1.));
#138730=DIRECTION('',(1.,1.4210854715202E-14,0.));
#138740=AXIS2_PLACEMENT_3D('',#138710,#138720,#138730);
#138750=PLANE('',#138740);
#138760=CARTESIAN_POINT('',(17.7836462030947,37.9152539333334,
-35.8032861188318));
#138770=DIRECTION('',(-1.4210854715202E-14,1.,0.));
#138780=VECTOR('',#138770,1.);
#138790=LINE('',#138760,#138780);
#138800=CARTESIAN_POINT('',(17.7836462030947,40.1002563333334,
-35.8032861188318));
#138810=VERTEX_POINT('',#138800);
#138820=EDGE_CURVE('',#138810,#137890,#138790,.T.);
#138830=ORIENTED_EDGE('',*,*,#138820,.T.);
#138840=CARTESIAN_POINT('',(29.8169795364281,40.1002563333336,
-35.8032861188318));
#138850=DIRECTION('',(1.,1.4210854715202E-14,0.));
#138860=VECTOR('',#138850,1.);
#138870=LINE('',#138840,#138860);
#138880=EDGE_CURVE('',#138810,#138590,#138870,.T.);
#138890=ORIENTED_EDGE('',*,*,#138880,.F.);
#138900=ORIENTED_EDGE('',*,*,#138600,.F.);
#138910=ORIENTED_EDGE('',*,*,#137980,.T.);
#138920=EDGE_LOOP('',(#138910,#138900,#138890,#138830));
#138930=FACE_OUTER_BOUND('',#138920,.T.);
#138940=ADVANCED_FACE('',(#138930),#138750,.T.);
#138950=CARTESIAN_POINT('',(22.4336462030947,40.1002563333335,
-38.9339765318755));
#138960=DIRECTION('',(1.4210854715202E-14,-1.,0.));
#138970=DIRECTION('',(0.,0.,-1.));
#138980=AXIS2_PLACEMENT_3D('',#138950,#138960,#138970);
#138990=PLANE('',#138980);
#139000=EDGE_CURVE('',#137310,#137180,#137250,.T.);
#139010=ORIENTED_EDGE('',*,*,#139000,.T.);
#139020=ORIENTED_EDGE('',*,*,#137320,.T.);
#139030=ORIENTED_EDGE('',*,*,#137280,.T.);
#139040=EDGE_LOOP('',(#139030,#139020,#139010));
#139050=FACE_OUTER_BOUND('',#139040,.T.);
#139060=ORIENTED_EDGE('',*,*,#138880,.T.);
#139070=CARTESIAN_POINT('',(17.7836462030947,40.1002563333334,
-37.3932861188318));
#139080=DIRECTION('',(0.,0.,1.));
#139090=VECTOR('',#139080,1.);
#139100=LINE('',#139070,#139090);
#139110=EDGE_CURVE('',#138260,#138810,#139100,.T.);
#139120=ORIENTED_EDGE('',*,*,#139110,.T.);
#139130=ORIENTED_EDGE('',*,*,#138420,.T.);
#139140=ORIENTED_EDGE('',*,*,#138660,.T.);
#139150=EDGE_LOOP('',(#139140,#139130,#139120,#139060));
#139160=FACE_BOUND('',#139150,.T.);
#139170=ADVANCED_FACE('',(#139050,#139160),#138990,.T.);
#139180=COLOUR_RGB('',0.639215707778931,0.0901960805058479,
0.10196079313755);
#139190=FILL_AREA_STYLE_COLOUR('',#139180);
#139200=FILL_AREA_STYLE('',(#139190));
#139210=SURFACE_STYLE_FILL_AREA(#139200);
#139220=SURFACE_SIDE_STYLE('',(#139210));
#139230=SURFACE_STYLE_USAGE(.BOTH.,#139220);
#139240=PRESENTATION_STYLE_ASSIGNMENT((#139230));
#139250=CARTESIAN_POINT('',(17.7836462030947,37.9152539333334,
-36.4432861188318));
#139260=DIRECTION('',(1.,1.4210854715202E-14,-0.));
#139270=DIRECTION('',(0.,0.,1.));
#139280=AXIS2_PLACEMENT_3D('',#139250,#139260,#139270);
#139290=PLANE('',#139280);
#139300=ORIENTED_EDGE('',*,*,#138820,.F.);
#139310=ORIENTED_EDGE('',*,*,#137900,.T.);
#139320=ORIENTED_EDGE('',*,*,#138270,.T.);
#139330=ORIENTED_EDGE('',*,*,#139110,.F.);
#139340=EDGE_LOOP('',(#139330,#139320,#139310,#139300));
#139350=FACE_OUTER_BOUND('',#139340,.T.);
#139360=ADVANCED_FACE('',(#139350),#139290,.T.);
#139370=CARTESIAN_POINT('',(18.1036462030947,40.6002563333335,
-36.1232861188318));
#139380=DIRECTION('',(1.4210854715202E-14,-1.,0.));
#139390=DIRECTION('',(0.,0.,-1.));
#139400=AXIS2_PLACEMENT_3D('',#139370,#139380,#139390);
#139410=CYLINDRICAL_SURFACE('',#139400,0.6);
#139420=ORIENTED_EDGE('',*,*,#139000,.F.);
#139430=ORIENTED_EDGE('',*,*,#137190,.T.);
#139440=ORIENTED_EDGE('',*,*,#137690,.T.);
#139450=ORIENTED_EDGE('',*,*,#137400,.F.);
#139460=EDGE_LOOP('',(#139450,#139440,#139430,#139420));
#139470=FACE_OUTER_BOUND('',#139460,.T.);
#139480=ADVANCED_FACE('',(#139470),#139410,.T.);
#139490=COLOUR_RGB('',0.639215707778931,0.0901960805058479,
0.10196079313755);
#139500=FILL_AREA_STYLE_COLOUR('',#139490);
#139510=FILL_AREA_STYLE('',(#139500));
#139520=SURFACE_STYLE_FILL_AREA(#139510);
#139530=SURFACE_SIDE_STYLE('',(#139520));
#139540=SURFACE_STYLE_USAGE(.BOTH.,#139530);
#139550=PRESENTATION_STYLE_ASSIGNMENT((#139540));
#139560=CLOSED_SHELL('',(#137550,#138080,#138460,#138700,#138940,#139170
,#139360,#139480));
#139570=MANIFOLD_SOLID_BREP('',#139560);
#139580=APPLICATION_CONTEXT(' ');
#139590=APPLICATION_PROTOCOL_DEFINITION(' ','automotive_design',1998,
#139580);
#139600=PRODUCT_CONTEXT('',#139580,'mechanical');
#139610=PRODUCT_DEFINITION_CONTEXT('part definition',#139580,'design');
#139620=PRODUCT('Bohrdurchmesser_5','Bohrdurchmesser_5','',(#139600));
#139630=PRODUCT_RELATED_PRODUCT_CATEGORY('part',' ',(#139620));
#139640=PRODUCT_DEFINITION_FORMATION_WITH_SPECIFIED_SOURCE('','',#139620
,.BOUGHT.);
#139650=PRODUCT_DEFINITION('',' ',#139640,#139610);
#139660=PRODUCT_DEFINITION_SHAPE('','',#139650);
#139670=DIMENSIONAL_EXPONENTS(1.,0.,0.,0.,0.,0.,0.);
#139680=DIMENSIONAL_EXPONENTS(0.,0.,0.,0.,0.,0.,0.);
#139690=DIMENSIONAL_EXPONENTS(0.,0.,0.,0.,0.,0.,0.);
#139700=(LENGTH_UNIT() NAMED_UNIT(*) SI_UNIT(.MILLI.,.METRE.));
#139710=(NAMED_UNIT(*) PLANE_ANGLE_UNIT() SI_UNIT($,.RADIAN.));
#139720=(NAMED_UNIT(*) SI_UNIT($,.STERADIAN.) SOLID_ANGLE_UNIT());
#139730=(GEOMETRIC_REPRESENTATION_CONTEXT(3) 
GLOBAL_UNCERTAINTY_ASSIGNED_CONTEXT((#139740)) 
GLOBAL_UNIT_ASSIGNED_CONTEXT((#139700,#139710,#139720)) 
REPRESENTATION_CONTEXT('',''));
#139740=UNCERTAINTY_MEASURE_WITH_UNIT(LENGTH_MEASURE(1.E-6),#139700,
'distance_accuracy_value','maximum gap value');
#139750=ADVANCED_BREP_SHAPE_REPRESENTATION('',(#127020,#139570),#139730)
;
#139760=SHAPE_DEFINITION_REPRESENTATION(#139660,#139750);
#139770=COLOUR_RGB('',0.34901961684227,0.34901961684227,0.34901961684227
);
#139780=FILL_AREA_STYLE_COLOUR('',#139770);
#139790=FILL_AREA_STYLE('',(#139780));
#139800=SURFACE_STYLE_FILL_AREA(#139790);
#139810=SURFACE_SIDE_STYLE('',(#139800));
#139820=SURFACE_STYLE_USAGE(.BOTH.,#139810);
#139830=PRESENTATION_STYLE_ASSIGNMENT((#139820));
#139840=STYLED_ITEM('',(#139830),#139570);
#139850=OVER_RIDING_STYLED_ITEM('',(#137620),#137550,#139840);
#139860=OVER_RIDING_STYLED_ITEM('',(#138150),#138080,#139840);
#139870=OVER_RIDING_STYLED_ITEM('',(#139240),#139170,#139840);
#139880=OVER_RIDING_STYLED_ITEM('',(#139550),#139480,#139840);
#139890=DRAUGHTING_MODEL('',(#139840,#139850,#139860,#139870,#139880),
#139730);
#139900=CARTESIAN_POINT('',(40.6002713333332,-26.8536462030954,
25.2782641188322));
#139910=DIRECTION('',(3.15544362088405E-30,1.4210854715202E-14,1.));
#139920=DIRECTION('',(1.4210854715202E-14,1.,-1.4210854715202E-14));
#139930=AXIS2_PLACEMENT_3D('',#139900,#139910,#139920);
#139940=ITEM_DEFINED_TRANSFORMATION('Bohrdurchmesser_5','',#127020,
#139930);
#139950=CARTESIAN_POINT('',(22.4336462030947,40.6002563333335,
-38.9339765318755));
#139960=DIRECTION('',(1.4210854715202E-14,-1.,0.));
#139970=DIRECTION('',(0.,0.,-1.));
#139980=AXIS2_PLACEMENT_3D('',#139950,#139960,#139970);
#139990=PLANE('',#139980);
#140000=CARTESIAN_POINT('',(29.8169795364281,40.6002563333336,
-38.3432861188318));
#140010=DIRECTION('',(1.,1.4210854715202E-14,0.));
#140020=VECTOR('',#140010,1.);
#140030=LINE('',#140000,#140020);
#140040=CARTESIAN_POINT('',(17.7836462030947,40.6002563333334,
-38.3432861188318));
#140050=VERTEX_POINT('',#140040);
#140060=CARTESIAN_POINT('',(18.4236462030947,40.6002563333335,
-38.3432861188318));
#140070=VERTEX_POINT('',#140060);
#140080=EDGE_CURVE('',#140050,#140070,#140030,.T.);
#140090=ORIENTED_EDGE('',*,*,#140080,.F.);
#140100=CARTESIAN_POINT('',(18.4236462030947,40.6002563333335,
-37.3932861188318));
#140110=DIRECTION('',(0.,0.,-1.));
#140120=VECTOR('',#140110,1.);
#140130=LINE('',#140100,#140120);
#140140=CARTESIAN_POINT('',(18.4236462030947,40.6002563333335,
-38.9832861188318));
#140150=VERTEX_POINT('',#140140);
#140160=EDGE_CURVE('',#140070,#140150,#140130,.T.);
#140170=ORIENTED_EDGE('',*,*,#140160,.F.);
#140180=CARTESIAN_POINT('',(29.8169795364281,40.6002563333336,
-38.9832861188318));
#140190=DIRECTION('',(-1.,-1.4210854715202E-14,0.));
#140200=VECTOR('',#140190,1.);
#140210=LINE('',#140180,#140200);
#140220=CARTESIAN_POINT('',(17.7836462030947,40.6002563333334,
-38.9832861188318));
#140230=VERTEX_POINT('',#140220);
#140240=EDGE_CURVE('',#140150,#140230,#140210,.T.);
#140250=ORIENTED_EDGE('',*,*,#140240,.F.);
#140260=CARTESIAN_POINT('',(17.7836462030947,40.6002563333334,
-37.3932861188318));
#140270=DIRECTION('',(0.,0.,1.));
#140280=VECTOR('',#140270,1.);
#140290=LINE('',#140260,#140280);
#140300=EDGE_CURVE('',#140230,#140050,#140290,.T.);
#140310=ORIENTED_EDGE('',*,*,#140300,.F.);
#140320=EDGE_LOOP('',(#140310,#140250,#140170,#140090));
#140330=FACE_BOUND('',#140320,.T.);
#140340=CARTESIAN_POINT('',(18.1036462030947,40.6002563333335,
-38.6632861188318));
#140350=DIRECTION('',(1.4210854715202E-14,-1.,0.));
#140360=DIRECTION('',(0.,0.,-1.));
#140370=AXIS2_PLACEMENT_3D('',#140340,#140350,#140360);
#140380=CIRCLE('',#140370,0.6);
#140390=CARTESIAN_POINT('',(18.1036462030947,40.6002563333335,
-38.0632861188318));
#140400=VERTEX_POINT('',#140390);
#140410=CARTESIAN_POINT('',(18.1036462030947,40.6002563333335,
-39.2632861188318));
#140420=VERTEX_POINT('',#140410);
#140430=EDGE_CURVE('',#140400,#140420,#140380,.T.);
#140440=ORIENTED_EDGE('',*,*,#140430,.F.);
#140450=EDGE_CURVE('',#140420,#140400,#140380,.T.);
#140460=ORIENTED_EDGE('',*,*,#140450,.F.);
#140470=EDGE_LOOP('',(#140460,#140440));
#140480=FACE_OUTER_BOUND('',#140470,.T.);
#140490=ADVANCED_FACE('',(#140330,#140480),#139990,.F.);
#140500=COLOUR_RGB('',0.639215707778931,0.0901960805058479,
0.10196079313755);
#140510=FILL_AREA_STYLE_COLOUR('',#140500);
#140520=FILL_AREA_STYLE('',(#140510));
#140530=SURFACE_STYLE_FILL_AREA(#140520);
#140540=SURFACE_SIDE_STYLE('',(#140530));
#140550=SURFACE_STYLE_USAGE(.BOTH.,#140540);
#140560=PRESENTATION_STYLE_ASSIGNMENT((#140550));
#140570=CARTESIAN_POINT('',(18.4236462030947,37.9152539333334,
-38.9832861188318));
#140580=DIRECTION('',(0.,0.,1.));
#140590=DIRECTION('',(-1.,-1.4210854715202E-14,0.));
#140600=AXIS2_PLACEMENT_3D('',#140570,#140580,#140590);
#140610=PLANE('',#140600);
#140620=CARTESIAN_POINT('',(18.4236462030946,43.7769229999999,
-38.9832861188318));
#140630=DIRECTION('',(-1.4210854715202E-14,1.,0.));
#140640=VECTOR('',#140630,1.);
#140650=LINE('',#140620,#140640);
#140660=CARTESIAN_POINT('',(18.4236462030947,40.1002563333335,
-38.9832861188318));
#140670=VERTEX_POINT('',#140660);
#140680=EDGE_CURVE('',#140670,#140150,#140650,.T.);
#140690=ORIENTED_EDGE('',*,*,#140680,.T.);
#140700=CARTESIAN_POINT('',(29.8169795364281,40.1002563333336,
-38.9832861188318));
#140710=DIRECTION('',(-1.,-1.4210854715202E-14,0.));
#140720=VECTOR('',#140710,1.);
#140730=LINE('',#140700,#140720);
#140740=CARTESIAN_POINT('',(17.7836462030947,40.1002563333334,
-38.9832861188318));
#140750=VERTEX_POINT('',#140740);
#140760=EDGE_CURVE('',#140670,#140750,#140730,.T.);
#140770=ORIENTED_EDGE('',*,*,#140760,.F.);
#140780=CARTESIAN_POINT('',(17.7836462030946,43.7769229999999,
-38.9832861188318));
#140790=DIRECTION('',(1.4210854715202E-14,-1.,0.));
#140800=VECTOR('',#140790,1.);
#140810=LINE('',#140780,#140800);
#140820=EDGE_CURVE('',#140230,#140750,#140810,.T.);
#140830=ORIENTED_EDGE('',*,*,#140820,.T.);
#140840=ORIENTED_EDGE('',*,*,#140240,.T.);
#140850=EDGE_LOOP('',(#140840,#140830,#140770,#140690));
#140860=FACE_OUTER_BOUND('',#140850,.T.);
#140870=ADVANCED_FACE('',(#140860),#140610,.T.);
#140880=CARTESIAN_POINT('',(18.4236462030947,37.9152539333334,
-38.3432861188318));
#140890=DIRECTION('',(-1.,-1.4210854715202E-14,-0.));
#140900=DIRECTION('',(0.,0.,-1.));
#140910=AXIS2_PLACEMENT_3D('',#140880,#140890,#140900);
#140920=PLANE('',#140910);
#140930=CARTESIAN_POINT('',(18.4236462030946,43.7769229999999,
-38.3432861188318));
#140940=DIRECTION('',(-1.4210854715202E-14,1.,0.));
#140950=VECTOR('',#140940,1.);
#140960=LINE('',#140930,#140950);
#140970=CARTESIAN_POINT('',(18.4236462030947,40.1002563333335,
-38.3432861188318));
#140980=VERTEX_POINT('',#140970);
#140990=EDGE_CURVE('',#140980,#140070,#140960,.T.);
#141000=ORIENTED_EDGE('',*,*,#140990,.T.);
#141010=CARTESIAN_POINT('',(18.4236462030947,40.1002563333335,
-37.3932861188318));
#141020=DIRECTION('',(0.,0.,-1.));
#141030=VECTOR('',#141020,1.);
#141040=LINE('',#141010,#141030);
#141050=EDGE_CURVE('',#140980,#140670,#141040,.T.);
#141060=ORIENTED_EDGE('',*,*,#141050,.F.);
#141070=ORIENTED_EDGE('',*,*,#140680,.F.);
#141080=ORIENTED_EDGE('',*,*,#140160,.T.);
#141090=EDGE_LOOP('',(#141080,#141070,#141060,#141000));
#141100=FACE_OUTER_BOUND('',#141090,.T.);
#141110=ADVANCED_FACE('',(#141100),#140920,.T.);
#141120=CARTESIAN_POINT('',(22.4336462030947,40.1002563333335,
-38.9339765318755));
#141130=DIRECTION('',(1.4210854715202E-14,-1.,0.));
#141140=DIRECTION('',(0.,0.,-1.));
#141150=AXIS2_PLACEMENT_3D('',#141120,#141130,#141140);
#141160=PLANE('',#141150);
#141170=CARTESIAN_POINT('',(18.1036462030947,40.1002563333335,
-38.6632861188318));
#141180=DIRECTION('',(1.4210854715202E-14,-1.,0.));
#141190=DIRECTION('',(0.,0.,-1.));
#141200=AXIS2_PLACEMENT_3D('',#141170,#141180,#141190);
#141210=CIRCLE('',#141200,0.6);
#141220=CARTESIAN_POINT('',(18.1036462030947,40.1002563333335,
-38.0632861188318));
#141230=VERTEX_POINT('',#141220);
#141240=CARTESIAN_POINT('',(18.1036462030947,40.1002563333335,
-39.2632861188318));
#141250=VERTEX_POINT('',#141240);
#141260=EDGE_CURVE('',#141230,#141250,#141210,.T.);
#141270=ORIENTED_EDGE('',*,*,#141260,.T.);
#141280=EDGE_CURVE('',#141250,#141230,#141210,.T.);
#141290=ORIENTED_EDGE('',*,*,#141280,.T.);
#141300=EDGE_LOOP('',(#141290,#141270));
#141310=FACE_OUTER_BOUND('',#141300,.T.);
#141320=ORIENTED_EDGE('',*,*,#140760,.T.);
#141330=ORIENTED_EDGE('',*,*,#141050,.T.);
#141340=CARTESIAN_POINT('',(29.8169795364281,40.1002563333336,
-38.3432861188318));
#141350=DIRECTION('',(1.,1.4210854715202E-14,0.));
#141360=VECTOR('',#141350,1.);
#141370=LINE('',#141340,#141360);
#141380=CARTESIAN_POINT('',(17.7836462030947,40.1002563333334,
-38.3432861188318));
#141390=VERTEX_POINT('',#141380);
#141400=EDGE_CURVE('',#141390,#140980,#141370,.T.);
#141410=ORIENTED_EDGE('',*,*,#141400,.T.);
#141420=CARTESIAN_POINT('',(17.7836462030947,40.1002563333334,
-37.3932861188318));
#141430=DIRECTION('',(0.,0.,1.));
#141440=VECTOR('',#141430,1.);
#141450=LINE('',#141420,#141440);
#141460=EDGE_CURVE('',#140750,#141390,#141450,.T.);
#141470=ORIENTED_EDGE('',*,*,#141460,.T.);
#141480=EDGE_LOOP('',(#141470,#141410,#141330,#141320));
#141490=FACE_BOUND('',#141480,.T.);
#141500=ADVANCED_FACE('',(#141310,#141490),#141160,.T.);
#141510=COLOUR_RGB('',0.639215707778931,0.0901960805058479,
0.10196079313755);
#141520=FILL_AREA_STYLE_COLOUR('',#141510);
#141530=FILL_AREA_STYLE('',(#141520));
#141540=SURFACE_STYLE_FILL_AREA(#141530);
#141550=SURFACE_SIDE_STYLE('',(#141540));
#141560=SURFACE_STYLE_USAGE(.BOTH.,#141550);
#141570=PRESENTATION_STYLE_ASSIGNMENT((#141560));
#141580=CARTESIAN_POINT('',(18.1036462030947,40.6002563333335,
-38.6632861188318));
#141590=DIRECTION('',(1.4210854715202E-14,-1.,0.));
#141600=DIRECTION('',(0.,0.,-1.));
#141610=AXIS2_PLACEMENT_3D('',#141580,#141590,#141600);
#141620=CYLINDRICAL_SURFACE('',#141610,0.6);
#141630=CARTESIAN_POINT('',(18.1036462030947,40.6002563333335,
-39.2632861188318));
#141640=DIRECTION('',(1.4210854715202E-14,-1.,0.));
#141650=VECTOR('',#141640,1.);
#141660=LINE('',#141630,#141650);
#141670=EDGE_CURVE('',#140420,#141250,#141660,.T.);
#141680=ORIENTED_EDGE('',*,*,#141670,.F.);
#141690=ORIENTED_EDGE('',*,*,#141280,.F.);
#141700=CARTESIAN_POINT('',(18.1036462030947,40.6002563333335,
-38.0632861188318));
#141710=DIRECTION('',(1.4210854715202E-14,-1.,0.));
#141720=VECTOR('',#141710,1.);
#141730=LINE('',#141700,#141720);
#141740=EDGE_CURVE('',#140400,#141230,#141730,.T.);
#141750=ORIENTED_EDGE('',*,*,#141740,.T.);
#141760=ORIENTED_EDGE('',*,*,#140450,.T.);
#141770=EDGE_LOOP('',(#141760,#141750,#141690,#141680));
#141780=FACE_OUTER_BOUND('',#141770,.T.);
#141790=ADVANCED_FACE('',(#141780),#141620,.T.);
#141800=COLOUR_RGB('',0.639215707778931,0.0901960805058479,
0.10196079313755);
#141810=FILL_AREA_STYLE_COLOUR('',#141800);
#141820=FILL_AREA_STYLE('',(#141810));
#141830=SURFACE_STYLE_FILL_AREA(#141820);
#141840=SURFACE_SIDE_STYLE('',(#141830));
#141850=SURFACE_STYLE_USAGE(.BOTH.,#141840);
#141860=PRESENTATION_STYLE_ASSIGNMENT((#141850));
#141870=CARTESIAN_POINT('',(17.7836462030947,37.9152539333334,
-38.3432861188318));
#141880=DIRECTION('',(0.,0.,-1.));
#141890=DIRECTION('',(1.,1.4210854715202E-14,0.));
#141900=AXIS2_PLACEMENT_3D('',#141870,#141880,#141890);
#141910=PLANE('',#141900);
#141920=CARTESIAN_POINT('',(17.7836462030946,43.7769229999999,
-38.3432861188318));
#141930=DIRECTION('',(-1.4210854715202E-14,1.,0.));
#141940=VECTOR('',#141930,1.);
#141950=LINE('',#141920,#141940);
#141960=EDGE_CURVE('',#141390,#140050,#141950,.T.);
#141970=ORIENTED_EDGE('',*,*,#141960,.T.);
#141980=ORIENTED_EDGE('',*,*,#141400,.F.);
#141990=ORIENTED_EDGE('',*,*,#140990,.F.);
#142000=ORIENTED_EDGE('',*,*,#140080,.T.);
#142010=EDGE_LOOP('',(#142000,#141990,#141980,#141970));
#142020=FACE_OUTER_BOUND('',#142010,.T.);
#142030=ADVANCED_FACE('',(#142020),#141910,.T.);
#142040=CARTESIAN_POINT('',(17.7836462030947,37.9152539333334,
-38.9832861188318));
#142050=DIRECTION('',(1.,1.4210854715202E-14,-0.));
#142060=DIRECTION('',(0.,0.,1.));
#142070=AXIS2_PLACEMENT_3D('',#142040,#142050,#142060);
#142080=PLANE('',#142070);
#142090=ORIENTED_EDGE('',*,*,#141960,.F.);
#142100=ORIENTED_EDGE('',*,*,#140300,.T.);
#142110=ORIENTED_EDGE('',*,*,#140820,.F.);
#142120=ORIENTED_EDGE('',*,*,#141460,.F.);
#142130=EDGE_LOOP('',(#142120,#142110,#142100,#142090));
#142140=FACE_OUTER_BOUND('',#142130,.T.);
#142150=ADVANCED_FACE('',(#142140),#142080,.T.);
#142160=CARTESIAN_POINT('',(18.1036462030947,40.6002563333335,
-38.6632861188318));
#142170=DIRECTION('',(1.4210854715202E-14,-1.,0.));
#142180=DIRECTION('',(0.,0.,-1.));
#142190=AXIS2_PLACEMENT_3D('',#142160,#142170,#142180);
#142200=CYLINDRICAL_SURFACE('',#142190,0.6);
#142210=ORIENTED_EDGE('',*,*,#140430,.T.);
#142220=ORIENTED_EDGE('',*,*,#141740,.F.);
#142230=ORIENTED_EDGE('',*,*,#141260,.F.);
#142240=ORIENTED_EDGE('',*,*,#141670,.T.);
#142250=EDGE_LOOP('',(#142240,#142230,#142220,#142210));
#142260=FACE_OUTER_BOUND('',#142250,.T.);
#142270=ADVANCED_FACE('',(#142260),#142200,.T.);
#142280=COLOUR_RGB('',0.639215707778931,0.0901960805058479,
0.10196079313755);
#142290=FILL_AREA_STYLE_COLOUR('',#142280);
#142300=FILL_AREA_STYLE('',(#142290));
#142310=SURFACE_STYLE_FILL_AREA(#142300);
#142320=SURFACE_SIDE_STYLE('',(#142310));
#142330=SURFACE_STYLE_USAGE(.BOTH.,#142320);
#142340=PRESENTATION_STYLE_ASSIGNMENT((#142330));
#142350=CLOSED_SHELL('',(#140490,#140870,#141110,#141500,#141790,#142030
,#142150,#142270));
#142360=MANIFOLD_SOLID_BREP('',#142350);
#142370=APPLICATION_CONTEXT(' ');
#142380=APPLICATION_PROTOCOL_DEFINITION(' ','automotive_design',1998,
#142370);
#142390=PRODUCT_CONTEXT('',#142370,'mechanical');
#142400=PRODUCT_DEFINITION_CONTEXT('part definition',#142370,'design');
#142410=PRODUCT('Bohrdurchmesser_3','Bohrdurchmesser_3','',(#142390));
#142420=PRODUCT_RELATED_PRODUCT_CATEGORY('part',' ',(#142410));
#142430=PRODUCT_DEFINITION_FORMATION_WITH_SPECIFIED_SOURCE('','',#142410
,.BOUGHT.);
#142440=PRODUCT_DEFINITION('',' ',#142430,#142400);
#142450=PRODUCT_DEFINITION_SHAPE('','',#142440);
#142460=DIMENSIONAL_EXPONENTS(1.,0.,0.,0.,0.,0.,0.);
#142470=DIMENSIONAL_EXPONENTS(0.,0.,0.,0.,0.,0.,0.);
#142480=DIMENSIONAL_EXPONENTS(0.,0.,0.,0.,0.,0.,0.);
#142490=(LENGTH_UNIT() NAMED_UNIT(*) SI_UNIT(.MILLI.,.METRE.));
#142500=(NAMED_UNIT(*) PLANE_ANGLE_UNIT() SI_UNIT($,.RADIAN.));
#142510=(NAMED_UNIT(*) SI_UNIT($,.STERADIAN.) SOLID_ANGLE_UNIT());
#142520=(GEOMETRIC_REPRESENTATION_CONTEXT(3) 
GLOBAL_UNCERTAINTY_ASSIGNED_CONTEXT((#142530)) 
GLOBAL_UNIT_ASSIGNED_CONTEXT((#142490,#142500,#142510)) 
REPRESENTATION_CONTEXT('',''));
#142530=UNCERTAINTY_MEASURE_WITH_UNIT(LENGTH_MEASURE(1.E-6),#142490,
'distance_accuracy_value','maximum gap value');
#142540=ADVANCED_BREP_SHAPE_REPRESENTATION('',(#127020,#142360),#142520)
;
#142550=SHAPE_DEFINITION_REPRESENTATION(#142450,#142540);
#142560=COLOUR_RGB('',0.34901961684227,0.34901961684227,0.34901961684227
);
#142570=FILL_AREA_STYLE_COLOUR('',#142560);
#142580=FILL_AREA_STYLE('',(#142570));
#142590=SURFACE_STYLE_FILL_AREA(#142580);
#142600=SURFACE_SIDE_STYLE('',(#142590));
#142610=SURFACE_STYLE_USAGE(.BOTH.,#142600);
#142620=PRESENTATION_STYLE_ASSIGNMENT((#142610));
#142630=STYLED_ITEM('',(#142620),#142360);
#142640=OVER_RIDING_STYLED_ITEM('',(#140560),#140490,#142630);
#142650=OVER_RIDING_STYLED_ITEM('',(#141570),#141500,#142630);
#142660=OVER_RIDING_STYLED_ITEM('',(#141860),#141790,#142630);
#142670=OVER_RIDING_STYLED_ITEM('',(#142340),#142270,#142630);
#142680=DRAUGHTING_MODEL('',(#142630,#142640,#142650,#142660,#142670),
#142520);
#142690=CARTESIAN_POINT('',(40.6002713333332,-26.8536462030956,
17.6582641188322));
#142700=DIRECTION('',(3.15544362088405E-30,1.4210854715202E-14,1.));
#142710=DIRECTION('',(1.4210854715202E-14,1.,-1.4210854715202E-14));
#142720=AXIS2_PLACEMENT_3D('',#142690,#142700,#142710);
#142730=ITEM_DEFINED_TRANSFORMATION('Bohrdurchmesser_3','',#127020,
#142720);
#142740=CARTESIAN_POINT('',(22.4336462030947,40.6002563333335,
-38.9339765318755));
#142750=DIRECTION('',(1.4210854715202E-14,-1.,0.));
#142760=DIRECTION('',(0.,0.,-1.));
#142770=AXIS2_PLACEMENT_3D('',#142740,#142750,#142760);
#142780=PLANE('',#142770);
#142790=CARTESIAN_POINT('',(29.8169795364281,40.6002563333336,
-38.3432861188318));
#142800=DIRECTION('',(1.,1.4210854715202E-14,0.));
#142810=VECTOR('',#142800,1.);
#142820=LINE('',#142790,#142810);
#142830=CARTESIAN_POINT('',(17.7836462030947,40.6002563333334,
-38.3432861188318));
#142840=VERTEX_POINT('',#142830);
#142850=CARTESIAN_POINT('',(18.4236462030947,40.6002563333335,
-38.3432861188318));
#142860=VERTEX_POINT('',#142850);
#142870=EDGE_CURVE('',#142840,#142860,#142820,.T.);
#142880=ORIENTED_EDGE('',*,*,#142870,.F.);
#142890=CARTESIAN_POINT('',(18.4236462030947,40.6002563333335,
-37.3932861188318));
#142900=DIRECTION('',(0.,0.,-1.));
#142910=VECTOR('',#142900,1.);
#142920=LINE('',#142890,#142910);
#142930=CARTESIAN_POINT('',(18.4236462030947,40.6002563333335,
-38.9832861188318));
#142940=VERTEX_POINT('',#142930);
#142950=EDGE_CURVE('',#142860,#142940,#142920,.T.);
#142960=ORIENTED_EDGE('',*,*,#142950,.F.);
#142970=CARTESIAN_POINT('',(29.8169795364281,40.6002563333336,
-38.9832861188318));
#142980=DIRECTION('',(-1.,-1.4210854715202E-14,0.));
#142990=VECTOR('',#142980,1.);
#143000=LINE('',#142970,#142990);
#143010=CARTESIAN_POINT('',(17.7836462030947,40.6002563333334,
-38.9832861188318));
#143020=VERTEX_POINT('',#143010);
#143030=EDGE_CURVE('',#142940,#143020,#143000,.T.);
#143040=ORIENTED_EDGE('',*,*,#143030,.F.);
#143050=CARTESIAN_POINT('',(17.7836462030947,40.6002563333334,
-37.3932861188318));
#143060=DIRECTION('',(0.,0.,1.));
#143070=VECTOR('',#143060,1.);
#143080=LINE('',#143050,#143070);
#143090=EDGE_CURVE('',#143020,#142840,#143080,.T.);
#143100=ORIENTED_EDGE('',*,*,#143090,.F.);
#143110=EDGE_LOOP('',(#143100,#143040,#142960,#142880));
#143120=FACE_BOUND('',#143110,.T.);
#143130=CARTESIAN_POINT('',(18.1036462030947,40.6002563333335,
-38.6632861188318));
#143140=DIRECTION('',(1.4210854715202E-14,-1.,0.));
#143150=DIRECTION('',(0.,0.,-1.));
#143160=AXIS2_PLACEMENT_3D('',#143130,#143140,#143150);
#143170=CIRCLE('',#143160,0.6);
#143180=CARTESIAN_POINT('',(18.1036462030947,40.6002563333335,
-38.0632861188318));
#143190=VERTEX_POINT('',#143180);
#143200=CARTESIAN_POINT('',(18.1036462030947,40.6002563333335,
-39.2632861188318));
#143210=VERTEX_POINT('',#143200);
#143220=EDGE_CURVE('',#143190,#143210,#143170,.T.);
#143230=ORIENTED_EDGE('',*,*,#143220,.F.);
#143240=EDGE_CURVE('',#143210,#143190,#143170,.T.);
#143250=ORIENTED_EDGE('',*,*,#143240,.F.);
#143260=EDGE_LOOP('',(#143250,#143230));
#143270=FACE_OUTER_BOUND('',#143260,.T.);
#143280=ADVANCED_FACE('',(#143120,#143270),#142780,.F.);
#143290=COLOUR_RGB('',0.639215707778931,0.0901960805058479,
0.10196079313755);
#143300=FILL_AREA_STYLE_COLOUR('',#143290);
#143310=FILL_AREA_STYLE('',(#143300));
#143320=SURFACE_STYLE_FILL_AREA(#143310);
#143330=SURFACE_SIDE_STYLE('',(#143320));
#143340=SURFACE_STYLE_USAGE(.BOTH.,#143330);
#143350=PRESENTATION_STYLE_ASSIGNMENT((#143340));
#143360=CARTESIAN_POINT('',(18.4236462030947,37.9152539333334,
-38.9832861188318));
#143370=DIRECTION('',(0.,0.,1.));
#143380=DIRECTION('',(-1.,-1.4210854715202E-14,0.));
#143390=AXIS2_PLACEMENT_3D('',#143360,#143370,#143380);
#143400=PLANE('',#143390);
#143410=CARTESIAN_POINT('',(18.4236462030946,43.7769229999999,
-38.9832861188318));
#143420=DIRECTION('',(-1.4210854715202E-14,1.,0.));
#143430=VECTOR('',#143420,1.);
#143440=LINE('',#143410,#143430);
#143450=CARTESIAN_POINT('',(18.4236462030947,40.1002563333335,
-38.9832861188318));
#143460=VERTEX_POINT('',#143450);
#143470=EDGE_CURVE('',#143460,#142940,#143440,.T.);
#143480=ORIENTED_EDGE('',*,*,#143470,.T.);
#143490=CARTESIAN_POINT('',(29.8169795364281,40.1002563333336,
-38.9832861188318));
#143500=DIRECTION('',(-1.,-1.4210854715202E-14,0.));
#143510=VECTOR('',#143500,1.);
#143520=LINE('',#143490,#143510);
#143530=CARTESIAN_POINT('',(17.7836462030947,40.1002563333334,
-38.9832861188318));
#143540=VERTEX_POINT('',#143530);
#143550=EDGE_CURVE('',#143460,#143540,#143520,.T.);
#143560=ORIENTED_EDGE('',*,*,#143550,.F.);
#143570=CARTESIAN_POINT('',(17.7836462030946,43.7769229999999,
-38.9832861188318));
#143580=DIRECTION('',(1.4210854715202E-14,-1.,0.));
#143590=VECTOR('',#143580,1.);
#143600=LINE('',#143570,#143590);
#143610=EDGE_CURVE('',#143020,#143540,#143600,.T.);
#143620=ORIENTED_EDGE('',*,*,#143610,.T.);
#143630=ORIENTED_EDGE('',*,*,#143030,.T.);
#143640=EDGE_LOOP('',(#143630,#143620,#143560,#143480));
#143650=FACE_OUTER_BOUND('',#143640,.T.);
#143660=ADVANCED_FACE('',(#143650),#143400,.T.);
#143670=CARTESIAN_POINT('',(18.4236462030947,37.9152539333334,
-38.3432861188318));
#143680=DIRECTION('',(-1.,-1.4210854715202E-14,-0.));
#143690=DIRECTION('',(0.,0.,-1.));
#143700=AXIS2_PLACEMENT_3D('',#143670,#143680,#143690);
#143710=PLANE('',#143700);
#143720=CARTESIAN_POINT('',(18.4236462030946,43.7769229999999,
-38.3432861188318));
#143730=DIRECTION('',(-1.4210854715202E-14,1.,0.));
#143740=VECTOR('',#143730,1.);
#143750=LINE('',#143720,#143740);
#143760=CARTESIAN_POINT('',(18.4236462030947,40.1002563333335,
-38.3432861188318));
#143770=VERTEX_POINT('',#143760);
#143780=EDGE_CURVE('',#143770,#142860,#143750,.T.);
#143790=ORIENTED_EDGE('',*,*,#143780,.T.);
#143800=CARTESIAN_POINT('',(18.4236462030947,40.1002563333335,
-37.3932861188318));
#143810=DIRECTION('',(0.,0.,-1.));
#143820=VECTOR('',#143810,1.);
#143830=LINE('',#143800,#143820);
#143840=EDGE_CURVE('',#143770,#143460,#143830,.T.);
#143850=ORIENTED_EDGE('',*,*,#143840,.F.);
#143860=ORIENTED_EDGE('',*,*,#143470,.F.);
#143870=ORIENTED_EDGE('',*,*,#142950,.T.);
#143880=EDGE_LOOP('',(#143870,#143860,#143850,#143790));
#143890=FACE_OUTER_BOUND('',#143880,.T.);
#143900=ADVANCED_FACE('',(#143890),#143710,.T.);
#143910=CARTESIAN_POINT('',(22.4336462030947,40.1002563333335,
-38.9339765318755));
#143920=DIRECTION('',(1.4210854715202E-14,-1.,0.));
#143930=DIRECTION('',(0.,0.,-1.));
#143940=AXIS2_PLACEMENT_3D('',#143910,#143920,#143930);
#143950=PLANE('',#143940);
#143960=CARTESIAN_POINT('',(18.1036462030947,40.1002563333335,
-38.6632861188318));
#143970=DIRECTION('',(1.4210854715202E-14,-1.,0.));
#143980=DIRECTION('',(0.,0.,-1.));
#143990=AXIS2_PLACEMENT_3D('',#143960,#143970,#143980);
#144000=CIRCLE('',#143990,0.6);
#144010=CARTESIAN_POINT('',(18.1036462030947,40.1002563333335,
-38.0632861188318));
#144020=VERTEX_POINT('',#144010);
#144030=CARTESIAN_POINT('',(18.1036462030947,40.1002563333335,
-39.2632861188318));
#144040=VERTEX_POINT('',#144030);
#144050=EDGE_CURVE('',#144020,#144040,#144000,.T.);
#144060=ORIENTED_EDGE('',*,*,#144050,.T.);
#144070=EDGE_CURVE('',#144040,#144020,#144000,.T.);
#144080=ORIENTED_EDGE('',*,*,#144070,.T.);
#144090=EDGE_LOOP('',(#144080,#144060));
#144100=FACE_OUTER_BOUND('',#144090,.T.);
#144110=ORIENTED_EDGE('',*,*,#143550,.T.);
#144120=ORIENTED_EDGE('',*,*,#143840,.T.);
#144130=CARTESIAN_POINT('',(29.8169795364281,40.1002563333336,
-38.3432861188318));
#144140=DIRECTION('',(1.,1.4210854715202E-14,0.));
#144150=VECTOR('',#144140,1.);
#144160=LINE('',#144130,#144150);
#144170=CARTESIAN_POINT('',(17.7836462030947,40.1002563333334,
-38.3432861188318));
#144180=VERTEX_POINT('',#144170);
#144190=EDGE_CURVE('',#144180,#143770,#144160,.T.);
#144200=ORIENTED_EDGE('',*,*,#144190,.T.);
#144210=CARTESIAN_POINT('',(17.7836462030947,40.1002563333334,
-37.3932861188318));
#144220=DIRECTION('',(0.,0.,1.));
#144230=VECTOR('',#144220,1.);
#144240=LINE('',#144210,#144230);
#144250=EDGE_CURVE('',#143540,#144180,#144240,.T.);
#144260=ORIENTED_EDGE('',*,*,#144250,.T.);
#144270=EDGE_LOOP('',(#144260,#144200,#144120,#144110));
#144280=FACE_BOUND('',#144270,.T.);
#144290=ADVANCED_FACE('',(#144100,#144280),#143950,.T.);
#144300=COLOUR_RGB('',0.639215707778931,0.0901960805058479,
0.10196079313755);
#144310=FILL_AREA_STYLE_COLOUR('',#144300);
#144320=FILL_AREA_STYLE('',(#144310));
#144330=SURFACE_STYLE_FILL_AREA(#144320);
#144340=SURFACE_SIDE_STYLE('',(#144330));
#144350=SURFACE_STYLE_USAGE(.BOTH.,#144340);
#144360=PRESENTATION_STYLE_ASSIGNMENT((#144350));
#144370=CARTESIAN_POINT('',(18.1036462030947,40.6002563333335,
-38.6632861188318));
#144380=DIRECTION('',(1.4210854715202E-14,-1.,0.));
#144390=DIRECTION('',(0.,0.,-1.));
#144400=AXIS2_PLACEMENT_3D('',#144370,#144380,#144390);
#144410=CYLINDRICAL_SURFACE('',#144400,0.6);
#144420=CARTESIAN_POINT('',(18.1036462030947,40.6002563333335,
-39.2632861188318));
#144430=DIRECTION('',(1.4210854715202E-14,-1.,0.));
#144440=VECTOR('',#144430,1.);
#144450=LINE('',#144420,#144440);
#144460=EDGE_CURVE('',#143210,#144040,#144450,.T.);
#144470=ORIENTED_EDGE('',*,*,#144460,.F.);
#144480=ORIENTED_EDGE('',*,*,#144070,.F.);
#144490=CARTESIAN_POINT('',(18.1036462030947,40.6002563333335,
-38.0632861188318));
#144500=DIRECTION('',(1.4210854715202E-14,-1.,0.));
#144510=VECTOR('',#144500,1.);
#144520=LINE('',#144490,#144510);
#144530=EDGE_CURVE('',#143190,#144020,#144520,.T.);
#144540=ORIENTED_EDGE('',*,*,#144530,.T.);
#144550=ORIENTED_EDGE('',*,*,#143240,.T.);
#144560=EDGE_LOOP('',(#144550,#144540,#144480,#144470));
#144570=FACE_OUTER_BOUND('',#144560,.T.);
#144580=ADVANCED_FACE('',(#144570),#144410,.T.);
#144590=COLOUR_RGB('',0.639215707778931,0.0901960805058479,
0.10196079313755);
#144600=FILL_AREA_STYLE_COLOUR('',#144590);
#144610=FILL_AREA_STYLE('',(#144600));
#144620=SURFACE_STYLE_FILL_AREA(#144610);
#144630=SURFACE_SIDE_STYLE('',(#144620));
#144640=SURFACE_STYLE_USAGE(.BOTH.,#144630);
#144650=PRESENTATION_STYLE_ASSIGNMENT((#144640));
#144660=CARTESIAN_POINT('',(17.7836462030947,37.9152539333334,
-38.3432861188318));
#144670=DIRECTION('',(0.,0.,-1.));
#144680=DIRECTION('',(1.,1.4210854715202E-14,0.));
#144690=AXIS2_PLACEMENT_3D('',#144660,#144670,#144680);
#144700=PLANE('',#144690);
#144710=CARTESIAN_POINT('',(17.7836462030946,43.7769229999999,
-38.3432861188318));
#144720=DIRECTION('',(-1.4210854715202E-14,1.,0.));
#144730=VECTOR('',#144720,1.);
#144740=LINE('',#144710,#144730);
#144750=EDGE_CURVE('',#144180,#142840,#144740,.T.);
#144760=ORIENTED_EDGE('',*,*,#144750,.T.);
#144770=ORIENTED_EDGE('',*,*,#144190,.F.);
#144780=ORIENTED_EDGE('',*,*,#143780,.F.);
#144790=ORIENTED_EDGE('',*,*,#142870,.T.);
#144800=EDGE_LOOP('',(#144790,#144780,#144770,#144760));
#144810=FACE_OUTER_BOUND('',#144800,.T.);
#144820=ADVANCED_FACE('',(#144810),#144700,.T.);
#144830=CARTESIAN_POINT('',(17.7836462030947,37.9152539333334,
-38.9832861188318));
#144840=DIRECTION('',(1.,1.4210854715202E-14,-0.));
#144850=DIRECTION('',(0.,0.,1.));
#144860=AXIS2_PLACEMENT_3D('',#144830,#144840,#144850);
#144870=PLANE('',#144860);
#144880=ORIENTED_EDGE('',*,*,#144750,.F.);
#144890=ORIENTED_EDGE('',*,*,#143090,.T.);
#144900=ORIENTED_EDGE('',*,*,#143610,.F.);
#144910=ORIENTED_EDGE('',*,*,#144250,.F.);
#144920=EDGE_LOOP('',(#144910,#144900,#144890,#144880));
#144930=FACE_OUTER_BOUND('',#144920,.T.);
#144940=ADVANCED_FACE('',(#144930),#144870,.T.);
#144950=CARTESIAN_POINT('',(18.1036462030947,40.6002563333335,
-38.6632861188318));
#144960=DIRECTION('',(1.4210854715202E-14,-1.,0.));
#144970=DIRECTION('',(0.,0.,-1.));
#144980=AXIS2_PLACEMENT_3D('',#144950,#144960,#144970);
#144990=CYLINDRICAL_SURFACE('',#144980,0.6);
#145000=ORIENTED_EDGE('',*,*,#143220,.T.);
#145010=ORIENTED_EDGE('',*,*,#144530,.F.);
#145020=ORIENTED_EDGE('',*,*,#144050,.F.);
#145030=ORIENTED_EDGE('',*,*,#144460,.T.);
#145040=EDGE_LOOP('',(#145030,#145020,#145010,#145000));
#145050=FACE_OUTER_BOUND('',#145040,.T.);
#145060=ADVANCED_FACE('',(#145050),#144990,.T.);
#145070=COLOUR_RGB('',0.639215707778931,0.0901960805058479,
0.10196079313755);
#145080=FILL_AREA_STYLE_COLOUR('',#145070);
#145090=FILL_AREA_STYLE('',(#145080));
#145100=SURFACE_STYLE_FILL_AREA(#145090);
#145110=SURFACE_SIDE_STYLE('',(#145100));
#145120=SURFACE_STYLE_USAGE(.BOTH.,#145110);
#145130=PRESENTATION_STYLE_ASSIGNMENT((#145120));
#145140=CLOSED_SHELL('',(#143280,#143660,#143900,#144290,#144580,#144820
,#144940,#145060));
#145150=MANIFOLD_SOLID_BREP('',#145140);
#145160=APPLICATION_CONTEXT(' ');
#145170=APPLICATION_PROTOCOL_DEFINITION(' ','automotive_design',1998,
#145160);
#145180=PRODUCT_CONTEXT('',#145160,'mechanical');
#145190=PRODUCT_DEFINITION_CONTEXT('part definition',#145160,'design');
#145200=PRODUCT('Bohrdurchmesser_4','Bohrdurchmesser_4','',(#145180));
#145210=PRODUCT_RELATED_PRODUCT_CATEGORY('part',' ',(#145200));
#145220=PRODUCT_DEFINITION_FORMATION_WITH_SPECIFIED_SOURCE('','',#145200
,.BOUGHT.);
#145230=PRODUCT_DEFINITION('',' ',#145220,#145190);
#145240=PRODUCT_DEFINITION_SHAPE('','',#145230);
#145250=DIMENSIONAL_EXPONENTS(1.,0.,0.,0.,0.,0.,0.);
#145260=DIMENSIONAL_EXPONENTS(0.,0.,0.,0.,0.,0.,0.);
#145270=DIMENSIONAL_EXPONENTS(0.,0.,0.,0.,0.,0.,0.);
#145280=(LENGTH_UNIT() NAMED_UNIT(*) SI_UNIT(.MILLI.,.METRE.));
#145290=(NAMED_UNIT(*) PLANE_ANGLE_UNIT() SI_UNIT($,.RADIAN.));
#145300=(NAMED_UNIT(*) SI_UNIT($,.STERADIAN.) SOLID_ANGLE_UNIT());
#145310=(GEOMETRIC_REPRESENTATION_CONTEXT(3) 
GLOBAL_UNCERTAINTY_ASSIGNED_CONTEXT((#145320)) 
GLOBAL_UNIT_ASSIGNED_CONTEXT((#145280,#145290,#145300)) 
REPRESENTATION_CONTEXT('',''));
#145320=UNCERTAINTY_MEASURE_WITH_UNIT(LENGTH_MEASURE(1.E-6),#145280,
'distance_accuracy_value','maximum gap value');
#145330=ADVANCED_BREP_SHAPE_REPRESENTATION('',(#127020,#145150),#145310)
;
#145340=SHAPE_DEFINITION_REPRESENTATION(#145240,#145330);
#145350=COLOUR_RGB('',0.34901961684227,0.34901961684227,0.34901961684227
);
#145360=FILL_AREA_STYLE_COLOUR('',#145350);
#145370=FILL_AREA_STYLE('',(#145360));
#145380=SURFACE_STYLE_FILL_AREA(#145370);
#145390=SURFACE_SIDE_STYLE('',(#145380));
#145400=SURFACE_STYLE_USAGE(.BOTH.,#145390);
#145410=PRESENTATION_STYLE_ASSIGNMENT((#145400));
#145420=STYLED_ITEM('',(#145410),#145150);
#145430=OVER_RIDING_STYLED_ITEM('',(#143350),#143280,#145420);
#145440=OVER_RIDING_STYLED_ITEM('',(#144360),#144290,#145420);
#145450=OVER_RIDING_STYLED_ITEM('',(#144650),#144580,#145420);
#145460=OVER_RIDING_STYLED_ITEM('',(#145130),#145060,#145420);
#145470=DRAUGHTING_MODEL('',(#145420,#145430,#145440,#145450,#145460),
#145310);
#145480=CARTESIAN_POINT('',(40.6002713333332,-26.8536462030955,
20.1982641188322));
#145490=DIRECTION('',(3.15544362088405E-30,1.4210854715202E-14,1.));
#145500=DIRECTION('',(1.4210854715202E-14,1.,-1.4210854715202E-14));
#145510=AXIS2_PLACEMENT_3D('',#145480,#145490,#145500);
#145520=ITEM_DEFINED_TRANSFORMATION('Bohrdurchmesser_4','',#127020,
#145510);
#145530=CARTESIAN_POINT('',(22.4336462030947,40.6002563333335,
-38.9339765318755));
#145540=DIRECTION('',(1.4210854715202E-14,-1.,0.));
#145550=DIRECTION('',(0.,0.,-1.));
#145560=AXIS2_PLACEMENT_3D('',#145530,#145540,#145550);
#145570=PLANE('',#145560);
#145580=CARTESIAN_POINT('',(29.8169795364281,40.6002563333336,
-38.3432861188318));
#145590=DIRECTION('',(1.,1.4210854715202E-14,0.));
#145600=VECTOR('',#145590,1.);
#145610=LINE('',#145580,#145600);
#145620=CARTESIAN_POINT('',(17.7836462030947,40.6002563333334,
-38.3432861188318));
#145630=VERTEX_POINT('',#145620);
#145640=CARTESIAN_POINT('',(18.4236462030947,40.6002563333335,
-38.3432861188318));
#145650=VERTEX_POINT('',#145640);
#145660=EDGE_CURVE('',#145630,#145650,#145610,.T.);
#145670=ORIENTED_EDGE('',*,*,#145660,.F.);
#145680=CARTESIAN_POINT('',(18.4236462030947,40.6002563333335,
-37.3932861188318));
#145690=DIRECTION('',(0.,0.,-1.));
#145700=VECTOR('',#145690,1.);
#145710=LINE('',#145680,#145700);
#145720=CARTESIAN_POINT('',(18.4236462030947,40.6002563333335,
-38.9832861188318));
#145730=VERTEX_POINT('',#145720);
#145740=EDGE_CURVE('',#145650,#145730,#145710,.T.);
#145750=ORIENTED_EDGE('',*,*,#145740,.F.);
#145760=CARTESIAN_POINT('',(29.8169795364281,40.6002563333336,
-38.9832861188318));
#145770=DIRECTION('',(-1.,-1.4210854715202E-14,0.));
#145780=VECTOR('',#145770,1.);
#145790=LINE('',#145760,#145780);
#145800=CARTESIAN_POINT('',(17.7836462030947,40.6002563333334,
-38.9832861188318));
#145810=VERTEX_POINT('',#145800);
#145820=EDGE_CURVE('',#145730,#145810,#145790,.T.);
#145830=ORIENTED_EDGE('',*,*,#145820,.F.);
#145840=CARTESIAN_POINT('',(17.7836462030947,40.6002563333334,
-37.3932861188318));
#145850=DIRECTION('',(0.,0.,1.));
#145860=VECTOR('',#145850,1.);
#145870=LINE('',#145840,#145860);
#145880=EDGE_CURVE('',#145810,#145630,#145870,.T.);
#145890=ORIENTED_EDGE('',*,*,#145880,.F.);
#145900=EDGE_LOOP('',(#145890,#145830,#145750,#145670));
#145910=FACE_BOUND('',#145900,.T.);
#145920=CARTESIAN_POINT('',(18.1036462030947,40.6002563333335,
-38.6632861188318));
#145930=DIRECTION('',(1.4210854715202E-14,-1.,0.));
#145940=DIRECTION('',(0.,0.,-1.));
#145950=AXIS2_PLACEMENT_3D('',#145920,#145930,#145940);
#145960=CIRCLE('',#145950,0.6);
#145970=CARTESIAN_POINT('',(18.1036462030947,40.6002563333335,
-38.0632861188318));
#145980=VERTEX_POINT('',#145970);
#145990=CARTESIAN_POINT('',(18.1036462030947,40.6002563333335,
-39.2632861188318));
#146000=VERTEX_POINT('',#145990);
#146010=EDGE_CURVE('',#145980,#146000,#145960,.T.);
#146020=ORIENTED_EDGE('',*,*,#146010,.F.);
#146030=EDGE_CURVE('',#146000,#145980,#145960,.T.);
#146040=ORIENTED_EDGE('',*,*,#146030,.F.);
#146050=EDGE_LOOP('',(#146040,#146020));
#146060=FACE_OUTER_BOUND('',#146050,.T.);
#146070=ADVANCED_FACE('',(#145910,#146060),#145570,.F.);
#146080=COLOUR_RGB('',0.639215707778931,0.0901960805058479,
0.10196079313755);
#146090=FILL_AREA_STYLE_COLOUR('',#146080);
#146100=FILL_AREA_STYLE('',(#146090));
#146110=SURFACE_STYLE_FILL_AREA(#146100);
#146120=SURFACE_SIDE_STYLE('',(#146110));
#146130=SURFACE_STYLE_USAGE(.BOTH.,#146120);
#146140=PRESENTATION_STYLE_ASSIGNMENT((#146130));
#146150=CARTESIAN_POINT('',(18.4236462030947,37.9152539333334,
-38.9832861188318));
#146160=DIRECTION('',(0.,0.,1.));
#146170=DIRECTION('',(-1.,-1.4210854715202E-14,0.));
#146180=AXIS2_PLACEMENT_3D('',#146150,#146160,#146170);
#146190=PLANE('',#146180);
#146200=CARTESIAN_POINT('',(18.4236462030946,43.7769229999999,
-38.9832861188318));
#146210=DIRECTION('',(-1.4210854715202E-14,1.,0.));
#146220=VECTOR('',#146210,1.);
#146230=LINE('',#146200,#146220);
#146240=CARTESIAN_POINT('',(18.4236462030947,40.1002563333335,
-38.9832861188318));
#146250=VERTEX_POINT('',#146240);
#146260=EDGE_CURVE('',#146250,#145730,#146230,.T.);
#146270=ORIENTED_EDGE('',*,*,#146260,.T.);
#146280=CARTESIAN_POINT('',(29.8169795364281,40.1002563333336,
-38.9832861188318));
#146290=DIRECTION('',(-1.,-1.4210854715202E-14,0.));
#146300=VECTOR('',#146290,1.);
#146310=LINE('',#146280,#146300);
#146320=CARTESIAN_POINT('',(17.7836462030947,40.1002563333334,
-38.9832861188318));
#146330=VERTEX_POINT('',#146320);
#146340=EDGE_CURVE('',#146250,#146330,#146310,.T.);
#146350=ORIENTED_EDGE('',*,*,#146340,.F.);
#146360=CARTESIAN_POINT('',(17.7836462030946,43.7769229999999,
-38.9832861188318));
#146370=DIRECTION('',(1.4210854715202E-14,-1.,0.));
#146380=VECTOR('',#146370,1.);
#146390=LINE('',#146360,#146380);
#146400=EDGE_CURVE('',#145810,#146330,#146390,.T.);
#146410=ORIENTED_EDGE('',*,*,#146400,.T.);
#146420=ORIENTED_EDGE('',*,*,#145820,.T.);
#146430=EDGE_LOOP('',(#146420,#146410,#146350,#146270));
#146440=FACE_OUTER_BOUND('',#146430,.T.);
#146450=ADVANCED_FACE('',(#146440),#146190,.T.);
#146460=CARTESIAN_POINT('',(18.4236462030947,37.9152539333334,
-38.3432861188318));
#146470=DIRECTION('',(-1.,-1.4210854715202E-14,-0.));
#146480=DIRECTION('',(0.,0.,-1.));
#146490=AXIS2_PLACEMENT_3D('',#146460,#146470,#146480);
#146500=PLANE('',#146490);
#146510=CARTESIAN_POINT('',(18.4236462030946,43.7769229999999,
-38.3432861188318));
#146520=DIRECTION('',(-1.4210854715202E-14,1.,0.));
#146530=VECTOR('',#146520,1.);
#146540=LINE('',#146510,#146530);
#146550=CARTESIAN_POINT('',(18.4236462030947,40.1002563333335,
-38.3432861188318));
#146560=VERTEX_POINT('',#146550);
#146570=EDGE_CURVE('',#146560,#145650,#146540,.T.);
#146580=ORIENTED_EDGE('',*,*,#146570,.T.);
#146590=CARTESIAN_POINT('',(18.4236462030947,40.1002563333335,
-37.3932861188318));
#146600=DIRECTION('',(0.,0.,-1.));
#146610=VECTOR('',#146600,1.);
#146620=LINE('',#146590,#146610);
#146630=EDGE_CURVE('',#146560,#146250,#146620,.T.);
#146640=ORIENTED_EDGE('',*,*,#146630,.F.);
#146650=ORIENTED_EDGE('',*,*,#146260,.F.);
#146660=ORIENTED_EDGE('',*,*,#145740,.T.);
#146670=EDGE_LOOP('',(#146660,#146650,#146640,#146580));
#146680=FACE_OUTER_BOUND('',#146670,.T.);
#146690=ADVANCED_FACE('',(#146680),#146500,.T.);
#146700=CARTESIAN_POINT('',(22.4336462030947,40.1002563333335,
-38.9339765318755));
#146710=DIRECTION('',(1.4210854715202E-14,-1.,0.));
#146720=DIRECTION('',(0.,0.,-1.));
#146730=AXIS2_PLACEMENT_3D('',#146700,#146710,#146720);
#146740=PLANE('',#146730);
#146750=CARTESIAN_POINT('',(18.1036462030947,40.1002563333335,
-38.6632861188318));
#146760=DIRECTION('',(1.4210854715202E-14,-1.,0.));
#146770=DIRECTION('',(0.,0.,-1.));
#146780=AXIS2_PLACEMENT_3D('',#146750,#146760,#146770);
#146790=CIRCLE('',#146780,0.6);
#146800=CARTESIAN_POINT('',(18.1036462030947,40.1002563333335,
-38.0632861188318));
#146810=VERTEX_POINT('',#146800);
#146820=CARTESIAN_POINT('',(18.1036462030947,40.1002563333335,
-39.2632861188318));
#146830=VERTEX_POINT('',#146820);
#146840=EDGE_CURVE('',#146810,#146830,#146790,.T.);
#146850=ORIENTED_EDGE('',*,*,#146840,.T.);
#146860=EDGE_CURVE('',#146830,#146810,#146790,.T.);
#146870=ORIENTED_EDGE('',*,*,#146860,.T.);
#146880=EDGE_LOOP('',(#146870,#146850));
#146890=FACE_OUTER_BOUND('',#146880,.T.);
#146900=ORIENTED_EDGE('',*,*,#146340,.T.);
#146910=ORIENTED_EDGE('',*,*,#146630,.T.);
#146920=CARTESIAN_POINT('',(29.8169795364281,40.1002563333336,
-38.3432861188318));
#146930=DIRECTION('',(1.,1.4210854715202E-14,0.));
#146940=VECTOR('',#146930,1.);
#146950=LINE('',#146920,#146940);
#146960=CARTESIAN_POINT('',(17.7836462030947,40.1002563333334,
-38.3432861188318));
#146970=VERTEX_POINT('',#146960);
#146980=EDGE_CURVE('',#146970,#146560,#146950,.T.);
#146990=ORIENTED_EDGE('',*,*,#146980,.T.);
#147000=CARTESIAN_POINT('',(17.7836462030947,40.1002563333334,
-37.3932861188318));
#147010=DIRECTION('',(0.,0.,1.));
#147020=VECTOR('',#147010,1.);
#147030=LINE('',#147000,#147020);
#147040=EDGE_CURVE('',#146330,#146970,#147030,.T.);
#147050=ORIENTED_EDGE('',*,*,#147040,.T.);
#147060=EDGE_LOOP('',(#147050,#146990,#146910,#146900));
#147070=FACE_BOUND('',#147060,.T.);
#147080=ADVANCED_FACE('',(#146890,#147070),#146740,.T.);
#147090=COLOUR_RGB('',0.639215707778931,0.0901960805058479,
0.10196079313755);
#147100=FILL_AREA_STYLE_COLOUR('',#147090);
#147110=FILL_AREA_STYLE('',(#147100));
#147120=SURFACE_STYLE_FILL_AREA(#147110);
#147130=SURFACE_SIDE_STYLE('',(#147120));
#147140=SURFACE_STYLE_USAGE(.BOTH.,#147130);
#147150=PRESENTATION_STYLE_ASSIGNMENT((#147140));
#147160=CARTESIAN_POINT('',(18.1036462030947,40.6002563333335,
-38.6632861188318));
#147170=DIRECTION('',(1.4210854715202E-14,-1.,0.));
#147180=DIRECTION('',(0.,0.,-1.));
#147190=AXIS2_PLACEMENT_3D('',#147160,#147170,#147180);
#147200=CYLINDRICAL_SURFACE('',#147190,0.6);
#147210=CARTESIAN_POINT('',(18.1036462030947,40.6002563333335,
-39.2632861188318));
#147220=DIRECTION('',(1.4210854715202E-14,-1.,0.));
#147230=VECTOR('',#147220,1.);
#147240=LINE('',#147210,#147230);
#147250=EDGE_CURVE('',#146000,#146830,#147240,.T.);
#147260=ORIENTED_EDGE('',*,*,#147250,.F.);
#147270=ORIENTED_EDGE('',*,*,#146860,.F.);
#147280=CARTESIAN_POINT('',(18.1036462030947,40.6002563333335,
-38.0632861188318));
#147290=DIRECTION('',(1.4210854715202E-14,-1.,0.));
#147300=VECTOR('',#147290,1.);
#147310=LINE('',#147280,#147300);
#147320=EDGE_CURVE('',#145980,#146810,#147310,.T.);
#147330=ORIENTED_EDGE('',*,*,#147320,.T.);
#147340=ORIENTED_EDGE('',*,*,#146030,.T.);
#147350=EDGE_LOOP('',(#147340,#147330,#147270,#147260));
#147360=FACE_OUTER_BOUND('',#147350,.T.);
#147370=ADVANCED_FACE('',(#147360),#147200,.T.);
#147380=COLOUR_RGB('',0.639215707778931,0.0901960805058479,
0.10196079313755);
#147390=FILL_AREA_STYLE_COLOUR('',#147380);
#147400=FILL_AREA_STYLE('',(#147390));
#147410=SURFACE_STYLE_FILL_AREA(#147400);
#147420=SURFACE_SIDE_STYLE('',(#147410));
#147430=SURFACE_STYLE_USAGE(.BOTH.,#147420);
#147440=PRESENTATION_STYLE_ASSIGNMENT((#147430));
#147450=CARTESIAN_POINT('',(17.7836462030947,37.9152539333334,
-38.3432861188318));
#147460=DIRECTION('',(0.,0.,-1.));
#147470=DIRECTION('',(1.,1.4210854715202E-14,0.));
#147480=AXIS2_PLACEMENT_3D('',#147450,#147460,#147470);
#147490=PLANE('',#147480);
#147500=CARTESIAN_POINT('',(17.7836462030946,43.7769229999999,
-38.3432861188318));
#147510=DIRECTION('',(-1.4210854715202E-14,1.,0.));
#147520=VECTOR('',#147510,1.);
#147530=LINE('',#147500,#147520);
#147540=EDGE_CURVE('',#146970,#145630,#147530,.T.);
#147550=ORIENTED_EDGE('',*,*,#147540,.T.);
#147560=ORIENTED_EDGE('',*,*,#146980,.F.);
#147570=ORIENTED_EDGE('',*,*,#146570,.F.);
#147580=ORIENTED_EDGE('',*,*,#145660,.T.);
#147590=EDGE_LOOP('',(#147580,#147570,#147560,#147550));
#147600=FACE_OUTER_BOUND('',#147590,.T.);
#147610=ADVANCED_FACE('',(#147600),#147490,.T.);
#147620=CARTESIAN_POINT('',(17.7836462030947,37.9152539333334,
-38.9832861188318));
#147630=DIRECTION('',(1.,1.4210854715202E-14,-0.));
#147640=DIRECTION('',(0.,0.,1.));
#147650=AXIS2_PLACEMENT_3D('',#147620,#147630,#147640);
#147660=PLANE('',#147650);
#147670=ORIENTED_EDGE('',*,*,#147540,.F.);
#147680=ORIENTED_EDGE('',*,*,#145880,.T.);
#147690=ORIENTED_EDGE('',*,*,#146400,.F.);
#147700=ORIENTED_EDGE('',*,*,#147040,.F.);
#147710=EDGE_LOOP('',(#147700,#147690,#147680,#147670));
#147720=FACE_OUTER_BOUND('',#147710,.T.);
#147730=ADVANCED_FACE('',(#147720),#147660,.T.);
#147740=CARTESIAN_POINT('',(18.1036462030947,40.6002563333335,
-38.6632861188318));
#147750=DIRECTION('',(1.4210854715202E-14,-1.,0.));
#147760=DIRECTION('',(0.,0.,-1.));
#147770=AXIS2_PLACEMENT_3D('',#147740,#147750,#147760);
#147780=CYLINDRICAL_SURFACE('',#147770,0.6);
#147790=ORIENTED_EDGE('',*,*,#146010,.T.);
#147800=ORIENTED_EDGE('',*,*,#147320,.F.);
#147810=ORIENTED_EDGE('',*,*,#146840,.F.);
#147820=ORIENTED_EDGE('',*,*,#147250,.T.);
#147830=EDGE_LOOP('',(#147820,#147810,#147800,#147790));
#147840=FACE_OUTER_BOUND('',#147830,.T.);
#147850=ADVANCED_FACE('',(#147840),#147780,.T.);
#147860=COLOUR_RGB('',0.639215707778931,0.0901960805058479,
0.10196079313755);
#147870=FILL_AREA_STYLE_COLOUR('',#147860);
#147880=FILL_AREA_STYLE('',(#147870));
#147890=SURFACE_STYLE_FILL_AREA(#147880);
#147900=SURFACE_SIDE_STYLE('',(#147890));
#147910=SURFACE_STYLE_USAGE(.BOTH.,#147900);
#147920=PRESENTATION_STYLE_ASSIGNMENT((#147910));
#147930=CLOSED_SHELL('',(#146070,#146450,#146690,#147080,#147370,#147610
,#147730,#147850));
#147940=MANIFOLD_SOLID_BREP('',#147930);
#147950=APPLICATION_CONTEXT(' ');
#147960=APPLICATION_PROTOCOL_DEFINITION(' ','automotive_design',1998,
#147950);
#147970=PRODUCT_CONTEXT('',#147950,'mechanical');
#147980=PRODUCT_DEFINITION_CONTEXT('part definition',#147950,'design');
#147990=PRODUCT('Bohrdurchmesser_2.1','Bohrdurchmesser_2.1','',(#147970)
);
#148000=PRODUCT_RELATED_PRODUCT_CATEGORY('part',' ',(#147990));
#148010=PRODUCT_DEFINITION_FORMATION_WITH_SPECIFIED_SOURCE('','',#147990
,.BOUGHT.);
#148020=PRODUCT_DEFINITION('',' ',#148010,#147980);
#148030=PRODUCT_DEFINITION_SHAPE('','',#148020);
#148040=DIMENSIONAL_EXPONENTS(1.,0.,0.,0.,0.,0.,0.);
#148050=DIMENSIONAL_EXPONENTS(0.,0.,0.,0.,0.,0.,0.);
#148060=DIMENSIONAL_EXPONENTS(0.,0.,0.,0.,0.,0.,0.);
#148070=(LENGTH_UNIT() NAMED_UNIT(*) SI_UNIT(.MILLI.,.METRE.));
#148080=(NAMED_UNIT(*) PLANE_ANGLE_UNIT() SI_UNIT($,.RADIAN.));
#148090=(NAMED_UNIT(*) SI_UNIT($,.STERADIAN.) SOLID_ANGLE_UNIT());
#148100=(GEOMETRIC_REPRESENTATION_CONTEXT(3) 
GLOBAL_UNCERTAINTY_ASSIGNED_CONTEXT((#148110)) 
GLOBAL_UNIT_ASSIGNED_CONTEXT((#148070,#148080,#148090)) 
REPRESENTATION_CONTEXT('',''));
#148110=UNCERTAINTY_MEASURE_WITH_UNIT(LENGTH_MEASURE(1.E-6),#148070,
'distance_accuracy_value','maximum gap value');
#148120=ADVANCED_BREP_SHAPE_REPRESENTATION('',(#127020,#147940),#148100)
;
#148130=SHAPE_DEFINITION_REPRESENTATION(#148030,#148120);
#148140=COLOUR_RGB('',0.34901961684227,0.34901961684227,0.34901961684227
);
#148150=FILL_AREA_STYLE_COLOUR('',#148140);
#148160=FILL_AREA_STYLE('',(#148150));
#148170=SURFACE_STYLE_FILL_AREA(#148160);
#148180=SURFACE_SIDE_STYLE('',(#148170));
#148190=SURFACE_STYLE_USAGE(.BOTH.,#148180);
#148200=PRESENTATION_STYLE_ASSIGNMENT((#148190));
#148210=STYLED_ITEM('',(#148200),#147940);
#148220=OVER_RIDING_STYLED_ITEM('',(#146140),#146070,#148210);
#148230=OVER_RIDING_STYLED_ITEM('',(#147150),#147080,#148210);
#148240=OVER_RIDING_STYLED_ITEM('',(#147440),#147370,#148210);
#148250=OVER_RIDING_STYLED_ITEM('',(#147920),#147850,#148210);
#148260=DRAUGHTING_MODEL('',(#148210,#148220,#148230,#148240,#148250),
#148100);
#148270=CARTESIAN_POINT('',(40.6002713333332,-26.8536462030955,
22.7382641188322));
#148280=DIRECTION('',(3.15544362088405E-30,1.4210854715202E-14,1.));
#148290=DIRECTION('',(1.4210854715202E-14,1.,-1.4210854715202E-14));
#148300=AXIS2_PLACEMENT_3D('',#148270,#148280,#148290);
#148310=ITEM_DEFINED_TRANSFORMATION('Bohrdurchmesser_2.1','',#127020,
#148300);
#148320=APPLICATION_CONTEXT(' ');
#148330=APPLICATION_PROTOCOL_DEFINITION(' ','automotive_design',1998,
#148320);
#148340=PRODUCT_CONTEXT('',#148320,'mechanical');
#148350=PRODUCT_DEFINITION_CONTEXT('part definition',#148320,'design');
#148360=PRODUCT('Bohrlochdurchmesser','Bohrlochdurchmesser','',(#148340)
);
#148370=PRODUCT_RELATED_PRODUCT_CATEGORY('part',' ',(#148360));
#148380=PRODUCT_DEFINITION_FORMATION_WITH_SPECIFIED_SOURCE('','',#148360
,.BOUGHT.);
#148390=PRODUCT_DEFINITION('',' ',#148380,#148350);
#148400=PRODUCT_DEFINITION_SHAPE('','',#148390);
#148410=DIMENSIONAL_EXPONENTS(1.,0.,0.,0.,0.,0.,0.);
#148420=DIMENSIONAL_EXPONENTS(0.,0.,0.,0.,0.,0.,0.);
#148430=DIMENSIONAL_EXPONENTS(0.,0.,0.,0.,0.,0.,0.);
#148440=(LENGTH_UNIT() NAMED_UNIT(*) SI_UNIT(.MILLI.,.METRE.));
#148450=(NAMED_UNIT(*) PLANE_ANGLE_UNIT() SI_UNIT($,.RADIAN.));
#148460=(NAMED_UNIT(*) SI_UNIT($,.STERADIAN.) SOLID_ANGLE_UNIT());
#148470=(GEOMETRIC_REPRESENTATION_CONTEXT(3) 
GLOBAL_UNCERTAINTY_ASSIGNED_CONTEXT((#148480)) 
GLOBAL_UNIT_ASSIGNED_CONTEXT((#148440,#148450,#148460)) 
REPRESENTATION_CONTEXT('',''));
#148480=UNCERTAINTY_MEASURE_WITH_UNIT(LENGTH_MEASURE(1.E-6),#148440,
'distance_accuracy_value','maximum gap value');
#148490=SHAPE_REPRESENTATION('',(#127020,#148300,#145510,#142720,#139930
,#137040,#134250,#131460),#148470);
#148500=SHAPE_DEFINITION_REPRESENTATION(#148400,#148490);
#148510=(REPRESENTATION_RELATIONSHIP('','',#148120,#148490) 
REPRESENTATION_RELATIONSHIP_WITH_TRANSFORMATION(#148310) 
SHAPE_REPRESENTATION_RELATIONSHIP());
#148520=NEXT_ASSEMBLY_USAGE_OCCURRENCE('1','','Bohrdurchmesser_2.1',
#148390,#148020,'');
#148530=PRODUCT_DEFINITION_SHAPE('','',#148520);
#148540=CONTEXT_DEPENDENT_SHAPE_REPRESENTATION(#148510,#148530);
#148550=(REPRESENTATION_RELATIONSHIP('','',#145330,#148490) 
REPRESENTATION_RELATIONSHIP_WITH_TRANSFORMATION(#145520) 
SHAPE_REPRESENTATION_RELATIONSHIP());
#148560=NEXT_ASSEMBLY_USAGE_OCCURRENCE('2','','Bohrdurchmesser_4',
#148390,#145230,'');
#148570=PRODUCT_DEFINITION_SHAPE('','',#148560);
#148580=CONTEXT_DEPENDENT_SHAPE_REPRESENTATION(#148550,#148570);
#148590=(REPRESENTATION_RELATIONSHIP('','',#142540,#148490) 
REPRESENTATION_RELATIONSHIP_WITH_TRANSFORMATION(#142730) 
SHAPE_REPRESENTATION_RELATIONSHIP());
#148600=NEXT_ASSEMBLY_USAGE_OCCURRENCE('3','','Bohrdurchmesser_3',
#148390,#142440,'');
#148610=PRODUCT_DEFINITION_SHAPE('','',#148600);
#148620=CONTEXT_DEPENDENT_SHAPE_REPRESENTATION(#148590,#148610);
#148630=(REPRESENTATION_RELATIONSHIP('','',#139750,#148490) 
REPRESENTATION_RELATIONSHIP_WITH_TRANSFORMATION(#139940) 
SHAPE_REPRESENTATION_RELATIONSHIP());
#148640=NEXT_ASSEMBLY_USAGE_OCCURRENCE('4','','Bohrdurchmesser_5',
#148390,#139650,'');
#148650=PRODUCT_DEFINITION_SHAPE('','',#148640);
#148660=CONTEXT_DEPENDENT_SHAPE_REPRESENTATION(#148630,#148650);
#148670=(REPRESENTATION_RELATIONSHIP('','',#136860,#148490) 
REPRESENTATION_RELATIONSHIP_WITH_TRANSFORMATION(#137050) 
SHAPE_REPRESENTATION_RELATIONSHIP());
#148680=NEXT_ASSEMBLY_USAGE_OCCURRENCE('5','','Bohrdurchmesser_2',
#148390,#136760,'');
#148690=PRODUCT_DEFINITION_SHAPE('','',#148680);
#148700=CONTEXT_DEPENDENT_SHAPE_REPRESENTATION(#148670,#148690);
#148710=(REPRESENTATION_RELATIONSHIP('','',#134070,#148490) 
REPRESENTATION_RELATIONSHIP_WITH_TRANSFORMATION(#134260) 
SHAPE_REPRESENTATION_RELATIONSHIP());
#148720=NEXT_ASSEMBLY_USAGE_OCCURRENCE('6','','Bohrdurchmesser_1',
#148390,#133970,'');
#148730=PRODUCT_DEFINITION_SHAPE('','',#148720);
#148740=CONTEXT_DEPENDENT_SHAPE_REPRESENTATION(#148710,#148730);
#148750=(REPRESENTATION_RELATIONSHIP('','',#131280,#148490) 
REPRESENTATION_RELATIONSHIP_WITH_TRANSFORMATION(#131470) 
SHAPE_REPRESENTATION_RELATIONSHIP());
#148760=NEXT_ASSEMBLY_USAGE_OCCURRENCE('7','','Bohrdurchmesser',#148390,
#131180,'');
#148770=PRODUCT_DEFINITION_SHAPE('','',#148760);
#148780=CONTEXT_DEPENDENT_SHAPE_REPRESENTATION(#148750,#148770);
#148790=CARTESIAN_POINT('',(-9.32502200000008,-1.9700000000003,
1.50000000651573E-5));
#148800=DIRECTION('',(-1.,2.86437540353288E-14,2.2204460492423E-16));
#148810=DIRECTION('',(-2.22044604925044E-16,-2.8421709430404E-14,-1.));
#148820=AXIS2_PLACEMENT_3D('',#148790,#148800,#148810);
#148830=ITEM_DEFINED_TRANSFORMATION('Bohrlochdurchmesser','',#127020,
#148820);
#148840=APPLICATION_CONTEXT(' ');
#148850=APPLICATION_PROTOCOL_DEFINITION(' ','automotive_design',1998,
#148840);
#148860=PRODUCT_CONTEXT('',#148840,'mechanical');
#148870=PRODUCT_DEFINITION_CONTEXT('part definition',#148840,'design');
#148880=PRODUCT('MC_0.5_5-G-2.54_P20_THR_R44',
'MC_0.5_5-G-2.54_P20_THR_R44','',(#148860));
#148890=PRODUCT_RELATED_PRODUCT_CATEGORY('part',' ',(#148880));
#148900=PRODUCT_DEFINITION_FORMATION_WITH_SPECIFIED_SOURCE('','',#148880
,.BOUGHT.);
#148910=PRODUCT_DEFINITION('',' ',#148900,#148870);
#148920=PRODUCT_DEFINITION_SHAPE('','',#148910);
#148930=DIMENSIONAL_EXPONENTS(1.,0.,0.,0.,0.,0.,0.);
#148940=DIMENSIONAL_EXPONENTS(0.,0.,0.,0.,0.,0.,0.);
#148950=DIMENSIONAL_EXPONENTS(0.,0.,0.,0.,0.,0.,0.);
#148960=(LENGTH_UNIT() NAMED_UNIT(*) SI_UNIT(.MILLI.,.METRE.));
#148970=(NAMED_UNIT(*) PLANE_ANGLE_UNIT() SI_UNIT($,.RADIAN.));
#148980=(NAMED_UNIT(*) SI_UNIT($,.STERADIAN.) SOLID_ANGLE_UNIT());
#148990=(GEOMETRIC_REPRESENTATION_CONTEXT(3) 
GLOBAL_UNCERTAINTY_ASSIGNED_CONTEXT((#149000)) 
GLOBAL_UNIT_ASSIGNED_CONTEXT((#148960,#148970,#148980)) 
REPRESENTATION_CONTEXT('',''));
#149000=UNCERTAINTY_MEASURE_WITH_UNIT(LENGTH_MEASURE(1.E-6),#148960,
'distance_accuracy_value','maximum gap value');
#149010=SHAPE_REPRESENTATION('',(#127020,#148820,#128670),#148990);
#149020=SHAPE_DEFINITION_REPRESENTATION(#148920,#149010);
#149030=(REPRESENTATION_RELATIONSHIP('','',#148490,#149010) 
REPRESENTATION_RELATIONSHIP_WITH_TRANSFORMATION(#148830) 
SHAPE_REPRESENTATION_RELATIONSHIP());
#149040=NEXT_ASSEMBLY_USAGE_OCCURRENCE('8','','Bohrlochdurchmesser',
#148910,#148390,'');
#149050=PRODUCT_DEFINITION_SHAPE('','',#149040);
#149060=CONTEXT_DEPENDENT_SHAPE_REPRESENTATION(#149030,#149050);
#149070=(REPRESENTATION_RELATIONSHIP('','',#127200,#149010) 
REPRESENTATION_RELATIONSHIP_WITH_TRANSFORMATION(#128680) 
SHAPE_REPRESENTATION_RELATIONSHIP());
#149080=NEXT_ASSEMBLY_USAGE_OCCURRENCE('9','','MC_0.5_5-G-2.54.1',
#148910,#127100,'');
#149090=PRODUCT_DEFINITION_SHAPE('','',#149080);
#149100=CONTEXT_DEPENDENT_SHAPE_REPRESENTATION(#149070,#149090);
ENDSEC;
END-ISO-10303-21;
