ISO-10303-21;
HEADER;
FILE_DESCRIPTION(('Creo Elements/Direct Modeling STEP Export'),'2;1');
FILE_NAME(
'D:/temp/JobSpoolerServerData/JobServer Files/fb694fbb-7ac1-4aeb-8018-e4
fb0dc24e7f/work/output/model.stp','2018-02-10T13:39:36',(''),(''),
'Creo Elements/Direct Modeling STEP processor for AP214 (Solid Model)',
'Creo Elements/Direct Modeling 18.1I  14-Aug-2016 (C) Parametric Technol
ogy GmbH','');
FILE_SCHEMA(('AUTOMOTIVE_DESIGN { 1 0 10303 214 1 1 1 1 }'));
ENDSEC;
DATA;
#10=CARTESIAN_POINT('',(20.3236462030947,38.4869815216159,
-40.8832861188319));
#20=DIRECTION('',(-1.,0.,-0.));
#30=DIRECTION('',(0.,0.,-1.));
#40=AXIS2_PLACEMENT_3D('',#10,#20,#30);
#50=PLANE('',#40);
#60=CARTESIAN_POINT('',(20.3236462030947,40.8002563333335,
-37.3932861188318));
#70=DIRECTION('',(0.,0.,1.));
#80=VECTOR('',#70,1.);
#90=LINE('',#60,#80);
#100=CARTESIAN_POINT('',(20.3236462030947,40.8002563333335,
-41.5232861188319));
#110=VERTEX_POINT('',#100);
#120=CARTESIAN_POINT('',(20.3236462030947,40.8002563333335,
-40.8832861188319));
#130=VERTEX_POINT('',#120);
#140=EDGE_CURVE('',#110,#130,#90,.T.);
#150=ORIENTED_EDGE('',*,*,#140,.F.);
#160=CARTESIAN_POINT('',(20.3236462030947,43.776923,-40.8832861188319));
#170=DIRECTION('',(0.,-1.,-0.));
#180=VECTOR('',#170,1.);
#190=LINE('',#160,#180);
#200=CARTESIAN_POINT('',(20.3236462030947,38.9002563333335,
-40.8832861188319));
#210=VERTEX_POINT('',#200);
#220=EDGE_CURVE('',#130,#210,#190,.T.);
#230=ORIENTED_EDGE('',*,*,#220,.F.);
#240=CARTESIAN_POINT('',(20.3236462030948,38.9002563333335,
-37.3932861188318));
#250=DIRECTION('',(0.,0.,-1.));
#260=VECTOR('',#250,1.);
#270=LINE('',#240,#260);
#280=CARTESIAN_POINT('',(20.3236462030948,38.9002563333335,
-41.5232861188319));
#290=VERTEX_POINT('',#280);
#300=EDGE_CURVE('',#210,#290,#270,.T.);
#310=ORIENTED_EDGE('',*,*,#300,.F.);
#320=CARTESIAN_POINT('',(20.3236462030947,43.776923,-41.5232861188319));
#330=DIRECTION('',(1.4210854715202E-14,-1.,0.));
#340=VECTOR('',#330,1.);
#350=LINE('',#320,#340);
#360=EDGE_CURVE('',#110,#290,#350,.T.);
#370=ORIENTED_EDGE('',*,*,#360,.T.);
#380=EDGE_LOOP('',(#370,#310,#230,#150));
#390=FACE_OUTER_BOUND('',#380,.T.);
#400=ADVANCED_FACE('',(#390),#50,.T.);
#410=COLOUR_RGB('',0.823529481887817,0.823529481887817,0.784313797950745
);
#420=FILL_AREA_STYLE_COLOUR('',#410);
#430=FILL_AREA_STYLE('',(#420));
#440=SURFACE_STYLE_FILL_AREA(#430);
#450=SURFACE_SIDE_STYLE('',(#440));
#460=SURFACE_STYLE_USAGE(.BOTH.,#450);
#470=PRESENTATION_STYLE_ASSIGNMENT((#460));
#480=CARTESIAN_POINT('',(29.8169795364281,45.2502563333336,
-39.9832861188318));
#490=DIRECTION('',(1.,1.4210854715202E-14,0.));
#500=DIRECTION('',(-1.4210854715202E-14,1.,0.));
#510=AXIS2_PLACEMENT_3D('',#480,#490,#500);
#520=CYLINDRICAL_SURFACE('',#510,0.2);
#530=CARTESIAN_POINT('',(17.0696288030948,45.4502563333335,
-39.9832861188318));
#540=DIRECTION('',(1.,9.17996256015724E-18,0.));
#550=VECTOR('',#540,1.);
#560=LINE('',#530,#550);
#570=CARTESIAN_POINT('',(17.7836462030948,45.4502563333335,
-39.9832861188318));
#580=VERTEX_POINT('',#570);
#590=CARTESIAN_POINT('',(24.8836462030947,45.4502563333335,
-39.9832861188318));
#600=VERTEX_POINT('',#590);
#610=EDGE_CURVE('',#580,#600,#560,.T.);
#620=ORIENTED_EDGE('',*,*,#610,.T.);
#630=CARTESIAN_POINT('',(17.7836462030948,45.2502563333335,
-39.9832861188318));
#640=DIRECTION('',(-1.,0.,0.));
#650=DIRECTION('',(0.,1.,0.));
#660=AXIS2_PLACEMENT_3D('',#630,#640,#650);
#670=CIRCLE('',#660,0.2);
#680=CARTESIAN_POINT('',(17.7836462030948,45.2502563333335,
-40.1832861188318));
#690=VERTEX_POINT('',#680);
#700=EDGE_CURVE('',#580,#690,#670,.T.);
#710=ORIENTED_EDGE('',*,*,#700,.F.);
#720=CARTESIAN_POINT('',(29.8169795364281,45.2502563333336,
-40.1832861188318));
#730=DIRECTION('',(1.,1.4210854715202E-14,0.));
#740=VECTOR('',#730,1.);
#750=LINE('',#720,#740);
#760=CARTESIAN_POINT('',(24.8836462030947,45.2502563333336,
-40.1832861188318));
#770=VERTEX_POINT('',#760);
#780=EDGE_CURVE('',#690,#770,#750,.T.);
#790=ORIENTED_EDGE('',*,*,#780,.F.);
#800=CARTESIAN_POINT('',(24.8836462030947,45.2502563333335,
-39.9832861188318));
#810=DIRECTION('',(-1.,0.,0.));
#820=DIRECTION('',(0.,1.,0.));
#830=AXIS2_PLACEMENT_3D('',#800,#810,#820);
#840=CIRCLE('',#830,0.2);
#850=EDGE_CURVE('',#600,#770,#840,.T.);
#860=ORIENTED_EDGE('',*,*,#850,.T.);
#870=EDGE_LOOP('',(#860,#790,#710,#620));
#880=FACE_OUTER_BOUND('',#870,.T.);
#890=ADVANCED_FACE('',(#880),#520,.T.);
#900=CARTESIAN_POINT('',(20.8886462030947,38.7502563333335,
-41.2032861188319));
#910=DIRECTION('',(0.894427190999916,-0.447213595499958,0.));
#920=DIRECTION('',(0.447213595499958,0.894427190999916,
8.27511384415758E-17));
#930=AXIS2_PLACEMENT_3D('',#900,#910,#920);
#940=PLANE('',#930);
#950=CARTESIAN_POINT('',(20.7570087972359,38.4869815216159,
-41.0899235246907));
#960=DIRECTION('',(-0.408248290463863,-0.816496580927726,
-0.408248290463863));
#970=VECTOR('',#960,1.);
#980=LINE('',#950,#970);
#990=CARTESIAN_POINT('',(20.9636462030947,38.9002563333335,
-40.8832861188319));
#1000=VERTEX_POINT('',#990);
#1010=CARTESIAN_POINT('',(20.8136462030947,38.6002563333335,
-41.0332861188319));
#1020=VERTEX_POINT('',#1010);
#1030=EDGE_CURVE('',#1000,#1020,#980,.T.);
#1040=ORIENTED_EDGE('',*,*,#1030,.T.);
#1050=CARTESIAN_POINT('',(20.9636462030947,38.9002563333336,
-37.3932861188318));
#1060=DIRECTION('',(0.,0.,-1.));
#1070=VECTOR('',#1060,1.);
#1080=LINE('',#1050,#1070);
#1090=CARTESIAN_POINT('',(20.9636462030947,38.9002563333335,
-41.5232861188319));
#1100=VERTEX_POINT('',#1090);
#1110=EDGE_CURVE('',#1000,#1100,#1080,.T.);
#1120=ORIENTED_EDGE('',*,*,#1110,.F.);
#1130=CARTESIAN_POINT('',(20.7570087972359,38.4869815216159,
-41.3166487129731));
#1140=DIRECTION('',(-0.408248290463863,-0.816496580927726,
0.408248290463863));
#1150=VECTOR('',#1140,1.);
#1160=LINE('',#1130,#1150);
#1170=CARTESIAN_POINT('',(20.8136462030947,38.6002563333335,
-41.3732861188319));
#1180=VERTEX_POINT('',#1170);
#1190=EDGE_CURVE('',#1100,#1180,#1160,.T.);
#1200=ORIENTED_EDGE('',*,*,#1190,.F.);
#1210=CARTESIAN_POINT('',(20.8136462030947,38.6002563333335,
-41.2032861188319));
#1220=DIRECTION('',(0.,0.,1.));
#1230=VECTOR('',#1220,1.);
#1240=LINE('',#1210,#1230);
#1250=EDGE_CURVE('',#1180,#1020,#1240,.T.);
#1260=ORIENTED_EDGE('',*,*,#1250,.F.);
#1270=EDGE_LOOP('',(#1260,#1200,#1120,#1040));
#1280=FACE_OUTER_BOUND('',#1270,.T.);
#1290=ADVANCED_FACE('',(#1280),#940,.T.);
#1300=COLOUR_RGB('',0.823529481887817,0.823529481887817,
0.784313797950745);
#1310=FILL_AREA_STYLE_COLOUR('',#1300);
#1320=FILL_AREA_STYLE('',(#1310));
#1330=SURFACE_STYLE_FILL_AREA(#1320);
#1340=SURFACE_SIDE_STYLE('',(#1330));
#1350=SURFACE_STYLE_USAGE(.BOTH.,#1340);
#1360=PRESENTATION_STYLE_ASSIGNMENT((#1350));
#1370=CARTESIAN_POINT('',(20.1902836089535,38.6002563333335,
-41.2699235246907));
#1380=DIRECTION('',(0.,1.,0.));
#1390=DIRECTION('',(0.,0.,-1.));
#1400=AXIS2_PLACEMENT_3D('',#1370,#1380,#1390);
#1410=PLANE('',#1400);
#1420=CARTESIAN_POINT('',(20.6436462030947,38.6002563333335,
-41.0332861188319));
#1430=DIRECTION('',(1.,0.,0.));
#1440=VECTOR('',#1430,1.);
#1450=LINE('',#1420,#1440);
#1460=CARTESIAN_POINT('',(20.4736462030947,38.6002563333335,
-41.0332861188319));
#1470=VERTEX_POINT('',#1460);
#1480=EDGE_CURVE('',#1470,#1020,#1450,.T.);
#1490=ORIENTED_EDGE('',*,*,#1480,.F.);
#1500=ORIENTED_EDGE('',*,*,#1250,.T.);
#1510=CARTESIAN_POINT('',(20.6436462030947,38.6002563333335,
-41.3732861188319));
#1520=DIRECTION('',(-1.,0.,0.));
#1530=VECTOR('',#1520,1.);
#1540=LINE('',#1510,#1530);
#1550=CARTESIAN_POINT('',(20.4736462030947,38.6002563333335,
-41.3732861188319));
#1560=VERTEX_POINT('',#1550);
#1570=EDGE_CURVE('',#1180,#1560,#1540,.T.);
#1580=ORIENTED_EDGE('',*,*,#1570,.F.);
#1590=CARTESIAN_POINT('',(20.4736462030947,38.6002563333335,
-41.2032861188319));
#1600=DIRECTION('',(0.,0.,1.));
#1610=VECTOR('',#1600,1.);
#1620=LINE('',#1590,#1610);
#1630=EDGE_CURVE('',#1560,#1470,#1620,.T.);
#1640=ORIENTED_EDGE('',*,*,#1630,.F.);
#1650=EDGE_LOOP('',(#1640,#1580,#1500,#1490));
#1660=FACE_OUTER_BOUND('',#1650,.T.);
#1670=ADVANCED_FACE('',(#1660),#1410,.F.);
#1680=COLOUR_RGB('',0.823529481887817,0.823529481887817,
0.784313797950745);
#1690=FILL_AREA_STYLE_COLOUR('',#1680);
#1700=FILL_AREA_STYLE('',(#1690));
#1710=SURFACE_STYLE_FILL_AREA(#1700);
#1720=SURFACE_SIDE_STYLE('',(#1710));
#1730=SURFACE_STYLE_USAGE(.BOTH.,#1720);
#1740=PRESENTATION_STYLE_ASSIGNMENT((#1730));
#1750=CARTESIAN_POINT('',(16.1022666567551,40.6002563333334,
-39.6832861188318));
#1760=DIRECTION('',(-0.,0.,-1.));
#1770=DIRECTION('',(-1.,-1.4210854715202E-14,0.));
#1780=AXIS2_PLACEMENT_3D('',#1750,#1760,#1770);
#1790=PLANE('',#1780);
#1800=CARTESIAN_POINT('',(29.8169795364281,41.0002563333336,
-39.6832861188318));
#1810=DIRECTION('',(1.,1.4210854715202E-14,0.));
#1820=VECTOR('',#1810,1.);
#1830=LINE('',#1800,#1820);
#1840=CARTESIAN_POINT('',(18.1836462030948,41.0002563333335,
-39.6832861188318));
#1850=VERTEX_POINT('',#1840);
#1860=CARTESIAN_POINT('',(19.9836462030947,41.0002563333335,
-39.6832861188318));
#1870=VERTEX_POINT('',#1860);
#1880=EDGE_CURVE('',#1850,#1870,#1830,.T.);
#1890=ORIENTED_EDGE('',*,*,#1880,.F.);
#1900=CARTESIAN_POINT('',(19.9836462030952,2.1316282072803E-14,
-39.6832861188318));
#1910=DIRECTION('',(-1.4210854715202E-14,1.,0.));
#1920=VECTOR('',#1910,1.);
#1930=LINE('',#1900,#1920);
#1940=CARTESIAN_POINT('',(19.9836462030947,40.6002563333335,
-39.6832861188318));
#1950=VERTEX_POINT('',#1940);
#1960=EDGE_CURVE('',#1950,#1870,#1930,.T.);
#1970=ORIENTED_EDGE('',*,*,#1960,.T.);
#1980=CARTESIAN_POINT('',(29.8169795364281,40.6002563333336,
-39.6832861188318));
#1990=DIRECTION('',(1.,1.4210854715202E-14,0.));
#2000=VECTOR('',#1990,1.);
#2010=LINE('',#1980,#2000);
#2020=CARTESIAN_POINT('',(17.7836462030948,40.6002563333335,
-39.6832861188318));
#2030=VERTEX_POINT('',#2020);
#2040=EDGE_CURVE('',#2030,#1950,#2010,.T.);
#2050=ORIENTED_EDGE('',*,*,#2040,.T.);
#2060=CARTESIAN_POINT('',(17.7836462030948,43.7769229999999,
-39.6832861188318));
#2070=DIRECTION('',(0.,-1.,-0.));
#2080=VECTOR('',#2070,1.);
#2090=LINE('',#2060,#2080);
#2100=CARTESIAN_POINT('',(17.7836462030948,45.4502563333335,
-39.6832861188318));
#2110=VERTEX_POINT('',#2100);
#2120=EDGE_CURVE('',#2110,#2030,#2090,.T.);
#2130=ORIENTED_EDGE('',*,*,#2120,.T.);
#2140=CARTESIAN_POINT('',(29.816979536428,45.4502563333335,
-39.6832861188318));
#2150=DIRECTION('',(-1.,0.,0.));
#2160=VECTOR('',#2150,1.);
#2170=LINE('',#2140,#2160);
#2180=CARTESIAN_POINT('',(18.1836462030948,45.4502563333335,
-39.6832861188318));
#2190=VERTEX_POINT('',#2180);
#2200=EDGE_CURVE('',#2190,#2110,#2170,.T.);
#2210=ORIENTED_EDGE('',*,*,#2200,.T.);
#2220=CARTESIAN_POINT('',(18.1836462030948,43.7769229999999,
-39.6832861188318));
#2230=DIRECTION('',(1.4210854715202E-14,-1.,0.));
#2240=VECTOR('',#2230,1.);
#2250=LINE('',#2220,#2240);
#2260=EDGE_CURVE('',#2190,#1850,#2250,.T.);
#2270=ORIENTED_EDGE('',*,*,#2260,.F.);
#2280=EDGE_LOOP('',(#2270,#2210,#2130,#2050,#1970,#1890));
#2290=FACE_OUTER_BOUND('',#2280,.T.);
#2300=ADVANCED_FACE('',(#2290),#1790,.F.);
#2310=CARTESIAN_POINT('',(20.6436462030947,38.7502563333335,
-40.9582861188319));
#2320=DIRECTION('',(0.,0.447213595499958,-0.894427190999916));
#2330=DIRECTION('',(0.,0.894427190999916,0.447213595499958));
#2340=AXIS2_PLACEMENT_3D('',#2310,#2320,#2330);
#2350=PLANE('',#2340);
#2360=CARTESIAN_POINT('',(20.5302836089535,38.4869815216159,
-41.0899235246907));
#2370=DIRECTION('',(0.408248290463863,-0.816496580927726,
-0.408248290463863));
#2380=VECTOR('',#2370,1.);
#2390=LINE('',#2360,#2380);
#2400=EDGE_CURVE('',#210,#1470,#2390,.T.);
#2410=ORIENTED_EDGE('',*,*,#2400,.T.);
#2420=CARTESIAN_POINT('',(29.8169795364281,38.9002563333335,
-40.8832861188319));
#2430=DIRECTION('',(-1.,0.,0.));
#2440=VECTOR('',#2430,1.);
#2450=LINE('',#2420,#2440);
#2460=EDGE_CURVE('',#1000,#210,#2450,.T.);
#2470=ORIENTED_EDGE('',*,*,#2460,.T.);
#2480=ORIENTED_EDGE('',*,*,#1030,.F.);
#2490=ORIENTED_EDGE('',*,*,#1480,.T.);
#2500=EDGE_LOOP('',(#2490,#2480,#2470,#2410));
#2510=FACE_OUTER_BOUND('',#2500,.T.);
#2520=ADVANCED_FACE('',(#2510),#2350,.F.);
#2530=COLOUR_RGB('',0.823529481887817,0.823529481887817,
0.784313797950745);
#2540=FILL_AREA_STYLE_COLOUR('',#2530);
#2550=FILL_AREA_STYLE('',(#2540));
#2560=SURFACE_STYLE_FILL_AREA(#2550);
#2570=SURFACE_SIDE_STYLE('',(#2560));
#2580=SURFACE_STYLE_USAGE(.BOTH.,#2570);
#2590=PRESENTATION_STYLE_ASSIGNMENT((#2580));
#2600=CARTESIAN_POINT('',(20.6436462030946,40.2652563333336,
-40.8832861188319));
#2610=DIRECTION('',(0.,0.,1.));
#2620=DIRECTION('',(1.,0.,0.));
#2630=AXIS2_PLACEMENT_3D('',#2600,#2610,#2620);
#2640=PLANE('',#2630);
#2650=CARTESIAN_POINT('',(19.7987795571859,43.776923,-40.8832861188319))
;
#2660=DIRECTION('',(-0.17364817766693,0.984807753012208,0.));
#2670=VECTOR('',#2660,1.);
#2680=LINE('',#2650,#2670);
#2690=CARTESIAN_POINT('',(20.2707481088822,41.1002563333336,
-40.8832861188319));
#2700=VERTEX_POINT('',#2690);
#2710=EDGE_CURVE('',#130,#2700,#2680,.T.);
#2720=ORIENTED_EDGE('',*,*,#2710,.F.);
#2730=CARTESIAN_POINT('',(29.8169795364281,41.1002563333336,
-40.8832861188319));
#2740=DIRECTION('',(-1.,0.,0.));
#2750=VECTOR('',#2740,1.);
#2760=LINE('',#2730,#2750);
#2770=CARTESIAN_POINT('',(21.0165442973072,41.1002563333336,
-40.8832861188319));
#2780=VERTEX_POINT('',#2770);
#2790=EDGE_CURVE('',#2780,#2700,#2760,.T.);
#2800=ORIENTED_EDGE('',*,*,#2790,.T.);
#2810=CARTESIAN_POINT('',(21.4885128490035,43.776923,-40.8832861188319))
;
#2820=DIRECTION('',(0.17364817766693,0.984807753012208,0.));
#2830=VECTOR('',#2820,1.);
#2840=LINE('',#2810,#2830);
#2850=CARTESIAN_POINT('',(20.9636462030947,40.8002563333335,
-40.8832861188319));
#2860=VERTEX_POINT('',#2850);
#2870=EDGE_CURVE('',#2860,#2780,#2840,.T.);
#2880=ORIENTED_EDGE('',*,*,#2870,.T.);
#2890=CARTESIAN_POINT('',(20.9636462030947,43.776923,-40.8832861188319))
;
#2900=DIRECTION('',(0.,-1.,-0.));
#2910=VECTOR('',#2900,1.);
#2920=LINE('',#2890,#2910);
#2930=EDGE_CURVE('',#2860,#1000,#2920,.T.);
#2940=ORIENTED_EDGE('',*,*,#2930,.F.);
#2950=ORIENTED_EDGE('',*,*,#2460,.F.);
#2960=ORIENTED_EDGE('',*,*,#220,.T.);
#2970=EDGE_LOOP('',(#2960,#2950,#2940,#2880,#2800,#2720));
#2980=FACE_OUTER_BOUND('',#2970,.T.);
#2990=ADVANCED_FACE('',(#2980),#2640,.T.);
#3000=COLOUR_RGB('',0.823529481887817,0.823529481887817,
0.784313797950745);
#3010=FILL_AREA_STYLE_COLOUR('',#3000);
#3020=FILL_AREA_STYLE('',(#3010));
#3030=SURFACE_STYLE_FILL_AREA(#3020);
#3040=SURFACE_SIDE_STYLE('',(#3030));
#3050=SURFACE_STYLE_USAGE(.BOTH.,#3040);
#3060=PRESENTATION_STYLE_ASSIGNMENT((#3050));
#3070=CARTESIAN_POINT('',(20.3986462030947,38.7502563333335,
-41.2032861188319));
#3080=DIRECTION('',(0.894427190999916,0.447213595499958,-0.));
#3090=DIRECTION('',(-0.447213595499958,0.894427190999916,
8.27511384415758E-17));
#3100=AXIS2_PLACEMENT_3D('',#3070,#3080,#3090);
#3110=PLANE('',#3100);
#3120=CARTESIAN_POINT('',(20.5302836089535,38.4869815216159,
-41.3166487129731));
#3130=DIRECTION('',(-0.408248290463863,0.816496580927726,
-0.408248290463863));
#3140=VECTOR('',#3130,1.);
#3150=LINE('',#3120,#3140);
#3160=EDGE_CURVE('',#1560,#290,#3150,.T.);
#3170=ORIENTED_EDGE('',*,*,#3160,.F.);
#3180=ORIENTED_EDGE('',*,*,#300,.T.);
#3190=ORIENTED_EDGE('',*,*,#2400,.F.);
#3200=ORIENTED_EDGE('',*,*,#1630,.T.);
#3210=EDGE_LOOP('',(#3200,#3190,#3180,#3170));
#3220=FACE_OUTER_BOUND('',#3210,.T.);
#3230=ADVANCED_FACE('',(#3220),#3110,.F.);
#3240=COLOUR_RGB('',0.823529481887817,0.823529481887817,
0.784313797950745);
#3250=FILL_AREA_STYLE_COLOUR('',#3240);
#3260=FILL_AREA_STYLE('',(#3250));
#3270=SURFACE_STYLE_FILL_AREA(#3260);
#3280=SURFACE_SIDE_STYLE('',(#3270));
#3290=SURFACE_STYLE_USAGE(.BOTH.,#3280);
#3300=PRESENTATION_STYLE_ASSIGNMENT((#3290));
#3310=CARTESIAN_POINT('',(20.6436462030947,38.7502563333335,
-41.4482861188319));
#3320=DIRECTION('',(0.,0.447213595499958,0.894427190999916));
#3330=DIRECTION('',(0.,0.894427190999916,-0.447213595499958));
#3340=AXIS2_PLACEMENT_3D('',#3310,#3320,#3330);
#3350=PLANE('',#3340);
#3360=ORIENTED_EDGE('',*,*,#1190,.T.);
#3370=CARTESIAN_POINT('',(29.8169795364281,38.9002563333335,
-41.5232861188319));
#3380=DIRECTION('',(1.,0.,0.));
#3390=VECTOR('',#3380,1.);
#3400=LINE('',#3370,#3390);
#3410=EDGE_CURVE('',#290,#1100,#3400,.T.);
#3420=ORIENTED_EDGE('',*,*,#3410,.T.);
#3430=ORIENTED_EDGE('',*,*,#3160,.T.);
#3440=ORIENTED_EDGE('',*,*,#1570,.T.);
#3450=EDGE_LOOP('',(#3440,#3430,#3420,#3360));
#3460=FACE_OUTER_BOUND('',#3450,.T.);
#3470=ADVANCED_FACE('',(#3460),#3350,.F.);
#3480=COLOUR_RGB('',0.823529481887817,0.823529481887817,
0.784313797950745);
#3490=FILL_AREA_STYLE_COLOUR('',#3480);
#3500=FILL_AREA_STYLE('',(#3490));
#3510=SURFACE_STYLE_FILL_AREA(#3500);
#3520=SURFACE_SIDE_STYLE('',(#3510));
#3530=SURFACE_STYLE_USAGE(.BOTH.,#3520);
#3540=PRESENTATION_STYLE_ASSIGNMENT((#3530));
#3550=CARTESIAN_POINT('',(20.9636462030947,38.4869815216159,
-40.8832861188319));
#3560=DIRECTION('',(-1.,0.,-0.));
#3570=DIRECTION('',(0.,0.,-1.));
#3580=AXIS2_PLACEMENT_3D('',#3550,#3560,#3570);
#3590=PLANE('',#3580);
#3600=CARTESIAN_POINT('',(20.9636462030947,40.8002563333335,
-37.3932861188318));
#3610=DIRECTION('',(0.,0.,-1.));
#3620=VECTOR('',#3610,1.);
#3630=LINE('',#3600,#3620);
#3640=CARTESIAN_POINT('',(20.9636462030947,40.8002563333335,
-41.5232861188319));
#3650=VERTEX_POINT('',#3640);
#3660=EDGE_CURVE('',#2860,#3650,#3630,.T.);
#3670=ORIENTED_EDGE('',*,*,#3660,.F.);
#3680=CARTESIAN_POINT('',(20.9636462030947,43.776923,-41.5232861188319))
;
#3690=DIRECTION('',(0.,1.,0.));
#3700=VECTOR('',#3690,1.);
#3710=LINE('',#3680,#3700);
#3720=EDGE_CURVE('',#1100,#3650,#3710,.T.);
#3730=ORIENTED_EDGE('',*,*,#3720,.T.);
#3740=ORIENTED_EDGE('',*,*,#1110,.T.);
#3750=ORIENTED_EDGE('',*,*,#2930,.T.);
#3760=EDGE_LOOP('',(#3750,#3740,#3730,#3670));
#3770=FACE_OUTER_BOUND('',#3760,.T.);
#3780=ADVANCED_FACE('',(#3770),#3590,.F.);
#3790=COLOUR_RGB('',0.823529481887817,0.823529481887817,
0.784313797950745);
#3800=FILL_AREA_STYLE_COLOUR('',#3790);
#3810=FILL_AREA_STYLE('',(#3800));
#3820=SURFACE_STYLE_FILL_AREA(#3810);
#3830=SURFACE_SIDE_STYLE('',(#3820));
#3840=SURFACE_STYLE_USAGE(.BOTH.,#3830);
#3850=PRESENTATION_STYLE_ASSIGNMENT((#3840));
#3860=CARTESIAN_POINT('',(24.8836462030947,43.776923,-39.1832861188318))
;
#3870=DIRECTION('',(0.00872653549837393,1.24011528134445E-16,
-0.999961923064171));
#3880=DIRECTION('',(-1.4210854715202E-14,1.,-4.13041361561426E-32));
#3890=AXIS2_PLACEMENT_3D('',#3860,#3870,#3880);
#3900=PLANE('',#3890);
#3910=CARTESIAN_POINT('',(29.8169795364281,40.6002563333336,
-39.140233571064));
#3920=DIRECTION('',(-0.999961923064171,-1.42103136093989E-14,
-0.00872653549837393));
#3930=VECTOR('',#3920,1.);
#3940=LINE('',#3910,#3930);
#3950=CARTESIAN_POINT('',(24.8836462030948,40.6002563333336,
-39.1832861188318));
#3960=VERTEX_POINT('',#3950);
#3970=CARTESIAN_POINT('',(22.3836462030948,40.6002563333335,
-39.2051032883087));
#3980=VERTEX_POINT('',#3970);
#3990=EDGE_CURVE('',#3960,#3980,#3940,.T.);
#4000=ORIENTED_EDGE('',*,*,#3990,.T.);
#4010=CARTESIAN_POINT('',(24.8836462030947,43.776923,-39.1832861188318))
;
#4020=DIRECTION('',(-1.4210854715202E-14,1.,-4.13057089509717E-32));
#4030=VECTOR('',#4020,1.);
#4040=LINE('',#4010,#4030);
#4050=CARTESIAN_POINT('',(24.8836462030948,41.2002563333336,
-39.1832861188318));
#4060=VERTEX_POINT('',#4050);
#4070=EDGE_CURVE('',#3960,#4060,#4040,.T.);
#4080=ORIENTED_EDGE('',*,*,#4070,.F.);
#4090=CARTESIAN_POINT('',(29.8169795364281,41.1572037855659,
-39.140233571064));
#4100=DIRECTION('',(0.999923850477571,-0.00872620324393001,
0.00872620324394422));
#4110=VECTOR('',#4100,1.);
#4120=LINE('',#4090,#4110);
#4130=CARTESIAN_POINT('',(22.3836462030948,41.2220735028104,
-39.2051032883087));
#4140=VERTEX_POINT('',#4130);
#4150=EDGE_CURVE('',#4140,#4060,#4120,.T.);
#4160=ORIENTED_EDGE('',*,*,#4150,.T.);
#4170=CARTESIAN_POINT('',(22.3836462030947,43.776923,-39.2051032883087))
;
#4180=DIRECTION('',(1.4210854715202E-14,-1.,4.13057089509717E-32));
#4190=VECTOR('',#4180,1.);
#4200=LINE('',#4170,#4190);
#4210=EDGE_CURVE('',#4140,#3980,#4200,.T.);
#4220=ORIENTED_EDGE('',*,*,#4210,.F.);
#4230=EDGE_LOOP('',(#4220,#4160,#4080,#4000));
#4240=FACE_OUTER_BOUND('',#4230,.T.);
#4250=ADVANCED_FACE('',(#4240),#3900,.T.);
#4260=CARTESIAN_POINT('',(29.8169795364281,40.8002563333336,
-39.9832861188318));
#4270=DIRECTION('',(-1.,-1.4210854715202E-14,0.));
#4280=DIRECTION('',(1.4210854715202E-14,-1.,0.));
#4290=AXIS2_PLACEMENT_3D('',#4260,#4270,#4280);
#4300=CYLINDRICAL_SURFACE('',#4290,0.2);
#4310=CARTESIAN_POINT('',(17.7836462030948,40.8002563333335,
-39.9832861188318));
#4320=DIRECTION('',(-1.,-1.4210854715202E-14,0.));
#4330=DIRECTION('',(1.4210854715202E-14,-1.,0.));
#4340=AXIS2_PLACEMENT_3D('',#4310,#4320,#4330);
#4350=CIRCLE('',#4340,0.2);
#4360=CARTESIAN_POINT('',(17.7836462030948,40.8002563333335,
-40.1832861188318));
#4370=VERTEX_POINT('',#4360);
#4380=CARTESIAN_POINT('',(17.7836462030948,40.6002563333335,
-39.9832861188318));
#4390=VERTEX_POINT('',#4380);
#4400=EDGE_CURVE('',#4370,#4390,#4350,.T.);
#4410=ORIENTED_EDGE('',*,*,#4400,.F.);
#4420=CARTESIAN_POINT('',(29.8169795364281,40.6002563333336,
-39.9832861188318));
#4430=DIRECTION('',(-1.,-1.4210854715202E-14,0.));
#4440=VECTOR('',#4430,1.);
#4450=LINE('',#4420,#4440);
#4460=CARTESIAN_POINT('',(22.3836462030948,40.6002563333335,
-39.9832861188318));
#4470=VERTEX_POINT('',#4460);
#4480=EDGE_CURVE('',#4470,#4390,#4450,.T.);
#4490=ORIENTED_EDGE('',*,*,#4480,.T.);
#4500=CARTESIAN_POINT('',(22.3836462030948,40.8002563333335,
-39.9832861188318));
#4510=DIRECTION('',(-1.,-1.4210854715202E-14,0.));
#4520=DIRECTION('',(1.4210854715202E-14,-1.,0.));
#4530=AXIS2_PLACEMENT_3D('',#4500,#4510,#4520);
#4540=CIRCLE('',#4530,0.2);
#4550=CARTESIAN_POINT('',(22.3836462030948,40.8002563333335,
-40.1832861188318));
#4560=VERTEX_POINT('',#4550);
#4570=EDGE_CURVE('',#4560,#4470,#4540,.T.);
#4580=ORIENTED_EDGE('',*,*,#4570,.T.);
#4590=CARTESIAN_POINT('',(29.8169795364281,40.8002563333336,
-40.1832861188318));
#4600=DIRECTION('',(-1.,-1.4210854715202E-14,0.));
#4610=VECTOR('',#4600,1.);
#4620=LINE('',#4590,#4610);
#4630=EDGE_CURVE('',#4560,#4370,#4620,.T.);
#4640=ORIENTED_EDGE('',*,*,#4630,.F.);
#4650=EDGE_LOOP('',(#4640,#4580,#4490,#4410));
#4660=FACE_OUTER_BOUND('',#4650,.T.);
#4670=ADVANCED_FACE('',(#4660),#4300,.T.);
#4680=CARTESIAN_POINT('',(20.3236462030947,40.8002563333335,
-41.5872885188319));
#4690=DIRECTION('',(-0.984807753012208,-0.17364817766693,-0.));
#4700=DIRECTION('',(-0.17364817766693,0.984807753012208,0.));
#4710=AXIS2_PLACEMENT_3D('',#4680,#4690,#4700);
#4720=PLANE('',#4710);
#4730=CARTESIAN_POINT('',(20.2707481088822,41.1002563333336,
-37.3932861188318));
#4740=DIRECTION('',(0.,0.,-1.));
#4750=VECTOR('',#4740,1.);
#4760=LINE('',#4730,#4750);
#4770=CARTESIAN_POINT('',(20.2707481088822,41.1002563333336,
-41.5232861188319));
#4780=VERTEX_POINT('',#4770);
#4790=EDGE_CURVE('',#2700,#4780,#4760,.T.);
#4800=ORIENTED_EDGE('',*,*,#4790,.T.);
#4810=ORIENTED_EDGE('',*,*,#2710,.T.);
#4820=ORIENTED_EDGE('',*,*,#140,.T.);
#4830=CARTESIAN_POINT('',(19.7987795571859,43.776923,-41.5232861188319))
;
#4840=DIRECTION('',(-0.17364817766693,0.984807753012208,0.));
#4850=VECTOR('',#4840,1.);
#4860=LINE('',#4830,#4850);
#4870=EDGE_CURVE('',#110,#4780,#4860,.T.);
#4880=ORIENTED_EDGE('',*,*,#4870,.F.);
#4890=EDGE_LOOP('',(#4880,#4820,#4810,#4800));
#4900=FACE_OUTER_BOUND('',#4890,.T.);
#4910=ADVANCED_FACE('',(#4900),#4720,.T.);
#4920=COLOUR_RGB('',0.823529481887817,0.823529481887817,
0.784313797950745);
#4930=FILL_AREA_STYLE_COLOUR('',#4920);
#4940=FILL_AREA_STYLE('',(#4930));
#4950=SURFACE_STYLE_FILL_AREA(#4940);
#4960=SURFACE_SIDE_STYLE('',(#4950));
#4970=SURFACE_STYLE_USAGE(.BOTH.,#4960);
#4980=PRESENTATION_STYLE_ASSIGNMENT((#4970));
#4990=CARTESIAN_POINT('',(17.7836462030948,44.5765540405977,
-28.8232861188318));
#5000=DIRECTION('',(-1.,0.,-0.));
#5010=DIRECTION('',(0.,0.,-1.));
#5020=AXIS2_PLACEMENT_3D('',#4990,#5000,#5010);
#5030=PLANE('',#5020);
#5040=ORIENTED_EDGE('',*,*,#4400,.T.);
#5050=CARTESIAN_POINT('',(17.7836462030948,43.7769229999999,
-40.1832861188318));
#5060=DIRECTION('',(0.,1.,0.));
#5070=VECTOR('',#5060,1.);
#5080=LINE('',#5050,#5070);
#5090=EDGE_CURVE('',#4370,#690,#5080,.T.);
#5100=ORIENTED_EDGE('',*,*,#5090,.F.);
#5110=ORIENTED_EDGE('',*,*,#700,.T.);
#5120=CARTESIAN_POINT('',(17.7836462030948,45.4502563333335,
-37.3932861188318));
#5130=DIRECTION('',(0.,0.,-1.));
#5140=VECTOR('',#5130,1.);
#5150=LINE('',#5120,#5140);
#5160=EDGE_CURVE('',#2110,#580,#5150,.T.);
#5170=ORIENTED_EDGE('',*,*,#5160,.T.);
#5180=ORIENTED_EDGE('',*,*,#2120,.F.);
#5190=CARTESIAN_POINT('',(17.7836462030948,40.6002563333335,
-37.3932861188318));
#5200=DIRECTION('',(0.,0.,1.));
#5210=VECTOR('',#5200,1.);
#5220=LINE('',#5190,#5210);
#5230=EDGE_CURVE('',#4390,#2030,#5220,.T.);
#5240=ORIENTED_EDGE('',*,*,#5230,.T.);
#5250=EDGE_LOOP('',(#5240,#5180,#5170,#5110,#5100,#5040));
#5260=FACE_OUTER_BOUND('',#5250,.T.);
#5270=ADVANCED_FACE('',(#5260),#5030,.T.);
#5280=CARTESIAN_POINT('',(21.1142706094608,41.1002563333336,
-28.5032861188318));
#5290=DIRECTION('',(0.,-1.,0.));
#5300=DIRECTION('',(0.,0.,-1.));
#5310=AXIS2_PLACEMENT_3D('',#5280,#5290,#5300);
#5320=PLANE('',#5310);
#5330=ORIENTED_EDGE('',*,*,#2790,.F.);
#5340=ORIENTED_EDGE('',*,*,#4790,.F.);
#5350=CARTESIAN_POINT('',(29.8169795364281,41.1002563333336,
-41.5232861188319));
#5360=DIRECTION('',(1.,0.,0.));
#5370=VECTOR('',#5360,1.);
#5380=LINE('',#5350,#5370);
#5390=CARTESIAN_POINT('',(21.0165442973072,41.1002563333336,
-41.5232861188319));
#5400=VERTEX_POINT('',#5390);
#5410=EDGE_CURVE('',#4780,#5400,#5380,.T.);
#5420=ORIENTED_EDGE('',*,*,#5410,.F.);
#5430=CARTESIAN_POINT('',(21.0165442973072,41.1002563333336,
-37.3932861188318));
#5440=DIRECTION('',(0.,0.,-1.));
#5450=VECTOR('',#5440,1.);
#5460=LINE('',#5430,#5450);
#5470=EDGE_CURVE('',#2780,#5400,#5460,.T.);
#5480=ORIENTED_EDGE('',*,*,#5470,.T.);
#5490=EDGE_LOOP('',(#5480,#5420,#5340,#5330));
#5500=FACE_BOUND('',#5490,.T.);
#5510=CARTESIAN_POINT('',(29.8169795364281,41.1002563333336,
-41.9232861188318));
#5520=DIRECTION('',(1.,0.,0.));
#5530=VECTOR('',#5520,1.);
#5540=LINE('',#5510,#5530);
#5550=CARTESIAN_POINT('',(18.9336462030944,41.1002563333336,
-41.9232861188318));
#5560=VERTEX_POINT('',#5550);
#5570=CARTESIAN_POINT('',(21.4836462030953,41.1002563333336,
-41.9232861188318));
#5580=VERTEX_POINT('',#5570);
#5590=EDGE_CURVE('',#5560,#5580,#5540,.T.);
#5600=ORIENTED_EDGE('',*,*,#5590,.T.);
#5610=CARTESIAN_POINT('',(18.9336462030944,41.1002563333336,
-37.3932861188318));
#5620=DIRECTION('',(0.,0.,-1.));
#5630=VECTOR('',#5620,1.);
#5640=LINE('',#5610,#5630);
#5650=CARTESIAN_POINT('',(18.9336462030944,41.1002563333336,
-40.1832861188318));
#5660=VERTEX_POINT('',#5650);
#5670=EDGE_CURVE('',#5660,#5560,#5640,.T.);
#5680=ORIENTED_EDGE('',*,*,#5670,.T.);
#5690=CARTESIAN_POINT('',(29.8169795364281,41.1002563333336,
-40.1832861188318));
#5700=DIRECTION('',(-1.,0.,0.));
#5710=VECTOR('',#5700,1.);
#5720=LINE('',#5690,#5710);
#5730=CARTESIAN_POINT('',(21.4836462030953,41.1002563333336,
-40.1832861188318));
#5740=VERTEX_POINT('',#5730);
#5750=EDGE_CURVE('',#5740,#5660,#5720,.T.);
#5760=ORIENTED_EDGE('',*,*,#5750,.T.);
#5770=CARTESIAN_POINT('',(21.4836462030953,41.1002563333336,
-37.3932861188318));
#5780=DIRECTION('',(0.,0.,-1.));
#5790=VECTOR('',#5780,1.);
#5800=LINE('',#5770,#5790);
#5810=EDGE_CURVE('',#5740,#5580,#5800,.T.);
#5820=ORIENTED_EDGE('',*,*,#5810,.F.);
#5830=EDGE_LOOP('',(#5820,#5760,#5680,#5600));
#5840=FACE_OUTER_BOUND('',#5830,.T.);
#5850=ADVANCED_FACE('',(#5500,#5840),#5320,.T.);
#5860=CARTESIAN_POINT('',(20.9636462030947,40.8002563333335,
-41.5872885188319));
#5870=DIRECTION('',(-0.984807753012208,0.17364817766693,0.));
#5880=DIRECTION('',(0.17364817766693,0.984807753012208,0.));
#5890=AXIS2_PLACEMENT_3D('',#5860,#5870,#5880);
#5900=PLANE('',#5890);
#5910=ORIENTED_EDGE('',*,*,#5470,.F.);
#5920=CARTESIAN_POINT('',(21.4885128490035,43.776923,-41.5232861188319))
;
#5930=DIRECTION('',(0.17364817766693,0.984807753012208,0.));
#5940=VECTOR('',#5930,1.);
#5950=LINE('',#5920,#5940);
#5960=EDGE_CURVE('',#3650,#5400,#5950,.T.);
#5970=ORIENTED_EDGE('',*,*,#5960,.T.);
#5980=ORIENTED_EDGE('',*,*,#3660,.T.);
#5990=ORIENTED_EDGE('',*,*,#2870,.F.);
#6000=EDGE_LOOP('',(#5990,#5980,#5970,#5910));
#6010=FACE_OUTER_BOUND('',#6000,.T.);
#6020=ADVANCED_FACE('',(#6010),#5900,.F.);
#6030=COLOUR_RGB('',0.823529481887817,0.823529481887817,
0.784313797950745);
#6040=FILL_AREA_STYLE_COLOUR('',#6030);
#6050=FILL_AREA_STYLE('',(#6040));
#6060=SURFACE_STYLE_FILL_AREA(#6050);
#6070=SURFACE_SIDE_STYLE('',(#6060));
#6080=SURFACE_STYLE_USAGE(.BOTH.,#6070);
#6090=PRESENTATION_STYLE_ASSIGNMENT((#6080));
#6100=CARTESIAN_POINT('',(20.3236462030947,38.486981521616,
-41.5232861188319));
#6110=DIRECTION('',(0.,0.,-1.));
#6120=DIRECTION('',(1.,0.,0.));
#6130=AXIS2_PLACEMENT_3D('',#6100,#6110,#6120);
#6140=PLANE('',#6130);
#6150=ORIENTED_EDGE('',*,*,#5410,.T.);
#6160=ORIENTED_EDGE('',*,*,#4870,.T.);
#6170=ORIENTED_EDGE('',*,*,#360,.F.);
#6180=ORIENTED_EDGE('',*,*,#3410,.F.);
#6190=ORIENTED_EDGE('',*,*,#3720,.F.);
#6200=ORIENTED_EDGE('',*,*,#5960,.F.);
#6210=EDGE_LOOP('',(#6200,#6190,#6180,#6170,#6160,#6150));
#6220=FACE_OUTER_BOUND('',#6210,.T.);
#6230=ADVANCED_FACE('',(#6220),#6140,.T.);
#6240=COLOUR_RGB('',0.823529481887817,0.823529481887817,
0.784313797950745);
#6250=FILL_AREA_STYLE_COLOUR('',#6240);
#6260=FILL_AREA_STYLE('',(#6250));
#6270=SURFACE_STYLE_FILL_AREA(#6260);
#6280=SURFACE_SIDE_STYLE('',(#6270));
#6290=SURFACE_STYLE_USAGE(.BOTH.,#6280);
#6300=PRESENTATION_STYLE_ASSIGNMENT((#6290));
#6310=CARTESIAN_POINT('',(21.7836462030953,44.2802563333335,
-28.8232861188319));
#6320=DIRECTION('',(1.,0.,0.));
#6330=DIRECTION('',(0.,-1.,-0.));
#6340=AXIS2_PLACEMENT_3D('',#6310,#6320,#6330);
#6350=PLANE('',#6340);
#6360=CARTESIAN_POINT('',(21.7836462030953,43.776923,-40.1832861188318))
;
#6370=DIRECTION('',(0.,1.,0.));
#6380=VECTOR('',#6370,1.);
#6390=LINE('',#6360,#6380);
#6400=CARTESIAN_POINT('',(21.7836462030953,41.4002563333336,
-40.1832861188318));
#6410=VERTEX_POINT('',#6400);
#6420=CARTESIAN_POINT('',(21.7836462030953,44.3002563333335,
-40.1832861188318));
#6430=VERTEX_POINT('',#6420);
#6440=EDGE_CURVE('',#6410,#6430,#6390,.T.);
#6450=ORIENTED_EDGE('',*,*,#6440,.F.);
#6460=CARTESIAN_POINT('',(21.7836462030953,44.3002563333335,
-37.3932861188318));
#6470=DIRECTION('',(0.,0.,1.));
#6480=VECTOR('',#6470,1.);
#6490=LINE('',#6460,#6480);
#6500=CARTESIAN_POINT('',(21.7836462030953,44.3002563333335,
-41.9232861188318));
#6510=VERTEX_POINT('',#6500);
#6520=EDGE_CURVE('',#6510,#6430,#6490,.T.);
#6530=ORIENTED_EDGE('',*,*,#6520,.T.);
#6540=CARTESIAN_POINT('',(21.7836462030953,43.776923,-41.9232861188318))
;
#6550=DIRECTION('',(0.,1.,0.));
#6560=VECTOR('',#6550,1.);
#6570=LINE('',#6540,#6560);
#6580=CARTESIAN_POINT('',(21.7836462030953,41.4002563333336,
-41.9232861188318));
#6590=VERTEX_POINT('',#6580);
#6600=EDGE_CURVE('',#6590,#6510,#6570,.T.);
#6610=ORIENTED_EDGE('',*,*,#6600,.T.);
#6620=CARTESIAN_POINT('',(21.7836462030953,41.4002563333336,
-37.3932861188318));
#6630=DIRECTION('',(0.,0.,-1.));
#6640=VECTOR('',#6630,1.);
#6650=LINE('',#6620,#6640);
#6660=EDGE_CURVE('',#6410,#6590,#6650,.T.);
#6670=ORIENTED_EDGE('',*,*,#6660,.T.);
#6680=EDGE_LOOP('',(#6670,#6610,#6530,#6450));
#6690=FACE_OUTER_BOUND('',#6680,.T.);
#6700=ADVANCED_FACE('',(#6690),#6350,.T.);
#6710=CARTESIAN_POINT('',(21.4836462030953,41.4002563333336,
-37.3932861188318));
#6720=DIRECTION('',(0.,0.,-1.));
#6730=DIRECTION('',(-1.4210854715202E-14,1.,0.));
#6740=AXIS2_PLACEMENT_3D('',#6710,#6720,#6730);
#6750=CYLINDRICAL_SURFACE('',#6740,0.3);
#6760=ORIENTED_EDGE('',*,*,#5810,.T.);
#6770=CARTESIAN_POINT('',(21.4836462030953,41.4002563333336,
-40.1832861188318));
#6780=DIRECTION('',(0.,0.,-1.));
#6790=DIRECTION('',(-1.4210854715202E-14,1.,0.));
#6800=AXIS2_PLACEMENT_3D('',#6770,#6780,#6790);
#6810=CIRCLE('',#6800,0.3);
#6820=EDGE_CURVE('',#6410,#5740,#6810,.T.);
#6830=ORIENTED_EDGE('',*,*,#6820,.T.);
#6840=ORIENTED_EDGE('',*,*,#6660,.F.);
#6850=CARTESIAN_POINT('',(21.4836462030953,41.4002563333336,
-41.9232861188318));
#6860=DIRECTION('',(0.,0.,1.));
#6870=DIRECTION('',(-1.,0.,0.));
#6880=AXIS2_PLACEMENT_3D('',#6850,#6860,#6870);
#6890=CIRCLE('',#6880,0.3);
#6900=EDGE_CURVE('',#5580,#6590,#6890,.T.);
#6910=ORIENTED_EDGE('',*,*,#6900,.T.);
#6920=EDGE_LOOP('',(#6910,#6840,#6830,#6760));
#6930=FACE_OUTER_BOUND('',#6920,.T.);
#6940=ADVANCED_FACE('',(#6930),#6750,.T.);
#6950=CARTESIAN_POINT('',(18.6336462030944,44.0802563333335,
-28.8232861188319));
#6960=DIRECTION('',(-1.,0.,0.));
#6970=DIRECTION('',(0.,1.,0.));
#6980=AXIS2_PLACEMENT_3D('',#6950,#6960,#6970);
#6990=PLANE('',#6980);
#7000=CARTESIAN_POINT('',(18.6336462030944,44.3002563333335,
-37.3932861188318));
#7010=DIRECTION('',(0.,0.,-1.));
#7020=VECTOR('',#7010,1.);
#7030=LINE('',#7000,#7020);
#7040=CARTESIAN_POINT('',(18.6336462030944,44.3002563333335,
-40.1832861188318));
#7050=VERTEX_POINT('',#7040);
#7060=CARTESIAN_POINT('',(18.6336462030944,44.3002563333335,
-41.9232861188318));
#7070=VERTEX_POINT('',#7060);
#7080=EDGE_CURVE('',#7050,#7070,#7030,.T.);
#7090=ORIENTED_EDGE('',*,*,#7080,.T.);
#7100=CARTESIAN_POINT('',(18.6336462030944,43.776923,-40.1832861188318))
;
#7110=DIRECTION('',(0.,-1.,-0.));
#7120=VECTOR('',#7110,1.);
#7130=LINE('',#7100,#7120);
#7140=CARTESIAN_POINT('',(18.6336462030944,41.4002563333336,
-40.1832861188318));
#7150=VERTEX_POINT('',#7140);
#7160=EDGE_CURVE('',#7050,#7150,#7130,.T.);
#7170=ORIENTED_EDGE('',*,*,#7160,.F.);
#7180=CARTESIAN_POINT('',(18.6336462030944,41.4002563333336,
-37.3932861188318));
#7190=DIRECTION('',(0.,0.,-1.));
#7200=VECTOR('',#7190,1.);
#7210=LINE('',#7180,#7200);
#7220=CARTESIAN_POINT('',(18.6336462030944,41.4002563333336,
-41.9232861188318));
#7230=VERTEX_POINT('',#7220);
#7240=EDGE_CURVE('',#7150,#7230,#7210,.T.);
#7250=ORIENTED_EDGE('',*,*,#7240,.F.);
#7260=CARTESIAN_POINT('',(18.6336462030944,43.776923,-41.9232861188318))
;
#7270=DIRECTION('',(0.,-1.,-0.));
#7280=VECTOR('',#7270,1.);
#7290=LINE('',#7260,#7280);
#7300=EDGE_CURVE('',#7070,#7230,#7290,.T.);
#7310=ORIENTED_EDGE('',*,*,#7300,.T.);
#7320=EDGE_LOOP('',(#7310,#7250,#7170,#7090));
#7330=FACE_OUTER_BOUND('',#7320,.T.);
#7340=ADVANCED_FACE('',(#7330),#6990,.T.);
#7350=CARTESIAN_POINT('',(25.6376486030948,40.6002563333335,
-40.1832861188318));
#7360=DIRECTION('',(0.,0.,-1.));
#7370=DIRECTION('',(0.,1.,0.));
#7380=AXIS2_PLACEMENT_3D('',#7350,#7360,#7370);
#7390=PLANE('',#7380);
#7400=ORIENTED_EDGE('',*,*,#6820,.F.);
#7410=ORIENTED_EDGE('',*,*,#5750,.F.);
#7420=CARTESIAN_POINT('',(18.9336462030944,41.4002563333336,
-40.1832861188318));
#7430=DIRECTION('',(0.,0.,-1.));
#7440=DIRECTION('',(-1.4210854715202E-14,1.,0.));
#7450=AXIS2_PLACEMENT_3D('',#7420,#7430,#7440);
#7460=CIRCLE('',#7450,0.3);
#7470=EDGE_CURVE('',#5660,#7150,#7460,.T.);
#7480=ORIENTED_EDGE('',*,*,#7470,.F.);
#7490=ORIENTED_EDGE('',*,*,#7160,.T.);
#7500=CARTESIAN_POINT('',(18.9336462030944,44.3002563333335,
-40.1832861188318));
#7510=DIRECTION('',(0.,0.,-1.));
#7520=DIRECTION('',(-1.4210854715202E-14,1.,0.));
#7530=AXIS2_PLACEMENT_3D('',#7500,#7510,#7520);
#7540=CIRCLE('',#7530,0.3);
#7550=CARTESIAN_POINT('',(18.9336462030944,44.6002563333335,
-40.1832861188318));
#7560=VERTEX_POINT('',#7550);
#7570=EDGE_CURVE('',#7050,#7560,#7540,.T.);
#7580=ORIENTED_EDGE('',*,*,#7570,.F.);
#7590=CARTESIAN_POINT('',(29.8169795364281,44.6002563333335,
-40.1832861188318));
#7600=DIRECTION('',(1.,0.,0.));
#7610=VECTOR('',#7600,1.);
#7620=LINE('',#7590,#7610);
#7630=CARTESIAN_POINT('',(21.4836462030953,44.6002563333335,
-40.1832861188318));
#7640=VERTEX_POINT('',#7630);
#7650=EDGE_CURVE('',#7560,#7640,#7620,.T.);
#7660=ORIENTED_EDGE('',*,*,#7650,.F.);
#7670=CARTESIAN_POINT('',(21.4836462030953,44.3002563333335,
-40.1832861188318));
#7680=DIRECTION('',(0.,0.,1.));
#7690=DIRECTION('',(1.4210854715202E-14,-1.,0.));
#7700=AXIS2_PLACEMENT_3D('',#7670,#7680,#7690);
#7710=CIRCLE('',#7700,0.3);
#7720=EDGE_CURVE('',#6430,#7640,#7710,.T.);
#7730=ORIENTED_EDGE('',*,*,#7720,.T.);
#7740=ORIENTED_EDGE('',*,*,#6440,.T.);
#7750=EDGE_LOOP('',(#7740,#7730,#7660,#7580,#7490,#7480,#7410,#7400));
#7760=FACE_BOUND('',#7750,.T.);
#7770=CARTESIAN_POINT('',(22.3836462030947,43.776923,-40.1832861188318))
;
#7780=DIRECTION('',(1.4210854715202E-14,-1.,0.));
#7790=VECTOR('',#7780,1.);
#7800=LINE('',#7770,#7790);
#7810=CARTESIAN_POINT('',(22.3836462030948,41.9002563333335,
-40.1832861188318));
#7820=VERTEX_POINT('',#7810);
#7830=EDGE_CURVE('',#7820,#4560,#7800,.T.);
#7840=ORIENTED_EDGE('',*,*,#7830,.T.);
#7850=CARTESIAN_POINT('',(22.6836462030948,41.9002563333335,
-40.1832861188318));
#7860=DIRECTION('',(0.,0.,-1.));
#7870=DIRECTION('',(-1.4210854715202E-14,1.,0.));
#7880=AXIS2_PLACEMENT_3D('',#7850,#7860,#7870);
#7890=CIRCLE('',#7880,0.3);
#7900=CARTESIAN_POINT('',(22.6836462030948,42.2002563333335,
-40.1832861188318));
#7910=VERTEX_POINT('',#7900);
#7920=EDGE_CURVE('',#7820,#7910,#7890,.T.);
#7930=ORIENTED_EDGE('',*,*,#7920,.F.);
#7940=CARTESIAN_POINT('',(29.8169795364281,42.2002563333336,
-40.1832861188318));
#7950=DIRECTION('',(-1.,-1.40883900352873E-14,0.));
#7960=VECTOR('',#7950,1.);
#7970=LINE('',#7940,#7960);
#7980=CARTESIAN_POINT('',(23.0836462030948,42.2002563333335,
-40.1832861188318));
#7990=VERTEX_POINT('',#7980);
#8000=EDGE_CURVE('',#7990,#7910,#7970,.T.);
#8010=ORIENTED_EDGE('',*,*,#8000,.T.);
#8020=CARTESIAN_POINT('',(23.0836462030948,41.9002563333335,
-40.1832861188318));
#8030=DIRECTION('',(0.,0.,1.));
#8040=DIRECTION('',(1.4210854715202E-14,-1.,0.));
#8050=AXIS2_PLACEMENT_3D('',#8020,#8030,#8040);
#8060=CIRCLE('',#8050,0.3);
#8070=CARTESIAN_POINT('',(23.3836462030948,41.9002563333335,
-40.1832861188318));
#8080=VERTEX_POINT('',#8070);
#8090=EDGE_CURVE('',#8080,#7990,#8060,.T.);
#8100=ORIENTED_EDGE('',*,*,#8090,.T.);
#8110=CARTESIAN_POINT('',(23.3836462030947,43.776923,-40.1832861188318))
;
#8120=DIRECTION('',(-1.4210854715202E-14,1.,0.));
#8130=VECTOR('',#8120,1.);
#8140=LINE('',#8110,#8130);
#8150=CARTESIAN_POINT('',(23.3836462030948,41.3002563333335,
-40.1832861188318));
#8160=VERTEX_POINT('',#8150);
#8170=EDGE_CURVE('',#8160,#8080,#8140,.T.);
#8180=ORIENTED_EDGE('',*,*,#8170,.T.);
#8190=CARTESIAN_POINT('',(29.8169795364281,41.3002563333336,
-40.1832861188318));
#8200=DIRECTION('',(1.,1.4210854715202E-14,0.));
#8210=VECTOR('',#8200,1.);
#8220=LINE('',#8190,#8210);
#8230=CARTESIAN_POINT('',(24.8836462030948,41.3002563333336,
-40.1832861188318));
#8240=VERTEX_POINT('',#8230);
#8250=EDGE_CURVE('',#8160,#8240,#8220,.T.);
#8260=ORIENTED_EDGE('',*,*,#8250,.F.);
#8270=CARTESIAN_POINT('',(24.8836462030947,43.776923,-40.1832861188318))
;
#8280=DIRECTION('',(1.4210854715202E-14,-1.,0.));
#8290=VECTOR('',#8280,1.);
#8300=LINE('',#8270,#8290);
#8310=EDGE_CURVE('',#770,#8240,#8300,.T.);
#8320=ORIENTED_EDGE('',*,*,#8310,.T.);
#8330=ORIENTED_EDGE('',*,*,#780,.T.);
#8340=ORIENTED_EDGE('',*,*,#5090,.T.);
#8350=ORIENTED_EDGE('',*,*,#4630,.T.);
#8360=EDGE_LOOP('',(#8350,#8340,#8330,#8320,#8260,#8180,#8100,#8010,
#7930,#7840));
#8370=FACE_OUTER_BOUND('',#8360,.T.);
#8380=ADVANCED_FACE('',(#7760,#8370),#7390,.T.);
#8390=CARTESIAN_POINT('',(23.6336462030946,42.7927563333339,
-38.6632861188318));
#8400=DIRECTION('',(-0.363345276491644,-0.931654555106779,0.));
#8410=DIRECTION('',(0.931654555106779,-0.363345276491644,0.));
#8420=AXIS2_PLACEMENT_3D('',#8390,#8400,#8410);
#8430=PLANE('',#8420);
#8440=CARTESIAN_POINT('',(21.8836462030946,43.4752563333339,
-39.5682861188318));
#8450=DIRECTION('',(-0.875644657040788,0.341501416245907,
-0.341501416245907));
#8460=VECTOR('',#8450,1.);
#8470=LINE('',#8440,#8460);
#8480=CARTESIAN_POINT('',(23.8836462030946,42.6952563333339,
-38.7882861188318));
#8490=VERTEX_POINT('',#8480);
#8500=CARTESIAN_POINT('',(23.3836462030946,42.8902563333339,
-38.9832861188318));
#8510=VERTEX_POINT('',#8500);
#8520=EDGE_CURVE('',#8490,#8510,#8470,.T.);
#8530=ORIENTED_EDGE('',*,*,#8520,.T.);
#8540=CARTESIAN_POINT('',(23.8836462030946,42.6952563333339,
-38.6632861188318));
#8550=DIRECTION('',(0.,0.,1.));
#8560=VECTOR('',#8550,1.);
#8570=LINE('',#8540,#8560);
#8580=CARTESIAN_POINT('',(23.8836462030946,42.6952563333339,
-38.5382861188318));
#8590=VERTEX_POINT('',#8580);
#8600=EDGE_CURVE('',#8490,#8590,#8570,.T.);
#8610=ORIENTED_EDGE('',*,*,#8600,.F.);
#8620=CARTESIAN_POINT('',(21.8836462030946,43.4752563333339,
-37.7582861188318));
#8630=DIRECTION('',(-0.875644657040788,0.341501416245907,
0.341501416245907));
#8640=VECTOR('',#8630,1.);
#8650=LINE('',#8620,#8640);
#8660=CARTESIAN_POINT('',(23.3836462030946,42.8902563333339,
-38.3432861188318));
#8670=VERTEX_POINT('',#8660);
#8680=EDGE_CURVE('',#8590,#8670,#8650,.T.);
#8690=ORIENTED_EDGE('',*,*,#8680,.F.);
#8700=CARTESIAN_POINT('',(23.3836462030946,42.8902563333339,
-38.6632861188318));
#8710=DIRECTION('',(0.,0.,1.));
#8720=VECTOR('',#8710,1.);
#8730=LINE('',#8700,#8720);
#8740=EDGE_CURVE('',#8510,#8670,#8730,.T.);
#8750=ORIENTED_EDGE('',*,*,#8740,.T.);
#8760=EDGE_LOOP('',(#8750,#8690,#8610,#8530));
#8770=FACE_OUTER_BOUND('',#8760,.T.);
#8780=ADVANCED_FACE('',(#8770),#8430,.F.);
#8790=COLOUR_RGB('',1.,0.843137323856354,0.);
#8800=FILL_AREA_STYLE_COLOUR('',#8790);
#8810=FILL_AREA_STYLE('',(#8800));
#8820=SURFACE_STYLE_FILL_AREA(#8810);
#8830=SURFACE_SIDE_STYLE('',(#8820));
#8840=SURFACE_STYLE_USAGE(.BOTH.,#8830);
#8850=PRESENTATION_STYLE_ASSIGNMENT((#8840));
#8860=CARTESIAN_POINT('',(21.6136462030952,42.8802563333335,
-41.5232861188319));
#8870=DIRECTION('',(-1.,-0.,0.));
#8880=DIRECTION('',(0.,-1.,-0.));
#8890=AXIS2_PLACEMENT_3D('',#8860,#8870,#8880);
#8900=PLANE('',#8890);
#8910=CARTESIAN_POINT('',(21.6136462030952,38.4869815216159,
-40.8832861188319));
#8920=DIRECTION('',(0.,-1.,-0.));
#8930=VECTOR('',#8920,1.);
#8940=LINE('',#8910,#8930);
#8950=CARTESIAN_POINT('',(21.6136462030952,45.2202563333335,
-40.8832861188319));
#8960=VERTEX_POINT('',#8950);
#8970=CARTESIAN_POINT('',(21.6136462030952,44.6002563333335,
-40.8832861188319));
#8980=VERTEX_POINT('',#8970);
#8990=EDGE_CURVE('',#8960,#8980,#8940,.T.);
#9000=ORIENTED_EDGE('',*,*,#8990,.T.);
#9010=CARTESIAN_POINT('',(21.6136462030952,45.2202563333335,
-41.2032861188319));
#9020=DIRECTION('',(0.,0.,1.));
#9030=VECTOR('',#9020,1.);
#9040=LINE('',#9010,#9030);
#9050=CARTESIAN_POINT('',(21.6136462030952,45.2202563333335,
-41.5232861188319));
#9060=VERTEX_POINT('',#9050);
#9070=EDGE_CURVE('',#9060,#8960,#9040,.T.);
#9080=ORIENTED_EDGE('',*,*,#9070,.T.);
#9090=CARTESIAN_POINT('',(21.6136462030952,38.4869815216159,
-41.5232861188319));
#9100=DIRECTION('',(0.,1.,0.));
#9110=VECTOR('',#9100,1.);
#9120=LINE('',#9090,#9110);
#9130=CARTESIAN_POINT('',(21.6136462030952,44.6002563333335,
-41.5232861188319));
#9140=VERTEX_POINT('',#9130);
#9150=EDGE_CURVE('',#9140,#9060,#9120,.T.);
#9160=ORIENTED_EDGE('',*,*,#9150,.T.);
#9170=CARTESIAN_POINT('',(21.6136462030952,44.6002563333335,
-41.2032861188319));
#9180=DIRECTION('',(0.,0.,1.));
#9190=VECTOR('',#9180,1.);
#9200=LINE('',#9170,#9190);
#9210=EDGE_CURVE('',#9140,#8980,#9200,.T.);
#9220=ORIENTED_EDGE('',*,*,#9210,.F.);
#9230=EDGE_LOOP('',(#9220,#9160,#9080,#9000));
#9240=FACE_OUTER_BOUND('',#9230,.T.);
#9250=ADVANCED_FACE('',(#9240),#8900,.F.);
#9260=COLOUR_RGB('',0.823529481887817,0.823529481887817,
0.784313797950745);
#9270=FILL_AREA_STYLE_COLOUR('',#9260);
#9280=FILL_AREA_STYLE('',(#9270));
#9290=SURFACE_STYLE_FILL_AREA(#9280);
#9300=SURFACE_SIDE_STYLE('',(#9290));
#9310=SURFACE_STYLE_USAGE(.BOTH.,#9300);
#9320=PRESENTATION_STYLE_ASSIGNMENT((#9310));
#9330=CARTESIAN_POINT('',(20.3236462030947,38.4869815216159,
-41.5232861188319));
#9340=DIRECTION('',(0.,0.,-1.));
#9350=DIRECTION('',(1.,0.,0.));
#9360=AXIS2_PLACEMENT_3D('',#9330,#9340,#9350);
#9370=PLANE('',#9360);
#9380=CARTESIAN_POINT('',(20.1236462030947,44.6002563333335,
-41.5232861188319));
#9390=DIRECTION('',(1.,0.,0.));
#9400=VECTOR('',#9390,1.);
#9410=LINE('',#9380,#9400);
#9420=CARTESIAN_POINT('',(21.4836462030953,44.6002563333335,
-41.5232861188319));
#9430=VERTEX_POINT('',#9420);
#9440=EDGE_CURVE('',#9430,#9140,#9410,.T.);
#9450=ORIENTED_EDGE('',*,*,#9440,.F.);
#9460=ORIENTED_EDGE('',*,*,#9150,.F.);
#9470=CARTESIAN_POINT('',(28.3469210148127,38.4869815216159,
-41.5232861188319));
#9480=DIRECTION('',(-0.707106781186548,0.707106781186548,0.));
#9490=VECTOR('',#9480,1.);
#9500=LINE('',#9470,#9490);
#9510=CARTESIAN_POINT('',(21.4136462030952,45.4202563333335,
-41.5232861188319));
#9520=VERTEX_POINT('',#9510);
#9530=EDGE_CURVE('',#9060,#9520,#9500,.T.);
#9540=ORIENTED_EDGE('',*,*,#9530,.F.);
#9550=CARTESIAN_POINT('',(29.816979536428,45.4202563333335,
-41.5232861188319));
#9560=DIRECTION('',(-1.,0.,0.));
#9570=VECTOR('',#9560,1.);
#9580=LINE('',#9550,#9570);
#9590=CARTESIAN_POINT('',(19.8736462030943,45.4202563333335,
-41.5232861188319));
#9600=VERTEX_POINT('',#9590);
#9610=EDGE_CURVE('',#9520,#9600,#9580,.T.);
#9620=ORIENTED_EDGE('',*,*,#9610,.F.);
#9630=CARTESIAN_POINT('',(12.9403713913767,38.4869815216159,
-41.5232861188319));
#9640=DIRECTION('',(0.707106781186548,0.707106781186548,0.));
#9650=VECTOR('',#9640,1.);
#9660=LINE('',#9630,#9650);
#9670=CARTESIAN_POINT('',(19.6736462030943,45.2202563333335,
-41.5232861188319));
#9680=VERTEX_POINT('',#9670);
#9690=EDGE_CURVE('',#9680,#9600,#9660,.T.);
#9700=ORIENTED_EDGE('',*,*,#9690,.T.);
#9710=CARTESIAN_POINT('',(19.6736462030943,38.4869815216159,
-41.5232861188319));
#9720=DIRECTION('',(0.,1.,0.));
#9730=VECTOR('',#9720,1.);
#9740=LINE('',#9710,#9730);
#9750=CARTESIAN_POINT('',(19.6736462030943,44.6002563333335,
-41.5232861188319));
#9760=VERTEX_POINT('',#9750);
#9770=EDGE_CURVE('',#9760,#9680,#9740,.T.);
#9780=ORIENTED_EDGE('',*,*,#9770,.T.);
#9790=CARTESIAN_POINT('',(29.8169795364281,44.6002563333335,
-41.5232861188319));
#9800=DIRECTION('',(1.,0.,0.));
#9810=VECTOR('',#9800,1.);
#9820=LINE('',#9790,#9810);
#9830=EDGE_CURVE('',#9760,#9430,#9820,.T.);
#9840=ORIENTED_EDGE('',*,*,#9830,.F.);
#9850=EDGE_LOOP('',(#9840,#9780,#9700,#9620,#9540,#9460,#9450));
#9860=FACE_OUTER_BOUND('',#9850,.T.);
#9870=ADVANCED_FACE('',(#9860),#9370,.T.);
#9880=COLOUR_RGB('',0.823529481887817,0.823529481887817,
0.784313797950745);
#9890=FILL_AREA_STYLE_COLOUR('',#9880);
#9900=FILL_AREA_STYLE('',(#9890));
#9910=SURFACE_STYLE_FILL_AREA(#9900);
#9920=SURFACE_SIDE_STYLE('',(#9910));
#9930=SURFACE_STYLE_USAGE(.BOTH.,#9920);
#9940=PRESENTATION_STYLE_ASSIGNMENT((#9930));
#9950=CARTESIAN_POINT('',(19.6736462030943,42.8802563333335,
-41.5232861188319));
#9960=DIRECTION('',(-1.,-0.,0.));
#9970=DIRECTION('',(0.,-1.,-0.));
#9980=AXIS2_PLACEMENT_3D('',#9950,#9960,#9970);
#9990=PLANE('',#9980);
#10000=CARTESIAN_POINT('',(19.6736462030943,44.6002563333335,
-37.3932861188318));
#10010=DIRECTION('',(0.,0.,-1.));
#10020=VECTOR('',#10010,1.);
#10030=LINE('',#10000,#10020);
#10040=CARTESIAN_POINT('',(19.6736462030943,44.6002563333335,
-40.8832861188319));
#10050=VERTEX_POINT('',#10040);
#10060=EDGE_CURVE('',#10050,#9760,#10030,.T.);
#10070=ORIENTED_EDGE('',*,*,#10060,.F.);
#10080=ORIENTED_EDGE('',*,*,#9770,.F.);
#10090=CARTESIAN_POINT('',(19.6736462030943,45.2202563333335,
-41.2032861188319));
#10100=DIRECTION('',(0.,0.,1.));
#10110=VECTOR('',#10100,1.);
#10120=LINE('',#10090,#10110);
#10130=CARTESIAN_POINT('',(19.6736462030943,45.2202563333335,
-40.8832861188319));
#10140=VERTEX_POINT('',#10130);
#10150=EDGE_CURVE('',#9680,#10140,#10120,.T.);
#10160=ORIENTED_EDGE('',*,*,#10150,.F.);
#10170=CARTESIAN_POINT('',(19.6736462030943,38.4869815216159,
-40.8832861188319));
#10180=DIRECTION('',(0.,-1.,-0.));
#10190=VECTOR('',#10180,1.);
#10200=LINE('',#10170,#10190);
#10210=EDGE_CURVE('',#10140,#10050,#10200,.T.);
#10220=ORIENTED_EDGE('',*,*,#10210,.F.);
#10230=EDGE_LOOP('',(#10220,#10160,#10080,#10070));
#10240=FACE_OUTER_BOUND('',#10230,.T.);
#10250=ADVANCED_FACE('',(#10240),#9990,.T.);
#10260=COLOUR_RGB('',0.823529481887817,0.823529481887817,
0.784313797950745);
#10270=FILL_AREA_STYLE_COLOUR('',#10260);
#10280=FILL_AREA_STYLE('',(#10270));
#10290=SURFACE_STYLE_FILL_AREA(#10280);
#10300=SURFACE_SIDE_STYLE('',(#10290));
#10310=SURFACE_STYLE_USAGE(.BOTH.,#10300);
#10320=PRESENTATION_STYLE_ASSIGNMENT((#10310));
#10330=CARTESIAN_POINT('',(20.601691221536,44.6002563333335,
-41.2032861188318));
#10340=DIRECTION('',(0.,-1.,0.));
#10350=DIRECTION('',(1.,0.,0.));
#10360=AXIS2_PLACEMENT_3D('',#10330,#10340,#10350);
#10370=PLANE('',#10360);
#10380=CARTESIAN_POINT('',(21.4836462030953,44.6002563333335,
-37.3932861188318));
#10390=DIRECTION('',(0.,0.,1.));
#10400=VECTOR('',#10390,1.);
#10410=LINE('',#10380,#10400);
#10420=CARTESIAN_POINT('',(21.4836462030953,44.6002563333335,
-40.8832861188319));
#10430=VERTEX_POINT('',#10420);
#10440=EDGE_CURVE('',#10430,#7640,#10410,.T.);
#10450=ORIENTED_EDGE('',*,*,#10440,.F.);
#10460=ORIENTED_EDGE('',*,*,#7650,.T.);
#10470=CARTESIAN_POINT('',(18.9336462030944,44.6002563333335,
-37.3932861188318));
#10480=DIRECTION('',(0.,0.,-1.));
#10490=VECTOR('',#10480,1.);
#10500=LINE('',#10470,#10490);
#10510=CARTESIAN_POINT('',(18.9336462030944,44.6002563333335,
-41.9232861188318));
#10520=VERTEX_POINT('',#10510);
#10530=EDGE_CURVE('',#7560,#10520,#10500,.T.);
#10540=ORIENTED_EDGE('',*,*,#10530,.F.);
#10550=CARTESIAN_POINT('',(29.8169795364281,44.6002563333335,
-41.9232861188318));
#10560=DIRECTION('',(1.,0.,0.));
#10570=VECTOR('',#10560,1.);
#10580=LINE('',#10550,#10570);
#10590=CARTESIAN_POINT('',(21.4836462030953,44.6002563333335,
-41.9232861188318));
#10600=VERTEX_POINT('',#10590);
#10610=EDGE_CURVE('',#10520,#10600,#10580,.T.);
#10620=ORIENTED_EDGE('',*,*,#10610,.F.);
#10630=EDGE_CURVE('',#10600,#9430,#10410,.T.);
#10640=ORIENTED_EDGE('',*,*,#10630,.F.);
#10650=ORIENTED_EDGE('',*,*,#9830,.T.);
#10660=ORIENTED_EDGE('',*,*,#10060,.T.);
#10670=CARTESIAN_POINT('',(29.8169795364281,44.6002563333335,
-40.8832861188319));
#10680=DIRECTION('',(-1.,0.,0.));
#10690=VECTOR('',#10680,1.);
#10700=LINE('',#10670,#10690);
#10710=EDGE_CURVE('',#10430,#10050,#10700,.T.);
#10720=ORIENTED_EDGE('',*,*,#10710,.T.);
#10730=EDGE_LOOP('',(#10720,#10660,#10650,#10640,#10620,#10540,#10460,
#10450));
#10740=FACE_OUTER_BOUND('',#10730,.T.);
#10750=ADVANCED_FACE('',(#10740),#10370,.F.);
#10760=CARTESIAN_POINT('',(20.6436462030946,40.2652563333336,
-40.8832861188319));
#10770=DIRECTION('',(0.,0.,1.));
#10780=DIRECTION('',(1.,0.,0.));
#10790=AXIS2_PLACEMENT_3D('',#10760,#10770,#10780);
#10800=PLANE('',#10790);
#10810=ORIENTED_EDGE('',*,*,#10210,.T.);
#10820=CARTESIAN_POINT('',(12.9403713913767,38.4869815216159,
-40.8832861188319));
#10830=DIRECTION('',(-0.707106781186548,-0.707106781186548,-0.));
#10840=VECTOR('',#10830,1.);
#10850=LINE('',#10820,#10840);
#10860=CARTESIAN_POINT('',(19.8736462030943,45.4202563333335,
-40.8832861188319));
#10870=VERTEX_POINT('',#10860);
#10880=EDGE_CURVE('',#10870,#10140,#10850,.T.);
#10890=ORIENTED_EDGE('',*,*,#10880,.T.);
#10900=CARTESIAN_POINT('',(29.816979536428,45.4202563333335,
-40.8832861188319));
#10910=DIRECTION('',(-1.,0.,0.));
#10920=VECTOR('',#10910,1.);
#10930=LINE('',#10900,#10920);
#10940=CARTESIAN_POINT('',(21.4136462030952,45.4202563333335,
-40.8832861188319));
#10950=VERTEX_POINT('',#10940);
#10960=EDGE_CURVE('',#10950,#10870,#10930,.T.);
#10970=ORIENTED_EDGE('',*,*,#10960,.T.);
#10980=CARTESIAN_POINT('',(28.3469210148127,38.4869815216159,
-40.8832861188319));
#10990=DIRECTION('',(0.707106781186548,-0.707106781186548,0.));
#11000=VECTOR('',#10990,1.);
#11010=LINE('',#10980,#11000);
#11020=EDGE_CURVE('',#10950,#8960,#11010,.T.);
#11030=ORIENTED_EDGE('',*,*,#11020,.F.);
#11040=ORIENTED_EDGE('',*,*,#8990,.F.);
#11050=CARTESIAN_POINT('',(20.1236462030947,44.6002563333335,
-40.8832861188319));
#11060=DIRECTION('',(-1.,0.,0.));
#11070=VECTOR('',#11060,1.);
#11080=LINE('',#11050,#11070);
#11090=EDGE_CURVE('',#8980,#10430,#11080,.T.);
#11100=ORIENTED_EDGE('',*,*,#11090,.F.);
#11110=ORIENTED_EDGE('',*,*,#10710,.F.);
#11120=EDGE_LOOP('',(#11110,#11100,#11040,#11030,#10970,#10890,#10810));
#11130=FACE_OUTER_BOUND('',#11120,.T.);
#11140=ADVANCED_FACE('',(#11130),#10800,.T.);
#11150=COLOUR_RGB('',0.823529481887817,0.823529481887817,
0.784313797950745);
#11160=FILL_AREA_STYLE_COLOUR('',#11150);
#11170=FILL_AREA_STYLE('',(#11160));
#11180=SURFACE_STYLE_FILL_AREA(#11170);
#11190=SURFACE_SIDE_STYLE('',(#11180));
#11200=SURFACE_STYLE_USAGE(.BOTH.,#11190);
#11210=PRESENTATION_STYLE_ASSIGNMENT((#11200));
#11220=CARTESIAN_POINT('',(20.4836462030948,44.7035896666662,
-37.3932861188318));
#11230=DIRECTION('',(-1.,-1.4210854715202E-14,-0.));
#11240=DIRECTION('',(-1.4210854715202E-14,1.,0.));
#11250=AXIS2_PLACEMENT_3D('',#11220,#11230,#11240);
#11260=PLANE('',#11250);
#11270=CARTESIAN_POINT('',(20.4836462030948,44.461850499377,
-38.7448802848753));
#11280=DIRECTION('',(-1.,-1.4210854715202E-14,0.));
#11290=DIRECTION('',(-1.00485917355726E-14,0.7071067811863,
-0.707106781186795));
#11300=AXIS2_PLACEMENT_3D('',#11270,#11280,#11290);
#11310=ELLIPSE('',#11300,0.200015231064324,0.2);
#11320=CARTESIAN_POINT('',(20.4836462030948,44.6618581150542,
-38.7448955159396));
#11330=VERTEX_POINT('',#11320);
#11340=CARTESIAN_POINT('',(20.4836462030948,44.4618657304413,
-38.9448879005525));
#11350=VERTEX_POINT('',#11340);
#11360=EDGE_CURVE('',#11330,#11350,#11310,.T.);
#11370=ORIENTED_EDGE('',*,*,#11360,.F.);
#11380=CARTESIAN_POINT('',(20.4836462030948,43.776923,-38.9448879005525)
);
#11390=DIRECTION('',(1.4210854715202E-14,-1.,-4.13057089509717E-32));
#11400=VECTOR('',#11390,1.);
#11410=LINE('',#11380,#11400);
#11420=CARTESIAN_POINT('',(20.4836462030948,44.111850499667,
-38.9448879005525));
#11430=VERTEX_POINT('',#11420);
#11440=EDGE_CURVE('',#11350,#11430,#11410,.T.);
#11450=ORIENTED_EDGE('',*,*,#11440,.F.);
#11460=CARTESIAN_POINT('',(20.4836462030948,44.1118657307313,
-39.1448955162296));
#11470=DIRECTION('',(-1.,-1.4210854715202E-14,0.));
#11480=DIRECTION('',(-1.00485917355726E-14,0.7071067811863,
-0.707106781186795));
#11490=AXIS2_PLACEMENT_3D('',#11460,#11470,#11480);
#11500=ELLIPSE('',#11490,0.200015231064324,0.2);
#11510=CARTESIAN_POINT('',(20.4836462030948,43.9118581150542,
-39.1448802851653));
#11520=VERTEX_POINT('',#11510);
#11530=EDGE_CURVE('',#11520,#11430,#11500,.T.);
#11540=ORIENTED_EDGE('',*,*,#11530,.T.);
#11550=CARTESIAN_POINT('',(20.4836462030948,43.9118581150542,
-32.3132861188318));
#11560=DIRECTION('',(0.,0.,-1.));
#11570=VECTOR('',#11560,1.);
#11580=LINE('',#11550,#11570);
#11590=CARTESIAN_POINT('',(20.4836462030948,43.9118581150542,
-39.3732964991752));
#11600=VERTEX_POINT('',#11590);
#11610=EDGE_CURVE('',#11520,#11600,#11580,.T.);
#11620=ORIENTED_EDGE('',*,*,#11610,.F.);
#11630=CARTESIAN_POINT('',(20.4836462030948,43.6118466915384,
-39.3732667496224));
#11640=DIRECTION('',(-1.,-1.4210854715202E-14,0.));
#11650=DIRECTION('',(-8.65554103571559E-15,0.609079552861543,
-0.79310913390654));
#11660=AXIS2_PLACEMENT_3D('',#11630,#11640,#11650);
#11670=ELLIPSE('',#11660,0.300030791987682,0.3);
#11680=CARTESIAN_POINT('',(20.4836462030948,43.6118764403034,
-39.6732861188318));
#11690=VERTEX_POINT('',#11680);
#11700=EDGE_CURVE('',#11600,#11690,#11670,.T.);
#11710=ORIENTED_EDGE('',*,*,#11700,.F.);
#11720=CARTESIAN_POINT('',(20.4836462030948,43.776923,-39.6732861188318)
);
#11730=DIRECTION('',(1.4210854715202E-14,-1.,-4.13057089509717E-32));
#11740=VECTOR('',#11730,1.);
#11750=LINE('',#11720,#11740);
#11760=CARTESIAN_POINT('',(20.4836462030948,41.2386545516128,
-39.6732861188318));
#11770=VERTEX_POINT('',#11760);
#11780=EDGE_CURVE('',#11690,#11770,#11750,.T.);
#11790=ORIENTED_EDGE('',*,*,#11780,.F.);
#11800=CARTESIAN_POINT('',(20.4836462030948,41.2386545516128,
-32.3132861188318));
#11810=DIRECTION('',(0.,0.,1.));
#11820=VECTOR('',#11810,1.);
#11830=LINE('',#11800,#11820);
#11840=CARTESIAN_POINT('',(20.4836462030948,41.2386545516128,
-37.9532757384884));
#11850=VERTEX_POINT('',#11840);
#11860=EDGE_CURVE('',#11770,#11850,#11830,.T.);
#11870=ORIENTED_EDGE('',*,*,#11860,.F.);
#11880=CARTESIAN_POINT('',(20.4836462030948,41.5386659751286,
-37.9533054880413));
#11890=DIRECTION('',(-1.,-1.4210854715202E-14,0.));
#11900=DIRECTION('',(-8.65554103570617E-15,0.60907955286088,
-0.793109133907049));
#11910=AXIS2_PLACEMENT_3D('',#11880,#11890,#11900);
#11920=ELLIPSE('',#11910,0.300030791987682,0.3);
#11930=CARTESIAN_POINT('',(20.4836462030948,41.5386362263636,
-37.6532861188318));
#11940=VERTEX_POINT('',#11930);
#11950=EDGE_CURVE('',#11850,#11940,#11920,.T.);
#11960=ORIENTED_EDGE('',*,*,#11950,.F.);
#11970=CARTESIAN_POINT('',(20.4836462030948,43.776923,-37.6532861188318)
);
#11980=DIRECTION('',(1.4210854715202E-14,-1.,4.13057089509717E-32));
#11990=VECTOR('',#11980,1.);
#12000=LINE('',#11970,#11990);
#12010=CARTESIAN_POINT('',(20.4836462030948,43.6118764403034,
-37.6532861188318));
#12020=VERTEX_POINT('',#12010);
#12030=EDGE_CURVE('',#12020,#11940,#12000,.T.);
#12040=ORIENTED_EDGE('',*,*,#12030,.T.);
#12050=CARTESIAN_POINT('',(20.4836462030948,43.6118466915384,
-37.9533054880413));
#12060=DIRECTION('',(-1.,-1.4210854715202E-14,0.));
#12070=DIRECTION('',(8.65554103570617E-15,-0.60907955286088,
-0.793109133907049));
#12080=AXIS2_PLACEMENT_3D('',#12050,#12060,#12070);
#12090=ELLIPSE('',#12080,0.300030791987682,0.3);
#12100=CARTESIAN_POINT('',(20.4836462030948,43.9118581150542,
-37.9532757384884));
#12110=VERTEX_POINT('',#12100);
#12120=EDGE_CURVE('',#12020,#12110,#12090,.T.);
#12130=ORIENTED_EDGE('',*,*,#12120,.F.);
#12140=CARTESIAN_POINT('',(20.4836462030948,43.9118581150542,
-32.3132861188318));
#12150=DIRECTION('',(0.,0.,-1.));
#12160=VECTOR('',#12150,1.);
#12170=LINE('',#12140,#12160);
#12180=CARTESIAN_POINT('',(20.4836462030948,43.9118581150542,
-38.1816919524983));
#12190=VERTEX_POINT('',#12180);
#12200=EDGE_CURVE('',#12110,#12190,#12170,.T.);
#12210=ORIENTED_EDGE('',*,*,#12200,.F.);
#12220=CARTESIAN_POINT('',(20.4836462030948,44.1118657307313,
-38.181676721434));
#12230=DIRECTION('',(-1.,-1.4210854715202E-14,0.));
#12240=DIRECTION('',(-1.00485917355726E-14,0.7071067811863,
0.707106781186795));
#12250=AXIS2_PLACEMENT_3D('',#12220,#12230,#12240);
#12260=ELLIPSE('',#12250,0.200015231064324,0.2);
#12270=CARTESIAN_POINT('',(20.4836462030948,44.111850499667,
-38.3816843371111));
#12280=VERTEX_POINT('',#12270);
#12290=EDGE_CURVE('',#12280,#12190,#12260,.T.);
#12300=ORIENTED_EDGE('',*,*,#12290,.T.);
#12310=CARTESIAN_POINT('',(20.4836462030948,43.776923,-38.3816843371111)
);
#12320=DIRECTION('',(1.4210854715202E-14,-1.,4.13057089509717E-32));
#12330=VECTOR('',#12320,1.);
#12340=LINE('',#12310,#12330);
#12350=CARTESIAN_POINT('',(20.4836462030948,44.4618657304413,
-38.3816843371111));
#12360=VERTEX_POINT('',#12350);
#12370=EDGE_CURVE('',#12360,#12280,#12340,.T.);
#12380=ORIENTED_EDGE('',*,*,#12370,.T.);
#12390=CARTESIAN_POINT('',(20.4836462030948,44.461850499377,
-38.5816919527883));
#12400=DIRECTION('',(-1.,-1.4210854715202E-14,0.));
#12410=DIRECTION('',(-1.00485917355726E-14,0.7071067811863,
0.707106781186795));
#12420=AXIS2_PLACEMENT_3D('',#12390,#12400,#12410);
#12430=ELLIPSE('',#12420,0.200015231064324,0.2);
#12440=CARTESIAN_POINT('',(20.4836462030948,44.6618581150542,
-38.581676721724));
#12450=VERTEX_POINT('',#12440);
#12460=EDGE_CURVE('',#12360,#12450,#12430,.T.);
#12470=ORIENTED_EDGE('',*,*,#12460,.F.);
#12480=CARTESIAN_POINT('',(20.4836462030948,44.6618581150542,
-37.3932861188318));
#12490=DIRECTION('',(0.,0.,1.));
#12500=VECTOR('',#12490,1.);
#12510=LINE('',#12480,#12500);
#12520=EDGE_CURVE('',#11330,#12450,#12510,.T.);
#12530=ORIENTED_EDGE('',*,*,#12520,.T.);
#12540=EDGE_LOOP('',(#12530,#12470,#12380,#12300,#12210,#12130,#12040,
#11960,#11870,#11790,#11710,#11620,#11540,#11450,#11370));
#12550=FACE_OUTER_BOUND('',#12540,.T.);
#12560=CARTESIAN_POINT('',(20.4836462030948,43.776923,-38.3432861188318)
);
#12570=DIRECTION('',(1.4210854715202E-14,-1.,0.));
#12580=VECTOR('',#12570,1.);
#12590=LINE('',#12560,#12580);
#12600=CARTESIAN_POINT('',(20.4836462030948,42.8902563333339,
-38.3432861188318));
#12610=VERTEX_POINT('',#12600);
#12620=CARTESIAN_POINT('',(20.4836462030948,42.2502563333339,
-38.3432861188318));
#12630=VERTEX_POINT('',#12620);
#12640=EDGE_CURVE('',#12610,#12630,#12590,.T.);
#12650=ORIENTED_EDGE('',*,*,#12640,.F.);
#12660=CARTESIAN_POINT('',(20.4836462030948,42.2502563333339,
-37.3932861188318));
#12670=DIRECTION('',(0.,0.,-1.));
#12680=VECTOR('',#12670,1.);
#12690=LINE('',#12660,#12680);
#12700=CARTESIAN_POINT('',(20.4836462030948,42.2502563333339,
-38.9832861188318));
#12710=VERTEX_POINT('',#12700);
#12720=EDGE_CURVE('',#12630,#12710,#12690,.T.);
#12730=ORIENTED_EDGE('',*,*,#12720,.F.);
#12740=CARTESIAN_POINT('',(20.4836462030948,43.776923,-38.9832861188318)
);
#12750=DIRECTION('',(1.4210854715202E-14,-1.,0.));
#12760=VECTOR('',#12750,1.);
#12770=LINE('',#12740,#12760);
#12780=CARTESIAN_POINT('',(20.4836462030948,42.8902563333339,
-38.9832861188318));
#12790=VERTEX_POINT('',#12780);
#12800=EDGE_CURVE('',#12790,#12710,#12770,.T.);
#12810=ORIENTED_EDGE('',*,*,#12800,.T.);
#12820=CARTESIAN_POINT('',(20.4836462030948,42.8902563333339,
-37.3932861188318));
#12830=DIRECTION('',(0.,0.,1.));
#12840=VECTOR('',#12830,1.);
#12850=LINE('',#12820,#12840);
#12860=EDGE_CURVE('',#12790,#12610,#12850,.T.);
#12870=ORIENTED_EDGE('',*,*,#12860,.F.);
#12880=EDGE_LOOP('',(#12870,#12810,#12730,#12650));
#12890=FACE_BOUND('',#12880,.T.);
#12900=ADVANCED_FACE('',(#12550,#12890),#11260,.F.);
#12910=CARTESIAN_POINT('',(19.7736462030943,45.3202563333335,
-41.2032861188319));
#12920=DIRECTION('',(0.707106781186548,-0.707106781186548,0.));
#12930=DIRECTION('',(0.707106781186547,0.707106781186547,0.));
#12940=AXIS2_PLACEMENT_3D('',#12910,#12920,#12930);
#12950=PLANE('',#12940);
#12960=ORIENTED_EDGE('',*,*,#9690,.F.);
#12970=CARTESIAN_POINT('',(19.8736462030943,45.4202563333335,
-41.2032861188319));
#12980=DIRECTION('',(0.,0.,1.));
#12990=VECTOR('',#12980,1.);
#13000=LINE('',#12970,#12990);
#13010=EDGE_CURVE('',#9600,#10870,#13000,.T.);
#13020=ORIENTED_EDGE('',*,*,#13010,.F.);
#13030=ORIENTED_EDGE('',*,*,#10880,.F.);
#13040=ORIENTED_EDGE('',*,*,#10150,.T.);
#13050=EDGE_LOOP('',(#13040,#13030,#13020,#12960));
#13060=FACE_OUTER_BOUND('',#13050,.T.);
#13070=ADVANCED_FACE('',(#13060),#12950,.F.);
#13080=COLOUR_RGB('',0.823529481887817,0.823529481887817,
0.784313797950745);
#13090=FILL_AREA_STYLE_COLOUR('',#13080);
#13100=FILL_AREA_STYLE('',(#13090));
#13110=SURFACE_STYLE_FILL_AREA(#13100);
#13120=SURFACE_SIDE_STYLE('',(#13110));
#13130=SURFACE_STYLE_USAGE(.BOTH.,#13120);
#13140=PRESENTATION_STYLE_ASSIGNMENT((#13130));
#13150=CARTESIAN_POINT('',(17.7736462030942,45.4202563333335,
-40.4832837188319));
#13160=DIRECTION('',(0.,-1.,0.));
#13170=DIRECTION('',(1.,0.,0.));
#13180=AXIS2_PLACEMENT_3D('',#13150,#13160,#13170);
#13190=PLANE('',#13180);
#13200=ORIENTED_EDGE('',*,*,#13010,.T.);
#13210=ORIENTED_EDGE('',*,*,#9610,.T.);
#13220=CARTESIAN_POINT('',(21.4136462030952,45.4202563333335,
-41.2032861188319));
#13230=DIRECTION('',(0.,0.,1.));
#13240=VECTOR('',#13230,1.);
#13250=LINE('',#13220,#13240);
#13260=EDGE_CURVE('',#9520,#10950,#13250,.T.);
#13270=ORIENTED_EDGE('',*,*,#13260,.F.);
#13280=ORIENTED_EDGE('',*,*,#10960,.F.);
#13290=EDGE_LOOP('',(#13280,#13270,#13210,#13200));
#13300=FACE_OUTER_BOUND('',#13290,.T.);
#13310=ADVANCED_FACE('',(#13300),#13190,.F.);
#13320=COLOUR_RGB('',0.823529481887817,0.823529481887817,
0.784313797950745);
#13330=FILL_AREA_STYLE_COLOUR('',#13320);
#13340=FILL_AREA_STYLE('',(#13330));
#13350=SURFACE_STYLE_FILL_AREA(#13340);
#13360=SURFACE_SIDE_STYLE('',(#13350));
#13370=SURFACE_STYLE_USAGE(.BOTH.,#13360);
#13380=PRESENTATION_STYLE_ASSIGNMENT((#13370));
#13390=CARTESIAN_POINT('',(22.3836462030948,42.0002563333335,
-40.1836649067106));
#13400=DIRECTION('',(1.,1.4210854715202E-14,-0.));
#13410=DIRECTION('',(-1.4210854715202E-14,1.,0.));
#13420=AXIS2_PLACEMENT_3D('',#13390,#13400,#13410);
#13430=PLANE('',#13420);
#13440=ORIENTED_EDGE('',*,*,#4210,.T.);
#13450=CARTESIAN_POINT('',(22.3836462030948,41.2220735028104,
-32.3132861188318));
#13460=DIRECTION('',(0.,0.,1.));
#13470=VECTOR('',#13460,1.);
#13480=LINE('',#13450,#13470);
#13490=CARTESIAN_POINT('',(22.3836462030948,41.2220735028104,
-39.6948770279227));
#13500=VERTEX_POINT('',#13490);
#13510=EDGE_CURVE('',#13500,#4140,#13480,.T.);
#13520=ORIENTED_EDGE('',*,*,#13510,.T.);
#13530=CARTESIAN_POINT('',(22.3836462030947,43.776923,-39.6948770279227)
);
#13540=DIRECTION('',(1.4210854715202E-14,-1.,0.));
#13550=VECTOR('',#13540,1.);
#13560=LINE('',#13530,#13550);
#13570=CARTESIAN_POINT('',(22.3836462030948,41.9002563333335,
-39.6948770279227));
#13580=VERTEX_POINT('',#13570);
#13590=EDGE_CURVE('',#13580,#13500,#13560,.T.);
#13600=ORIENTED_EDGE('',*,*,#13590,.T.);
#13610=CARTESIAN_POINT('',(22.3836462030948,41.9002563333335,
-37.3932861188318));
#13620=DIRECTION('',(0.,0.,-1.));
#13630=VECTOR('',#13620,1.);
#13640=LINE('',#13610,#13630);
#13650=EDGE_CURVE('',#13580,#7820,#13640,.T.);
#13660=ORIENTED_EDGE('',*,*,#13650,.F.);
#13670=ORIENTED_EDGE('',*,*,#7830,.F.);
#13680=ORIENTED_EDGE('',*,*,#4570,.F.);
#13690=CARTESIAN_POINT('',(22.3836462030948,40.6002563333335,
-37.3932861188318));
#13700=DIRECTION('',(0.,0.,1.));
#13710=VECTOR('',#13700,1.);
#13720=LINE('',#13690,#13710);
#13730=EDGE_CURVE('',#4470,#3980,#13720,.T.);
#13740=ORIENTED_EDGE('',*,*,#13730,.F.);
#13750=EDGE_LOOP('',(#13740,#13680,#13670,#13660,#13600,#13520,#13440));
#13760=FACE_OUTER_BOUND('',#13750,.T.);
#13770=ADVANCED_FACE('',(#13760),#13430,.T.);
#13780=CARTESIAN_POINT('',(18.9336462030944,44.3002563333335,
-37.3932861188318));
#13790=DIRECTION('',(0.,0.,-1.));
#13800=DIRECTION('',(-1.4210854715202E-14,1.,0.));
#13810=AXIS2_PLACEMENT_3D('',#13780,#13790,#13800);
#13820=CYLINDRICAL_SURFACE('',#13810,0.3);
#13830=ORIENTED_EDGE('',*,*,#10530,.T.);
#13840=ORIENTED_EDGE('',*,*,#7570,.T.);
#13850=ORIENTED_EDGE('',*,*,#7080,.F.);
#13860=CARTESIAN_POINT('',(18.9336462030944,44.3002563333335,
-41.9232861188318));
#13870=DIRECTION('',(0.,0.,1.));
#13880=DIRECTION('',(-1.,0.,0.));
#13890=AXIS2_PLACEMENT_3D('',#13860,#13870,#13880);
#13900=CIRCLE('',#13890,0.3);
#13910=EDGE_CURVE('',#10520,#7070,#13900,.T.);
#13920=ORIENTED_EDGE('',*,*,#13910,.T.);
#13930=EDGE_LOOP('',(#13920,#13850,#13840,#13830));
#13940=FACE_OUTER_BOUND('',#13930,.T.);
#13950=ADVANCED_FACE('',(#13940),#13820,.T.);
#13960=CARTESIAN_POINT('',(18.9336462030944,44.3002563333335,
-41.9232861188318));
#13970=DIRECTION('',(-1.,-1.4802973661672E-16,0.));
#13980=DIRECTION('',(1.4802973661672E-16,-1.,0.));
#13990=AXIS2_PLACEMENT_3D('',#13960,#13970,#13980);
#14000=SPHERICAL_SURFACE('',#13990,0.3);
#14010=CARTESIAN_POINT('',(18.9336462030944,44.3002563333335,
-41.9232861188318));
#14020=DIRECTION('',(0.,-1.,-0.));
#14030=DIRECTION('',(1.,0.,0.));
#14040=AXIS2_PLACEMENT_3D('',#14010,#14020,#14030);
#14050=CIRCLE('',#14040,0.3);
#14060=CARTESIAN_POINT('',(18.9336462030944,44.3002563333335,
-42.2232861188318));
#14070=VERTEX_POINT('',#14060);
#14080=EDGE_CURVE('',#7070,#14070,#14050,.T.);
#14090=ORIENTED_EDGE('',*,*,#14080,.F.);
#14100=CARTESIAN_POINT('',(18.9336462030944,44.3002563333335,
-41.9232861188318));
#14110=DIRECTION('',(1.,0.,0.));
#14120=DIRECTION('',(0.,1.,0.));
#14130=AXIS2_PLACEMENT_3D('',#14100,#14110,#14120);
#14140=CIRCLE('',#14130,0.3);
#14150=EDGE_CURVE('',#14070,#10520,#14140,.T.);
#14160=ORIENTED_EDGE('',*,*,#14150,.F.);
#14170=ORIENTED_EDGE('',*,*,#13910,.F.);
#14180=EDGE_LOOP('',(#14170,#14160,#14090));
#14190=FACE_OUTER_BOUND('',#14180,.T.);
#14200=ADVANCED_FACE('',(#14190),#14000,.T.);
#14210=CARTESIAN_POINT('',(29.8169795364281,44.3002563333335,
-41.9232861188318));
#14220=DIRECTION('',(1.,0.,0.));
#14230=DIRECTION('',(0.,1.,0.));
#14240=AXIS2_PLACEMENT_3D('',#14210,#14220,#14230);
#14250=CYLINDRICAL_SURFACE('',#14240,0.3);
#14260=ORIENTED_EDGE('',*,*,#14150,.T.);
#14270=CARTESIAN_POINT('',(29.8169795364281,44.3002563333335,
-42.2232861188318));
#14280=DIRECTION('',(1.,0.,0.));
#14290=VECTOR('',#14280,1.);
#14300=LINE('',#14270,#14290);
#14310=CARTESIAN_POINT('',(21.4836462030953,44.3002563333335,
-42.2232861188318));
#14320=VERTEX_POINT('',#14310);
#14330=EDGE_CURVE('',#14070,#14320,#14300,.T.);
#14340=ORIENTED_EDGE('',*,*,#14330,.F.);
#14350=CARTESIAN_POINT('',(21.4836462030953,44.3002563333335,
-41.9232861188318));
#14360=DIRECTION('',(1.,0.,0.));
#14370=DIRECTION('',(0.,1.,0.));
#14380=AXIS2_PLACEMENT_3D('',#14350,#14360,#14370);
#14390=CIRCLE('',#14380,0.3);
#14400=EDGE_CURVE('',#14320,#10600,#14390,.T.);
#14410=ORIENTED_EDGE('',*,*,#14400,.F.);
#14420=ORIENTED_EDGE('',*,*,#10610,.T.);
#14430=EDGE_LOOP('',(#14420,#14410,#14340,#14260));
#14440=FACE_OUTER_BOUND('',#14430,.T.);
#14450=ADVANCED_FACE('',(#14440),#14250,.T.);
#14460=CARTESIAN_POINT('',(21.4836462030953,44.3002563333335,
-41.9232861188318));
#14470=DIRECTION('',(1.,1.4802973661672E-16,0.));
#14480=DIRECTION('',(-1.4802973661672E-16,1.,0.));
#14490=AXIS2_PLACEMENT_3D('',#14460,#14470,#14480);
#14500=SPHERICAL_SURFACE('',#14490,0.3);
#14510=CARTESIAN_POINT('',(21.4836462030953,44.3002563333335,
-41.9232861188318));
#14520=DIRECTION('',(0.,0.,1.));
#14530=DIRECTION('',(-1.,0.,0.));
#14540=AXIS2_PLACEMENT_3D('',#14510,#14520,#14530);
#14550=CIRCLE('',#14540,0.3);
#14560=EDGE_CURVE('',#6510,#10600,#14550,.T.);
#14570=ORIENTED_EDGE('',*,*,#14560,.F.);
#14580=ORIENTED_EDGE('',*,*,#14400,.T.);
#14590=CARTESIAN_POINT('',(21.4836462030953,44.3002563333335,
-41.9232861188318));
#14600=DIRECTION('',(0.,1.,0.));
#14610=DIRECTION('',(-1.,0.,0.));
#14620=AXIS2_PLACEMENT_3D('',#14590,#14600,#14610);
#14630=CIRCLE('',#14620,0.3);
#14640=EDGE_CURVE('',#6510,#14320,#14630,.T.);
#14650=ORIENTED_EDGE('',*,*,#14640,.T.);
#14660=EDGE_LOOP('',(#14650,#14580,#14570));
#14670=FACE_OUTER_BOUND('',#14660,.T.);
#14680=ADVANCED_FACE('',(#14670),#14500,.T.);
#14690=CARTESIAN_POINT('',(21.4836462030953,43.776923,-41.9232861188318)
);
#14700=DIRECTION('',(0.,1.,0.));
#14710=DIRECTION('',(-1.,0.,0.));
#14720=AXIS2_PLACEMENT_3D('',#14690,#14700,#14710);
#14730=CYLINDRICAL_SURFACE('',#14720,0.3);
#14740=CARTESIAN_POINT('',(21.4836462030953,43.776923,-42.2232861188318)
);
#14750=DIRECTION('',(0.,1.,0.));
#14760=VECTOR('',#14750,1.);
#14770=LINE('',#14740,#14760);
#14780=CARTESIAN_POINT('',(21.4836462030953,41.4002563333336,
-42.2232861188318));
#14790=VERTEX_POINT('',#14780);
#14800=EDGE_CURVE('',#14790,#14320,#14770,.T.);
#14810=ORIENTED_EDGE('',*,*,#14800,.T.);
#14820=CARTESIAN_POINT('',(21.4836462030953,41.4002563333336,
-41.9232861188318));
#14830=DIRECTION('',(0.,1.,0.));
#14840=DIRECTION('',(-1.,0.,0.));
#14850=AXIS2_PLACEMENT_3D('',#14820,#14830,#14840);
#14860=CIRCLE('',#14850,0.3);
#14870=EDGE_CURVE('',#6590,#14790,#14860,.T.);
#14880=ORIENTED_EDGE('',*,*,#14870,.T.);
#14890=ORIENTED_EDGE('',*,*,#6600,.F.);
#14900=ORIENTED_EDGE('',*,*,#14640,.F.);
#14910=EDGE_LOOP('',(#14900,#14890,#14880,#14810));
#14920=FACE_OUTER_BOUND('',#14910,.T.);
#14930=ADVANCED_FACE('',(#14920),#14730,.T.);
#14940=CARTESIAN_POINT('',(21.4836462030953,41.4002563333336,
-41.9232861188318));
#14950=DIRECTION('',(1.,-5.92118946466717E-16,0.));
#14960=DIRECTION('',(5.92118946466717E-16,1.,0.));
#14970=AXIS2_PLACEMENT_3D('',#14940,#14950,#14960);
#14980=SPHERICAL_SURFACE('',#14970,0.3);
#14990=ORIENTED_EDGE('',*,*,#14870,.F.);
#15000=CARTESIAN_POINT('',(21.4836462030953,41.4002563333336,
-41.9232861188318));
#15010=DIRECTION('',(1.,0.,0.));
#15020=DIRECTION('',(0.,1.,0.));
#15030=AXIS2_PLACEMENT_3D('',#15000,#15010,#15020);
#15040=CIRCLE('',#15030,0.3);
#15050=EDGE_CURVE('',#5580,#14790,#15040,.T.);
#15060=ORIENTED_EDGE('',*,*,#15050,.T.);
#15070=ORIENTED_EDGE('',*,*,#6900,.F.);
#15080=EDGE_LOOP('',(#15070,#15060,#14990));
#15090=FACE_OUTER_BOUND('',#15080,.T.);
#15100=ADVANCED_FACE('',(#15090),#14980,.T.);
#15110=CARTESIAN_POINT('',(29.8169795364281,41.4002563333336,
-41.9232861188318));
#15120=DIRECTION('',(1.,0.,0.));
#15130=DIRECTION('',(0.,1.,0.));
#15140=AXIS2_PLACEMENT_3D('',#15110,#15120,#15130);
#15150=CYLINDRICAL_SURFACE('',#15140,0.3);
#15160=ORIENTED_EDGE('',*,*,#5590,.F.);
#15170=ORIENTED_EDGE('',*,*,#15050,.F.);
#15180=CARTESIAN_POINT('',(29.8169795364281,41.4002563333336,
-42.2232861188318));
#15190=DIRECTION('',(1.,0.,0.));
#15200=VECTOR('',#15190,1.);
#15210=LINE('',#15180,#15200);
#15220=CARTESIAN_POINT('',(18.9336462030944,41.4002563333336,
-42.2232861188318));
#15230=VERTEX_POINT('',#15220);
#15240=EDGE_CURVE('',#15230,#14790,#15210,.T.);
#15250=ORIENTED_EDGE('',*,*,#15240,.T.);
#15260=CARTESIAN_POINT('',(18.9336462030944,41.4002563333336,
-41.9232861188318));
#15270=DIRECTION('',(1.,1.4210854715202E-14,0.));
#15280=DIRECTION('',(1.4210854715202E-14,-1.,0.));
#15290=AXIS2_PLACEMENT_3D('',#15260,#15270,#15280);
#15300=CIRCLE('',#15290,0.3);
#15310=EDGE_CURVE('',#5560,#15230,#15300,.T.);
#15320=ORIENTED_EDGE('',*,*,#15310,.T.);
#15330=EDGE_LOOP('',(#15320,#15250,#15170,#15160));
#15340=FACE_OUTER_BOUND('',#15330,.T.);
#15350=ADVANCED_FACE('',(#15340),#15150,.T.);
#15360=CARTESIAN_POINT('',(18.9336462030944,41.4002563333336,
-41.9232861188318));
#15370=DIRECTION('',(0.,0.,-1.));
#15380=DIRECTION('',(-1.18423789293351E-14,1.,0.));
#15390=AXIS2_PLACEMENT_3D('',#15360,#15370,#15380);
#15400=SPHERICAL_SURFACE('',#15390,0.3);
#15410=CARTESIAN_POINT('',(18.9336462030944,41.4002563333336,
-41.9232861188318));
#15420=DIRECTION('',(0.,-1.,-0.));
#15430=DIRECTION('',(1.,0.,0.));
#15440=AXIS2_PLACEMENT_3D('',#15410,#15420,#15430);
#15450=CIRCLE('',#15440,0.3);
#15460=EDGE_CURVE('',#7230,#15230,#15450,.T.);
#15470=ORIENTED_EDGE('',*,*,#15460,.T.);
#15480=CARTESIAN_POINT('',(18.9336462030944,41.4002563333336,
-41.9232861188318));
#15490=DIRECTION('',(0.,0.,-1.));
#15500=DIRECTION('',(-1.4210854715202E-14,1.,0.));
#15510=AXIS2_PLACEMENT_3D('',#15480,#15490,#15500);
#15520=CIRCLE('',#15510,0.3);
#15530=EDGE_CURVE('',#5560,#7230,#15520,.T.);
#15540=ORIENTED_EDGE('',*,*,#15530,.T.);
#15550=ORIENTED_EDGE('',*,*,#15310,.F.);
#15560=EDGE_LOOP('',(#15550,#15540,#15470));
#15570=FACE_OUTER_BOUND('',#15560,.T.);
#15580=ADVANCED_FACE('',(#15570),#15400,.T.);
#15590=CARTESIAN_POINT('',(18.9336462030944,41.4002563333336,
-37.3932861188318));
#15600=DIRECTION('',(0.,0.,-1.));
#15610=DIRECTION('',(-1.4210854715202E-14,1.,0.));
#15620=AXIS2_PLACEMENT_3D('',#15590,#15600,#15610);
#15630=CYLINDRICAL_SURFACE('',#15620,0.3);
#15640=ORIENTED_EDGE('',*,*,#15530,.F.);
#15650=ORIENTED_EDGE('',*,*,#7240,.T.);
#15660=ORIENTED_EDGE('',*,*,#7470,.T.);
#15670=ORIENTED_EDGE('',*,*,#5670,.F.);
#15680=EDGE_LOOP('',(#15670,#15660,#15650,#15640));
#15690=FACE_OUTER_BOUND('',#15680,.T.);
#15700=ADVANCED_FACE('',(#15690),#15630,.T.);
#15710=CARTESIAN_POINT('',(18.9336462030944,43.776923,-41.9232861188318)
);
#15720=DIRECTION('',(0.,-1.,-0.));
#15730=DIRECTION('',(1.,0.,0.));
#15740=AXIS2_PLACEMENT_3D('',#15710,#15720,#15730);
#15750=CYLINDRICAL_SURFACE('',#15740,0.3);
#15760=ORIENTED_EDGE('',*,*,#15460,.F.);
#15770=CARTESIAN_POINT('',(18.9336462030944,43.776923,-42.2232861188318)
);
#15780=DIRECTION('',(0.,-1.,-0.));
#15790=VECTOR('',#15780,1.);
#15800=LINE('',#15770,#15790);
#15810=EDGE_CURVE('',#14070,#15230,#15800,.T.);
#15820=ORIENTED_EDGE('',*,*,#15810,.T.);
#15830=ORIENTED_EDGE('',*,*,#14080,.T.);
#15840=ORIENTED_EDGE('',*,*,#7300,.F.);
#15850=EDGE_LOOP('',(#15840,#15830,#15820,#15760));
#15860=FACE_OUTER_BOUND('',#15850,.T.);
#15870=ADVANCED_FACE('',(#15860),#15750,.T.);
#15880=CARTESIAN_POINT('',(21.4836462030953,44.3002563333335,
-37.3932861188318));
#15890=DIRECTION('',(0.,0.,1.));
#15900=DIRECTION('',(1.4210854715202E-14,-1.,0.));
#15910=AXIS2_PLACEMENT_3D('',#15880,#15890,#15900);
#15920=CYLINDRICAL_SURFACE('',#15910,0.3);
#15930=CARTESIAN_POINT('',(21.4836462030953,44.6002563333335,
-41.9232961188318));
#15940=DIRECTION('',(0.,0.,1.));
#15950=VECTOR('',#15940,1.);
#15960=LINE('',#15930,#15950);
#15970=EDGE_CURVE('',#9430,#10430,#15960,.T.);
#15980=ORIENTED_EDGE('',*,*,#15970,.T.);
#15990=ORIENTED_EDGE('',*,*,#10630,.T.);
#16000=ORIENTED_EDGE('',*,*,#14560,.T.);
#16010=ORIENTED_EDGE('',*,*,#6520,.F.);
#16020=ORIENTED_EDGE('',*,*,#7720,.F.);
#16030=ORIENTED_EDGE('',*,*,#10440,.T.);
#16040=EDGE_LOOP('',(#16030,#16020,#16010,#16000,#15990,#15980));
#16050=FACE_OUTER_BOUND('',#16040,.T.);
#16060=ADVANCED_FACE('',(#16050),#15920,.T.);
#16070=CARTESIAN_POINT('',(20.9636462030948,40.9802563333336,
-42.2232861188318));
#16080=DIRECTION('',(0.,0.,-1.));
#16090=DIRECTION('',(1.,0.,0.));
#16100=AXIS2_PLACEMENT_3D('',#16070,#16080,#16090);
#16110=PLANE('',#16100);
#16120=CARTESIAN_POINT('',(29.8169795364281,43.8370636582528,
-42.2232861188318));
#16130=DIRECTION('',(1.,0.,0.));
#16140=VECTOR('',#16130,1.);
#16150=LINE('',#16120,#16140);
#16160=CARTESIAN_POINT('',(19.3649992791491,43.8370636582528,
-42.2232861188318));
#16170=VERTEX_POINT('',#16160);
#16180=CARTESIAN_POINT('',(21.044924156364,43.8370636582528,
-42.2232861188318));
#16190=VERTEX_POINT('',#16180);
#16200=EDGE_CURVE('',#16170,#16190,#16150,.T.);
#16210=ORIENTED_EDGE('',*,*,#16200,.F.);
#16220=CARTESIAN_POINT('',(21.044924156364,43.8370636582528,
-42.2232861188318));
#16230=CARTESIAN_POINT('',(21.0631120724123,43.8370636582528,
-42.2232861188318));
#16240=CARTESIAN_POINT('',(21.0811220238996,43.8334544646974,
-42.2232861188318));
#16250=CARTESIAN_POINT('',(21.1147289106517,43.8194299306485,
-42.2232861188318));
#16260=CARTESIAN_POINT('',(21.1299970102857,43.8091518169839,
-42.2232861188318));
#16270=CARTESIAN_POINT('',(21.1557186078325,43.7832378570623,
-42.2232861188318));
#16280=CARTESIAN_POINT('',(21.1659204258495,43.7678555729225,
-42.2232861188318));
#16290=CARTESIAN_POINT('',(21.1798408541314,43.7339973526156,
-42.2232861188318));
#16300=CARTESIAN_POINT('',(21.1834232562181,43.7158527113202,
-42.2232861188318));
#16310=CARTESIAN_POINT('',(21.1834232562181,43.6975287745323,
-42.2232861188318));
#16320=B_SPLINE_CURVE_WITH_KNOTS('',3,(#16220,#16230,#16240,#16250,
#16260,#16270,#16280,#16290,#16300,#16310),.UNSPECIFIED.,.F.,.F.,(4,2,2,
2,4),(0.,1.,2.,3.,4.),.UNSPECIFIED.);
#16330=CARTESIAN_POINT('',(21.1834232562181,43.6975287745323,
-42.2232861188318));
#16340=VERTEX_POINT('',#16330);
#16350=EDGE_CURVE('',#16190,#16340,#16320,.T.);
#16360=ORIENTED_EDGE('',*,*,#16350,.F.);
#16370=CARTESIAN_POINT('',(21.1834232562181,43.776923,-42.2232861188318)
);
#16380=DIRECTION('',(0.,-1.,-0.));
#16390=VECTOR('',#16380,1.);
#16400=LINE('',#16370,#16390);
#16410=CARTESIAN_POINT('',(21.1834232562181,41.9765985419796,
-42.2232861188318));
#16420=VERTEX_POINT('',#16410);
#16430=EDGE_CURVE('',#16340,#16420,#16400,.T.);
#16440=ORIENTED_EDGE('',*,*,#16430,.F.);
#16450=CARTESIAN_POINT('',(21.1834232562181,41.9765985419796,
-42.2232861188318));
#16460=CARTESIAN_POINT('',(21.1834232562181,41.9582746051916,
-42.2232861188318));
#16470=CARTESIAN_POINT('',(21.1798408541314,41.9401299638962,
-42.2232861188318));
#16480=CARTESIAN_POINT('',(21.1659204258495,41.9062717435893,
-42.2232861188318));
#16490=CARTESIAN_POINT('',(21.1557186078325,41.8908894594496,
-42.2232861188318));
#16500=CARTESIAN_POINT('',(21.1299970102857,41.864975499528,
-42.2232861188318));
#16510=CARTESIAN_POINT('',(21.1147289106517,41.8546973858634,
-42.2232861188318));
#16520=CARTESIAN_POINT('',(21.0811220238996,41.8406728518144,
-42.2232861188318));
#16530=CARTESIAN_POINT('',(21.0631120724123,41.8370636582591,
-42.2232861188318));
#16540=CARTESIAN_POINT('',(21.044924156364,41.8370636582591,
-42.2232861188318));
#16550=B_SPLINE_CURVE_WITH_KNOTS('',3,(#16450,#16460,#16470,#16480,
#16490,#16500,#16510,#16520,#16530,#16540),.UNSPECIFIED.,.F.,.F.,(4,2,2,
2,4),(0.,1.,2.,3.,4.),.UNSPECIFIED.);
#16560=CARTESIAN_POINT('',(21.044924156364,41.8370636582591,
-42.2232861188318));
#16570=VERTEX_POINT('',#16560);
#16580=EDGE_CURVE('',#16420,#16570,#16550,.T.);
#16590=ORIENTED_EDGE('',*,*,#16580,.F.);
#16600=CARTESIAN_POINT('',(29.8169795364281,41.8370636582591,
-42.2232861188318));
#16610=DIRECTION('',(-1.,6.34441526580124E-15,0.));
#16620=VECTOR('',#16610,1.);
#16630=LINE('',#16600,#16620);
#16640=CARTESIAN_POINT('',(19.3649992791491,41.8370636582591,
-42.2232861188318));
#16650=VERTEX_POINT('',#16640);
#16660=EDGE_CURVE('',#16570,#16650,#16630,.T.);
#16670=ORIENTED_EDGE('',*,*,#16660,.F.);
#16680=CARTESIAN_POINT('',(19.3649992791491,41.8370636582591,
-42.2232861188318));
#16690=CARTESIAN_POINT('',(19.3468113631008,41.8370636582591,
-42.2232861188318));
#16700=CARTESIAN_POINT('',(19.3288014116136,41.8406728518144,
-42.2232861188318));
#16710=CARTESIAN_POINT('',(19.2951945248614,41.8546973858634,
-42.2232861188318));
#16720=CARTESIAN_POINT('',(19.2799264252275,41.864975499528,
-42.2232861188318));
#16730=CARTESIAN_POINT('',(19.2542048276806,41.8908894594496,
-42.2232861188318));
#16740=CARTESIAN_POINT('',(19.2440030096636,41.9062717435893,
-42.2232861188318));
#16750=CARTESIAN_POINT('',(19.2300825813817,41.9401299638962,
-42.2232861188318));
#16760=CARTESIAN_POINT('',(19.226500179295,41.9582746051916,
-42.2232861188318));
#16770=CARTESIAN_POINT('',(19.226500179295,41.9765985419796,
-42.2232861188318));
#16780=B_SPLINE_CURVE_WITH_KNOTS('',3,(#16680,#16690,#16700,#16710,
#16720,#16730,#16740,#16750,#16760,#16770),.UNSPECIFIED.,.F.,.F.,(4,2,2,
2,4),(0.,1.,2.,3.,4.),.UNSPECIFIED.);
#16790=CARTESIAN_POINT('',(19.226500179295,41.9765985419796,
-42.2232861188318));
#16800=VERTEX_POINT('',#16790);
#16810=EDGE_CURVE('',#16650,#16800,#16780,.T.);
#16820=ORIENTED_EDGE('',*,*,#16810,.F.);
#16830=CARTESIAN_POINT('',(19.226500179295,43.776923,-42.2232861188318))
;
#16840=DIRECTION('',(0.,1.,0.));
#16850=VECTOR('',#16840,1.);
#16860=LINE('',#16830,#16850);
#16870=CARTESIAN_POINT('',(19.226500179295,43.6975287745323,
-42.2232861188318));
#16880=VERTEX_POINT('',#16870);
#16890=EDGE_CURVE('',#16800,#16880,#16860,.T.);
#16900=ORIENTED_EDGE('',*,*,#16890,.F.);
#16910=CARTESIAN_POINT('',(19.226500179295,43.6975287745323,
-42.2232861188318));
#16920=CARTESIAN_POINT('',(19.226500179295,43.7158527113202,
-42.2232861188318));
#16930=CARTESIAN_POINT('',(19.2300825813817,43.7339973526156,
-42.2232861188318));
#16940=CARTESIAN_POINT('',(19.2440030096636,43.7678555729225,
-42.2232861188318));
#16950=CARTESIAN_POINT('',(19.2542048276806,43.7832378570623,
-42.2232861188318));
#16960=CARTESIAN_POINT('',(19.2799264252275,43.8091518169839,
-42.2232861188318));
#16970=CARTESIAN_POINT('',(19.2951945248614,43.8194299306485,
-42.2232861188318));
#16980=CARTESIAN_POINT('',(19.3288014116136,43.8334544646974,
-42.2232861188318));
#16990=CARTESIAN_POINT('',(19.3468113631008,43.8370636582528,
-42.2232861188318));
#17000=CARTESIAN_POINT('',(19.3649992791491,43.8370636582528,
-42.2232861188318));
#17010=B_SPLINE_CURVE_WITH_KNOTS('',3,(#16910,#16920,#16930,#16940,
#16950,#16960,#16970,#16980,#16990,#17000),.UNSPECIFIED.,.F.,.F.,(4,2,2,
2,4),(0.,1.,2.,3.,4.),.UNSPECIFIED.);
#17020=EDGE_CURVE('',#16880,#16170,#17010,.T.);
#17030=ORIENTED_EDGE('',*,*,#17020,.F.);
#17040=EDGE_LOOP('',(#17030,#16900,#16820,#16670,#16590,#16440,#16360,
#16210));
#17050=FACE_BOUND('',#17040,.T.);
#17060=ORIENTED_EDGE('',*,*,#14800,.F.);
#17070=ORIENTED_EDGE('',*,*,#14330,.T.);
#17080=ORIENTED_EDGE('',*,*,#15810,.F.);
#17090=ORIENTED_EDGE('',*,*,#15240,.F.);
#17100=EDGE_LOOP('',(#17090,#17080,#17070,#17060));
#17110=FACE_OUTER_BOUND('',#17100,.T.);
#17120=ADVANCED_FACE('',(#17050,#17110),#16110,.T.);
#17130=CARTESIAN_POINT('',(20.1986462030948,42.8402563333335,
-42.2332861188318));
#17140=DIRECTION('',(0.,0.,-1.));
#17150=DIRECTION('',(-1.,0.,0.));
#17160=AXIS2_PLACEMENT_3D('',#17130,#17140,#17150);
#17170=PLANE('',#17160);
#17180=CARTESIAN_POINT('',(21.1834232562181,43.6975287745323,
-42.2332861188318));
#17190=DIRECTION('',(0.,-1.,-0.));
#17200=VECTOR('',#17190,1.);
#17210=LINE('',#17180,#17200);
#17220=CARTESIAN_POINT('',(21.1834232562181,43.6975287745323,
-42.2332861188318));
#17230=VERTEX_POINT('',#17220);
#17240=CARTESIAN_POINT('',(21.1834232562181,41.9765985419796,
-42.2332861188318));
#17250=VERTEX_POINT('',#17240);
#17260=EDGE_CURVE('',#17230,#17250,#17210,.T.);
#17270=ORIENTED_EDGE('',*,*,#17260,.T.);
#17280=CARTESIAN_POINT('',(21.044924156364,43.8370636582528,
-42.2332861188318));
#17290=CARTESIAN_POINT('',(21.0631120724123,43.8370636582528,
-42.2332861188318));
#17300=CARTESIAN_POINT('',(21.0811220238996,43.8334544646974,
-42.2332861188318));
#17310=CARTESIAN_POINT('',(21.1147289106517,43.8194299306485,
-42.2332861188318));
#17320=CARTESIAN_POINT('',(21.1299970102857,43.8091518169839,
-42.2332861188318));
#17330=CARTESIAN_POINT('',(21.1557186078325,43.7832378570623,
-42.2332861188318));
#17340=CARTESIAN_POINT('',(21.1659204258495,43.7678555729225,
-42.2332861188318));
#17350=CARTESIAN_POINT('',(21.1798408541314,43.7339973526156,
-42.2332861188318));
#17360=CARTESIAN_POINT('',(21.1834232562181,43.7158527113202,
-42.2332861188318));
#17370=CARTESIAN_POINT('',(21.1834232562181,43.6975287745323,
-42.2332861188318));
#17380=B_SPLINE_CURVE_WITH_KNOTS('',3,(#17280,#17290,#17300,#17310,
#17320,#17330,#17340,#17350,#17360,#17370),.UNSPECIFIED.,.F.,.F.,(4,2,2,
2,4),(0.,1.,2.,3.,4.),.UNSPECIFIED.);
#17390=CARTESIAN_POINT('',(21.044924156364,43.8370636582528,
-42.2332861188318));
#17400=VERTEX_POINT('',#17390);
#17410=EDGE_CURVE('',#17400,#17230,#17380,.T.);
#17420=ORIENTED_EDGE('',*,*,#17410,.T.);
#17430=CARTESIAN_POINT('',(21.044924156364,43.8370636582528,
-42.2332861188318));
#17440=DIRECTION('',(-1.,0.,0.));
#17450=VECTOR('',#17440,1.);
#17460=LINE('',#17430,#17450);
#17470=CARTESIAN_POINT('',(19.3649992791491,43.8370636582528,
-42.2332861188318));
#17480=VERTEX_POINT('',#17470);
#17490=EDGE_CURVE('',#17400,#17480,#17460,.T.);
#17500=ORIENTED_EDGE('',*,*,#17490,.F.);
#17510=CARTESIAN_POINT('',(19.226500179295,43.6975287745323,
-42.2332861188318));
#17520=CARTESIAN_POINT('',(19.226500179295,43.7158527113202,
-42.2332861188318));
#17530=CARTESIAN_POINT('',(19.2300825813817,43.7339973526156,
-42.2332861188318));
#17540=CARTESIAN_POINT('',(19.2440030096636,43.7678555729225,
-42.2332861188318));
#17550=CARTESIAN_POINT('',(19.2542048276806,43.7832378570623,
-42.2332861188318));
#17560=CARTESIAN_POINT('',(19.2799264252275,43.8091518169839,
-42.2332861188318));
#17570=CARTESIAN_POINT('',(19.2951945248614,43.8194299306485,
-42.2332861188318));
#17580=CARTESIAN_POINT('',(19.3288014116136,43.8334544646974,
-42.2332861188318));
#17590=CARTESIAN_POINT('',(19.3468113631008,43.8370636582528,
-42.2332861188318));
#17600=CARTESIAN_POINT('',(19.3649992791491,43.8370636582528,
-42.2332861188318));
#17610=B_SPLINE_CURVE_WITH_KNOTS('',3,(#17510,#17520,#17530,#17540,
#17550,#17560,#17570,#17580,#17590,#17600),.UNSPECIFIED.,.F.,.F.,(4,2,2,
2,4),(0.,1.,2.,3.,4.),.UNSPECIFIED.);
#17620=CARTESIAN_POINT('',(19.226500179295,43.6975287745323,
-42.2332861188318));
#17630=VERTEX_POINT('',#17620);
#17640=EDGE_CURVE('',#17630,#17480,#17610,.T.);
#17650=ORIENTED_EDGE('',*,*,#17640,.T.);
#17660=CARTESIAN_POINT('',(19.226500179295,43.6975287745323,
-42.2332861188318));
#17670=DIRECTION('',(0.,-1.,-0.));
#17680=VECTOR('',#17670,1.);
#17690=LINE('',#17660,#17680);
#17700=CARTESIAN_POINT('',(19.226500179295,41.9765985419796,
-42.2332861188318));
#17710=VERTEX_POINT('',#17700);
#17720=EDGE_CURVE('',#17630,#17710,#17690,.T.);
#17730=ORIENTED_EDGE('',*,*,#17720,.F.);
#17740=CARTESIAN_POINT('',(19.3649992791491,41.8370636582591,
-42.2332861188318));
#17750=CARTESIAN_POINT('',(19.3468113631008,41.8370636582591,
-42.2332861188318));
#17760=CARTESIAN_POINT('',(19.3288014116136,41.8406728518144,
-42.2332861188318));
#17770=CARTESIAN_POINT('',(19.2951945248614,41.8546973858634,
-42.2332861188318));
#17780=CARTESIAN_POINT('',(19.2799264252275,41.864975499528,
-42.2332861188318));
#17790=CARTESIAN_POINT('',(19.2542048276806,41.8908894594496,
-42.2332861188318));
#17800=CARTESIAN_POINT('',(19.2440030096636,41.9062717435893,
-42.2332861188318));
#17810=CARTESIAN_POINT('',(19.2300825813817,41.9401299638962,
-42.2332861188318));
#17820=CARTESIAN_POINT('',(19.226500179295,41.9582746051916,
-42.2332861188318));
#17830=CARTESIAN_POINT('',(19.226500179295,41.9765985419796,
-42.2332861188318));
#17840=B_SPLINE_CURVE_WITH_KNOTS('',3,(#17740,#17750,#17760,#17770,
#17780,#17790,#17800,#17810,#17820,#17830),.UNSPECIFIED.,.F.,.F.,(4,2,2,
2,4),(0.,1.,2.,3.,4.),.UNSPECIFIED.);
#17850=CARTESIAN_POINT('',(19.3649992791491,41.8370636582591,
-42.2332861188318));
#17860=VERTEX_POINT('',#17850);
#17870=EDGE_CURVE('',#17860,#17710,#17840,.T.);
#17880=ORIENTED_EDGE('',*,*,#17870,.T.);
#17890=CARTESIAN_POINT('',(19.3649992791491,41.8370636582591,
-42.2332861188318));
#17900=DIRECTION('',(1.,-6.34441526580124E-15,0.));
#17910=VECTOR('',#17900,1.);
#17920=LINE('',#17890,#17910);
#17930=CARTESIAN_POINT('',(21.044924156364,41.8370636582591,
-42.2332861188318));
#17940=VERTEX_POINT('',#17930);
#17950=EDGE_CURVE('',#17860,#17940,#17920,.T.);
#17960=ORIENTED_EDGE('',*,*,#17950,.F.);
#17970=CARTESIAN_POINT('',(21.1834232562181,41.9765985419796,
-42.2332861188318));
#17980=CARTESIAN_POINT('',(21.1834232562181,41.9582746051916,
-42.2332861188318));
#17990=CARTESIAN_POINT('',(21.1798408541314,41.9401299638962,
-42.2332861188318));
#18000=CARTESIAN_POINT('',(21.1659204258495,41.9062717435893,
-42.2332861188318));
#18010=CARTESIAN_POINT('',(21.1557186078325,41.8908894594496,
-42.2332861188318));
#18020=CARTESIAN_POINT('',(21.1299970102857,41.864975499528,
-42.2332861188318));
#18030=CARTESIAN_POINT('',(21.1147289106517,41.8546973858634,
-42.2332861188318));
#18040=CARTESIAN_POINT('',(21.0811220238996,41.8406728518144,
-42.2332861188318));
#18050=CARTESIAN_POINT('',(21.0631120724123,41.8370636582591,
-42.2332861188318));
#18060=CARTESIAN_POINT('',(21.044924156364,41.8370636582591,
-42.2332861188318));
#18070=B_SPLINE_CURVE_WITH_KNOTS('',3,(#17970,#17980,#17990,#18000,
#18010,#18020,#18030,#18040,#18050,#18060),.UNSPECIFIED.,.F.,.F.,(4,2,2,
2,4),(0.,1.,2.,3.,4.),.UNSPECIFIED.);
#18080=EDGE_CURVE('',#17250,#17940,#18070,.T.);
#18090=ORIENTED_EDGE('',*,*,#18080,.T.);
#18100=EDGE_LOOP('',(#18090,#17960,#17880,#17730,#17650,#17500,#17420,
#17270));
#18110=FACE_OUTER_BOUND('',#18100,.T.);
#18120=CARTESIAN_POINT('',(20.0911603424871,42.9640280747757,
-42.2332861188318));
#18130=CARTESIAN_POINT('',(20.0911603424871,43.0063955380316,
-42.2332861188318));
#18140=CARTESIAN_POINT('',(20.0955798009823,43.0273429506452,
-42.2332861188318));
#18150=CARTESIAN_POINT('',(20.1126842826307,43.0660475542544,
-42.2332861188318));
#18160=CARTESIAN_POINT('',(20.1251784935929,43.0833729689259,
-42.2332861188318));
#18170=CARTESIAN_POINT('',(20.1564299366232,43.1117223353042,
-42.2332861188318));
#18180=CARTESIAN_POINT('',(20.1748385374708,43.1224300304403,
-42.2332861188318));
#18190=CARTESIAN_POINT('',(20.2148332834728,43.1355222965949,
-42.2332861188318));
#18200=CARTESIAN_POINT('',(20.2359732598822,43.1377608144303,
-42.2332861188318));
#18210=CARTESIAN_POINT('',(20.2777958539312,43.1333322086037,
-42.2332861188318));
#18220=CARTESIAN_POINT('',(20.2980119119307,43.1267144890684,
-42.2332861188318));
#18230=CARTESIAN_POINT('',(20.3344308475693,43.1055307574404,
-42.2332861188318));
#18240=CARTESIAN_POINT('',(20.3502274470736,43.0912010643621,
-42.2332861188318));
#18250=CARTESIAN_POINT('',(20.3749455594743,43.0569250665796,
-42.2332861188318));
#18260=CARTESIAN_POINT('',(20.3835913249215,43.0373611340727,
-42.2332861188318));
#18270=CARTESIAN_POINT('',(20.3923346278931,42.9959195015398,
-42.2332861188318));
#18280=CARTESIAN_POINT('',(20.3923346278931,42.9745041112675,
-42.2332861188318));
#18290=CARTESIAN_POINT('',(20.3835913249215,42.9330624787346,
-42.2332861188318));
#18300=CARTESIAN_POINT('',(20.3749455594743,42.9134985462278,
-42.2332861188318));
#18310=CARTESIAN_POINT('',(20.3502274470736,42.8792225484452,
-42.2332861188318));
#18320=CARTESIAN_POINT('',(20.3344308475693,42.8648928553669,
-42.2332861188318));
#18330=CARTESIAN_POINT('',(20.2980119119307,42.843709123739,
-42.2332861188318));
#18340=CARTESIAN_POINT('',(20.2777958539312,42.8370914042037,
-42.2332861188318));
#18350=CARTESIAN_POINT('',(20.2359732598822,42.832662798377,
-42.2332861188318));
#18360=CARTESIAN_POINT('',(20.2148332834728,42.8349013162124,
-42.2332861188318));
#18370=CARTESIAN_POINT('',(20.1748385374708,42.8479935823671,
-42.2332861188318));
#18380=CARTESIAN_POINT('',(20.1564299366232,42.8587012775032,
-42.2332861188318));
#18390=CARTESIAN_POINT('',(20.1251784935929,42.8870506438815,
-42.2332861188318));
#18400=CARTESIAN_POINT('',(20.1126842826307,42.9043760585529,
-42.2332861188318));
#18410=CARTESIAN_POINT('',(20.0955798009823,42.9430806621621,
-42.2332861188318));
#18420=CARTESIAN_POINT('',(20.0911603424871,42.9640280747757,
-42.2332861188318));
#18430=CARTESIAN_POINT('',(20.0911603424871,43.0063955380316,
-42.2332861188318));
#18440=B_SPLINE_CURVE_WITH_KNOTS('',3,(#18120,#18130,#18140,#18150,
#18160,#18170,#18180,#18190,#18200,#18210,#18220,#18230,#18240,#18250,
#18260,#18270,#18280,#18290,#18300,#18310,#18320,#18330,#18340,#18350,
#18360,#18370,#18380,#18390,#18400,#18410,#18420,#18430),.UNSPECIFIED.,
.T.,.F.,(2,2,2,2,2,2,2,2,2,2,2,2,2,2,2,2,2,2),(-1.,0.,1.,2.,3.,4.,5.,6.,
7.,8.,9.,10.,11.,12.,13.,14.,15.,16.),.UNSPECIFIED.);
#18450=CARTESIAN_POINT('',(20.0911603424871,42.9852118064037,
-42.2332861188318));
#18460=VERTEX_POINT('',#18450);
#18470=CARTESIAN_POINT('',(20.3912417150217,42.9852118064037,
-42.2332861188318));
#18480=VERTEX_POINT('',#18470);
#18490=EDGE_CURVE('',#18460,#18480,#18440,.T.);
#18500=ORIENTED_EDGE('',*,*,#18490,.F.);
#18510=EDGE_CURVE('',#18480,#18460,#18440,.T.);
#18520=ORIENTED_EDGE('',*,*,#18510,.F.);
#18530=EDGE_LOOP('',(#18520,#18500));
#18540=FACE_BOUND('',#18530,.T.);
#18550=CARTESIAN_POINT('',(20.0565355675236,42.3555821767725,
-42.2332861188318));
#18560=DIRECTION('',(1.,0.,0.));
#18570=VECTOR('',#18560,1.);
#18580=LINE('',#18550,#18570);
#18590=CARTESIAN_POINT('',(20.0565355675236,42.3555821767725,
-42.2332861188318));
#18600=VERTEX_POINT('',#18590);
#18610=CARTESIAN_POINT('',(20.0648480766265,42.3555821767725,
-42.2332861188318));
#18620=VERTEX_POINT('',#18610);
#18630=EDGE_CURVE('',#18600,#18620,#18580,.T.);
#18640=ORIENTED_EDGE('',*,*,#18630,.T.);
#18650=CARTESIAN_POINT('',(20.0565355675236,42.3555821767725,
-42.2332861188318));
#18660=CARTESIAN_POINT('',(19.9744654031323,42.3555821767725,
-42.2332861188318));
#18670=CARTESIAN_POINT('',(19.8931982763591,42.3718681057167,
-42.2332861188318));
#18680=CARTESIAN_POINT('',(19.7415523861371,42.4351516513329,
-42.2332861188318));
#18690=CARTESIAN_POINT('',(19.6726574427268,42.481530053116,
-42.2332861188318));
#18700=CARTESIAN_POINT('',(19.5565927031784,42.5984627981951,
-42.2332861188318));
#18710=CARTESIAN_POINT('',(19.510558573731,42.6678729815668,
-42.2332861188318));
#18720=CARTESIAN_POINT('',(19.4477447893229,42.8206529756685,
-42.2332861188318));
#18730=CARTESIAN_POINT('',(19.4315797527463,42.9025278694155,
-42.2332861188318));
#18740=CARTESIAN_POINT('',(19.4315797527463,43.0678957433919,
-42.2332861188318));
#18750=CARTESIAN_POINT('',(19.4477447893229,43.1497706371388,
-42.2332861188318));
#18760=CARTESIAN_POINT('',(19.510558573731,43.3025506312405,
-42.2332861188318));
#18770=CARTESIAN_POINT('',(19.5565927031784,43.3719608146123,
-42.2332861188318));
#18780=CARTESIAN_POINT('',(19.6726574427268,43.4888935596914,
-42.2332861188318));
#18790=CARTESIAN_POINT('',(19.7415523861371,43.5352719614744,
-42.2332861188318));
#18800=CARTESIAN_POINT('',(19.8931982763591,43.5985555070906,
-42.2332861188318));
#18810=CARTESIAN_POINT('',(19.9744654031323,43.6148414360348,
-42.2332861188318));
#18820=CARTESIAN_POINT('',(20.0565355675236,43.6148414360348,
-42.2332861188318));
#18830=B_SPLINE_CURVE_WITH_KNOTS('',3,(#18650,#18660,#18670,#18680,
#18690,#18700,#18710,#18720,#18730,#18740,#18750,#18760,#18770,#18780,
#18790,#18800,#18810,#18820),.UNSPECIFIED.,.F.,.F.,(4,2,2,2,2,2,2,2,4),(
0.,1.,2.,3.,4.,5.,6.,7.,8.),.UNSPECIFIED.);
#18840=CARTESIAN_POINT('',(20.0565355675236,43.6148414360348,
-42.2332861188318));
#18850=VERTEX_POINT('',#18840);
#18860=EDGE_CURVE('',#18600,#18850,#18830,.T.);
#18870=ORIENTED_EDGE('',*,*,#18860,.F.);
#18880=CARTESIAN_POINT('',(20.0565355675236,43.6148414360348,
-42.2332861188318));
#18890=DIRECTION('',(1.,0.,0.));
#18900=VECTOR('',#18890,1.);
#18910=LINE('',#18880,#18900);
#18920=CARTESIAN_POINT('',(20.0648480766266,43.6148414360348,
-42.2332861188318));
#18930=VERTEX_POINT('',#18920);
#18940=EDGE_CURVE('',#18850,#18930,#18910,.T.);
#18950=ORIENTED_EDGE('',*,*,#18940,.F.);
#18960=CARTESIAN_POINT('',(20.0648480766266,43.6148414360348,
-42.2332861188318));
#18970=CARTESIAN_POINT('',(20.0784890136628,43.6148414360348,
-42.2332861188318));
#18980=CARTESIAN_POINT('',(20.0919964772782,43.6121345408683,
-42.2332861188318));
#18990=CARTESIAN_POINT('',(20.1172016423424,43.6016161403316,
-42.2332861188318));
#19000=CARTESIAN_POINT('',(20.1286527170678,43.5939075550832,
-42.2332861188318));
#19010=CARTESIAN_POINT('',(20.1479439152279,43.5744720851419,
-42.2332861188318));
#19020=CARTESIAN_POINT('',(20.1555952787407,43.5629353720371,
-42.2332861188318));
#19030=CARTESIAN_POINT('',(20.1660355999521,43.5375417068069,
-42.2332861188318));
#19040=CARTESIAN_POINT('',(20.1687224015171,43.5239332258354,
-42.2332861188318));
#19050=CARTESIAN_POINT('',(20.1687224015171,43.5101902732444,
-42.2332861188318));
#19060=B_SPLINE_CURVE_WITH_KNOTS('',3,(#18960,#18970,#18980,#18990,
#19000,#19010,#19020,#19030,#19040,#19050),.UNSPECIFIED.,.F.,.F.,(4,2,2,
2,4),(0.,1.,2.,3.,4.),.UNSPECIFIED.);
#19070=CARTESIAN_POINT('',(20.1687224015171,43.5101902732444,
-42.2332861188318));
#19080=VERTEX_POINT('',#19070);
#19090=EDGE_CURVE('',#18930,#19080,#19060,.T.);
#19100=ORIENTED_EDGE('',*,*,#19090,.F.);
#19110=CARTESIAN_POINT('',(20.1687224015171,43.3513576637946,
-42.2332861188318));
#19120=DIRECTION('',(0.,1.,0.));
#19130=VECTOR('',#19120,1.);
#19140=LINE('',#19110,#19130);
#19150=CARTESIAN_POINT('',(20.1687224015171,43.3513576637946,
-42.2332861188318));
#19160=VERTEX_POINT('',#19150);
#19170=EDGE_CURVE('',#19160,#19080,#19140,.T.);
#19180=ORIENTED_EDGE('',*,*,#19170,.T.);
#19190=CARTESIAN_POINT('',(20.1687224015171,43.3513576637946,
-42.2332861188318));
#19200=CARTESIAN_POINT('',(20.1687224015171,43.3383079911443,
-42.2332861188318));
#19210=CARTESIAN_POINT('',(20.166299803349,43.3253733536444,
-42.2332861188318));
#19220=CARTESIAN_POINT('',(20.1568593667661,43.3010687043227,
-42.2332861188318));
#19230=CARTESIAN_POINT('',(20.1499247474536,43.2899129422423,
-42.2332861188318));
#19240=CARTESIAN_POINT('',(20.1323421990833,43.2707455598265,
-42.2332861188318));
#19250=CARTESIAN_POINT('',(20.1218492632695,43.2629029033249,
-42.2332861188318));
#19260=CARTESIAN_POINT('',(20.1101959799501,43.2572058718941,
-42.2332861188318));
#19270=B_SPLINE_CURVE_WITH_KNOTS('',3,(#19190,#19200,#19210,#19220,
#19230,#19240,#19250,#19260),.UNSPECIFIED.,.F.,.F.,(4,2,2,4),(0.,1.,2.,
3.),.UNSPECIFIED.);
#19280=CARTESIAN_POINT('',(20.1101959799501,43.2572058718941,
-42.2332861188318));
#19290=VERTEX_POINT('',#19280);
#19300=EDGE_CURVE('',#19160,#19290,#19270,.T.);
#19310=ORIENTED_EDGE('',*,*,#19300,.F.);
#19320=CARTESIAN_POINT('',(20.11019597995,42.7132177409133,
-42.2332861188318));
#19330=CARTESIAN_POINT('',(20.0765309392496,42.7296758317133,
-42.2332861188318));
#19340=CARTESIAN_POINT('',(20.0462180135651,42.7523323949403,
-42.2332861188318));
#19350=CARTESIAN_POINT('',(19.9954239849398,42.8077048330302,
-42.2332861188318));
#19360=CARTESIAN_POINT('',(19.9753906402593,42.8399325901514,
-42.2332861188318));
#19370=CARTESIAN_POINT('',(19.9481182679088,42.9101460215252,
-42.2332861188318));
#19380=CARTESIAN_POINT('',(19.9411196509785,42.9475127520805,
-42.2332861188318));
#19390=CARTESIAN_POINT('',(19.9411196509785,43.0229108607269,
-42.2332861188318));
#19400=CARTESIAN_POINT('',(19.9481182679088,43.0602775912822,
-42.2332861188318));
#19410=CARTESIAN_POINT('',(19.9753906402594,43.130491022656,
-42.2332861188318));
#19420=CARTESIAN_POINT('',(19.9954239849399,43.1627187797772,
-42.2332861188318));
#19430=CARTESIAN_POINT('',(20.0462180135652,43.2180912178671,
-42.2332861188318));
#19440=CARTESIAN_POINT('',(20.0765309392496,43.2407477810941,
-42.2332861188318));
#19450=CARTESIAN_POINT('',(20.1101959799501,43.2572058718941,
-42.2332861188318));
#19460=B_SPLINE_CURVE_WITH_KNOTS('',3,(#19320,#19330,#19340,#19350,
#19360,#19370,#19380,#19390,#19400,#19410,#19420,#19430,#19440,#19450),
.UNSPECIFIED.,.F.,.F.,(4,2,2,2,2,2,4),(0.,1.,2.,3.,4.,5.,6.),
.UNSPECIFIED.);
#19470=CARTESIAN_POINT('',(20.11019597995,42.7132177409133,
-42.2332861188318));
#19480=VERTEX_POINT('',#19470);
#19490=EDGE_CURVE('',#19480,#19290,#19460,.T.);
#19500=ORIENTED_EDGE('',*,*,#19490,.T.);
#19510=CARTESIAN_POINT('',(20.11019597995,42.7132177409133,
-42.2332861188318));
#19520=CARTESIAN_POINT('',(20.1218492632693,42.7075207094825,
-42.2332861188318));
#19530=CARTESIAN_POINT('',(20.1323421990832,42.6996780529809,
-42.2332861188318));
#19540=CARTESIAN_POINT('',(20.1499247474535,42.6805106705651,
-42.2332861188318));
#19550=CARTESIAN_POINT('',(20.156859366766,42.6693549084847,
-42.2332861188318));
#19560=CARTESIAN_POINT('',(20.1662998033489,42.645050259163,
-42.2332861188318));
#19570=CARTESIAN_POINT('',(20.168722401517,42.6321156216631,
-42.2332861188318));
#19580=CARTESIAN_POINT('',(20.168722401517,42.6190659490128,
-42.2332861188318));
#19590=B_SPLINE_CURVE_WITH_KNOTS('',3,(#19510,#19520,#19530,#19540,
#19550,#19560,#19570,#19580),.UNSPECIFIED.,.F.,.F.,(4,2,2,4),(0.,1.,2.,
3.),.UNSPECIFIED.);
#19600=CARTESIAN_POINT('',(20.168722401517,42.6190659490128,
-42.2332861188318));
#19610=VERTEX_POINT('',#19600);
#19620=EDGE_CURVE('',#19480,#19610,#19590,.T.);
#19630=ORIENTED_EDGE('',*,*,#19620,.F.);
#19640=CARTESIAN_POINT('',(20.1687224015171,42.4602333395629,
-42.2332861188318));
#19650=DIRECTION('',(-6.26294457737464E-13,1.,0.));
#19660=VECTOR('',#19650,1.);
#19670=LINE('',#19640,#19660);
#19680=CARTESIAN_POINT('',(20.1687224015171,42.4602333395629,
-42.2332861188318));
#19690=VERTEX_POINT('',#19680);
#19700=EDGE_CURVE('',#19690,#19610,#19670,.T.);
#19710=ORIENTED_EDGE('',*,*,#19700,.T.);
#19720=CARTESIAN_POINT('',(20.1687224015171,42.4602333395629,
-42.2332861188318));
#19730=CARTESIAN_POINT('',(20.1687224015171,42.4464903869719,
-42.2332861188318));
#19740=CARTESIAN_POINT('',(20.1660355999521,42.4328819060004,
-42.2332861188318));
#19750=CARTESIAN_POINT('',(20.1555952787406,42.4074882407702,
-42.2332861188318));
#19760=CARTESIAN_POINT('',(20.1479439152279,42.3959515276654,
-42.2332861188318));
#19770=CARTESIAN_POINT('',(20.1286527170678,42.3765160577242,
-42.2332861188318));
#19780=CARTESIAN_POINT('',(20.1172016423423,42.3688074724757,
-42.2332861188318));
#19790=CARTESIAN_POINT('',(20.0919964772782,42.358289071939,
-42.2332861188318));
#19800=CARTESIAN_POINT('',(20.0784890136627,42.3555821767725,
-42.2332861188318));
#19810=CARTESIAN_POINT('',(20.0648480766265,42.3555821767725,
-42.2332861188318));
#19820=B_SPLINE_CURVE_WITH_KNOTS('',3,(#19720,#19730,#19740,#19750,
#19760,#19770,#19780,#19790,#19800,#19810),.UNSPECIFIED.,.F.,.F.,(4,2,2,
2,4),(0.,1.,2.,3.,4.),.UNSPECIFIED.);
#19830=EDGE_CURVE('',#19690,#18620,#19820,.T.);
#19840=ORIENTED_EDGE('',*,*,#19830,.F.);
#19850=EDGE_LOOP('',(#19840,#19710,#19630,#19500,#19310,#19180,#19100,
#18950,#18870,#18640));
#19860=FACE_BOUND('',#19850,.T.);
#19870=CARTESIAN_POINT('',(20.3722060880414,43.2572058718941,
-42.2332861188318));
#19880=CARTESIAN_POINT('',(20.4058711287418,43.2407477810941,
-42.2332861188318));
#19890=CARTESIAN_POINT('',(20.4361840544262,43.2180912178671,
-42.2332861188318));
#19900=CARTESIAN_POINT('',(20.4869780830516,43.1627187797772,
-42.2332861188318));
#19910=CARTESIAN_POINT('',(20.5070114277321,43.130491022656,
-42.2332861188318));
#19920=CARTESIAN_POINT('',(20.5342838000827,43.0602775912822,
-42.2332861188318));
#19930=CARTESIAN_POINT('',(20.5412824170129,43.0229108607269,
-42.2332861188318));
#19940=CARTESIAN_POINT('',(20.541282417013,42.9475127520805,
-42.2332861188318));
#19950=CARTESIAN_POINT('',(20.5342838000827,42.9101460215252,
-42.2332861188318));
#19960=CARTESIAN_POINT('',(20.5070114277321,42.8399325901514,
-42.2332861188318));
#19970=CARTESIAN_POINT('',(20.4869780830516,42.8077048330302,
-42.2332861188318));
#19980=CARTESIAN_POINT('',(20.4361840544263,42.7523323949403,
-42.2332861188318));
#19990=CARTESIAN_POINT('',(20.4058711287419,42.7296758317133,
-42.2332861188318));
#20000=CARTESIAN_POINT('',(20.3722060880414,42.7132177409133,
-42.2332861188318));
#20010=B_SPLINE_CURVE_WITH_KNOTS('',3,(#19870,#19880,#19890,#19900,
#19910,#19920,#19930,#19940,#19950,#19960,#19970,#19980,#19990,#20000),
.UNSPECIFIED.,.F.,.F.,(4,2,2,2,2,2,4),(0.,1.,2.,3.,4.,5.,6.),
.UNSPECIFIED.);
#20020=CARTESIAN_POINT('',(20.3722060880414,43.2572058718941,
-42.2332861188318));
#20030=VERTEX_POINT('',#20020);
#20040=CARTESIAN_POINT('',(20.3722060880414,42.7132177409133,
-42.2332861188318));
#20050=VERTEX_POINT('',#20040);
#20060=EDGE_CURVE('',#20030,#20050,#20010,.T.);
#20070=ORIENTED_EDGE('',*,*,#20060,.T.);
#20080=CARTESIAN_POINT('',(20.3722060880414,43.2572058718941,
-42.2332861188318));
#20090=CARTESIAN_POINT('',(20.360552804722,43.2629029033249,
-42.2332861188318));
#20100=CARTESIAN_POINT('',(20.3500598689082,43.2707455598265,
-42.2332861188318));
#20110=CARTESIAN_POINT('',(20.3324773205378,43.2899129422423,
-42.2332861188318));
#20120=CARTESIAN_POINT('',(20.3255427012254,43.3010687043227,
-42.2332861188318));
#20130=CARTESIAN_POINT('',(20.3161022646425,43.3253733536444,
-42.2332861188318));
#20140=CARTESIAN_POINT('',(20.3136796664743,43.3383079911443,
-42.2332861188318));
#20150=CARTESIAN_POINT('',(20.3136796664743,43.3513576637946,
-42.2332861188318));
#20160=B_SPLINE_CURVE_WITH_KNOTS('',3,(#20080,#20090,#20100,#20110,
#20120,#20130,#20140,#20150),.UNSPECIFIED.,.F.,.F.,(4,2,2,4),(0.,1.,2.,
3.),.UNSPECIFIED.);
#20170=CARTESIAN_POINT('',(20.3136796664743,43.3513576637946,
-42.2332861188318));
#20180=VERTEX_POINT('',#20170);
#20190=EDGE_CURVE('',#20030,#20180,#20160,.T.);
#20200=ORIENTED_EDGE('',*,*,#20190,.F.);
#20210=CARTESIAN_POINT('',(20.3136796664743,43.5101902732444,
-42.2332861188318));
#20220=DIRECTION('',(0.,-1.,-0.));
#20230=VECTOR('',#20220,1.);
#20240=LINE('',#20210,#20230);
#20250=CARTESIAN_POINT('',(20.3136796664743,43.5101902732444,
-42.2332861188318));
#20260=VERTEX_POINT('',#20250);
#20270=EDGE_CURVE('',#20260,#20180,#20240,.T.);
#20280=ORIENTED_EDGE('',*,*,#20270,.T.);
#20290=CARTESIAN_POINT('',(20.3136796664743,43.5101902732444,
-42.2332861188318));
#20300=CARTESIAN_POINT('',(20.3136796664743,43.5239332258354,
-42.2332861188318));
#20310=CARTESIAN_POINT('',(20.3163664680393,43.5375417068069,
-42.2332861188318));
#20320=CARTESIAN_POINT('',(20.3268067892507,43.5629353720371,
-42.2332861188318));
#20330=CARTESIAN_POINT('',(20.3344581527635,43.5744720851419,
-42.2332861188318));
#20340=CARTESIAN_POINT('',(20.3537493509236,43.5939075550832,
-42.2332861188318));
#20350=CARTESIAN_POINT('',(20.3652004256491,43.6016161403316,
-42.2332861188318));
#20360=CARTESIAN_POINT('',(20.3904055907132,43.6121345408683,
-42.2332861188318));
#20370=CARTESIAN_POINT('',(20.4039130543286,43.6148414360348,
-42.2332861188318));
#20380=CARTESIAN_POINT('',(20.4175539913649,43.6148414360348,
-42.2332861188318));
#20390=B_SPLINE_CURVE_WITH_KNOTS('',3,(#20290,#20300,#20310,#20320,
#20330,#20340,#20350,#20360,#20370,#20380),.UNSPECIFIED.,.F.,.F.,(4,2,2,
2,4),(0.,1.,2.,3.,4.),.UNSPECIFIED.);
#20400=CARTESIAN_POINT('',(20.4175539913649,43.6148414360348,
-42.2332861188318));
#20410=VERTEX_POINT('',#20400);
#20420=EDGE_CURVE('',#20260,#20410,#20390,.T.);
#20430=ORIENTED_EDGE('',*,*,#20420,.F.);
#20440=CARTESIAN_POINT('',(20.8621130338914,43.6148414360348,
-42.2332861188318));
#20450=DIRECTION('',(-1.,-1.19873177877897E-14,0.));
#20460=VECTOR('',#20450,1.);
#20470=LINE('',#20440,#20460);
#20480=CARTESIAN_POINT('',(20.8621130338914,43.6148414360348,
-42.2332861188318));
#20490=VERTEX_POINT('',#20480);
#20500=EDGE_CURVE('',#20490,#20410,#20470,.T.);
#20510=ORIENTED_EDGE('',*,*,#20500,.T.);
#20520=CARTESIAN_POINT('',(20.8621130338914,43.6148414360348,
-42.2332861188318));
#20530=CARTESIAN_POINT('',(20.8757539709277,43.6148414360348,
-42.2332861188318));
#20540=CARTESIAN_POINT('',(20.8892614345431,43.6121345408683,
-42.2332861188318));
#20550=CARTESIAN_POINT('',(20.9144665996072,43.6016161403316,
-42.2332861188318));
#20560=CARTESIAN_POINT('',(20.9259176743327,43.5939075550832,
-42.2332861188318));
#20570=CARTESIAN_POINT('',(20.9452088724928,43.574472085142,
-42.2332861188318));
#20580=CARTESIAN_POINT('',(20.9528602360056,43.5629353720371,
-42.2332861188318));
#20590=CARTESIAN_POINT('',(20.963300557217,43.537541706807,
-42.2332861188318));
#20600=CARTESIAN_POINT('',(20.965987358782,43.5239332258354,
-42.2332861188318));
#20610=CARTESIAN_POINT('',(20.965987358782,43.5101902732444,
-42.2332861188318));
#20620=B_SPLINE_CURVE_WITH_KNOTS('',3,(#20520,#20530,#20540,#20550,
#20560,#20570,#20580,#20590,#20600,#20610),.UNSPECIFIED.,.F.,.F.,(4,2,2,
2,4),(0.,1.,2.,3.,4.),.UNSPECIFIED.);
#20630=CARTESIAN_POINT('',(20.965987358782,43.5101902732444,
-42.2332861188318));
#20640=VERTEX_POINT('',#20630);
#20650=EDGE_CURVE('',#20490,#20640,#20620,.T.);
#20660=ORIENTED_EDGE('',*,*,#20650,.F.);
#20670=CARTESIAN_POINT('',(20.965987358782,43.5101902732444,
-42.2332861188318));
#20680=DIRECTION('',(0.,-1.,-0.));
#20690=VECTOR('',#20680,1.);
#20700=LINE('',#20670,#20690);
#20710=CARTESIAN_POINT('',(20.965987358782,42.1639370432726,
-42.2332861188318));
#20720=VERTEX_POINT('',#20710);
#20730=EDGE_CURVE('',#20640,#20720,#20700,.T.);
#20740=ORIENTED_EDGE('',*,*,#20730,.F.);
#20750=CARTESIAN_POINT('',(20.965987358782,42.1639370432726,
-42.2332861188318));
#20760=CARTESIAN_POINT('',(20.965987358782,42.1501940906816,
-42.2332861188318));
#20770=CARTESIAN_POINT('',(20.963300557217,42.1365856097101,
-42.2332861188318));
#20780=CARTESIAN_POINT('',(20.9528602360056,42.1111919444799,
-42.2332861188318));
#20790=CARTESIAN_POINT('',(20.9452088724928,42.0996552313751,
-42.2332861188318));
#20800=CARTESIAN_POINT('',(20.9259176743327,42.0802197614339,
-42.2332861188318));
#20810=CARTESIAN_POINT('',(20.9144665996072,42.0725111761854,
-42.2332861188318));
#20820=CARTESIAN_POINT('',(20.8892614345431,42.0619927756487,
-42.2332861188318));
#20830=CARTESIAN_POINT('',(20.8757539709277,42.0592858804822,
-42.2332861188318));
#20840=CARTESIAN_POINT('',(20.8621130338914,42.0592858804822,
-42.2332861188318));
#20850=B_SPLINE_CURVE_WITH_KNOTS('',3,(#20750,#20760,#20770,#20780,
#20790,#20800,#20810,#20820,#20830,#20840),.UNSPECIFIED.,.F.,.F.,(4,2,2,
2,4),(0.,1.,2.,3.,4.),.UNSPECIFIED.);
#20860=CARTESIAN_POINT('',(20.8621130338914,42.0592858804822,
-42.2332861188318));
#20870=VERTEX_POINT('',#20860);
#20880=EDGE_CURVE('',#20720,#20870,#20850,.T.);
#20890=ORIENTED_EDGE('',*,*,#20880,.F.);
#20900=CARTESIAN_POINT('',(20.417553991365,42.0592858804822,
-42.2332861188318));
#20910=DIRECTION('',(1.,-2.39746355755848E-14,0.));
#20920=VECTOR('',#20910,1.);
#20930=LINE('',#20900,#20920);
#20940=CARTESIAN_POINT('',(20.417553991365,42.0592858804822,
-42.2332861188318));
#20950=VERTEX_POINT('',#20940);
#20960=EDGE_CURVE('',#20950,#20870,#20930,.T.);
#20970=ORIENTED_EDGE('',*,*,#20960,.T.);
#20980=CARTESIAN_POINT('',(20.417553991365,42.0592858804822,
-42.2332861188318));
#20990=CARTESIAN_POINT('',(20.4039130543287,42.0592858804822,
-42.2332861188318));
#21000=CARTESIAN_POINT('',(20.3904055907133,42.0619927756487,
-42.2332861188318));
#21010=CARTESIAN_POINT('',(20.3652004256492,42.0725111761854,
-42.2332861188318));
#21020=CARTESIAN_POINT('',(20.3537493509237,42.0802197614339,
-42.2332861188318));
#21030=CARTESIAN_POINT('',(20.3344581527636,42.0996552313751,
-42.2332861188318));
#21040=CARTESIAN_POINT('',(20.3268067892509,42.1111919444799,
-42.2332861188318));
#21050=CARTESIAN_POINT('',(20.3163664680394,42.1365856097101,
-42.2332861188318));
#21060=CARTESIAN_POINT('',(20.3136796664744,42.1501940906816,
-42.2332861188318));
#21070=CARTESIAN_POINT('',(20.3136796664744,42.1639370432726,
-42.2332861188318));
#21080=B_SPLINE_CURVE_WITH_KNOTS('',3,(#20980,#20990,#21000,#21010,
#21020,#21030,#21040,#21050,#21060,#21070),.UNSPECIFIED.,.F.,.F.,(4,2,2,
2,4),(0.,1.,2.,3.,4.),.UNSPECIFIED.);
#21090=CARTESIAN_POINT('',(20.3136796664744,42.1639370432726,
-42.2332861188318));
#21100=VERTEX_POINT('',#21090);
#21110=EDGE_CURVE('',#20950,#21100,#21080,.T.);
#21120=ORIENTED_EDGE('',*,*,#21110,.F.);
#21130=CARTESIAN_POINT('',(20.3136796664744,42.6190659490128,
-42.2332861188318));
#21140=DIRECTION('',(0.,-1.,-0.));
#21150=VECTOR('',#21140,1.);
#21160=LINE('',#21130,#21150);
#21170=CARTESIAN_POINT('',(20.3136796664744,42.6190659490128,
-42.2332861188318));
#21180=VERTEX_POINT('',#21170);
#21190=EDGE_CURVE('',#21180,#21100,#21160,.T.);
#21200=ORIENTED_EDGE('',*,*,#21190,.T.);
#21210=CARTESIAN_POINT('',(20.3136796664744,42.6190659490128,
-42.2332861188318));
#21220=CARTESIAN_POINT('',(20.3136796664744,42.6321156216631,
-42.2332861188318));
#21230=CARTESIAN_POINT('',(20.3161022646426,42.645050259163,
-42.2332861188318));
#21240=CARTESIAN_POINT('',(20.3255427012255,42.6693549084847,
-42.2332861188318));
#21250=CARTESIAN_POINT('',(20.3324773205379,42.6805106705651,
-42.2332861188318));
#21260=CARTESIAN_POINT('',(20.3500598689082,42.6996780529809,
-42.2332861188318));
#21270=CARTESIAN_POINT('',(20.3605528047221,42.7075207094825,
-42.2332861188318));
#21280=CARTESIAN_POINT('',(20.3722060880414,42.7132177409133,
-42.2332861188318));
#21290=B_SPLINE_CURVE_WITH_KNOTS('',3,(#21210,#21220,#21230,#21240,
#21250,#21260,#21270,#21280),.UNSPECIFIED.,.F.,.F.,(4,2,2,4),(0.,1.,2.,
3.),.UNSPECIFIED.);
#21300=EDGE_CURVE('',#21180,#20050,#21290,.T.);
#21310=ORIENTED_EDGE('',*,*,#21300,.F.);
#21320=EDGE_LOOP('',(#21310,#21200,#21120,#20970,#20890,#20740,#20660,
#20510,#20430,#20280,#20200,#20070));
#21330=FACE_BOUND('',#21320,.T.);
#21340=ADVANCED_FACE('',(#18110,#18540,#19860,#21330),#17170,.T.);
#21350=CARTESIAN_POINT('',(20.3912417150217,42.9852118064037,
-42.2232861188318));
#21360=CARTESIAN_POINT('',(20.3912417150217,42.974677754769,
-42.2232861188318));
#21370=CARTESIAN_POINT('',(20.3901488021502,42.9641437031343,
-42.2232861188318));
#21380=CARTESIAN_POINT('',(20.3835913249215,42.9330624787346,
-42.2232861188318));
#21390=CARTESIAN_POINT('',(20.3749455594743,42.9134985462278,
-42.2232861188318));
#21400=CARTESIAN_POINT('',(20.3502274470736,42.8792225484452,
-42.2232861188318));
#21410=CARTESIAN_POINT('',(20.3344308475693,42.8648928553669,
-42.2232861188318));
#21420=CARTESIAN_POINT('',(20.2980119119307,42.843709123739,
-42.2232861188318));
#21430=CARTESIAN_POINT('',(20.2777958539312,42.8370914042037,
-42.2232861188318));
#21440=CARTESIAN_POINT('',(20.2359732598822,42.832662798377,
-42.2232861188318));
#21450=CARTESIAN_POINT('',(20.2148332834728,42.8349013162124,
-42.2232861188318));
#21460=CARTESIAN_POINT('',(20.1748385374708,42.8479935823671,
-42.2232861188318));
#21470=CARTESIAN_POINT('',(20.1564299366232,42.8587012775032,
-42.2232861188318));
#21480=CARTESIAN_POINT('',(20.1251784935929,42.8870506438815,
-42.2232861188318));
#21490=CARTESIAN_POINT('',(20.1126842826307,42.9043760585529,
-42.2232861188318));
#21500=CARTESIAN_POINT('',(20.0955798009823,42.9430806621621,
-42.2232861188318));
#21510=CARTESIAN_POINT('',(20.0911603424871,42.9640280747757,
-42.2232861188318));
#21520=CARTESIAN_POINT('',(20.0911603424871,42.9852118064037,
-42.2232861188318));
#21530=B_SPLINE_CURVE_WITH_KNOTS('',3,(#21350,#21360,#21370,#21380,
#21390,#21400,#21410,#21420,#21430,#21440,#21450,#21460,#21470,#21480,
#21490,#21500,#21510,#21520),.UNSPECIFIED.,.F.,.F.,(4,2,2,2,2,2,2,2,4),(
7.5,8.,9.,10.,11.,12.,13.,14.,15.),.UNSPECIFIED.);
#21540=DIRECTION('',(0.,0.,-1.));
#21550=VECTOR('',#21540,1.);
#21560=SURFACE_OF_LINEAR_EXTRUSION('',#21530,#21550);
#21570=CARTESIAN_POINT('',(20.3912417150217,42.9852118064037,
-42.2232861188318));
#21580=DIRECTION('',(0.,0.,-1.));
#21590=VECTOR('',#21580,1.);
#21600=LINE('',#21570,#21590);
#21610=CARTESIAN_POINT('',(20.3912417150217,42.9852118064037,
-42.2232861188318));
#21620=VERTEX_POINT('',#21610);
#21630=EDGE_CURVE('',#21620,#18480,#21600,.T.);
#21640=ORIENTED_EDGE('',*,*,#21630,.T.);
#21650=CARTESIAN_POINT('',(20.0911603424871,42.9640280747757,
-42.2232861188318));
#21660=CARTESIAN_POINT('',(20.0911603424871,43.0063955380316,
-42.2232861188318));
#21670=CARTESIAN_POINT('',(20.0955798009823,43.0273429506452,
-42.2232861188318));
#21680=CARTESIAN_POINT('',(20.1126842826307,43.0660475542544,
-42.2232861188318));
#21690=CARTESIAN_POINT('',(20.1251784935929,43.0833729689259,
-42.2232861188318));
#21700=CARTESIAN_POINT('',(20.1564299366232,43.1117223353042,
-42.2232861188318));
#21710=CARTESIAN_POINT('',(20.1748385374708,43.1224300304403,
-42.2232861188318));
#21720=CARTESIAN_POINT('',(20.2148332834728,43.1355222965949,
-42.2232861188318));
#21730=CARTESIAN_POINT('',(20.2359732598822,43.1377608144303,
-42.2232861188318));
#21740=CARTESIAN_POINT('',(20.2777958539312,43.1333322086037,
-42.2232861188318));
#21750=CARTESIAN_POINT('',(20.2980119119307,43.1267144890684,
-42.2232861188318));
#21760=CARTESIAN_POINT('',(20.3344308475693,43.1055307574404,
-42.2232861188318));
#21770=CARTESIAN_POINT('',(20.3502274470736,43.0912010643621,
-42.2232861188318));
#21780=CARTESIAN_POINT('',(20.3749455594743,43.0569250665796,
-42.2232861188318));
#21790=CARTESIAN_POINT('',(20.3835913249215,43.0373611340727,
-42.2232861188318));
#21800=CARTESIAN_POINT('',(20.3923346278931,42.9959195015398,
-42.2232861188318));
#21810=CARTESIAN_POINT('',(20.3923346278931,42.9745041112675,
-42.2232861188318));
#21820=CARTESIAN_POINT('',(20.3835913249215,42.9330624787346,
-42.2232861188318));
#21830=CARTESIAN_POINT('',(20.3749455594743,42.9134985462278,
-42.2232861188318));
#21840=CARTESIAN_POINT('',(20.3502274470736,42.8792225484452,
-42.2232861188318));
#21850=CARTESIAN_POINT('',(20.3344308475693,42.8648928553669,
-42.2232861188318));
#21860=CARTESIAN_POINT('',(20.2980119119307,42.843709123739,
-42.2232861188318));
#21870=CARTESIAN_POINT('',(20.2777958539312,42.8370914042037,
-42.2232861188318));
#21880=CARTESIAN_POINT('',(20.2359732598822,42.832662798377,
-42.2232861188318));
#21890=CARTESIAN_POINT('',(20.2148332834728,42.8349013162124,
-42.2232861188318));
#21900=CARTESIAN_POINT('',(20.1748385374708,42.8479935823671,
-42.2232861188318));
#21910=CARTESIAN_POINT('',(20.1564299366232,42.8587012775032,
-42.2232861188318));
#21920=CARTESIAN_POINT('',(20.1251784935929,42.8870506438815,
-42.2232861188318));
#21930=CARTESIAN_POINT('',(20.1126842826307,42.9043760585529,
-42.2232861188318));
#21940=CARTESIAN_POINT('',(20.0955798009823,42.9430806621621,
-42.2232861188318));
#21950=CARTESIAN_POINT('',(20.0911603424871,42.9640280747757,
-42.2232861188318));
#21960=CARTESIAN_POINT('',(20.0911603424871,43.0063955380316,
-42.2232861188318));
#21970=B_SPLINE_CURVE_WITH_KNOTS('',3,(#21650,#21660,#21670,#21680,
#21690,#21700,#21710,#21720,#21730,#21740,#21750,#21760,#21770,#21780,
#21790,#21800,#21810,#21820,#21830,#21840,#21850,#21860,#21870,#21880,
#21890,#21900,#21910,#21920,#21930,#21940,#21950,#21960),.UNSPECIFIED.,
.T.,.F.,(2,2,2,2,2,2,2,2,2,2,2,2,2,2,2,2,2,2),(-1.,0.,1.,2.,3.,4.,5.,6.,
7.,8.,9.,10.,11.,12.,13.,14.,15.,16.),.UNSPECIFIED.);
#21980=CARTESIAN_POINT('',(20.0911603424871,42.9852118064037,
-42.2232861188318));
#21990=VERTEX_POINT('',#21980);
#22000=EDGE_CURVE('',#21620,#21990,#21970,.T.);
#22010=ORIENTED_EDGE('',*,*,#22000,.F.);
#22020=CARTESIAN_POINT('',(20.0911603424871,42.9852118064037,
-42.2232861188318));
#22030=DIRECTION('',(0.,0.,-1.));
#22040=VECTOR('',#22030,1.);
#22050=LINE('',#22020,#22040);
#22060=EDGE_CURVE('',#21990,#18460,#22050,.T.);
#22070=ORIENTED_EDGE('',*,*,#22060,.F.);
#22080=ORIENTED_EDGE('',*,*,#18510,.T.);
#22090=EDGE_LOOP('',(#22080,#22070,#22010,#21640));
#22100=FACE_OUTER_BOUND('',#22090,.T.);
#22110=ADVANCED_FACE('',(#22100),#21560,.F.);
#22120=EDGE_CURVE('',#21990,#21620,#21970,.T.);
#22130=ORIENTED_EDGE('',*,*,#22120,.T.);
#22140=ORIENTED_EDGE('',*,*,#22000,.T.);
#22150=EDGE_LOOP('',(#22140,#22130));
#22160=FACE_OUTER_BOUND('',#22150,.T.);
#22170=ADVANCED_FACE('',(#22160),#16110,.T.);
#22180=CARTESIAN_POINT('',(20.11019597995,42.7132177409133,
-42.2232861188318));
#22190=CARTESIAN_POINT('',(20.0765309392496,42.7296758317133,
-42.2232861188318));
#22200=CARTESIAN_POINT('',(20.0462180135651,42.7523323949403,
-42.2232861188318));
#22210=CARTESIAN_POINT('',(19.9954239849398,42.8077048330302,
-42.2232861188318));
#22220=CARTESIAN_POINT('',(19.9753906402593,42.8399325901514,
-42.2232861188318));
#22230=CARTESIAN_POINT('',(19.9481182679088,42.9101460215252,
-42.2232861188318));
#22240=CARTESIAN_POINT('',(19.9411196509785,42.9475127520805,
-42.2232861188318));
#22250=CARTESIAN_POINT('',(19.9411196509785,43.0229108607269,
-42.2232861188318));
#22260=CARTESIAN_POINT('',(19.9481182679088,43.0602775912822,
-42.2232861188318));
#22270=CARTESIAN_POINT('',(19.9753906402594,43.130491022656,
-42.2232861188318));
#22280=CARTESIAN_POINT('',(19.9954239849399,43.1627187797772,
-42.2232861188318));
#22290=CARTESIAN_POINT('',(20.0462180135652,43.2180912178671,
-42.2232861188318));
#22300=CARTESIAN_POINT('',(20.0765309392496,43.2407477810941,
-42.2232861188318));
#22310=CARTESIAN_POINT('',(20.1101959799501,43.2572058718941,
-42.2232861188318));
#22320=B_SPLINE_CURVE_WITH_KNOTS('',3,(#22180,#22190,#22200,#22210,
#22220,#22230,#22240,#22250,#22260,#22270,#22280,#22290,#22300,#22310),
.UNSPECIFIED.,.F.,.F.,(4,2,2,2,2,2,4),(0.,1.,2.,3.,4.,5.,6.),
.UNSPECIFIED.);
#22330=CARTESIAN_POINT('',(20.11019597995,42.7132177409133,
-42.2232861188318));
#22340=VERTEX_POINT('',#22330);
#22350=CARTESIAN_POINT('',(20.1101959799501,43.2572058718941,
-42.2232861188318));
#22360=VERTEX_POINT('',#22350);
#22370=EDGE_CURVE('',#22340,#22360,#22320,.T.);
#22380=ORIENTED_EDGE('',*,*,#22370,.F.);
#22390=CARTESIAN_POINT('',(20.1687224015171,43.3513576637946,
-42.2232861188318));
#22400=CARTESIAN_POINT('',(20.1687224015171,43.3383079911443,
-42.2232861188318));
#22410=CARTESIAN_POINT('',(20.166299803349,43.3253733536444,
-42.2232861188318));
#22420=CARTESIAN_POINT('',(20.1568593667661,43.3010687043227,
-42.2232861188318));
#22430=CARTESIAN_POINT('',(20.1499247474536,43.2899129422423,
-42.2232861188318));
#22440=CARTESIAN_POINT('',(20.1323421990833,43.2707455598265,
-42.2232861188318));
#22450=CARTESIAN_POINT('',(20.1218492632695,43.2629029033249,
-42.2232861188318));
#22460=CARTESIAN_POINT('',(20.1101959799501,43.2572058718941,
-42.2232861188318));
#22470=B_SPLINE_CURVE_WITH_KNOTS('',3,(#22390,#22400,#22410,#22420,
#22430,#22440,#22450,#22460),.UNSPECIFIED.,.F.,.F.,(4,2,2,4),(0.,1.,2.,
3.),.UNSPECIFIED.);
#22480=CARTESIAN_POINT('',(20.1687224015171,43.3513576637946,
-42.2232861188318));
#22490=VERTEX_POINT('',#22480);
#22500=EDGE_CURVE('',#22490,#22360,#22470,.T.);
#22510=ORIENTED_EDGE('',*,*,#22500,.T.);
#22520=CARTESIAN_POINT('',(20.1687224015171,43.776923,-42.2232861188318)
);
#22530=DIRECTION('',(0.,1.,0.));
#22540=VECTOR('',#22530,1.);
#22550=LINE('',#22520,#22540);
#22560=CARTESIAN_POINT('',(20.1687224015171,43.5101902732444,
-42.2232861188318));
#22570=VERTEX_POINT('',#22560);
#22580=EDGE_CURVE('',#22490,#22570,#22550,.T.);
#22590=ORIENTED_EDGE('',*,*,#22580,.F.);
#22600=CARTESIAN_POINT('',(20.0648480766266,43.6148414360348,
-42.2232861188318));
#22610=CARTESIAN_POINT('',(20.0784890136628,43.6148414360348,
-42.2232861188318));
#22620=CARTESIAN_POINT('',(20.0919964772782,43.6121345408683,
-42.2232861188318));
#22630=CARTESIAN_POINT('',(20.1172016423424,43.6016161403316,
-42.2232861188318));
#22640=CARTESIAN_POINT('',(20.1286527170678,43.5939075550832,
-42.2232861188318));
#22650=CARTESIAN_POINT('',(20.1479439152279,43.5744720851419,
-42.2232861188318));
#22660=CARTESIAN_POINT('',(20.1555952787407,43.5629353720371,
-42.2232861188318));
#22670=CARTESIAN_POINT('',(20.1660355999521,43.5375417068069,
-42.2232861188318));
#22680=CARTESIAN_POINT('',(20.1687224015171,43.5239332258354,
-42.2232861188318));
#22690=CARTESIAN_POINT('',(20.1687224015171,43.5101902732444,
-42.2232861188318));
#22700=B_SPLINE_CURVE_WITH_KNOTS('',3,(#22600,#22610,#22620,#22630,
#22640,#22650,#22660,#22670,#22680,#22690),.UNSPECIFIED.,.F.,.F.,(4,2,2,
2,4),(0.,1.,2.,3.,4.),.UNSPECIFIED.);
#22710=CARTESIAN_POINT('',(20.0648480766266,43.6148414360348,
-42.2232861188318));
#22720=VERTEX_POINT('',#22710);
#22730=EDGE_CURVE('',#22720,#22570,#22700,.T.);
#22740=ORIENTED_EDGE('',*,*,#22730,.T.);
#22750=CARTESIAN_POINT('',(29.8169795364281,43.6148414360348,
-42.2232861188318));
#22760=DIRECTION('',(-1.,0.,0.));
#22770=VECTOR('',#22760,1.);
#22780=LINE('',#22750,#22770);
#22790=CARTESIAN_POINT('',(20.0565355675236,43.6148414360348,
-42.2232861188318));
#22800=VERTEX_POINT('',#22790);
#22810=EDGE_CURVE('',#22720,#22800,#22780,.T.);
#22820=ORIENTED_EDGE('',*,*,#22810,.F.);
#22830=CARTESIAN_POINT('',(20.0565355675236,42.3555821767725,
-42.2232861188318));
#22840=CARTESIAN_POINT('',(19.9744654031323,42.3555821767725,
-42.2232861188318));
#22850=CARTESIAN_POINT('',(19.8931982763591,42.3718681057167,
-42.2232861188318));
#22860=CARTESIAN_POINT('',(19.7415523861371,42.4351516513329,
-42.2232861188318));
#22870=CARTESIAN_POINT('',(19.6726574427268,42.481530053116,
-42.2232861188318));
#22880=CARTESIAN_POINT('',(19.5565927031784,42.5984627981951,
-42.2232861188318));
#22890=CARTESIAN_POINT('',(19.510558573731,42.6678729815668,
-42.2232861188318));
#22900=CARTESIAN_POINT('',(19.4477447893229,42.8206529756685,
-42.2232861188318));
#22910=CARTESIAN_POINT('',(19.4315797527463,42.9025278694155,
-42.2232861188318));
#22920=CARTESIAN_POINT('',(19.4315797527463,43.0678957433919,
-42.2232861188318));
#22930=CARTESIAN_POINT('',(19.4477447893229,43.1497706371388,
-42.2232861188318));
#22940=CARTESIAN_POINT('',(19.510558573731,43.3025506312405,
-42.2232861188318));
#22950=CARTESIAN_POINT('',(19.5565927031784,43.3719608146123,
-42.2232861188318));
#22960=CARTESIAN_POINT('',(19.6726574427268,43.4888935596914,
-42.2232861188318));
#22970=CARTESIAN_POINT('',(19.7415523861371,43.5352719614744,
-42.2232861188318));
#22980=CARTESIAN_POINT('',(19.8931982763591,43.5985555070906,
-42.2232861188318));
#22990=CARTESIAN_POINT('',(19.9744654031323,43.6148414360348,
-42.2232861188318));
#23000=CARTESIAN_POINT('',(20.0565355675236,43.6148414360348,
-42.2232861188318));
#23010=B_SPLINE_CURVE_WITH_KNOTS('',3,(#22830,#22840,#22850,#22860,
#22870,#22880,#22890,#22900,#22910,#22920,#22930,#22940,#22950,#22960,
#22970,#22980,#22990,#23000),.UNSPECIFIED.,.F.,.F.,(4,2,2,2,2,2,2,2,4),(
0.,1.,2.,3.,4.,5.,6.,7.,8.),.UNSPECIFIED.);
#23020=CARTESIAN_POINT('',(20.0565355675236,42.3555821767725,
-42.2232861188318));
#23030=VERTEX_POINT('',#23020);
#23040=EDGE_CURVE('',#23030,#22800,#23010,.T.);
#23050=ORIENTED_EDGE('',*,*,#23040,.T.);
#23060=CARTESIAN_POINT('',(29.8169795364281,42.3555821767725,
-42.2232861188318));
#23070=DIRECTION('',(1.,0.,0.));
#23080=VECTOR('',#23070,1.);
#23090=LINE('',#23060,#23080);
#23100=CARTESIAN_POINT('',(20.0648480766265,42.3555821767725,
-42.2232861188318));
#23110=VERTEX_POINT('',#23100);
#23120=EDGE_CURVE('',#23030,#23110,#23090,.T.);
#23130=ORIENTED_EDGE('',*,*,#23120,.F.);
#23140=CARTESIAN_POINT('',(20.1687224015171,42.4602333395629,
-42.2232861188318));
#23150=CARTESIAN_POINT('',(20.1687224015171,42.4464903869719,
-42.2232861188318));
#23160=CARTESIAN_POINT('',(20.1660355999521,42.4328819060004,
-42.2232861188318));
#23170=CARTESIAN_POINT('',(20.1555952787406,42.4074882407702,
-42.2232861188318));
#23180=CARTESIAN_POINT('',(20.1479439152279,42.3959515276654,
-42.2232861188318));
#23190=CARTESIAN_POINT('',(20.1286527170678,42.3765160577242,
-42.2232861188318));
#23200=CARTESIAN_POINT('',(20.1172016423423,42.3688074724757,
-42.2232861188318));
#23210=CARTESIAN_POINT('',(20.0919964772782,42.358289071939,
-42.2232861188318));
#23220=CARTESIAN_POINT('',(20.0784890136627,42.3555821767725,
-42.2232861188318));
#23230=CARTESIAN_POINT('',(20.0648480766265,42.3555821767725,
-42.2232861188318));
#23240=B_SPLINE_CURVE_WITH_KNOTS('',3,(#23140,#23150,#23160,#23170,
#23180,#23190,#23200,#23210,#23220,#23230),.UNSPECIFIED.,.F.,.F.,(4,2,2,
2,4),(0.,1.,2.,3.,4.),.UNSPECIFIED.);
#23250=CARTESIAN_POINT('',(20.1687224015171,42.4602333395629,
-42.2232861188318));
#23260=VERTEX_POINT('',#23250);
#23270=EDGE_CURVE('',#23260,#23110,#23240,.T.);
#23280=ORIENTED_EDGE('',*,*,#23270,.T.);
#23290=CARTESIAN_POINT('',(20.1687224015163,43.776923,-42.2232861188318)
);
#23300=DIRECTION('',(-6.26294457737464E-13,1.,0.));
#23310=VECTOR('',#23300,1.);
#23320=LINE('',#23290,#23310);
#23330=CARTESIAN_POINT('',(20.168722401517,42.6190659490128,
-42.2232861188318));
#23340=VERTEX_POINT('',#23330);
#23350=EDGE_CURVE('',#23260,#23340,#23320,.T.);
#23360=ORIENTED_EDGE('',*,*,#23350,.F.);
#23370=CARTESIAN_POINT('',(20.11019597995,42.7132177409133,
-42.2232861188318));
#23380=CARTESIAN_POINT('',(20.1218492632693,42.7075207094825,
-42.2232861188318));
#23390=CARTESIAN_POINT('',(20.1323421990832,42.6996780529809,
-42.2232861188318));
#23400=CARTESIAN_POINT('',(20.1499247474535,42.6805106705651,
-42.2232861188318));
#23410=CARTESIAN_POINT('',(20.156859366766,42.6693549084847,
-42.2232861188318));
#23420=CARTESIAN_POINT('',(20.1662998033489,42.645050259163,
-42.2232861188318));
#23430=CARTESIAN_POINT('',(20.168722401517,42.6321156216631,
-42.2232861188318));
#23440=CARTESIAN_POINT('',(20.168722401517,42.6190659490128,
-42.2232861188318));
#23450=B_SPLINE_CURVE_WITH_KNOTS('',3,(#23370,#23380,#23390,#23400,
#23410,#23420,#23430,#23440),.UNSPECIFIED.,.F.,.F.,(4,2,2,4),(0.,1.,2.,
3.),.UNSPECIFIED.);
#23460=EDGE_CURVE('',#22340,#23340,#23450,.T.);
#23470=ORIENTED_EDGE('',*,*,#23460,.T.);
#23480=EDGE_LOOP('',(#23470,#23360,#23280,#23130,#23050,#22820,#22740,
#22590,#22510,#22380));
#23490=FACE_OUTER_BOUND('',#23480,.T.);
#23500=ADVANCED_FACE('',(#23490),#16110,.T.);
#23510=CARTESIAN_POINT('',(20.1687224015171,42.4602333395629,
-42.2232861188318));
#23520=CARTESIAN_POINT('',(20.1687224015171,42.4464903869719,
-42.2232861188318));
#23530=CARTESIAN_POINT('',(20.1660355999521,42.4328819060004,
-42.2232861188318));
#23540=CARTESIAN_POINT('',(20.1555952787406,42.4074882407702,
-42.2232861188318));
#23550=CARTESIAN_POINT('',(20.1479439152279,42.3959515276654,
-42.2232861188318));
#23560=CARTESIAN_POINT('',(20.1286527170678,42.3765160577242,
-42.2232861188318));
#23570=CARTESIAN_POINT('',(20.1172016423423,42.3688074724757,
-42.2232861188318));
#23580=CARTESIAN_POINT('',(20.0919964772782,42.358289071939,
-42.2232861188318));
#23590=CARTESIAN_POINT('',(20.0784890136627,42.3555821767725,
-42.2232861188318));
#23600=CARTESIAN_POINT('',(20.0648480766265,42.3555821767725,
-42.2232861188318));
#23610=B_SPLINE_CURVE_WITH_KNOTS('',3,(#23510,#23520,#23530,#23540,
#23550,#23560,#23570,#23580,#23590,#23600),.UNSPECIFIED.,.F.,.F.,(4,2,2,
2,4),(0.,1.,2.,3.,4.),.UNSPECIFIED.);
#23620=DIRECTION('',(0.,0.,-1.));
#23630=VECTOR('',#23620,1.);
#23640=SURFACE_OF_LINEAR_EXTRUSION('',#23610,#23630);
#23650=CARTESIAN_POINT('',(20.0648480766265,42.3555821767725,
-42.2232861188318));
#23660=DIRECTION('',(0.,0.,-1.));
#23670=VECTOR('',#23660,1.);
#23680=LINE('',#23650,#23670);
#23690=EDGE_CURVE('',#23110,#18620,#23680,.T.);
#23700=ORIENTED_EDGE('',*,*,#23690,.F.);
#23710=ORIENTED_EDGE('',*,*,#19830,.T.);
#23720=CARTESIAN_POINT('',(20.1687224015171,42.4602333395629,
-42.2232861188318));
#23730=DIRECTION('',(0.,0.,-1.));
#23740=VECTOR('',#23730,1.);
#23750=LINE('',#23720,#23740);
#23760=EDGE_CURVE('',#23260,#19690,#23750,.T.);
#23770=ORIENTED_EDGE('',*,*,#23760,.T.);
#23780=ORIENTED_EDGE('',*,*,#23270,.F.);
#23790=EDGE_LOOP('',(#23780,#23770,#23710,#23700));
#23800=FACE_OUTER_BOUND('',#23790,.T.);
#23810=ADVANCED_FACE('',(#23800),#23640,.F.);
#23820=CARTESIAN_POINT('',(20.168722401517,42.6190659490128,
-42.2232861188318));
#23830=DIRECTION('',(-1.,-6.26294457737464E-13,0.));
#23840=DIRECTION('',(6.26294457737464E-13,-1.,0.));
#23850=AXIS2_PLACEMENT_3D('',#23820,#23830,#23840);
#23860=PLANE('',#23850);
#23870=ORIENTED_EDGE('',*,*,#23760,.F.);
#23880=ORIENTED_EDGE('',*,*,#19700,.F.);
#23890=CARTESIAN_POINT('',(20.168722401517,42.6190659490128,
-42.2232861188318));
#23900=DIRECTION('',(0.,0.,-1.));
#23910=VECTOR('',#23900,1.);
#23920=LINE('',#23890,#23910);
#23930=EDGE_CURVE('',#23340,#19610,#23920,.T.);
#23940=ORIENTED_EDGE('',*,*,#23930,.T.);
#23950=ORIENTED_EDGE('',*,*,#23350,.T.);
#23960=EDGE_LOOP('',(#23950,#23940,#23880,#23870));
#23970=FACE_OUTER_BOUND('',#23960,.T.);
#23980=ADVANCED_FACE('',(#23970),#23860,.T.);
#23990=CARTESIAN_POINT('',(20.11019597995,42.7132177409133,
-42.2232861188318));
#24000=CARTESIAN_POINT('',(20.1218492632693,42.7075207094825,
-42.2232861188318));
#24010=CARTESIAN_POINT('',(20.1323421990832,42.6996780529809,
-42.2232861188318));
#24020=CARTESIAN_POINT('',(20.1499247474535,42.6805106705651,
-42.2232861188318));
#24030=CARTESIAN_POINT('',(20.156859366766,42.6693549084847,
-42.2232861188318));
#24040=CARTESIAN_POINT('',(20.1662998033489,42.645050259163,
-42.2232861188318));
#24050=CARTESIAN_POINT('',(20.168722401517,42.6321156216631,
-42.2232861188318));
#24060=CARTESIAN_POINT('',(20.168722401517,42.6190659490128,
-42.2232861188318));
#24070=B_SPLINE_CURVE_WITH_KNOTS('',3,(#23990,#24000,#24010,#24020,
#24030,#24040,#24050,#24060),.UNSPECIFIED.,.F.,.F.,(4,2,2,4),(0.,1.,2.,
3.),.UNSPECIFIED.);
#24080=DIRECTION('',(0.,0.,-1.));
#24090=VECTOR('',#24080,1.);
#24100=SURFACE_OF_LINEAR_EXTRUSION('',#24070,#24090);
#24110=ORIENTED_EDGE('',*,*,#23930,.F.);
#24120=ORIENTED_EDGE('',*,*,#19620,.T.);
#24130=CARTESIAN_POINT('',(20.11019597995,42.7132177409133,
-42.2232861188318));
#24140=DIRECTION('',(0.,0.,-1.));
#24150=VECTOR('',#24140,1.);
#24160=LINE('',#24130,#24150);
#24170=EDGE_CURVE('',#22340,#19480,#24160,.T.);
#24180=ORIENTED_EDGE('',*,*,#24170,.T.);
#24190=ORIENTED_EDGE('',*,*,#23460,.F.);
#24200=EDGE_LOOP('',(#24190,#24180,#24120,#24110));
#24210=FACE_OUTER_BOUND('',#24200,.T.);
#24220=ADVANCED_FACE('',(#24210),#24100,.F.);
#24230=CARTESIAN_POINT('',(20.11019597995,42.7132177409133,
-42.2232861188318));
#24240=CARTESIAN_POINT('',(20.0765309392496,42.7296758317133,
-42.2232861188318));
#24250=CARTESIAN_POINT('',(20.0462180135651,42.7523323949403,
-42.2232861188318));
#24260=CARTESIAN_POINT('',(19.9954239849398,42.8077048330302,
-42.2232861188318));
#24270=CARTESIAN_POINT('',(19.9753906402593,42.8399325901514,
-42.2232861188318));
#24280=CARTESIAN_POINT('',(19.9481182679088,42.9101460215252,
-42.2232861188318));
#24290=CARTESIAN_POINT('',(19.9411196509785,42.9475127520805,
-42.2232861188318));
#24300=CARTESIAN_POINT('',(19.9411196509785,43.0229108607269,
-42.2232861188318));
#24310=CARTESIAN_POINT('',(19.9481182679088,43.0602775912822,
-42.2232861188318));
#24320=CARTESIAN_POINT('',(19.9753906402594,43.130491022656,
-42.2232861188318));
#24330=CARTESIAN_POINT('',(19.9954239849399,43.1627187797772,
-42.2232861188318));
#24340=CARTESIAN_POINT('',(20.0462180135652,43.2180912178671,
-42.2232861188318));
#24350=CARTESIAN_POINT('',(20.0765309392496,43.2407477810941,
-42.2232861188318));
#24360=CARTESIAN_POINT('',(20.1101959799501,43.2572058718941,
-42.2232861188318));
#24370=B_SPLINE_CURVE_WITH_KNOTS('',3,(#24230,#24240,#24250,#24260,
#24270,#24280,#24290,#24300,#24310,#24320,#24330,#24340,#24350,#24360),
.UNSPECIFIED.,.F.,.F.,(4,2,2,2,2,2,4),(0.,1.,2.,3.,4.,5.,6.),
.UNSPECIFIED.);
#24380=DIRECTION('',(0.,0.,-1.));
#24390=VECTOR('',#24380,1.);
#24400=SURFACE_OF_LINEAR_EXTRUSION('',#24370,#24390);
#24410=ORIENTED_EDGE('',*,*,#24170,.F.);
#24420=ORIENTED_EDGE('',*,*,#19490,.F.);
#24430=CARTESIAN_POINT('',(20.1101959799501,43.2572058718941,
-42.2232861188318));
#24440=DIRECTION('',(0.,0.,-1.));
#24450=VECTOR('',#24440,1.);
#24460=LINE('',#24430,#24450);
#24470=EDGE_CURVE('',#22360,#19290,#24460,.T.);
#24480=ORIENTED_EDGE('',*,*,#24470,.T.);
#24490=ORIENTED_EDGE('',*,*,#22370,.T.);
#24500=EDGE_LOOP('',(#24490,#24480,#24420,#24410));
#24510=FACE_OUTER_BOUND('',#24500,.T.);
#24520=ADVANCED_FACE('',(#24510),#24400,.T.);
#24530=CARTESIAN_POINT('',(20.1687224015171,43.3513576637946,
-42.2232861188318));
#24540=CARTESIAN_POINT('',(20.1687224015171,43.3383079911443,
-42.2232861188318));
#24550=CARTESIAN_POINT('',(20.166299803349,43.3253733536444,
-42.2232861188318));
#24560=CARTESIAN_POINT('',(20.1568593667661,43.3010687043227,
-42.2232861188318));
#24570=CARTESIAN_POINT('',(20.1499247474536,43.2899129422423,
-42.2232861188318));
#24580=CARTESIAN_POINT('',(20.1323421990833,43.2707455598265,
-42.2232861188318));
#24590=CARTESIAN_POINT('',(20.1218492632695,43.2629029033249,
-42.2232861188318));
#24600=CARTESIAN_POINT('',(20.1101959799501,43.2572058718941,
-42.2232861188318));
#24610=B_SPLINE_CURVE_WITH_KNOTS('',3,(#24530,#24540,#24550,#24560,
#24570,#24580,#24590,#24600),.UNSPECIFIED.,.F.,.F.,(4,2,2,4),(0.,1.,2.,
3.),.UNSPECIFIED.);
#24620=DIRECTION('',(0.,0.,-1.));
#24630=VECTOR('',#24620,1.);
#24640=SURFACE_OF_LINEAR_EXTRUSION('',#24610,#24630);
#24650=ORIENTED_EDGE('',*,*,#24470,.F.);
#24660=ORIENTED_EDGE('',*,*,#19300,.T.);
#24670=CARTESIAN_POINT('',(20.1687224015171,43.3513576637946,
-42.2232861188318));
#24680=DIRECTION('',(0.,0.,-1.));
#24690=VECTOR('',#24680,1.);
#24700=LINE('',#24670,#24690);
#24710=EDGE_CURVE('',#22490,#19160,#24700,.T.);
#24720=ORIENTED_EDGE('',*,*,#24710,.T.);
#24730=ORIENTED_EDGE('',*,*,#22500,.F.);
#24740=EDGE_LOOP('',(#24730,#24720,#24660,#24650));
#24750=FACE_OUTER_BOUND('',#24740,.T.);
#24760=ADVANCED_FACE('',(#24750),#24640,.F.);
#24770=CARTESIAN_POINT('',(20.1687224015171,43.5101902732444,
-42.2232861188318));
#24780=DIRECTION('',(-1.,-0.,0.));
#24790=DIRECTION('',(0.,-1.,-0.));
#24800=AXIS2_PLACEMENT_3D('',#24770,#24780,#24790);
#24810=PLANE('',#24800);
#24820=ORIENTED_EDGE('',*,*,#24710,.F.);
#24830=ORIENTED_EDGE('',*,*,#19170,.F.);
#24840=CARTESIAN_POINT('',(20.1687224015171,43.5101902732444,
-42.2232861188318));
#24850=DIRECTION('',(0.,0.,-1.));
#24860=VECTOR('',#24850,1.);
#24870=LINE('',#24840,#24860);
#24880=EDGE_CURVE('',#22570,#19080,#24870,.T.);
#24890=ORIENTED_EDGE('',*,*,#24880,.T.);
#24900=ORIENTED_EDGE('',*,*,#22580,.T.);
#24910=EDGE_LOOP('',(#24900,#24890,#24830,#24820));
#24920=FACE_OUTER_BOUND('',#24910,.T.);
#24930=ADVANCED_FACE('',(#24920),#24810,.T.);
#24940=CARTESIAN_POINT('',(20.0648480766266,43.6148414360348,
-42.2232861188318));
#24950=CARTESIAN_POINT('',(20.0784890136628,43.6148414360348,
-42.2232861188318));
#24960=CARTESIAN_POINT('',(20.0919964772782,43.6121345408683,
-42.2232861188318));
#24970=CARTESIAN_POINT('',(20.1172016423424,43.6016161403316,
-42.2232861188318));
#24980=CARTESIAN_POINT('',(20.1286527170678,43.5939075550832,
-42.2232861188318));
#24990=CARTESIAN_POINT('',(20.1479439152279,43.5744720851419,
-42.2232861188318));
#25000=CARTESIAN_POINT('',(20.1555952787407,43.5629353720371,
-42.2232861188318));
#25010=CARTESIAN_POINT('',(20.1660355999521,43.5375417068069,
-42.2232861188318));
#25020=CARTESIAN_POINT('',(20.1687224015171,43.5239332258354,
-42.2232861188318));
#25030=CARTESIAN_POINT('',(20.1687224015171,43.5101902732444,
-42.2232861188318));
#25040=B_SPLINE_CURVE_WITH_KNOTS('',3,(#24940,#24950,#24960,#24970,
#24980,#24990,#25000,#25010,#25020,#25030),.UNSPECIFIED.,.F.,.F.,(4,2,2,
2,4),(0.,1.,2.,3.,4.),.UNSPECIFIED.);
#25050=DIRECTION('',(0.,0.,-1.));
#25060=VECTOR('',#25050,1.);
#25070=SURFACE_OF_LINEAR_EXTRUSION('',#25040,#25060);
#25080=ORIENTED_EDGE('',*,*,#24880,.F.);
#25090=ORIENTED_EDGE('',*,*,#19090,.T.);
#25100=CARTESIAN_POINT('',(20.0648480766266,43.6148414360348,
-42.2232861188318));
#25110=DIRECTION('',(0.,0.,-1.));
#25120=VECTOR('',#25110,1.);
#25130=LINE('',#25100,#25120);
#25140=EDGE_CURVE('',#22720,#18930,#25130,.T.);
#25150=ORIENTED_EDGE('',*,*,#25140,.T.);
#25160=ORIENTED_EDGE('',*,*,#22730,.F.);
#25170=EDGE_LOOP('',(#25160,#25150,#25090,#25080));
#25180=FACE_OUTER_BOUND('',#25170,.T.);
#25190=ADVANCED_FACE('',(#25180),#25070,.F.);
#25200=CARTESIAN_POINT('',(20.0565355675236,43.6148414360348,
-42.2232861188318));
#25210=DIRECTION('',(0.,-1.,0.));
#25220=DIRECTION('',(1.,0.,0.));
#25230=AXIS2_PLACEMENT_3D('',#25200,#25210,#25220);
#25240=PLANE('',#25230);
#25250=ORIENTED_EDGE('',*,*,#25140,.F.);
#25260=ORIENTED_EDGE('',*,*,#18940,.T.);
#25270=CARTESIAN_POINT('',(20.0565355675236,43.6148414360348,
-42.2232861188318));
#25280=DIRECTION('',(0.,0.,-1.));
#25290=VECTOR('',#25280,1.);
#25300=LINE('',#25270,#25290);
#25310=EDGE_CURVE('',#22800,#18850,#25300,.T.);
#25320=ORIENTED_EDGE('',*,*,#25310,.T.);
#25330=ORIENTED_EDGE('',*,*,#22810,.T.);
#25340=EDGE_LOOP('',(#25330,#25320,#25260,#25250));
#25350=FACE_OUTER_BOUND('',#25340,.T.);
#25360=ADVANCED_FACE('',(#25350),#25240,.T.);
#25370=CARTESIAN_POINT('',(20.0565355675236,42.3555821767725,
-42.2232861188318));
#25380=CARTESIAN_POINT('',(19.9744654031323,42.3555821767725,
-42.2232861188318));
#25390=CARTESIAN_POINT('',(19.8931982763591,42.3718681057167,
-42.2232861188318));
#25400=CARTESIAN_POINT('',(19.7415523861371,42.4351516513329,
-42.2232861188318));
#25410=CARTESIAN_POINT('',(19.6726574427268,42.481530053116,
-42.2232861188318));
#25420=CARTESIAN_POINT('',(19.5565927031784,42.5984627981951,
-42.2232861188318));
#25430=CARTESIAN_POINT('',(19.510558573731,42.6678729815668,
-42.2232861188318));
#25440=CARTESIAN_POINT('',(19.4477447893229,42.8206529756685,
-42.2232861188318));
#25450=CARTESIAN_POINT('',(19.4315797527463,42.9025278694155,
-42.2232861188318));
#25460=CARTESIAN_POINT('',(19.4315797527463,43.0678957433919,
-42.2232861188318));
#25470=CARTESIAN_POINT('',(19.4477447893229,43.1497706371388,
-42.2232861188318));
#25480=CARTESIAN_POINT('',(19.510558573731,43.3025506312405,
-42.2232861188318));
#25490=CARTESIAN_POINT('',(19.5565927031784,43.3719608146123,
-42.2232861188318));
#25500=CARTESIAN_POINT('',(19.6726574427268,43.4888935596914,
-42.2232861188318));
#25510=CARTESIAN_POINT('',(19.7415523861371,43.5352719614744,
-42.2232861188318));
#25520=CARTESIAN_POINT('',(19.8931982763591,43.5985555070906,
-42.2232861188318));
#25530=CARTESIAN_POINT('',(19.9744654031323,43.6148414360348,
-42.2232861188318));
#25540=CARTESIAN_POINT('',(20.0565355675236,43.6148414360348,
-42.2232861188318));
#25550=B_SPLINE_CURVE_WITH_KNOTS('',3,(#25370,#25380,#25390,#25400,
#25410,#25420,#25430,#25440,#25450,#25460,#25470,#25480,#25490,#25500,
#25510,#25520,#25530,#25540),.UNSPECIFIED.,.F.,.F.,(4,2,2,2,2,2,2,2,4),(
0.,1.,2.,3.,4.,5.,6.,7.,8.),.UNSPECIFIED.);
#25560=DIRECTION('',(0.,0.,-1.));
#25570=VECTOR('',#25560,1.);
#25580=SURFACE_OF_LINEAR_EXTRUSION('',#25550,#25570);
#25590=ORIENTED_EDGE('',*,*,#25310,.F.);
#25600=ORIENTED_EDGE('',*,*,#18860,.T.);
#25610=CARTESIAN_POINT('',(20.0565355675236,42.3555821767725,
-42.2232861188318));
#25620=DIRECTION('',(0.,0.,-1.));
#25630=VECTOR('',#25620,1.);
#25640=LINE('',#25610,#25630);
#25650=EDGE_CURVE('',#23030,#18600,#25640,.T.);
#25660=ORIENTED_EDGE('',*,*,#25650,.T.);
#25670=ORIENTED_EDGE('',*,*,#23040,.F.);
#25680=EDGE_LOOP('',(#25670,#25660,#25600,#25590));
#25690=FACE_OUTER_BOUND('',#25680,.T.);
#25700=ADVANCED_FACE('',(#25690),#25580,.F.);
#25710=CARTESIAN_POINT('',(20.0648480766265,42.3555821767725,
-42.2232861188318));
#25720=DIRECTION('',(0.,1.,-0.));
#25730=DIRECTION('',(-1.,0.,0.));
#25740=AXIS2_PLACEMENT_3D('',#25710,#25720,#25730);
#25750=PLANE('',#25740);
#25760=ORIENTED_EDGE('',*,*,#25650,.F.);
#25770=ORIENTED_EDGE('',*,*,#18630,.F.);
#25780=ORIENTED_EDGE('',*,*,#23690,.T.);
#25790=ORIENTED_EDGE('',*,*,#23120,.T.);
#25800=EDGE_LOOP('',(#25790,#25780,#25770,#25760));
#25810=FACE_OUTER_BOUND('',#25800,.T.);
#25820=ADVANCED_FACE('',(#25810),#25750,.T.);
#25830=CARTESIAN_POINT('',(20.3722060880414,43.2572058718941,
-42.2232861188318));
#25840=CARTESIAN_POINT('',(20.360552804722,43.2629029033249,
-42.2232861188318));
#25850=CARTESIAN_POINT('',(20.3500598689082,43.2707455598265,
-42.2232861188318));
#25860=CARTESIAN_POINT('',(20.3324773205378,43.2899129422423,
-42.2232861188318));
#25870=CARTESIAN_POINT('',(20.3255427012254,43.3010687043227,
-42.2232861188318));
#25880=CARTESIAN_POINT('',(20.3161022646425,43.3253733536444,
-42.2232861188318));
#25890=CARTESIAN_POINT('',(20.3136796664743,43.3383079911443,
-42.2232861188318));
#25900=CARTESIAN_POINT('',(20.3136796664743,43.3513576637946,
-42.2232861188318));
#25910=B_SPLINE_CURVE_WITH_KNOTS('',3,(#25830,#25840,#25850,#25860,
#25870,#25880,#25890,#25900),.UNSPECIFIED.,.F.,.F.,(4,2,2,4),(0.,1.,2.,
3.),.UNSPECIFIED.);
#25920=CARTESIAN_POINT('',(20.3722060880414,43.2572058718941,
-42.2232861188318));
#25930=VERTEX_POINT('',#25920);
#25940=CARTESIAN_POINT('',(20.3136796664743,43.3513576637946,
-42.2232861188318));
#25950=VERTEX_POINT('',#25940);
#25960=EDGE_CURVE('',#25930,#25950,#25910,.T.);
#25970=ORIENTED_EDGE('',*,*,#25960,.T.);
#25980=CARTESIAN_POINT('',(20.3722060880414,43.2572058718941,
-42.2232861188318));
#25990=CARTESIAN_POINT('',(20.4058711287418,43.2407477810941,
-42.2232861188318));
#26000=CARTESIAN_POINT('',(20.4361840544262,43.2180912178671,
-42.2232861188318));
#26010=CARTESIAN_POINT('',(20.4869780830516,43.1627187797772,
-42.2232861188318));
#26020=CARTESIAN_POINT('',(20.5070114277321,43.130491022656,
-42.2232861188318));
#26030=CARTESIAN_POINT('',(20.5342838000827,43.0602775912822,
-42.2232861188318));
#26040=CARTESIAN_POINT('',(20.5412824170129,43.0229108607269,
-42.2232861188318));
#26050=CARTESIAN_POINT('',(20.541282417013,42.9475127520805,
-42.2232861188318));
#26060=CARTESIAN_POINT('',(20.5342838000827,42.9101460215252,
-42.2232861188318));
#26070=CARTESIAN_POINT('',(20.5070114277321,42.8399325901514,
-42.2232861188318));
#26080=CARTESIAN_POINT('',(20.4869780830516,42.8077048330302,
-42.2232861188318));
#26090=CARTESIAN_POINT('',(20.4361840544263,42.7523323949403,
-42.2232861188318));
#26100=CARTESIAN_POINT('',(20.4058711287419,42.7296758317133,
-42.2232861188318));
#26110=CARTESIAN_POINT('',(20.3722060880414,42.7132177409133,
-42.2232861188318));
#26120=B_SPLINE_CURVE_WITH_KNOTS('',3,(#25980,#25990,#26000,#26010,
#26020,#26030,#26040,#26050,#26060,#26070,#26080,#26090,#26100,#26110),
.UNSPECIFIED.,.F.,.F.,(4,2,2,2,2,2,4),(0.,1.,2.,3.,4.,5.,6.),
.UNSPECIFIED.);
#26130=CARTESIAN_POINT('',(20.3722060880414,42.7132177409133,
-42.2232861188318));
#26140=VERTEX_POINT('',#26130);
#26150=EDGE_CURVE('',#25930,#26140,#26120,.T.);
#26160=ORIENTED_EDGE('',*,*,#26150,.F.);
#26170=CARTESIAN_POINT('',(20.3136796664744,42.6190659490128,
-42.2232861188318));
#26180=CARTESIAN_POINT('',(20.3136796664744,42.6321156216631,
-42.2232861188318));
#26190=CARTESIAN_POINT('',(20.3161022646426,42.645050259163,
-42.2232861188318));
#26200=CARTESIAN_POINT('',(20.3255427012255,42.6693549084847,
-42.2232861188318));
#26210=CARTESIAN_POINT('',(20.3324773205379,42.6805106705651,
-42.2232861188318));
#26220=CARTESIAN_POINT('',(20.3500598689082,42.6996780529809,
-42.2232861188318));
#26230=CARTESIAN_POINT('',(20.3605528047221,42.7075207094825,
-42.2232861188318));
#26240=CARTESIAN_POINT('',(20.3722060880414,42.7132177409133,
-42.2232861188318));
#26250=B_SPLINE_CURVE_WITH_KNOTS('',3,(#26170,#26180,#26190,#26200,
#26210,#26220,#26230,#26240),.UNSPECIFIED.,.F.,.F.,(4,2,2,4),(0.,1.,2.,
3.),.UNSPECIFIED.);
#26260=CARTESIAN_POINT('',(20.3136796664744,42.6190659490128,
-42.2232861188318));
#26270=VERTEX_POINT('',#26260);
#26280=EDGE_CURVE('',#26270,#26140,#26250,.T.);
#26290=ORIENTED_EDGE('',*,*,#26280,.T.);
#26300=CARTESIAN_POINT('',(20.3136796664744,43.776923,-42.2232861188318)
);
#26310=DIRECTION('',(0.,-1.,-0.));
#26320=VECTOR('',#26310,1.);
#26330=LINE('',#26300,#26320);
#26340=CARTESIAN_POINT('',(20.3136796664744,42.1639370432726,
-42.2232861188318));
#26350=VERTEX_POINT('',#26340);
#26360=EDGE_CURVE('',#26270,#26350,#26330,.T.);
#26370=ORIENTED_EDGE('',*,*,#26360,.F.);
#26380=CARTESIAN_POINT('',(20.417553991365,42.0592858804822,
-42.2232861188318));
#26390=CARTESIAN_POINT('',(20.4039130543287,42.0592858804822,
-42.2232861188318));
#26400=CARTESIAN_POINT('',(20.3904055907133,42.0619927756487,
-42.2232861188318));
#26410=CARTESIAN_POINT('',(20.3652004256492,42.0725111761854,
-42.2232861188318));
#26420=CARTESIAN_POINT('',(20.3537493509237,42.0802197614339,
-42.2232861188318));
#26430=CARTESIAN_POINT('',(20.3344581527636,42.0996552313751,
-42.2232861188318));
#26440=CARTESIAN_POINT('',(20.3268067892509,42.1111919444799,
-42.2232861188318));
#26450=CARTESIAN_POINT('',(20.3163664680394,42.1365856097101,
-42.2232861188318));
#26460=CARTESIAN_POINT('',(20.3136796664744,42.1501940906816,
-42.2232861188318));
#26470=CARTESIAN_POINT('',(20.3136796664744,42.1639370432726,
-42.2232861188318));
#26480=B_SPLINE_CURVE_WITH_KNOTS('',3,(#26380,#26390,#26400,#26410,
#26420,#26430,#26440,#26450,#26460,#26470),.UNSPECIFIED.,.F.,.F.,(4,2,2,
2,4),(0.,1.,2.,3.,4.),.UNSPECIFIED.);
#26490=CARTESIAN_POINT('',(20.417553991365,42.0592858804822,
-42.2232861188318));
#26500=VERTEX_POINT('',#26490);
#26510=EDGE_CURVE('',#26500,#26350,#26480,.T.);
#26520=ORIENTED_EDGE('',*,*,#26510,.T.);
#26530=CARTESIAN_POINT('',(29.8169795364281,42.059285880482,
-42.2232861188318));
#26540=DIRECTION('',(1.,-2.39746355755848E-14,0.));
#26550=VECTOR('',#26540,1.);
#26560=LINE('',#26530,#26550);
#26570=CARTESIAN_POINT('',(20.8621130338914,42.0592858804822,
-42.2232861188318));
#26580=VERTEX_POINT('',#26570);
#26590=EDGE_CURVE('',#26500,#26580,#26560,.T.);
#26600=ORIENTED_EDGE('',*,*,#26590,.F.);
#26610=CARTESIAN_POINT('',(20.965987358782,42.1639370432726,
-42.2232861188318));
#26620=CARTESIAN_POINT('',(20.965987358782,42.1501940906816,
-42.2232861188318));
#26630=CARTESIAN_POINT('',(20.963300557217,42.1365856097101,
-42.2232861188318));
#26640=CARTESIAN_POINT('',(20.9528602360056,42.1111919444799,
-42.2232861188318));
#26650=CARTESIAN_POINT('',(20.9452088724928,42.0996552313751,
-42.2232861188318));
#26660=CARTESIAN_POINT('',(20.9259176743327,42.0802197614339,
-42.2232861188318));
#26670=CARTESIAN_POINT('',(20.9144665996072,42.0725111761854,
-42.2232861188318));
#26680=CARTESIAN_POINT('',(20.8892614345431,42.0619927756487,
-42.2232861188318));
#26690=CARTESIAN_POINT('',(20.8757539709277,42.0592858804822,
-42.2232861188318));
#26700=CARTESIAN_POINT('',(20.8621130338914,42.0592858804822,
-42.2232861188318));
#26710=B_SPLINE_CURVE_WITH_KNOTS('',3,(#26610,#26620,#26630,#26640,
#26650,#26660,#26670,#26680,#26690,#26700),.UNSPECIFIED.,.F.,.F.,(4,2,2,
2,4),(0.,1.,2.,3.,4.),.UNSPECIFIED.);
#26720=CARTESIAN_POINT('',(20.965987358782,42.1639370432726,
-42.2232861188318));
#26730=VERTEX_POINT('',#26720);
#26740=EDGE_CURVE('',#26730,#26580,#26710,.T.);
#26750=ORIENTED_EDGE('',*,*,#26740,.T.);
#26760=CARTESIAN_POINT('',(20.965987358782,43.776923,-42.2232861188318))
;
#26770=DIRECTION('',(0.,1.,0.));
#26780=VECTOR('',#26770,1.);
#26790=LINE('',#26760,#26780);
#26800=CARTESIAN_POINT('',(20.965987358782,43.5101902732444,
-42.2232861188318));
#26810=VERTEX_POINT('',#26800);
#26820=EDGE_CURVE('',#26730,#26810,#26790,.T.);
#26830=ORIENTED_EDGE('',*,*,#26820,.F.);
#26840=CARTESIAN_POINT('',(20.8621130338914,43.6148414360348,
-42.2232861188318));
#26850=CARTESIAN_POINT('',(20.8757539709277,43.6148414360348,
-42.2232861188318));
#26860=CARTESIAN_POINT('',(20.8892614345431,43.6121345408683,
-42.2232861188318));
#26870=CARTESIAN_POINT('',(20.9144665996072,43.6016161403316,
-42.2232861188318));
#26880=CARTESIAN_POINT('',(20.9259176743327,43.5939075550832,
-42.2232861188318));
#26890=CARTESIAN_POINT('',(20.9452088724928,43.574472085142,
-42.2232861188318));
#26900=CARTESIAN_POINT('',(20.9528602360056,43.5629353720371,
-42.2232861188318));
#26910=CARTESIAN_POINT('',(20.963300557217,43.537541706807,
-42.2232861188318));
#26920=CARTESIAN_POINT('',(20.965987358782,43.5239332258354,
-42.2232861188318));
#26930=CARTESIAN_POINT('',(20.965987358782,43.5101902732444,
-42.2232861188318));
#26940=B_SPLINE_CURVE_WITH_KNOTS('',3,(#26840,#26850,#26860,#26870,
#26880,#26890,#26900,#26910,#26920,#26930),.UNSPECIFIED.,.F.,.F.,(4,2,2,
2,4),(0.,1.,2.,3.,4.),.UNSPECIFIED.);
#26950=CARTESIAN_POINT('',(20.8621130338914,43.6148414360348,
-42.2232861188318));
#26960=VERTEX_POINT('',#26950);
#26970=EDGE_CURVE('',#26960,#26810,#26940,.T.);
#26980=ORIENTED_EDGE('',*,*,#26970,.T.);
#26990=CARTESIAN_POINT('',(29.8169795364281,43.6148414360349,
-42.2232861188318));
#27000=DIRECTION('',(-1.,-1.19873177877897E-14,0.));
#27010=VECTOR('',#27000,1.);
#27020=LINE('',#26990,#27010);
#27030=CARTESIAN_POINT('',(20.4175539913649,43.6148414360348,
-42.2232861188318));
#27040=VERTEX_POINT('',#27030);
#27050=EDGE_CURVE('',#26960,#27040,#27020,.T.);
#27060=ORIENTED_EDGE('',*,*,#27050,.F.);
#27070=CARTESIAN_POINT('',(20.3136796664743,43.5101902732444,
-42.2232861188318));
#27080=CARTESIAN_POINT('',(20.3136796664743,43.5239332258354,
-42.2232861188318));
#27090=CARTESIAN_POINT('',(20.3163664680393,43.5375417068069,
-42.2232861188318));
#27100=CARTESIAN_POINT('',(20.3268067892507,43.5629353720371,
-42.2232861188318));
#27110=CARTESIAN_POINT('',(20.3344581527635,43.5744720851419,
-42.2232861188318));
#27120=CARTESIAN_POINT('',(20.3537493509236,43.5939075550832,
-42.2232861188318));
#27130=CARTESIAN_POINT('',(20.3652004256491,43.6016161403316,
-42.2232861188318));
#27140=CARTESIAN_POINT('',(20.3904055907132,43.6121345408683,
-42.2232861188318));
#27150=CARTESIAN_POINT('',(20.4039130543286,43.6148414360348,
-42.2232861188318));
#27160=CARTESIAN_POINT('',(20.4175539913649,43.6148414360348,
-42.2232861188318));
#27170=B_SPLINE_CURVE_WITH_KNOTS('',3,(#27070,#27080,#27090,#27100,
#27110,#27120,#27130,#27140,#27150,#27160),.UNSPECIFIED.,.F.,.F.,(4,2,2,
2,4),(0.,1.,2.,3.,4.),.UNSPECIFIED.);
#27180=CARTESIAN_POINT('',(20.3136796664743,43.5101902732444,
-42.2232861188318));
#27190=VERTEX_POINT('',#27180);
#27200=EDGE_CURVE('',#27190,#27040,#27170,.T.);
#27210=ORIENTED_EDGE('',*,*,#27200,.T.);
#27220=CARTESIAN_POINT('',(20.3136796664743,43.776923,-42.2232861188318)
);
#27230=DIRECTION('',(0.,-1.,-0.));
#27240=VECTOR('',#27230,1.);
#27250=LINE('',#27220,#27240);
#27260=EDGE_CURVE('',#27190,#25950,#27250,.T.);
#27270=ORIENTED_EDGE('',*,*,#27260,.F.);
#27280=EDGE_LOOP('',(#27270,#27210,#27060,#26980,#26830,#26750,#26600,
#26520,#26370,#26290,#26160,#25970));
#27290=FACE_OUTER_BOUND('',#27280,.T.);
#27300=ADVANCED_FACE('',(#27290),#16110,.T.);
#27310=CARTESIAN_POINT('',(20.3136796664744,42.6190659490128,
-42.2232861188318));
#27320=CARTESIAN_POINT('',(20.3136796664744,42.6321156216631,
-42.2232861188318));
#27330=CARTESIAN_POINT('',(20.3161022646426,42.645050259163,
-42.2232861188318));
#27340=CARTESIAN_POINT('',(20.3255427012255,42.6693549084847,
-42.2232861188318));
#27350=CARTESIAN_POINT('',(20.3324773205379,42.6805106705651,
-42.2232861188318));
#27360=CARTESIAN_POINT('',(20.3500598689082,42.6996780529809,
-42.2232861188318));
#27370=CARTESIAN_POINT('',(20.3605528047221,42.7075207094825,
-42.2232861188318));
#27380=CARTESIAN_POINT('',(20.3722060880414,42.7132177409133,
-42.2232861188318));
#27390=B_SPLINE_CURVE_WITH_KNOTS('',3,(#27310,#27320,#27330,#27340,
#27350,#27360,#27370,#27380),.UNSPECIFIED.,.F.,.F.,(4,2,2,4),(0.,1.,2.,
3.),.UNSPECIFIED.);
#27400=DIRECTION('',(0.,0.,-1.));
#27410=VECTOR('',#27400,1.);
#27420=SURFACE_OF_LINEAR_EXTRUSION('',#27390,#27410);
#27430=CARTESIAN_POINT('',(20.3722060880414,42.7132177409133,
-42.2232861188318));
#27440=DIRECTION('',(0.,0.,-1.));
#27450=VECTOR('',#27440,1.);
#27460=LINE('',#27430,#27450);
#27470=EDGE_CURVE('',#26140,#20050,#27460,.T.);
#27480=ORIENTED_EDGE('',*,*,#27470,.F.);
#27490=ORIENTED_EDGE('',*,*,#21300,.T.);
#27500=CARTESIAN_POINT('',(20.3136796664744,42.6190659490128,
-42.2232861188318));
#27510=DIRECTION('',(0.,0.,-1.));
#27520=VECTOR('',#27510,1.);
#27530=LINE('',#27500,#27520);
#27540=EDGE_CURVE('',#26270,#21180,#27530,.T.);
#27550=ORIENTED_EDGE('',*,*,#27540,.T.);
#27560=ORIENTED_EDGE('',*,*,#26280,.F.);
#27570=EDGE_LOOP('',(#27560,#27550,#27490,#27480));
#27580=FACE_OUTER_BOUND('',#27570,.T.);
#27590=ADVANCED_FACE('',(#27580),#27420,.F.);
#27600=CARTESIAN_POINT('',(20.3136796664744,42.1639370432726,
-42.2232861188318));
#27610=DIRECTION('',(1.,0.,0.));
#27620=DIRECTION('',(0.,1.,0.));
#27630=AXIS2_PLACEMENT_3D('',#27600,#27610,#27620);
#27640=PLANE('',#27630);
#27650=ORIENTED_EDGE('',*,*,#27540,.F.);
#27660=ORIENTED_EDGE('',*,*,#21190,.F.);
#27670=CARTESIAN_POINT('',(20.3136796664744,42.1639370432726,
-42.2232861188318));
#27680=DIRECTION('',(0.,0.,-1.));
#27690=VECTOR('',#27680,1.);
#27700=LINE('',#27670,#27690);
#27710=EDGE_CURVE('',#26350,#21100,#27700,.T.);
#27720=ORIENTED_EDGE('',*,*,#27710,.T.);
#27730=ORIENTED_EDGE('',*,*,#26360,.T.);
#27740=EDGE_LOOP('',(#27730,#27720,#27660,#27650));
#27750=FACE_OUTER_BOUND('',#27740,.T.);
#27760=ADVANCED_FACE('',(#27750),#27640,.T.);
#27770=CARTESIAN_POINT('',(20.417553991365,42.0592858804822,
-42.2232861188318));
#27780=CARTESIAN_POINT('',(20.4039130543287,42.0592858804822,
-42.2232861188318));
#27790=CARTESIAN_POINT('',(20.3904055907133,42.0619927756487,
-42.2232861188318));
#27800=CARTESIAN_POINT('',(20.3652004256492,42.0725111761854,
-42.2232861188318));
#27810=CARTESIAN_POINT('',(20.3537493509237,42.0802197614339,
-42.2232861188318));
#27820=CARTESIAN_POINT('',(20.3344581527636,42.0996552313751,
-42.2232861188318));
#27830=CARTESIAN_POINT('',(20.3268067892509,42.1111919444799,
-42.2232861188318));
#27840=CARTESIAN_POINT('',(20.3163664680394,42.1365856097101,
-42.2232861188318));
#27850=CARTESIAN_POINT('',(20.3136796664744,42.1501940906816,
-42.2232861188318));
#27860=CARTESIAN_POINT('',(20.3136796664744,42.1639370432726,
-42.2232861188318));
#27870=B_SPLINE_CURVE_WITH_KNOTS('',3,(#27770,#27780,#27790,#27800,
#27810,#27820,#27830,#27840,#27850,#27860),.UNSPECIFIED.,.F.,.F.,(4,2,2,
2,4),(0.,1.,2.,3.,4.),.UNSPECIFIED.);
#27880=DIRECTION('',(0.,0.,-1.));
#27890=VECTOR('',#27880,1.);
#27900=SURFACE_OF_LINEAR_EXTRUSION('',#27870,#27890);
#27910=ORIENTED_EDGE('',*,*,#27710,.F.);
#27920=ORIENTED_EDGE('',*,*,#21110,.T.);
#27930=CARTESIAN_POINT('',(20.417553991365,42.0592858804822,
-42.2232861188318));
#27940=DIRECTION('',(0.,0.,-1.));
#27950=VECTOR('',#27940,1.);
#27960=LINE('',#27930,#27950);
#27970=EDGE_CURVE('',#26500,#20950,#27960,.T.);
#27980=ORIENTED_EDGE('',*,*,#27970,.T.);
#27990=ORIENTED_EDGE('',*,*,#26510,.F.);
#28000=EDGE_LOOP('',(#27990,#27980,#27920,#27910));
#28010=FACE_OUTER_BOUND('',#28000,.T.);
#28020=ADVANCED_FACE('',(#28010),#27900,.F.);
#28030=CARTESIAN_POINT('',(20.8621130338914,42.0592858804822,
-42.2232861188318));
#28040=DIRECTION('',(2.39746355755848E-14,1.,-0.));
#28050=DIRECTION('',(-1.,2.39746355755848E-14,0.));
#28060=AXIS2_PLACEMENT_3D('',#28030,#28040,#28050);
#28070=PLANE('',#28060);
#28080=ORIENTED_EDGE('',*,*,#27970,.F.);
#28090=ORIENTED_EDGE('',*,*,#20960,.F.);
#28100=CARTESIAN_POINT('',(20.8621130338914,42.0592858804822,
-42.2232861188318));
#28110=DIRECTION('',(0.,0.,-1.));
#28120=VECTOR('',#28110,1.);
#28130=LINE('',#28100,#28120);
#28140=EDGE_CURVE('',#26580,#20870,#28130,.T.);
#28150=ORIENTED_EDGE('',*,*,#28140,.T.);
#28160=ORIENTED_EDGE('',*,*,#26590,.T.);
#28170=EDGE_LOOP('',(#28160,#28150,#28090,#28080));
#28180=FACE_OUTER_BOUND('',#28170,.T.);
#28190=ADVANCED_FACE('',(#28180),#28070,.T.);
#28200=CARTESIAN_POINT('',(20.965987358782,42.1639370432726,
-42.2232861188318));
#28210=CARTESIAN_POINT('',(20.965987358782,42.1501940906816,
-42.2232861188318));
#28220=CARTESIAN_POINT('',(20.963300557217,42.1365856097101,
-42.2232861188318));
#28230=CARTESIAN_POINT('',(20.9528602360056,42.1111919444799,
-42.2232861188318));
#28240=CARTESIAN_POINT('',(20.9452088724928,42.0996552313751,
-42.2232861188318));
#28250=CARTESIAN_POINT('',(20.9259176743327,42.0802197614339,
-42.2232861188318));
#28260=CARTESIAN_POINT('',(20.9144665996072,42.0725111761854,
-42.2232861188318));
#28270=CARTESIAN_POINT('',(20.8892614345431,42.0619927756487,
-42.2232861188318));
#28280=CARTESIAN_POINT('',(20.8757539709277,42.0592858804822,
-42.2232861188318));
#28290=CARTESIAN_POINT('',(20.8621130338914,42.0592858804822,
-42.2232861188318));
#28300=B_SPLINE_CURVE_WITH_KNOTS('',3,(#28200,#28210,#28220,#28230,
#28240,#28250,#28260,#28270,#28280,#28290),.UNSPECIFIED.,.F.,.F.,(4,2,2,
2,4),(0.,1.,2.,3.,4.),.UNSPECIFIED.);
#28310=DIRECTION('',(0.,0.,-1.));
#28320=VECTOR('',#28310,1.);
#28330=SURFACE_OF_LINEAR_EXTRUSION('',#28300,#28320);
#28340=ORIENTED_EDGE('',*,*,#28140,.F.);
#28350=ORIENTED_EDGE('',*,*,#20880,.T.);
#28360=CARTESIAN_POINT('',(20.965987358782,42.1639370432726,
-42.2232861188318));
#28370=DIRECTION('',(0.,0.,-1.));
#28380=VECTOR('',#28370,1.);
#28390=LINE('',#28360,#28380);
#28400=EDGE_CURVE('',#26730,#20720,#28390,.T.);
#28410=ORIENTED_EDGE('',*,*,#28400,.T.);
#28420=ORIENTED_EDGE('',*,*,#26740,.F.);
#28430=EDGE_LOOP('',(#28420,#28410,#28350,#28340));
#28440=FACE_OUTER_BOUND('',#28430,.T.);
#28450=ADVANCED_FACE('',(#28440),#28330,.F.);
#28460=CARTESIAN_POINT('',(20.965987358782,43.5101902732444,
-42.2232861188318));
#28470=DIRECTION('',(-1.,-0.,0.));
#28480=DIRECTION('',(0.,-1.,-0.));
#28490=AXIS2_PLACEMENT_3D('',#28460,#28470,#28480);
#28500=PLANE('',#28490);
#28510=ORIENTED_EDGE('',*,*,#28400,.F.);
#28520=ORIENTED_EDGE('',*,*,#20730,.T.);
#28530=CARTESIAN_POINT('',(20.965987358782,43.5101902732444,
-42.2232861188318));
#28540=DIRECTION('',(0.,0.,-1.));
#28550=VECTOR('',#28540,1.);
#28560=LINE('',#28530,#28550);
#28570=EDGE_CURVE('',#26810,#20640,#28560,.T.);
#28580=ORIENTED_EDGE('',*,*,#28570,.T.);
#28590=ORIENTED_EDGE('',*,*,#26820,.T.);
#28600=EDGE_LOOP('',(#28590,#28580,#28520,#28510));
#28610=FACE_OUTER_BOUND('',#28600,.T.);
#28620=ADVANCED_FACE('',(#28610),#28500,.T.);
#28630=CARTESIAN_POINT('',(20.8621130338914,43.6148414360348,
-42.2232861188318));
#28640=CARTESIAN_POINT('',(20.8757539709277,43.6148414360348,
-42.2232861188318));
#28650=CARTESIAN_POINT('',(20.8892614345431,43.6121345408683,
-42.2232861188318));
#28660=CARTESIAN_POINT('',(20.9144665996072,43.6016161403316,
-42.2232861188318));
#28670=CARTESIAN_POINT('',(20.9259176743327,43.5939075550832,
-42.2232861188318));
#28680=CARTESIAN_POINT('',(20.9452088724928,43.574472085142,
-42.2232861188318));
#28690=CARTESIAN_POINT('',(20.9528602360056,43.5629353720371,
-42.2232861188318));
#28700=CARTESIAN_POINT('',(20.963300557217,43.537541706807,
-42.2232861188318));
#28710=CARTESIAN_POINT('',(20.965987358782,43.5239332258354,
-42.2232861188318));
#28720=CARTESIAN_POINT('',(20.965987358782,43.5101902732444,
-42.2232861188318));
#28730=B_SPLINE_CURVE_WITH_KNOTS('',3,(#28630,#28640,#28650,#28660,
#28670,#28680,#28690,#28700,#28710,#28720),.UNSPECIFIED.,.F.,.F.,(4,2,2,
2,4),(0.,1.,2.,3.,4.),.UNSPECIFIED.);
#28740=DIRECTION('',(0.,0.,-1.));
#28750=VECTOR('',#28740,1.);
#28760=SURFACE_OF_LINEAR_EXTRUSION('',#28730,#28750);
#28770=ORIENTED_EDGE('',*,*,#28570,.F.);
#28780=ORIENTED_EDGE('',*,*,#20650,.T.);
#28790=CARTESIAN_POINT('',(20.8621130338914,43.6148414360348,
-42.2232861188318));
#28800=DIRECTION('',(0.,0.,-1.));
#28810=VECTOR('',#28800,1.);
#28820=LINE('',#28790,#28810);
#28830=EDGE_CURVE('',#26960,#20490,#28820,.T.);
#28840=ORIENTED_EDGE('',*,*,#28830,.T.);
#28850=ORIENTED_EDGE('',*,*,#26970,.F.);
#28860=EDGE_LOOP('',(#28850,#28840,#28780,#28770));
#28870=FACE_OUTER_BOUND('',#28860,.T.);
#28880=ADVANCED_FACE('',(#28870),#28760,.F.);
#28890=CARTESIAN_POINT('',(20.4175539913649,43.6148414360348,
-42.2232861188318));
#28900=DIRECTION('',(1.19873177877897E-14,-1.,0.));
#28910=DIRECTION('',(1.,1.19873177877897E-14,0.));
#28920=AXIS2_PLACEMENT_3D('',#28890,#28900,#28910);
#28930=PLANE('',#28920);
#28940=ORIENTED_EDGE('',*,*,#28830,.F.);
#28950=ORIENTED_EDGE('',*,*,#20500,.F.);
#28960=CARTESIAN_POINT('',(20.4175539913649,43.6148414360348,
-42.2232861188318));
#28970=DIRECTION('',(0.,0.,-1.));
#28980=VECTOR('',#28970,1.);
#28990=LINE('',#28960,#28980);
#29000=EDGE_CURVE('',#27040,#20410,#28990,.T.);
#29010=ORIENTED_EDGE('',*,*,#29000,.T.);
#29020=ORIENTED_EDGE('',*,*,#27050,.T.);
#29030=EDGE_LOOP('',(#29020,#29010,#28950,#28940));
#29040=FACE_OUTER_BOUND('',#29030,.T.);
#29050=ADVANCED_FACE('',(#29040),#28930,.T.);
#29060=CARTESIAN_POINT('',(20.3136796664743,43.5101902732444,
-42.2232861188318));
#29070=CARTESIAN_POINT('',(20.3136796664743,43.5239332258354,
-42.2232861188318));
#29080=CARTESIAN_POINT('',(20.3163664680393,43.5375417068069,
-42.2232861188318));
#29090=CARTESIAN_POINT('',(20.3268067892507,43.5629353720371,
-42.2232861188318));
#29100=CARTESIAN_POINT('',(20.3344581527635,43.5744720851419,
-42.2232861188318));
#29110=CARTESIAN_POINT('',(20.3537493509236,43.5939075550832,
-42.2232861188318));
#29120=CARTESIAN_POINT('',(20.3652004256491,43.6016161403316,
-42.2232861188318));
#29130=CARTESIAN_POINT('',(20.3904055907132,43.6121345408683,
-42.2232861188318));
#29140=CARTESIAN_POINT('',(20.4039130543286,43.6148414360348,
-42.2232861188318));
#29150=CARTESIAN_POINT('',(20.4175539913649,43.6148414360348,
-42.2232861188318));
#29160=B_SPLINE_CURVE_WITH_KNOTS('',3,(#29060,#29070,#29080,#29090,
#29100,#29110,#29120,#29130,#29140,#29150),.UNSPECIFIED.,.F.,.F.,(4,2,2,
2,4),(0.,1.,2.,3.,4.),.UNSPECIFIED.);
#29170=DIRECTION('',(0.,0.,-1.));
#29180=VECTOR('',#29170,1.);
#29190=SURFACE_OF_LINEAR_EXTRUSION('',#29160,#29180);
#29200=ORIENTED_EDGE('',*,*,#29000,.F.);
#29210=ORIENTED_EDGE('',*,*,#20420,.T.);
#29220=CARTESIAN_POINT('',(20.3136796664743,43.5101902732444,
-42.2232861188318));
#29230=DIRECTION('',(0.,0.,-1.));
#29240=VECTOR('',#29230,1.);
#29250=LINE('',#29220,#29240);
#29260=EDGE_CURVE('',#27190,#20260,#29250,.T.);
#29270=ORIENTED_EDGE('',*,*,#29260,.T.);
#29280=ORIENTED_EDGE('',*,*,#27200,.F.);
#29290=EDGE_LOOP('',(#29280,#29270,#29210,#29200));
#29300=FACE_OUTER_BOUND('',#29290,.T.);
#29310=ADVANCED_FACE('',(#29300),#29190,.F.);
#29320=CARTESIAN_POINT('',(20.3136796664743,43.3513576637946,
-42.2232861188318));
#29330=DIRECTION('',(1.,0.,0.));
#29340=DIRECTION('',(0.,1.,0.));
#29350=AXIS2_PLACEMENT_3D('',#29320,#29330,#29340);
#29360=PLANE('',#29350);
#29370=ORIENTED_EDGE('',*,*,#29260,.F.);
#29380=ORIENTED_EDGE('',*,*,#20270,.F.);
#29390=CARTESIAN_POINT('',(20.3136796664743,43.3513576637946,
-42.2232861188318));
#29400=DIRECTION('',(0.,0.,-1.));
#29410=VECTOR('',#29400,1.);
#29420=LINE('',#29390,#29410);
#29430=EDGE_CURVE('',#25950,#20180,#29420,.T.);
#29440=ORIENTED_EDGE('',*,*,#29430,.T.);
#29450=ORIENTED_EDGE('',*,*,#27260,.T.);
#29460=EDGE_LOOP('',(#29450,#29440,#29380,#29370));
#29470=FACE_OUTER_BOUND('',#29460,.T.);
#29480=ADVANCED_FACE('',(#29470),#29360,.T.);
#29490=CARTESIAN_POINT('',(20.3722060880414,43.2572058718941,
-42.2232861188318));
#29500=CARTESIAN_POINT('',(20.360552804722,43.2629029033249,
-42.2232861188318));
#29510=CARTESIAN_POINT('',(20.3500598689082,43.2707455598265,
-42.2232861188318));
#29520=CARTESIAN_POINT('',(20.3324773205378,43.2899129422423,
-42.2232861188318));
#29530=CARTESIAN_POINT('',(20.3255427012254,43.3010687043227,
-42.2232861188318));
#29540=CARTESIAN_POINT('',(20.3161022646425,43.3253733536444,
-42.2232861188318));
#29550=CARTESIAN_POINT('',(20.3136796664743,43.3383079911443,
-42.2232861188318));
#29560=CARTESIAN_POINT('',(20.3136796664743,43.3513576637946,
-42.2232861188318));
#29570=B_SPLINE_CURVE_WITH_KNOTS('',3,(#29490,#29500,#29510,#29520,
#29530,#29540,#29550,#29560),.UNSPECIFIED.,.F.,.F.,(4,2,2,4),(0.,1.,2.,
3.),.UNSPECIFIED.);
#29580=DIRECTION('',(0.,0.,-1.));
#29590=VECTOR('',#29580,1.);
#29600=SURFACE_OF_LINEAR_EXTRUSION('',#29570,#29590);
#29610=ORIENTED_EDGE('',*,*,#29430,.F.);
#29620=ORIENTED_EDGE('',*,*,#20190,.T.);
#29630=CARTESIAN_POINT('',(20.3722060880414,43.2572058718941,
-42.2232861188318));
#29640=DIRECTION('',(0.,0.,-1.));
#29650=VECTOR('',#29640,1.);
#29660=LINE('',#29630,#29650);
#29670=EDGE_CURVE('',#25930,#20030,#29660,.T.);
#29680=ORIENTED_EDGE('',*,*,#29670,.T.);
#29690=ORIENTED_EDGE('',*,*,#25960,.F.);
#29700=EDGE_LOOP('',(#29690,#29680,#29620,#29610));
#29710=FACE_OUTER_BOUND('',#29700,.T.);
#29720=ADVANCED_FACE('',(#29710),#29600,.F.);
#29730=CARTESIAN_POINT('',(20.3722060880414,43.2572058718941,
-42.2232861188318));
#29740=CARTESIAN_POINT('',(20.4058711287418,43.2407477810941,
-42.2232861188318));
#29750=CARTESIAN_POINT('',(20.4361840544262,43.2180912178671,
-42.2232861188318));
#29760=CARTESIAN_POINT('',(20.4869780830516,43.1627187797772,
-42.2232861188318));
#29770=CARTESIAN_POINT('',(20.5070114277321,43.130491022656,
-42.2232861188318));
#29780=CARTESIAN_POINT('',(20.5342838000827,43.0602775912822,
-42.2232861188318));
#29790=CARTESIAN_POINT('',(20.5412824170129,43.0229108607269,
-42.2232861188318));
#29800=CARTESIAN_POINT('',(20.541282417013,42.9475127520805,
-42.2232861188318));
#29810=CARTESIAN_POINT('',(20.5342838000827,42.9101460215252,
-42.2232861188318));
#29820=CARTESIAN_POINT('',(20.5070114277321,42.8399325901514,
-42.2232861188318));
#29830=CARTESIAN_POINT('',(20.4869780830516,42.8077048330302,
-42.2232861188318));
#29840=CARTESIAN_POINT('',(20.4361840544263,42.7523323949403,
-42.2232861188318));
#29850=CARTESIAN_POINT('',(20.4058711287419,42.7296758317133,
-42.2232861188318));
#29860=CARTESIAN_POINT('',(20.3722060880414,42.7132177409133,
-42.2232861188318));
#29870=B_SPLINE_CURVE_WITH_KNOTS('',3,(#29730,#29740,#29750,#29760,
#29770,#29780,#29790,#29800,#29810,#29820,#29830,#29840,#29850,#29860),
.UNSPECIFIED.,.F.,.F.,(4,2,2,2,2,2,4),(0.,1.,2.,3.,4.,5.,6.),
.UNSPECIFIED.);
#29880=DIRECTION('',(0.,0.,-1.));
#29890=VECTOR('',#29880,1.);
#29900=SURFACE_OF_LINEAR_EXTRUSION('',#29870,#29890);
#29910=ORIENTED_EDGE('',*,*,#29670,.F.);
#29920=ORIENTED_EDGE('',*,*,#20060,.F.);
#29930=ORIENTED_EDGE('',*,*,#27470,.T.);
#29940=ORIENTED_EDGE('',*,*,#26150,.T.);
#29950=EDGE_LOOP('',(#29940,#29930,#29920,#29910));
#29960=FACE_OUTER_BOUND('',#29950,.T.);
#29970=ADVANCED_FACE('',(#29960),#29900,.T.);
#29980=CARTESIAN_POINT('',(21.044924156364,43.8370636582528,
-42.2232861188318));
#29990=DIRECTION('',(0.,1.,-0.));
#30000=DIRECTION('',(-1.,0.,0.));
#30010=AXIS2_PLACEMENT_3D('',#29980,#29990,#30000);
#30020=PLANE('',#30010);
#30030=CARTESIAN_POINT('',(19.3649992791491,43.8370636582528,
-42.2232861188318));
#30040=DIRECTION('',(0.,0.,-1.));
#30050=VECTOR('',#30040,1.);
#30060=LINE('',#30030,#30050);
#30070=EDGE_CURVE('',#16170,#17480,#30060,.T.);
#30080=ORIENTED_EDGE('',*,*,#30070,.F.);
#30090=ORIENTED_EDGE('',*,*,#17490,.T.);
#30100=CARTESIAN_POINT('',(21.044924156364,43.8370636582528,
-42.2232861188318));
#30110=DIRECTION('',(0.,0.,-1.));
#30120=VECTOR('',#30110,1.);
#30130=LINE('',#30100,#30120);
#30140=EDGE_CURVE('',#16190,#17400,#30130,.T.);
#30150=ORIENTED_EDGE('',*,*,#30140,.T.);
#30160=ORIENTED_EDGE('',*,*,#16200,.T.);
#30170=EDGE_LOOP('',(#30160,#30150,#30090,#30080));
#30180=FACE_OUTER_BOUND('',#30170,.T.);
#30190=ADVANCED_FACE('',(#30180),#30020,.T.);
#30200=CARTESIAN_POINT('',(21.044924156364,43.8370636582528,
-42.2232861188318));
#30210=CARTESIAN_POINT('',(21.0631120724123,43.8370636582528,
-42.2232861188318));
#30220=CARTESIAN_POINT('',(21.0811220238996,43.8334544646974,
-42.2232861188318));
#30230=CARTESIAN_POINT('',(21.1147289106517,43.8194299306485,
-42.2232861188318));
#30240=CARTESIAN_POINT('',(21.1299970102857,43.8091518169839,
-42.2232861188318));
#30250=CARTESIAN_POINT('',(21.1557186078325,43.7832378570623,
-42.2232861188318));
#30260=CARTESIAN_POINT('',(21.1659204258495,43.7678555729225,
-42.2232861188318));
#30270=CARTESIAN_POINT('',(21.1798408541314,43.7339973526156,
-42.2232861188318));
#30280=CARTESIAN_POINT('',(21.1834232562181,43.7158527113202,
-42.2232861188318));
#30290=CARTESIAN_POINT('',(21.1834232562181,43.6975287745323,
-42.2232861188318));
#30300=B_SPLINE_CURVE_WITH_KNOTS('',3,(#30200,#30210,#30220,#30230,
#30240,#30250,#30260,#30270,#30280,#30290),.UNSPECIFIED.,.F.,.F.,(4,2,2,
2,4),(0.,1.,2.,3.,4.),.UNSPECIFIED.);
#30310=DIRECTION('',(0.,0.,-1.));
#30320=VECTOR('',#30310,1.);
#30330=SURFACE_OF_LINEAR_EXTRUSION('',#30300,#30320);
#30340=ORIENTED_EDGE('',*,*,#30140,.F.);
#30350=ORIENTED_EDGE('',*,*,#17410,.F.);
#30360=CARTESIAN_POINT('',(21.1834232562181,43.6975287745323,
-42.2232861188318));
#30370=DIRECTION('',(0.,0.,-1.));
#30380=VECTOR('',#30370,1.);
#30390=LINE('',#30360,#30380);
#30400=EDGE_CURVE('',#16340,#17230,#30390,.T.);
#30410=ORIENTED_EDGE('',*,*,#30400,.T.);
#30420=ORIENTED_EDGE('',*,*,#16350,.T.);
#30430=EDGE_LOOP('',(#30420,#30410,#30350,#30340));
#30440=FACE_OUTER_BOUND('',#30430,.T.);
#30450=ADVANCED_FACE('',(#30440),#30330,.T.);
#30460=CARTESIAN_POINT('',(21.1834232562181,41.9765985419796,
-42.2232861188318));
#30470=DIRECTION('',(1.,0.,0.));
#30480=DIRECTION('',(0.,1.,0.));
#30490=AXIS2_PLACEMENT_3D('',#30460,#30470,#30480);
#30500=PLANE('',#30490);
#30510=ORIENTED_EDGE('',*,*,#30400,.F.);
#30520=ORIENTED_EDGE('',*,*,#17260,.F.);
#30530=CARTESIAN_POINT('',(21.1834232562181,41.9765985419796,
-42.2232861188318));
#30540=DIRECTION('',(0.,0.,-1.));
#30550=VECTOR('',#30540,1.);
#30560=LINE('',#30530,#30550);
#30570=EDGE_CURVE('',#16420,#17250,#30560,.T.);
#30580=ORIENTED_EDGE('',*,*,#30570,.T.);
#30590=ORIENTED_EDGE('',*,*,#16430,.T.);
#30600=EDGE_LOOP('',(#30590,#30580,#30520,#30510));
#30610=FACE_OUTER_BOUND('',#30600,.T.);
#30620=ADVANCED_FACE('',(#30610),#30500,.T.);
#30630=CARTESIAN_POINT('',(21.1834232562181,41.9765985419796,
-42.2232861188318));
#30640=CARTESIAN_POINT('',(21.1834232562181,41.9582746051916,
-42.2232861188318));
#30650=CARTESIAN_POINT('',(21.1798408541314,41.9401299638962,
-42.2232861188318));
#30660=CARTESIAN_POINT('',(21.1659204258495,41.9062717435893,
-42.2232861188318));
#30670=CARTESIAN_POINT('',(21.1557186078325,41.8908894594496,
-42.2232861188318));
#30680=CARTESIAN_POINT('',(21.1299970102857,41.864975499528,
-42.2232861188318));
#30690=CARTESIAN_POINT('',(21.1147289106517,41.8546973858634,
-42.2232861188318));
#30700=CARTESIAN_POINT('',(21.0811220238996,41.8406728518144,
-42.2232861188318));
#30710=CARTESIAN_POINT('',(21.0631120724123,41.8370636582591,
-42.2232861188318));
#30720=CARTESIAN_POINT('',(21.044924156364,41.8370636582591,
-42.2232861188318));
#30730=B_SPLINE_CURVE_WITH_KNOTS('',3,(#30630,#30640,#30650,#30660,
#30670,#30680,#30690,#30700,#30710,#30720),.UNSPECIFIED.,.F.,.F.,(4,2,2,
2,4),(0.,1.,2.,3.,4.),.UNSPECIFIED.);
#30740=DIRECTION('',(0.,0.,-1.));
#30750=VECTOR('',#30740,1.);
#30760=SURFACE_OF_LINEAR_EXTRUSION('',#30730,#30750);
#30770=ORIENTED_EDGE('',*,*,#30570,.F.);
#30780=ORIENTED_EDGE('',*,*,#18080,.F.);
#30790=CARTESIAN_POINT('',(21.044924156364,41.8370636582591,
-42.2232861188318));
#30800=DIRECTION('',(0.,0.,-1.));
#30810=VECTOR('',#30800,1.);
#30820=LINE('',#30790,#30810);
#30830=EDGE_CURVE('',#16570,#17940,#30820,.T.);
#30840=ORIENTED_EDGE('',*,*,#30830,.T.);
#30850=ORIENTED_EDGE('',*,*,#16580,.T.);
#30860=EDGE_LOOP('',(#30850,#30840,#30780,#30770));
#30870=FACE_OUTER_BOUND('',#30860,.T.);
#30880=ADVANCED_FACE('',(#30870),#30760,.T.);
#30890=CARTESIAN_POINT('',(19.3649992791491,41.8370636582591,
-42.2232861188318));
#30900=DIRECTION('',(-6.34441526580124E-15,-1.,0.));
#30910=DIRECTION('',(1.,-6.34441526580124E-15,0.));
#30920=AXIS2_PLACEMENT_3D('',#30890,#30900,#30910);
#30930=PLANE('',#30920);
#30940=ORIENTED_EDGE('',*,*,#30830,.F.);
#30950=ORIENTED_EDGE('',*,*,#17950,.T.);
#30960=CARTESIAN_POINT('',(19.3649992791491,41.8370636582591,
-42.2232861188318));
#30970=DIRECTION('',(0.,0.,-1.));
#30980=VECTOR('',#30970,1.);
#30990=LINE('',#30960,#30980);
#31000=EDGE_CURVE('',#16650,#17860,#30990,.T.);
#31010=ORIENTED_EDGE('',*,*,#31000,.T.);
#31020=ORIENTED_EDGE('',*,*,#16660,.T.);
#31030=EDGE_LOOP('',(#31020,#31010,#30950,#30940));
#31040=FACE_OUTER_BOUND('',#31030,.T.);
#31050=ADVANCED_FACE('',(#31040),#30930,.T.);
#31060=CARTESIAN_POINT('',(19.3649992791491,41.8370636582591,
-42.2232861188318));
#31070=CARTESIAN_POINT('',(19.3468113631008,41.8370636582591,
-42.2232861188318));
#31080=CARTESIAN_POINT('',(19.3288014116136,41.8406728518144,
-42.2232861188318));
#31090=CARTESIAN_POINT('',(19.2951945248614,41.8546973858634,
-42.2232861188318));
#31100=CARTESIAN_POINT('',(19.2799264252275,41.864975499528,
-42.2232861188318));
#31110=CARTESIAN_POINT('',(19.2542048276806,41.8908894594496,
-42.2232861188318));
#31120=CARTESIAN_POINT('',(19.2440030096636,41.9062717435893,
-42.2232861188318));
#31130=CARTESIAN_POINT('',(19.2300825813817,41.9401299638962,
-42.2232861188318));
#31140=CARTESIAN_POINT('',(19.226500179295,41.9582746051916,
-42.2232861188318));
#31150=CARTESIAN_POINT('',(19.226500179295,41.9765985419796,
-42.2232861188318));
#31160=B_SPLINE_CURVE_WITH_KNOTS('',3,(#31060,#31070,#31080,#31090,
#31100,#31110,#31120,#31130,#31140,#31150),.UNSPECIFIED.,.F.,.F.,(4,2,2,
2,4),(0.,1.,2.,3.,4.),.UNSPECIFIED.);
#31170=DIRECTION('',(0.,0.,-1.));
#31180=VECTOR('',#31170,1.);
#31190=SURFACE_OF_LINEAR_EXTRUSION('',#31160,#31180);
#31200=ORIENTED_EDGE('',*,*,#31000,.F.);
#31210=ORIENTED_EDGE('',*,*,#17870,.F.);
#31220=CARTESIAN_POINT('',(19.226500179295,41.9765985419796,
-42.2232861188318));
#31230=DIRECTION('',(0.,0.,-1.));
#31240=VECTOR('',#31230,1.);
#31250=LINE('',#31220,#31240);
#31260=EDGE_CURVE('',#16800,#17710,#31250,.T.);
#31270=ORIENTED_EDGE('',*,*,#31260,.T.);
#31280=ORIENTED_EDGE('',*,*,#16810,.T.);
#31290=EDGE_LOOP('',(#31280,#31270,#31210,#31200));
#31300=FACE_OUTER_BOUND('',#31290,.T.);
#31310=ADVANCED_FACE('',(#31300),#31190,.T.);
#31320=CARTESIAN_POINT('',(19.226500179295,43.6975287745323,
-42.2232861188318));
#31330=DIRECTION('',(-1.,-0.,0.));
#31340=DIRECTION('',(0.,-1.,-0.));
#31350=AXIS2_PLACEMENT_3D('',#31320,#31330,#31340);
#31360=PLANE('',#31350);
#31370=ORIENTED_EDGE('',*,*,#31260,.F.);
#31380=ORIENTED_EDGE('',*,*,#17720,.T.);
#31390=CARTESIAN_POINT('',(19.226500179295,43.6975287745323,
-42.2232861188318));
#31400=DIRECTION('',(0.,0.,-1.));
#31410=VECTOR('',#31400,1.);
#31420=LINE('',#31390,#31410);
#31430=EDGE_CURVE('',#16880,#17630,#31420,.T.);
#31440=ORIENTED_EDGE('',*,*,#31430,.T.);
#31450=ORIENTED_EDGE('',*,*,#16890,.T.);
#31460=EDGE_LOOP('',(#31450,#31440,#31380,#31370));
#31470=FACE_OUTER_BOUND('',#31460,.T.);
#31480=ADVANCED_FACE('',(#31470),#31360,.T.);
#31490=CARTESIAN_POINT('',(19.226500179295,43.6975287745323,
-42.2232861188318));
#31500=CARTESIAN_POINT('',(19.226500179295,43.7158527113202,
-42.2232861188318));
#31510=CARTESIAN_POINT('',(19.2300825813817,43.7339973526156,
-42.2232861188318));
#31520=CARTESIAN_POINT('',(19.2440030096636,43.7678555729225,
-42.2232861188318));
#31530=CARTESIAN_POINT('',(19.2542048276806,43.7832378570623,
-42.2232861188318));
#31540=CARTESIAN_POINT('',(19.2799264252275,43.8091518169839,
-42.2232861188318));
#31550=CARTESIAN_POINT('',(19.2951945248614,43.8194299306485,
-42.2232861188318));
#31560=CARTESIAN_POINT('',(19.3288014116136,43.8334544646974,
-42.2232861188318));
#31570=CARTESIAN_POINT('',(19.3468113631008,43.8370636582528,
-42.2232861188318));
#31580=CARTESIAN_POINT('',(19.3649992791491,43.8370636582528,
-42.2232861188318));
#31590=B_SPLINE_CURVE_WITH_KNOTS('',3,(#31490,#31500,#31510,#31520,
#31530,#31540,#31550,#31560,#31570,#31580),.UNSPECIFIED.,.F.,.F.,(4,2,2,
2,4),(0.,1.,2.,3.,4.),.UNSPECIFIED.);
#31600=DIRECTION('',(0.,0.,-1.));
#31610=VECTOR('',#31600,1.);
#31620=SURFACE_OF_LINEAR_EXTRUSION('',#31590,#31610);
#31630=ORIENTED_EDGE('',*,*,#31430,.F.);
#31640=ORIENTED_EDGE('',*,*,#17640,.F.);
#31650=ORIENTED_EDGE('',*,*,#30070,.T.);
#31660=ORIENTED_EDGE('',*,*,#17020,.T.);
#31670=EDGE_LOOP('',(#31660,#31650,#31640,#31630));
#31680=FACE_OUTER_BOUND('',#31670,.T.);
#31690=ADVANCED_FACE('',(#31680),#31620,.T.);
#31700=CARTESIAN_POINT('',(21.5136462030952,45.3202563333335,
-41.2032861188319));
#31710=DIRECTION('',(0.707106781186548,0.707106781186548,-0.));
#31720=DIRECTION('',(-0.707106781186547,0.707106781186547,0.));
#31730=AXIS2_PLACEMENT_3D('',#31700,#31710,#31720);
#31740=PLANE('',#31730);
#31750=ORIENTED_EDGE('',*,*,#11020,.T.);
#31760=ORIENTED_EDGE('',*,*,#13260,.T.);
#31770=ORIENTED_EDGE('',*,*,#9530,.T.);
#31780=ORIENTED_EDGE('',*,*,#9070,.F.);
#31790=EDGE_LOOP('',(#31780,#31770,#31760,#31750));
#31800=FACE_OUTER_BOUND('',#31790,.T.);
#31810=ADVANCED_FACE('',(#31800),#31740,.T.);
#31820=COLOUR_RGB('',0.823529481887817,0.823529481887817,
0.784313797950745);
#31830=FILL_AREA_STYLE_COLOUR('',#31820);
#31840=FILL_AREA_STYLE('',(#31830));
#31850=SURFACE_STYLE_FILL_AREA(#31840);
#31860=SURFACE_SIDE_STYLE('',(#31850));
#31870=SURFACE_STYLE_USAGE(.BOTH.,#31860);
#31880=PRESENTATION_STYLE_ASSIGNMENT((#31870));
#31890=CARTESIAN_POINT('',(21.2967919550274,44.6002563333335,
-40.8832861188319));
#31900=DIRECTION('',(-0.,-1.,-0.));
#31910=DIRECTION('',(-1.,0.,0.));
#31920=AXIS2_PLACEMENT_3D('',#31890,#31900,#31910);
#31930=PLANE('',#31920);
#31940=ORIENTED_EDGE('',*,*,#11090,.T.);
#31950=ORIENTED_EDGE('',*,*,#9210,.T.);
#31960=ORIENTED_EDGE('',*,*,#9440,.T.);
#31970=ORIENTED_EDGE('',*,*,#15970,.F.);
#31980=EDGE_LOOP('',(#31970,#31960,#31950,#31940));
#31990=FACE_OUTER_BOUND('',#31980,.T.);
#32000=ADVANCED_FACE('',(#31990),#31930,.T.);
#32010=COLOUR_RGB('',0.823529481887817,0.823529481887817,
0.784313797950745);
#32020=FILL_AREA_STYLE_COLOUR('',#32010);
#32030=FILL_AREA_STYLE('',(#32020));
#32040=SURFACE_STYLE_FILL_AREA(#32030);
#32050=SURFACE_SIDE_STYLE('',(#32040));
#32060=SURFACE_STYLE_USAGE(.BOTH.,#32050);
#32070=PRESENTATION_STYLE_ASSIGNMENT((#32060));
#32080=CARTESIAN_POINT('',(21.5336462030948,41.0002563333335,
-50.8532861188318));
#32090=DIRECTION('',(1.4210854715202E-14,-1.,0.));
#32100=DIRECTION('',(0.,0.,-1.));
#32110=AXIS2_PLACEMENT_3D('',#32080,#32090,#32100);
#32120=PLANE('',#32110);
#32130=CARTESIAN_POINT('',(29.8169795364281,41.0002563333336,
-38.3432861188318));
#32140=DIRECTION('',(1.,1.4210854715202E-14,0.));
#32150=VECTOR('',#32140,1.);
#32160=LINE('',#32130,#32150);
#32170=CARTESIAN_POINT('',(18.1836462030948,41.0002563333335,
-38.3432861188318));
#32180=VERTEX_POINT('',#32170);
#32190=CARTESIAN_POINT('',(18.4236462030947,41.0002563333335,
-38.3432861188318));
#32200=VERTEX_POINT('',#32190);
#32210=EDGE_CURVE('',#32180,#32200,#32160,.T.);
#32220=ORIENTED_EDGE('',*,*,#32210,.T.);
#32230=CARTESIAN_POINT('',(18.1836462030948,41.0002563333335,
-37.3932861188318));
#32240=DIRECTION('',(0.,0.,-1.));
#32250=VECTOR('',#32240,1.);
#32260=LINE('',#32230,#32250);
#32270=CARTESIAN_POINT('',(18.1836462030948,41.0002563333335,
-37.6432861188318));
#32280=VERTEX_POINT('',#32270);
#32290=EDGE_CURVE('',#32280,#32180,#32260,.T.);
#32300=ORIENTED_EDGE('',*,*,#32290,.T.);
#32310=CARTESIAN_POINT('',(0.,41.0002563333332,-37.6432861188318));
#32320=DIRECTION('',(1.,1.4210854715202E-14,0.));
#32330=VECTOR('',#32320,1.);
#32340=LINE('',#32310,#32330);
#32350=CARTESIAN_POINT('',(19.9836462030947,41.0002563333335,
-37.6432861188318));
#32360=VERTEX_POINT('',#32350);
#32370=EDGE_CURVE('',#32280,#32360,#32340,.T.);
#32380=ORIENTED_EDGE('',*,*,#32370,.F.);
#32390=CARTESIAN_POINT('',(19.9836462030947,41.0002563333335,-10.92));
#32400=DIRECTION('',(0.,0.,-1.));
#32410=VECTOR('',#32400,1.);
#32420=LINE('',#32390,#32410);
#32430=EDGE_CURVE('',#32360,#1870,#32420,.T.);
#32440=ORIENTED_EDGE('',*,*,#32430,.F.);
#32450=ORIENTED_EDGE('',*,*,#1880,.T.);
#32460=CARTESIAN_POINT('',(18.1836462030948,41.0002563333335,
-37.3932861188318));
#32470=DIRECTION('',(0.,0.,-1.));
#32480=VECTOR('',#32470,1.);
#32490=LINE('',#32460,#32480);
#32500=CARTESIAN_POINT('',(18.1836462030948,41.0002563333335,
-38.9832861188318));
#32510=VERTEX_POINT('',#32500);
#32520=EDGE_CURVE('',#32510,#1850,#32490,.T.);
#32530=ORIENTED_EDGE('',*,*,#32520,.T.);
#32540=CARTESIAN_POINT('',(29.8169795364281,41.0002563333336,
-38.9832861188318));
#32550=DIRECTION('',(1.,1.4210854715202E-14,0.));
#32560=VECTOR('',#32550,1.);
#32570=LINE('',#32540,#32560);
#32580=CARTESIAN_POINT('',(18.4236462030947,41.0002563333335,
-38.9832861188318));
#32590=VERTEX_POINT('',#32580);
#32600=EDGE_CURVE('',#32510,#32590,#32570,.T.);
#32610=ORIENTED_EDGE('',*,*,#32600,.F.);
#32620=CARTESIAN_POINT('',(18.4236462030947,41.0002563333335,
-37.3932861188318));
#32630=DIRECTION('',(0.,0.,1.));
#32640=VECTOR('',#32630,1.);
#32650=LINE('',#32620,#32640);
#32660=EDGE_CURVE('',#32590,#32200,#32650,.T.);
#32670=ORIENTED_EDGE('',*,*,#32660,.F.);
#32680=EDGE_LOOP('',(#32670,#32610,#32530,#32450,#32440,#32380,#32300,
#32220));
#32690=FACE_OUTER_BOUND('',#32680,.T.);
#32700=ADVANCED_FACE('',(#32690),#32120,.T.);
#32710=CARTESIAN_POINT('',(24.8836462030947,44.4002563333335,
-35.2032861188318));
#32720=DIRECTION('',(-1.4210854715202E-14,1.,0.));
#32730=DIRECTION('',(0.,0.,-1.));
#32740=AXIS2_PLACEMENT_3D('',#32710,#32720,#32730);
#32750=PLANE('',#32740);
#32760=CARTESIAN_POINT('',(24.8836462030947,44.4002563333335,
-35.1095361188318));
#32770=DIRECTION('',(-1.,-1.4210854715202E-14,0.));
#32780=VECTOR('',#32770,1.);
#32790=LINE('',#32760,#32780);
#32800=CARTESIAN_POINT('',(24.8836462030947,44.4002563333335,
-35.1095361188318));
#32810=VERTEX_POINT('',#32800);
#32820=CARTESIAN_POINT('',(24.8336462030947,44.4002563333335,
-35.1095361188318));
#32830=VERTEX_POINT('',#32820);
#32840=EDGE_CURVE('',#32810,#32830,#32790,.T.);
#32850=ORIENTED_EDGE('',*,*,#32840,.F.);
#32860=CARTESIAN_POINT('',(24.8336462030947,44.4002563333335,
-37.3932861188318));
#32870=DIRECTION('',(0.,0.,-1.));
#32880=VECTOR('',#32870,1.);
#32890=LINE('',#32860,#32880);
#32900=CARTESIAN_POINT('',(24.8336462030947,44.4002563333335,
-35.2032861188318));
#32910=VERTEX_POINT('',#32900);
#32920=EDGE_CURVE('',#32830,#32910,#32890,.T.);
#32930=ORIENTED_EDGE('',*,*,#32920,.F.);
#32940=CARTESIAN_POINT('',(24.8836462030947,44.4002563333335,
-35.2032861188318));
#32950=DIRECTION('',(-1.,-1.4210854715202E-14,0.));
#32960=VECTOR('',#32950,1.);
#32970=LINE('',#32940,#32960);
#32980=CARTESIAN_POINT('',(24.8836462030947,44.4002563333335,
-35.2032861188318));
#32990=VERTEX_POINT('',#32980);
#33000=EDGE_CURVE('',#32990,#32910,#32970,.T.);
#33010=ORIENTED_EDGE('',*,*,#33000,.T.);
#33020=CARTESIAN_POINT('',(24.8836462030947,44.4002563333335,
-37.3932861188318));
#33030=DIRECTION('',(0.,0.,-1.));
#33040=VECTOR('',#33030,1.);
#33050=LINE('',#33020,#33040);
#33060=EDGE_CURVE('',#32810,#32990,#33050,.T.);
#33070=ORIENTED_EDGE('',*,*,#33060,.T.);
#33080=EDGE_LOOP('',(#33070,#33010,#32930,#32850));
#33090=FACE_OUTER_BOUND('',#33080,.T.);
#33100=ADVANCED_FACE('',(#33090),#32750,.T.);
#33110=CARTESIAN_POINT('',(21.4836462030953,41.4002563333336,
-32.8632861188318));
#33120=DIRECTION('',(-1.,5.92118946466717E-16,0.));
#33130=DIRECTION('',(5.92118946466717E-16,1.,0.));
#33140=AXIS2_PLACEMENT_3D('',#33110,#33120,#33130);
#33150=SPHERICAL_SURFACE('',#33140,0.3);
#33160=CARTESIAN_POINT('',(21.4836462030953,41.4002563333336,
-32.8632861188318));
#33170=DIRECTION('',(0.,0.,1.));
#33180=DIRECTION('',(-1.,0.,0.));
#33190=AXIS2_PLACEMENT_3D('',#33160,#33170,#33180);
#33200=CIRCLE('',#33190,0.3);
#33210=CARTESIAN_POINT('',(21.4836462030953,41.1002563333336,
-32.8632861188318));
#33220=VERTEX_POINT('',#33210);
#33230=CARTESIAN_POINT('',(21.7836462030953,41.4002563333336,
-32.8632861188318));
#33240=VERTEX_POINT('',#33230);
#33250=EDGE_CURVE('',#33220,#33240,#33200,.T.);
#33260=ORIENTED_EDGE('',*,*,#33250,.T.);
#33270=CARTESIAN_POINT('',(21.4836462030953,41.4002563333336,
-32.8632861188318));
#33280=DIRECTION('',(-1.,0.,0.));
#33290=DIRECTION('',(0.,1.,0.));
#33300=AXIS2_PLACEMENT_3D('',#33270,#33280,#33290);
#33310=CIRCLE('',#33300,0.3);
#33320=CARTESIAN_POINT('',(21.4836462030953,41.4002563333336,
-32.5632861188318));
#33330=VERTEX_POINT('',#33320);
#33340=EDGE_CURVE('',#33220,#33330,#33310,.T.);
#33350=ORIENTED_EDGE('',*,*,#33340,.F.);
#33360=CARTESIAN_POINT('',(21.4836462030953,41.4002563333336,
-32.8632861188318));
#33370=DIRECTION('',(0.,-1.,-0.));
#33380=DIRECTION('',(-1.,0.,0.));
#33390=AXIS2_PLACEMENT_3D('',#33360,#33370,#33380);
#33400=CIRCLE('',#33390,0.3);
#33410=EDGE_CURVE('',#33240,#33330,#33400,.T.);
#33420=ORIENTED_EDGE('',*,*,#33410,.T.);
#33430=EDGE_LOOP('',(#33420,#33350,#33260));
#33440=FACE_OUTER_BOUND('',#33430,.T.);
#33450=ADVANCED_FACE('',(#33440),#33150,.T.);
#33460=CARTESIAN_POINT('',(24.8836462030947,43.776923,-38.3432861188318)
);
#33470=DIRECTION('',(-0.00872653549837393,-1.24011528134445E-16,
0.999961923064171));
#33480=DIRECTION('',(1.4210854715202E-14,-1.,4.13041361561426E-32));
#33490=AXIS2_PLACEMENT_3D('',#33460,#33470,#33480);
#33500=PLANE('',#33490);
#33510=CARTESIAN_POINT('',(29.8152342293284,44.5433012654242,
-38.3002488021284));
#33520=DIRECTION('',(0.99992385047757,0.00872620324395843,
0.00872620324394422));
#33530=VECTOR('',#33520,1.);
#33540=LINE('',#33510,#33530);
#33550=CARTESIAN_POINT('',(24.8836462030947,44.5002639487207,
-38.3432861188318));
#33560=VERTEX_POINT('',#33550);
#33570=EDGE_CURVE('',#12360,#33560,#33540,.T.);
#33580=ORIENTED_EDGE('',*,*,#33570,.T.);
#33590=ORIENTED_EDGE('',*,*,#12370,.F.);
#33600=CARTESIAN_POINT('',(29.8187248435277,44.1933164967785,
-38.3002183399997));
#33610=DIRECTION('',(0.99992385047757,0.00872620324395843,
0.00872620324394422));
#33620=VECTOR('',#33610,1.);
#33630=LINE('',#33600,#33620);
#33640=CARTESIAN_POINT('',(24.8836462030947,44.1502487179464,
-38.3432861188318));
#33650=VERTEX_POINT('',#33640);
#33660=EDGE_CURVE('',#12280,#33650,#33630,.T.);
#33670=ORIENTED_EDGE('',*,*,#33660,.F.);
#33680=CARTESIAN_POINT('',(24.8836462030947,43.776923,-38.3432861188318)
);
#33690=DIRECTION('',(1.4210854715202E-14,-1.,4.13057089509717E-32));
#33700=VECTOR('',#33690,1.);
#33710=LINE('',#33680,#33700);
#33720=EDGE_CURVE('',#33560,#33650,#33710,.T.);
#33730=ORIENTED_EDGE('',*,*,#33720,.T.);
#33740=EDGE_LOOP('',(#33730,#33670,#33590,#33580));
#33750=FACE_OUTER_BOUND('',#33740,.T.);
#33760=ADVANCED_FACE('',(#33750),#33500,.F.);
#33770=CARTESIAN_POINT('',(21.2967919550274,44.6002563333335,
-33.2632861188319));
#33780=DIRECTION('',(-0.,-1.,-0.));
#33790=DIRECTION('',(-1.,0.,0.));
#33800=AXIS2_PLACEMENT_3D('',#33770,#33780,#33790);
#33810=PLANE('',#33800);
#33820=CARTESIAN_POINT('',(20.1236462030947,44.6002563333335,
-33.2632861188319));
#33830=DIRECTION('',(-1.,0.,0.));
#33840=VECTOR('',#33830,1.);
#33850=LINE('',#33820,#33840);
#33860=CARTESIAN_POINT('',(21.6136462030952,44.6002563333335,
-33.2632861188319));
#33870=VERTEX_POINT('',#33860);
#33880=CARTESIAN_POINT('',(21.4836462030953,44.6002563333335,
-33.2632861188319));
#33890=VERTEX_POINT('',#33880);
#33900=EDGE_CURVE('',#33870,#33890,#33850,.T.);
#33910=ORIENTED_EDGE('',*,*,#33900,.T.);
#33920=CARTESIAN_POINT('',(21.6136462030952,44.6002563333335,
-33.5832861188319));
#33930=DIRECTION('',(0.,0.,1.));
#33940=VECTOR('',#33930,1.);
#33950=LINE('',#33920,#33940);
#33960=CARTESIAN_POINT('',(21.6136462030952,44.6002563333335,
-33.9032861188319));
#33970=VERTEX_POINT('',#33960);
#33980=EDGE_CURVE('',#33970,#33870,#33950,.T.);
#33990=ORIENTED_EDGE('',*,*,#33980,.T.);
#34000=CARTESIAN_POINT('',(20.1236462030947,44.6002563333335,
-33.9032861188319));
#34010=DIRECTION('',(1.,0.,0.));
#34020=VECTOR('',#34010,1.);
#34030=LINE('',#34000,#34020);
#34040=CARTESIAN_POINT('',(21.4836462030953,44.6002563333335,
-33.9032861188319));
#34050=VERTEX_POINT('',#34040);
#34060=EDGE_CURVE('',#34050,#33970,#34030,.T.);
#34070=ORIENTED_EDGE('',*,*,#34060,.T.);
#34080=CARTESIAN_POINT('',(21.4836462030953,44.6002563333335,
-32.8632761188318));
#34090=DIRECTION('',(0.,0.,-1.));
#34100=VECTOR('',#34090,1.);
#34110=LINE('',#34080,#34100);
#34120=EDGE_CURVE('',#33890,#34050,#34110,.T.);
#34130=ORIENTED_EDGE('',*,*,#34120,.T.);
#34140=EDGE_LOOP('',(#34130,#34070,#33990,#33910));
#34150=FACE_OUTER_BOUND('',#34140,.T.);
#34160=ADVANCED_FACE('',(#34150),#33810,.T.);
#34170=COLOUR_RGB('',0.823529481887817,0.823529481887817,
0.784313797950745);
#34180=FILL_AREA_STYLE_COLOUR('',#34170);
#34190=FILL_AREA_STYLE('',(#34180));
#34200=SURFACE_STYLE_FILL_AREA(#34190);
#34210=SURFACE_SIDE_STYLE('',(#34200));
#34220=SURFACE_STYLE_USAGE(.BOTH.,#34210);
#34230=PRESENTATION_STYLE_ASSIGNMENT((#34220));
#34240=CARTESIAN_POINT('',(17.8811462030947,38.8502563333336,
-36.2207861188318));
#34250=DIRECTION('',(-0.931654555106779,-0.363345276491644,-0.));
#34260=DIRECTION('',(-0.363345276491644,0.931654555106779,0.));
#34270=AXIS2_PLACEMENT_3D('',#34240,#34250,#34260);
#34280=PLANE('',#34270);
#34290=CARTESIAN_POINT('',(17.1986462030947,40.6002563333335,
-37.0282861188318));
#34300=DIRECTION('',(-0.341501416245907,0.875644657040788,
-0.341501416245907));
#34310=VECTOR('',#34300,1.);
#34320=LINE('',#34290,#34310);
#34330=CARTESIAN_POINT('',(17.9786462030947,38.6002563333336,
-36.2482861188318));
#34340=VERTEX_POINT('',#34330);
#34350=CARTESIAN_POINT('',(17.7836462030947,39.1002563333336,
-36.4432861188318));
#34360=VERTEX_POINT('',#34350);
#34370=EDGE_CURVE('',#34340,#34360,#34320,.T.);
#34380=ORIENTED_EDGE('',*,*,#34370,.F.);
#34390=CARTESIAN_POINT('',(17.7836462030947,39.1002563333335,
-37.3932861188318));
#34400=DIRECTION('',(0.,0.,1.));
#34410=VECTOR('',#34400,1.);
#34420=LINE('',#34390,#34410);
#34430=CARTESIAN_POINT('',(17.7836462030947,39.1002563333336,
-35.8032861188318));
#34440=VERTEX_POINT('',#34430);
#34450=EDGE_CURVE('',#34360,#34440,#34420,.T.);
#34460=ORIENTED_EDGE('',*,*,#34450,.F.);
#34470=CARTESIAN_POINT('',(17.1986462030947,40.6002563333335,
-35.2182861188318));
#34480=DIRECTION('',(-0.341501416245907,0.875644657040788,
0.341501416245907));
#34490=VECTOR('',#34480,1.);
#34500=LINE('',#34470,#34490);
#34510=CARTESIAN_POINT('',(17.9786462030947,38.6002563333336,
-35.9982861188318));
#34520=VERTEX_POINT('',#34510);
#34530=EDGE_CURVE('',#34520,#34440,#34500,.T.);
#34540=ORIENTED_EDGE('',*,*,#34530,.T.);
#34550=CARTESIAN_POINT('',(17.9786462030947,38.6002563333336,
-36.2207861188318));
#34560=DIRECTION('',(0.,0.,-1.));
#34570=VECTOR('',#34560,1.);
#34580=LINE('',#34550,#34570);
#34590=EDGE_CURVE('',#34520,#34340,#34580,.T.);
#34600=ORIENTED_EDGE('',*,*,#34590,.F.);
#34610=EDGE_LOOP('',(#34600,#34540,#34460,#34380));
#34620=FACE_OUTER_BOUND('',#34610,.T.);
#34630=ADVANCED_FACE('',(#34620),#34280,.T.);
#34640=COLOUR_RGB('',1.,0.843137323856354,0.);
#34650=FILL_AREA_STYLE_COLOUR('',#34640);
#34660=FILL_AREA_STYLE('',(#34650));
#34670=SURFACE_STYLE_FILL_AREA(#34660);
#34680=SURFACE_SIDE_STYLE('',(#34670));
#34690=SURFACE_STYLE_USAGE(.BOTH.,#34680);
#34700=PRESENTATION_STYLE_ASSIGNMENT((#34690));
#34710=CARTESIAN_POINT('',(21.6136462030952,42.8802563333335,
-33.9032861188319));
#34720=DIRECTION('',(-1.,-0.,0.));
#34730=DIRECTION('',(0.,-1.,-0.));
#34740=AXIS2_PLACEMENT_3D('',#34710,#34720,#34730);
#34750=PLANE('',#34740);
#34760=CARTESIAN_POINT('',(21.6136462030952,38.4869815216159,
-33.2632861188319));
#34770=DIRECTION('',(0.,-1.,-0.));
#34780=VECTOR('',#34770,1.);
#34790=LINE('',#34760,#34780);
#34800=CARTESIAN_POINT('',(21.6136462030952,45.2202563333335,
-33.2632861188319));
#34810=VERTEX_POINT('',#34800);
#34820=EDGE_CURVE('',#34810,#33870,#34790,.T.);
#34830=ORIENTED_EDGE('',*,*,#34820,.T.);
#34840=CARTESIAN_POINT('',(21.6136462030952,45.2202563333335,
-33.5832861188319));
#34850=DIRECTION('',(0.,0.,1.));
#34860=VECTOR('',#34850,1.);
#34870=LINE('',#34840,#34860);
#34880=CARTESIAN_POINT('',(21.6136462030952,45.2202563333335,
-33.9032861188319));
#34890=VERTEX_POINT('',#34880);
#34900=EDGE_CURVE('',#34890,#34810,#34870,.T.);
#34910=ORIENTED_EDGE('',*,*,#34900,.T.);
#34920=CARTESIAN_POINT('',(21.6136462030952,38.4869815216159,
-33.9032861188319));
#34930=DIRECTION('',(0.,1.,0.));
#34940=VECTOR('',#34930,1.);
#34950=LINE('',#34920,#34940);
#34960=EDGE_CURVE('',#33970,#34890,#34950,.T.);
#34970=ORIENTED_EDGE('',*,*,#34960,.T.);
#34980=ORIENTED_EDGE('',*,*,#33980,.F.);
#34990=EDGE_LOOP('',(#34980,#34970,#34910,#34830));
#35000=FACE_OUTER_BOUND('',#34990,.T.);
#35010=ADVANCED_FACE('',(#35000),#34750,.F.);
#35020=COLOUR_RGB('',0.823529481887817,0.823529481887817,
0.784313797950745);
#35030=FILL_AREA_STYLE_COLOUR('',#35020);
#35040=FILL_AREA_STYLE('',(#35030));
#35050=SURFACE_STYLE_FILL_AREA(#35040);
#35060=SURFACE_SIDE_STYLE('',(#35050));
#35070=SURFACE_STYLE_USAGE(.BOTH.,#35060);
#35080=PRESENTATION_STYLE_ASSIGNMENT((#35070));
#35090=CARTESIAN_POINT('',(17.7836462030948,44.9956533336727,
-37.1432861188318));
#35100=DIRECTION('',(-0.5,-0.,0.866025403784439));
#35110=DIRECTION('',(0.,-1.,-0.));
#35120=AXIS2_PLACEMENT_3D('',#35090,#35100,#35110);
#35130=PLANE('',#35120);
#35140=CARTESIAN_POINT('',(18.1836462030948,43.7769229999999,
-36.912346011156));
#35150=DIRECTION('',(-1.4210854715202E-14,1.,-8.20464079523654E-15));
#35160=VECTOR('',#35150,1.);
#35170=LINE('',#35140,#35160);
#35180=CARTESIAN_POINT('',(18.1836462030948,44.9956533336727,
-36.912346011156));
#35190=VERTEX_POINT('',#35180);
#35200=CARTESIAN_POINT('',(18.1836462030948,45.4502563333335,
-36.912346011156));
#35210=VERTEX_POINT('',#35200);
#35220=EDGE_CURVE('',#35190,#35210,#35170,.T.);
#35230=ORIENTED_EDGE('',*,*,#35220,.T.);
#35240=CARTESIAN_POINT('',(29.8169795364281,44.5894083819189,
-30.1958378795834));
#35250=DIRECTION('',(-0.865629643935605,0.0302284532610866,
-0.499771507944741));
#35260=VECTOR('',#35250,1.);
#35270=LINE('',#35240,#35260);
#35280=CARTESIAN_POINT('',(17.7836462030948,45.0096216414694,
-37.1432861188318));
#35290=VERTEX_POINT('',#35280);
#35300=EDGE_CURVE('',#35190,#35290,#35270,.T.);
#35310=ORIENTED_EDGE('',*,*,#35300,.F.);
#35320=CARTESIAN_POINT('',(17.7836462030948,43.7769229999999,
-37.1432861188318));
#35330=DIRECTION('',(0.,1.,0.));
#35340=VECTOR('',#35330,1.);
#35350=LINE('',#35320,#35340);
#35360=CARTESIAN_POINT('',(17.7836462030948,45.4502563333335,
-37.1432861188318));
#35370=VERTEX_POINT('',#35360);
#35380=EDGE_CURVE('',#35290,#35370,#35350,.T.);
#35390=ORIENTED_EDGE('',*,*,#35380,.F.);
#35400=CARTESIAN_POINT('',(29.816979536428,45.4502563333335,
-30.1958378795834));
#35410=DIRECTION('',(0.866025403784439,-4.42699561000565E-17,0.5));
#35420=VECTOR('',#35410,1.);
#35430=LINE('',#35400,#35420);
#35440=EDGE_CURVE('',#35370,#35210,#35430,.T.);
#35450=ORIENTED_EDGE('',*,*,#35440,.F.);
#35460=EDGE_LOOP('',(#35450,#35390,#35310,#35230));
#35470=FACE_OUTER_BOUND('',#35460,.T.);
#35480=ADVANCED_FACE('',(#35470),#35130,.T.);
#35490=CARTESIAN_POINT('',(19.6736462030943,42.8802563333335,
-33.9032861188319));
#35500=DIRECTION('',(-1.,-0.,0.));
#35510=DIRECTION('',(0.,-1.,-0.));
#35520=AXIS2_PLACEMENT_3D('',#35490,#35500,#35510);
#35530=PLANE('',#35520);
#35540=CARTESIAN_POINT('',(19.6736462030943,44.6002563333335,
-37.3932861188318));
#35550=DIRECTION('',(0.,0.,1.));
#35560=VECTOR('',#35550,1.);
#35570=LINE('',#35540,#35560);
#35580=CARTESIAN_POINT('',(19.6736462030943,44.6002563333335,
-33.9032861188319));
#35590=VERTEX_POINT('',#35580);
#35600=CARTESIAN_POINT('',(19.6736462030943,44.6002563333335,
-33.2632861188319));
#35610=VERTEX_POINT('',#35600);
#35620=EDGE_CURVE('',#35590,#35610,#35570,.T.);
#35630=ORIENTED_EDGE('',*,*,#35620,.T.);
#35640=CARTESIAN_POINT('',(19.6736462030943,38.4869815216159,
-33.9032861188319));
#35650=DIRECTION('',(0.,1.,0.));
#35660=VECTOR('',#35650,1.);
#35670=LINE('',#35640,#35660);
#35680=CARTESIAN_POINT('',(19.6736462030943,45.2202563333335,
-33.9032861188319));
#35690=VERTEX_POINT('',#35680);
#35700=EDGE_CURVE('',#35590,#35690,#35670,.T.);
#35710=ORIENTED_EDGE('',*,*,#35700,.F.);
#35720=CARTESIAN_POINT('',(19.6736462030943,45.2202563333335,
-33.5832861188319));
#35730=DIRECTION('',(0.,0.,1.));
#35740=VECTOR('',#35730,1.);
#35750=LINE('',#35720,#35740);
#35760=CARTESIAN_POINT('',(19.6736462030943,45.2202563333335,
-33.2632861188319));
#35770=VERTEX_POINT('',#35760);
#35780=EDGE_CURVE('',#35690,#35770,#35750,.T.);
#35790=ORIENTED_EDGE('',*,*,#35780,.F.);
#35800=CARTESIAN_POINT('',(19.6736462030943,38.4869815216159,
-33.2632861188319));
#35810=DIRECTION('',(0.,-1.,-0.));
#35820=VECTOR('',#35810,1.);
#35830=LINE('',#35800,#35820);
#35840=EDGE_CURVE('',#35770,#35610,#35830,.T.);
#35850=ORIENTED_EDGE('',*,*,#35840,.F.);
#35860=EDGE_LOOP('',(#35850,#35790,#35710,#35630));
#35870=FACE_OUTER_BOUND('',#35860,.T.);
#35880=ADVANCED_FACE('',(#35870),#35530,.T.);
#35890=COLOUR_RGB('',0.823529481887817,0.823529481887817,
0.784313797950745);
#35900=FILL_AREA_STYLE_COLOUR('',#35890);
#35910=FILL_AREA_STYLE('',(#35900));
#35920=SURFACE_STYLE_FILL_AREA(#35910);
#35930=SURFACE_SIDE_STYLE('',(#35920));
#35940=SURFACE_STYLE_USAGE(.BOTH.,#35930);
#35950=PRESENTATION_STYLE_ASSIGNMENT((#35940));
#35960=CARTESIAN_POINT('',(21.8836462030946,42.5702563333339,
-38.3432861188318));
#35970=DIRECTION('',(0.,0.,-1.));
#35980=DIRECTION('',(1.,0.,0.));
#35990=AXIS2_PLACEMENT_3D('',#35960,#35970,#35980);
#36000=PLANE('',#35990);
#36010=CARTESIAN_POINT('',(18.4236462030946,43.7769229999999,
-38.3432861188318));
#36020=DIRECTION('',(-1.4210854715202E-14,1.,0.));
#36030=VECTOR('',#36020,1.);
#36040=LINE('',#36010,#36030);
#36050=CARTESIAN_POINT('',(18.4236462030947,39.1002563333335,
-38.3432861188318));
#36060=VERTEX_POINT('',#36050);
#36070=EDGE_CURVE('',#36060,#32200,#36040,.T.);
#36080=ORIENTED_EDGE('',*,*,#36070,.T.);
#36090=CARTESIAN_POINT('',(29.8169795364281,39.1002563333335,
-38.3432861188318));
#36100=DIRECTION('',(1.,0.,0.));
#36110=VECTOR('',#36100,1.);
#36120=LINE('',#36090,#36110);
#36130=CARTESIAN_POINT('',(17.7836462030947,39.1002563333335,
-38.3432861188318));
#36140=VERTEX_POINT('',#36130);
#36150=EDGE_CURVE('',#36140,#36060,#36120,.T.);
#36160=ORIENTED_EDGE('',*,*,#36150,.T.);
#36170=CARTESIAN_POINT('',(17.7836462030947,43.7769229999999,
-38.3432861188318));
#36180=DIRECTION('',(0.,1.,0.));
#36190=VECTOR('',#36180,1.);
#36200=LINE('',#36170,#36190);
#36210=CARTESIAN_POINT('',(17.7836462030947,41.9502563333339,
-38.3432861188318));
#36220=VERTEX_POINT('',#36210);
#36230=EDGE_CURVE('',#36140,#36220,#36200,.T.);
#36240=ORIENTED_EDGE('',*,*,#36230,.F.);
#36250=CARTESIAN_POINT('',(18.7236462030947,41.9502563333339,
-38.3432861188318));
#36260=DIRECTION('',(0.,0.,-1.));
#36270=DIRECTION('',(0.,1.,0.));
#36280=AXIS2_PLACEMENT_3D('',#36250,#36260,#36270);
#36290=CIRCLE('',#36280,0.94);
#36300=CARTESIAN_POINT('',(18.1836462030948,42.7196716958009,
-38.3432861188318));
#36310=VERTEX_POINT('',#36300);
#36320=EDGE_CURVE('',#36220,#36310,#36290,.T.);
#36330=ORIENTED_EDGE('',*,*,#36320,.F.);
#36340=CARTESIAN_POINT('',(18.1836462030948,43.7769229999999,
-38.3432861188318));
#36350=DIRECTION('',(1.4210854715202E-14,-1.,0.));
#36360=VECTOR('',#36350,1.);
#36370=LINE('',#36340,#36360);
#36380=EDGE_CURVE('',#36310,#32180,#36370,.T.);
#36390=ORIENTED_EDGE('',*,*,#36380,.F.);
#36400=ORIENTED_EDGE('',*,*,#32210,.F.);
#36410=EDGE_LOOP('',(#36400,#36390,#36330,#36240,#36160,#36080));
#36420=FACE_OUTER_BOUND('',#36410,.T.);
#36430=ADVANCED_FACE('',(#36420),#36000,.F.);
#36440=COLOUR_RGB('',1.,0.843137323856354,0.);
#36450=FILL_AREA_STYLE_COLOUR('',#36440);
#36460=FILL_AREA_STYLE('',(#36450));
#36470=SURFACE_STYLE_FILL_AREA(#36460);
#36480=SURFACE_SIDE_STYLE('',(#36470));
#36490=SURFACE_STYLE_USAGE(.BOTH.,#36480);
#36500=PRESENTATION_STYLE_ASSIGNMENT((#36490));
#36510=CARTESIAN_POINT('',(20.601691221536,44.6002563333335,
-33.5832861188319));
#36520=DIRECTION('',(-0.,1.,0.));
#36530=DIRECTION('',(1.,0.,0.));
#36540=AXIS2_PLACEMENT_3D('',#36510,#36520,#36530);
#36550=PLANE('',#36540);
#36560=ORIENTED_EDGE('',*,*,#35620,.F.);
#36570=CARTESIAN_POINT('',(29.8169795364281,44.6002563333335,
-33.2632861188319));
#36580=DIRECTION('',(1.,0.,0.));
#36590=VECTOR('',#36580,1.);
#36600=LINE('',#36570,#36590);
#36610=EDGE_CURVE('',#35610,#33890,#36600,.T.);
#36620=ORIENTED_EDGE('',*,*,#36610,.F.);
#36630=CARTESIAN_POINT('',(21.4836462030953,44.6002563333335,
-37.3932861188318));
#36640=DIRECTION('',(0.,0.,-1.));
#36650=VECTOR('',#36640,1.);
#36660=LINE('',#36630,#36650);
#36670=CARTESIAN_POINT('',(21.4836462030953,44.6002563333335,
-32.8632861188318));
#36680=VERTEX_POINT('',#36670);
#36690=EDGE_CURVE('',#36680,#33890,#36660,.T.);
#36700=ORIENTED_EDGE('',*,*,#36690,.T.);
#36710=CARTESIAN_POINT('',(29.8169795364281,44.6002563333335,
-32.8632861188318));
#36720=DIRECTION('',(1.,0.,0.));
#36730=VECTOR('',#36720,1.);
#36740=LINE('',#36710,#36730);
#36750=CARTESIAN_POINT('',(18.9336462030944,44.6002563333335,
-32.8632861188318));
#36760=VERTEX_POINT('',#36750);
#36770=EDGE_CURVE('',#36760,#36680,#36740,.T.);
#36780=ORIENTED_EDGE('',*,*,#36770,.T.);
#36790=CARTESIAN_POINT('',(18.9336462030944,44.6002563333335,
-37.3932861188318));
#36800=DIRECTION('',(0.,0.,1.));
#36810=VECTOR('',#36800,1.);
#36820=LINE('',#36790,#36810);
#36830=CARTESIAN_POINT('',(18.9336462030944,44.6002563333335,
-34.6032861188319));
#36840=VERTEX_POINT('',#36830);
#36850=EDGE_CURVE('',#36840,#36760,#36820,.T.);
#36860=ORIENTED_EDGE('',*,*,#36850,.T.);
#36870=CARTESIAN_POINT('',(29.8169795364281,44.6002563333335,
-34.6032861188319));
#36880=DIRECTION('',(1.,0.,0.));
#36890=VECTOR('',#36880,1.);
#36900=LINE('',#36870,#36890);
#36910=CARTESIAN_POINT('',(21.4836462030953,44.6002563333335,
-34.6032861188319));
#36920=VERTEX_POINT('',#36910);
#36930=EDGE_CURVE('',#36840,#36920,#36900,.T.);
#36940=ORIENTED_EDGE('',*,*,#36930,.F.);
#36950=EDGE_CURVE('',#34050,#36920,#36660,.T.);
#36960=ORIENTED_EDGE('',*,*,#36950,.T.);
#36970=CARTESIAN_POINT('',(29.8169795364281,44.6002563333335,
-33.9032861188319));
#36980=DIRECTION('',(-1.,0.,0.));
#36990=VECTOR('',#36980,1.);
#37000=LINE('',#36970,#36990);
#37010=EDGE_CURVE('',#34050,#35590,#37000,.T.);
#37020=ORIENTED_EDGE('',*,*,#37010,.F.);
#37030=EDGE_LOOP('',(#37020,#36960,#36940,#36860,#36780,#36700,#36620,
#36560));
#37040=FACE_OUTER_BOUND('',#37030,.T.);
#37050=ADVANCED_FACE('',(#37040),#36550,.T.);
#37060=CARTESIAN_POINT('',(21.4836462030953,43.776923,-32.8632861188318)
);
#37070=DIRECTION('',(0.,1.,0.));
#37080=DIRECTION('',(-1.,0.,0.));
#37090=AXIS2_PLACEMENT_3D('',#37060,#37070,#37080);
#37100=CYLINDRICAL_SURFACE('',#37090,0.3);
#37110=CARTESIAN_POINT('',(21.4836462030953,44.3002563333335,
-32.8632861188318));
#37120=DIRECTION('',(0.,-1.,-0.));
#37130=DIRECTION('',(-1.,0.,0.));
#37140=AXIS2_PLACEMENT_3D('',#37110,#37120,#37130);
#37150=CIRCLE('',#37140,0.3);
#37160=CARTESIAN_POINT('',(21.7836462030953,44.3002563333335,
-32.8632861188318));
#37170=VERTEX_POINT('',#37160);
#37180=CARTESIAN_POINT('',(21.4836462030953,44.3002563333335,
-32.5632861188318));
#37190=VERTEX_POINT('',#37180);
#37200=EDGE_CURVE('',#37170,#37190,#37150,.T.);
#37210=ORIENTED_EDGE('',*,*,#37200,.T.);
#37220=CARTESIAN_POINT('',(21.7836462030953,43.776923,-32.8632861188318)
);
#37230=DIRECTION('',(0.,1.,0.));
#37240=VECTOR('',#37230,1.);
#37250=LINE('',#37220,#37240);
#37260=EDGE_CURVE('',#33240,#37170,#37250,.T.);
#37270=ORIENTED_EDGE('',*,*,#37260,.T.);
#37280=ORIENTED_EDGE('',*,*,#33410,.F.);
#37290=CARTESIAN_POINT('',(21.4836462030953,43.776923,-32.5632861188318)
);
#37300=DIRECTION('',(0.,1.,0.));
#37310=VECTOR('',#37300,1.);
#37320=LINE('',#37290,#37310);
#37330=EDGE_CURVE('',#33330,#37190,#37320,.T.);
#37340=ORIENTED_EDGE('',*,*,#37330,.F.);
#37350=EDGE_LOOP('',(#37340,#37280,#37270,#37210));
#37360=FACE_OUTER_BOUND('',#37350,.T.);
#37370=ADVANCED_FACE('',(#37360),#37100,.T.);
#37380=CARTESIAN_POINT('',(29.8169795364281,41.4002563333336,
-32.8632861188318));
#37390=DIRECTION('',(1.,0.,0.));
#37400=DIRECTION('',(0.,1.,0.));
#37410=AXIS2_PLACEMENT_3D('',#37380,#37390,#37400);
#37420=CYLINDRICAL_SURFACE('',#37410,0.3);
#37430=CARTESIAN_POINT('',(18.9336462030944,41.4002563333336,
-32.8632861188318));
#37440=DIRECTION('',(-1.,-1.4210854715202E-14,0.));
#37450=DIRECTION('',(-1.4210854715202E-14,1.,0.));
#37460=AXIS2_PLACEMENT_3D('',#37430,#37440,#37450);
#37470=CIRCLE('',#37460,0.3);
#37480=CARTESIAN_POINT('',(18.9336462030944,41.1002563333336,
-32.8632861188318));
#37490=VERTEX_POINT('',#37480);
#37500=CARTESIAN_POINT('',(18.9336462030944,41.4002563333336,
-32.5632861188318));
#37510=VERTEX_POINT('',#37500);
#37520=EDGE_CURVE('',#37490,#37510,#37470,.T.);
#37530=ORIENTED_EDGE('',*,*,#37520,.F.);
#37540=CARTESIAN_POINT('',(29.8169795364281,41.4002563333336,
-32.5632861188318));
#37550=DIRECTION('',(1.,0.,0.));
#37560=VECTOR('',#37550,1.);
#37570=LINE('',#37540,#37560);
#37580=EDGE_CURVE('',#37510,#33330,#37570,.T.);
#37590=ORIENTED_EDGE('',*,*,#37580,.F.);
#37600=ORIENTED_EDGE('',*,*,#33340,.T.);
#37610=CARTESIAN_POINT('',(29.8169795364281,41.1002563333336,
-32.8632861188318));
#37620=DIRECTION('',(1.,0.,0.));
#37630=VECTOR('',#37620,1.);
#37640=LINE('',#37610,#37630);
#37650=EDGE_CURVE('',#37490,#33220,#37640,.T.);
#37660=ORIENTED_EDGE('',*,*,#37650,.T.);
#37670=EDGE_LOOP('',(#37660,#37600,#37590,#37530));
#37680=FACE_OUTER_BOUND('',#37670,.T.);
#37690=ADVANCED_FACE('',(#37680),#37420,.T.);
#37700=CARTESIAN_POINT('',(16.1022666567551,40.6002563333334,
-37.1432861188318));
#37710=DIRECTION('',(-0.,0.,-1.));
#37720=DIRECTION('',(-1.,-1.4210854715202E-14,0.));
#37730=AXIS2_PLACEMENT_3D('',#37700,#37710,#37720);
#37740=PLANE('',#37730);
#37750=CARTESIAN_POINT('',(0.,40.6002563333335,-37.1432861188318));
#37760=DIRECTION('',(1.,0.,0.));
#37770=VECTOR('',#37760,1.);
#37780=LINE('',#37750,#37770);
#37790=CARTESIAN_POINT('',(17.7836462030948,40.6002563333335,
-37.1432861188318));
#37800=VERTEX_POINT('',#37790);
#37810=CARTESIAN_POINT('',(19.9836462030947,40.6002563333335,
-37.1432861188318));
#37820=VERTEX_POINT('',#37810);
#37830=EDGE_CURVE('',#37800,#37820,#37780,.T.);
#37840=ORIENTED_EDGE('',*,*,#37830,.T.);
#37850=CARTESIAN_POINT('',(17.7836462030948,43.7769229999999,
-37.1432861188318));
#37860=DIRECTION('',(0.,1.,0.));
#37870=VECTOR('',#37860,1.);
#37880=LINE('',#37850,#37870);
#37890=CARTESIAN_POINT('',(17.7836462030948,41.3002563333335,
-37.1432861188318));
#37900=VERTEX_POINT('',#37890);
#37910=EDGE_CURVE('',#37800,#37900,#37880,.T.);
#37920=ORIENTED_EDGE('',*,*,#37910,.F.);
#37930=CARTESIAN_POINT('',(29.8169795364281,41.7204695928842,
-37.1432861188318));
#37940=DIRECTION('',(0.999390827019096,0.034899496702501,0.));
#37950=VECTOR('',#37940,1.);
#37960=LINE('',#37930,#37950);
#37970=CARTESIAN_POINT('',(18.1836462030948,41.3142246411302,
-37.1432861188318));
#37980=VERTEX_POINT('',#37970);
#37990=EDGE_CURVE('',#37900,#37980,#37960,.T.);
#38000=ORIENTED_EDGE('',*,*,#37990,.F.);
#38010=CARTESIAN_POINT('',(18.1836462030948,43.7769229999999,
-37.1432861188318));
#38020=DIRECTION('',(1.4210854715202E-14,-1.,0.));
#38030=VECTOR('',#38020,1.);
#38040=LINE('',#38010,#38030);
#38050=CARTESIAN_POINT('',(18.1836462030948,41.0002563333335,
-37.1432861188318));
#38060=VERTEX_POINT('',#38050);
#38070=EDGE_CURVE('',#37980,#38060,#38040,.T.);
#38080=ORIENTED_EDGE('',*,*,#38070,.F.);
#38090=CARTESIAN_POINT('',(0.,41.0002563333332,-37.1432861188318));
#38100=DIRECTION('',(-1.,-1.4210854715202E-14,0.));
#38110=VECTOR('',#38100,1.);
#38120=LINE('',#38090,#38110);
#38130=CARTESIAN_POINT('',(19.9836462030947,41.0002563333335,
-37.1432861188318));
#38140=VERTEX_POINT('',#38130);
#38150=EDGE_CURVE('',#38140,#38060,#38120,.T.);
#38160=ORIENTED_EDGE('',*,*,#38150,.T.);
#38170=CARTESIAN_POINT('',(19.9836462030952,2.1316282072803E-14,
-37.1432861188318));
#38180=DIRECTION('',(-1.4210854715202E-14,1.,0.));
#38190=VECTOR('',#38180,1.);
#38200=LINE('',#38170,#38190);
#38210=EDGE_CURVE('',#37820,#38140,#38200,.T.);
#38220=ORIENTED_EDGE('',*,*,#38210,.T.);
#38230=EDGE_LOOP('',(#38220,#38160,#38080,#38000,#37920,#37840));
#38240=FACE_OUTER_BOUND('',#38230,.T.);
#38250=ADVANCED_FACE('',(#38240),#37740,.F.);
#38260=CARTESIAN_POINT('',(29.8169795364281,44.1933164967785,
-38.1002259553869));
#38270=DIRECTION('',(0.99992385047757,0.00872620324395843,
0.00872620324394422));
#38280=DIRECTION('',(-0.00872653549838815,0.999961923064171,0.));
#38290=AXIS2_PLACEMENT_3D('',#38260,#38270,#38280);
#38300=CYLINDRICAL_SURFACE('',#38290,0.2);
#38310=ORIENTED_EDGE('',*,*,#33660,.T.);
#38320=ORIENTED_EDGE('',*,*,#12290,.F.);
#38330=CARTESIAN_POINT('',(29.8187248435277,43.9933241121657,
-38.1002259553869));
#38340=DIRECTION('',(0.99992385047757,0.00872620324395843,
0.00872620324394422));
#38350=VECTOR('',#38340,1.);
#38360=LINE('',#38330,#38350);
#38370=CARTESIAN_POINT('',(24.8836462030947,43.9502563333336,
-38.143293734219));
#38380=VERTEX_POINT('',#38370);
#38390=EDGE_CURVE('',#12190,#38380,#38360,.T.);
#38400=ORIENTED_EDGE('',*,*,#38390,.F.);
#38410=CARTESIAN_POINT('',(24.8836462030947,44.1502639490107,
-38.1432785031547));
#38420=DIRECTION('',(-1.,-1.4210854715202E-14,0.));
#38430=DIRECTION('',(1.00485917355797E-14,-0.707106781186795,
-0.7071067811863));
#38440=AXIS2_PLACEMENT_3D('',#38410,#38420,#38430);
#38450=ELLIPSE('',#38440,0.200015231064324,0.2);
#38460=EDGE_CURVE('',#33650,#38380,#38450,.T.);
#38470=ORIENTED_EDGE('',*,*,#38460,.T.);
#38480=EDGE_LOOP('',(#38470,#38400,#38320,#38310));
#38490=FACE_OUTER_BOUND('',#38480,.T.);
#38500=ADVANCED_FACE('',(#38490),#38300,.T.);
#38510=CARTESIAN_POINT('',(23.3836462030946,42.8902563333339,
-38.9832861188318));
#38520=DIRECTION('',(0.,-1.,0.));
#38530=DIRECTION('',(1.,0.,0.));
#38540=AXIS2_PLACEMENT_3D('',#38510,#38520,#38530);
#38550=PLANE('',#38540);
#38560=CARTESIAN_POINT('',(18.7236462030947,42.8902563333339,
-38.3432861188318));
#38570=DIRECTION('',(1.,0.,0.));
#38580=VECTOR('',#38570,1.);
#38590=LINE('',#38560,#38580);
#38600=EDGE_CURVE('',#12610,#8670,#38590,.T.);
#38610=ORIENTED_EDGE('',*,*,#38600,.T.);
#38620=ORIENTED_EDGE('',*,*,#12860,.T.);
#38630=CARTESIAN_POINT('',(18.7236462030947,42.8902563333339,
-38.9832861188318));
#38640=DIRECTION('',(1.,0.,0.));
#38650=VECTOR('',#38640,1.);
#38660=LINE('',#38630,#38650);
#38670=EDGE_CURVE('',#12790,#8510,#38660,.T.);
#38680=ORIENTED_EDGE('',*,*,#38670,.F.);
#38690=ORIENTED_EDGE('',*,*,#8740,.F.);
#38700=EDGE_LOOP('',(#38690,#38680,#38620,#38610));
#38710=FACE_OUTER_BOUND('',#38700,.T.);
#38720=ADVANCED_FACE('',(#38710),#38550,.F.);
#38730=COLOUR_RGB('',1.,0.843137323856354,0.);
#38740=FILL_AREA_STYLE_COLOUR('',#38730);
#38750=FILL_AREA_STYLE('',(#38740));
#38760=SURFACE_STYLE_FILL_AREA(#38750);
#38770=SURFACE_SIDE_STYLE('',(#38760));
#38780=SURFACE_STYLE_USAGE(.BOTH.,#38770);
#38790=PRESENTATION_STYLE_ASSIGNMENT((#38780));
#38800=CARTESIAN_POINT('',(18.9336462030944,44.3002563333335,
-37.3932861188318));
#38810=DIRECTION('',(0.,0.,1.));
#38820=DIRECTION('',(-1.4210854715202E-14,1.,0.));
#38830=AXIS2_PLACEMENT_3D('',#38800,#38810,#38820);
#38840=CYLINDRICAL_SURFACE('',#38830,0.3);
#38850=CARTESIAN_POINT('',(18.9336462030944,44.3002563333335,
-32.8632861188318));
#38860=DIRECTION('',(0.,0.,1.));
#38870=DIRECTION('',(-1.,0.,0.));
#38880=AXIS2_PLACEMENT_3D('',#38850,#38860,#38870);
#38890=CIRCLE('',#38880,0.3);
#38900=CARTESIAN_POINT('',(18.6336462030944,44.3002563333335,
-32.8632861188318));
#38910=VERTEX_POINT('',#38900);
#38920=EDGE_CURVE('',#36760,#38910,#38890,.T.);
#38930=ORIENTED_EDGE('',*,*,#38920,.F.);
#38940=CARTESIAN_POINT('',(18.6336462030944,44.3002563333335,
-37.3932861188318));
#38950=DIRECTION('',(0.,0.,1.));
#38960=VECTOR('',#38950,1.);
#38970=LINE('',#38940,#38960);
#38980=CARTESIAN_POINT('',(18.6336462030944,44.3002563333335,
-34.6032861188319));
#38990=VERTEX_POINT('',#38980);
#39000=EDGE_CURVE('',#38990,#38910,#38970,.T.);
#39010=ORIENTED_EDGE('',*,*,#39000,.T.);
#39020=CARTESIAN_POINT('',(18.9336462030944,44.3002563333335,
-34.6032861188319));
#39030=DIRECTION('',(0.,0.,-1.));
#39040=DIRECTION('',(-1.4210854715202E-14,1.,0.));
#39050=AXIS2_PLACEMENT_3D('',#39020,#39030,#39040);
#39060=CIRCLE('',#39050,0.3);
#39070=EDGE_CURVE('',#38990,#36840,#39060,.T.);
#39080=ORIENTED_EDGE('',*,*,#39070,.F.);
#39090=ORIENTED_EDGE('',*,*,#36850,.F.);
#39100=EDGE_LOOP('',(#39090,#39080,#39010,#38930));
#39110=FACE_OUTER_BOUND('',#39100,.T.);
#39120=ADVANCED_FACE('',(#39110),#38840,.T.);
#39130=CARTESIAN_POINT('',(20.3236462030947,38.4869815216159,
-33.9032861188319));
#39140=DIRECTION('',(0.,0.,-1.));
#39150=DIRECTION('',(1.,0.,0.));
#39160=AXIS2_PLACEMENT_3D('',#39130,#39140,#39150);
#39170=PLANE('',#39160);
#39180=ORIENTED_EDGE('',*,*,#34060,.F.);
#39190=ORIENTED_EDGE('',*,*,#34960,.F.);
#39200=CARTESIAN_POINT('',(28.3469210148127,38.4869815216159,
-33.9032861188319));
#39210=DIRECTION('',(-0.707106781186548,0.707106781186548,0.));
#39220=VECTOR('',#39210,1.);
#39230=LINE('',#39200,#39220);
#39240=CARTESIAN_POINT('',(21.4136462030952,45.4202563333335,
-33.9032861188319));
#39250=VERTEX_POINT('',#39240);
#39260=EDGE_CURVE('',#34890,#39250,#39230,.T.);
#39270=ORIENTED_EDGE('',*,*,#39260,.F.);
#39280=CARTESIAN_POINT('',(29.8169795364281,45.4202563333335,
-33.9032861188319));
#39290=DIRECTION('',(-1.,0.,0.));
#39300=VECTOR('',#39290,1.);
#39310=LINE('',#39280,#39300);
#39320=CARTESIAN_POINT('',(19.8736462030943,45.4202563333335,
-33.9032861188319));
#39330=VERTEX_POINT('',#39320);
#39340=EDGE_CURVE('',#39250,#39330,#39310,.T.);
#39350=ORIENTED_EDGE('',*,*,#39340,.F.);
#39360=CARTESIAN_POINT('',(12.9403713913767,38.4869815216159,
-33.9032861188319));
#39370=DIRECTION('',(0.707106781186548,0.707106781186548,0.));
#39380=VECTOR('',#39370,1.);
#39390=LINE('',#39360,#39380);
#39400=EDGE_CURVE('',#35690,#39330,#39390,.T.);
#39410=ORIENTED_EDGE('',*,*,#39400,.T.);
#39420=ORIENTED_EDGE('',*,*,#35700,.T.);
#39430=ORIENTED_EDGE('',*,*,#37010,.T.);
#39440=EDGE_LOOP('',(#39430,#39420,#39410,#39350,#39270,#39190,#39180));
#39450=FACE_OUTER_BOUND('',#39440,.T.);
#39460=ADVANCED_FACE('',(#39450),#39170,.T.);
#39470=COLOUR_RGB('',0.823529481887817,0.823529481887817,
0.784313797950745);
#39480=FILL_AREA_STYLE_COLOUR('',#39470);
#39490=FILL_AREA_STYLE('',(#39480));
#39500=SURFACE_STYLE_FILL_AREA(#39490);
#39510=SURFACE_SIDE_STYLE('',(#39500));
#39520=SURFACE_STYLE_USAGE(.BOTH.,#39510);
#39530=PRESENTATION_STYLE_ASSIGNMENT((#39520));
#39540=CARTESIAN_POINT('',(23.6336462030946,42.5702563333339,
-38.4407861188318));
#39550=DIRECTION('',(-0.363345276491644,0.,-0.931654555106779));
#39560=DIRECTION('',(0.931654555106779,0.,-0.363345276491644));
#39570=AXIS2_PLACEMENT_3D('',#39540,#39550,#39560);
#39580=PLANE('',#39570);
#39590=ORIENTED_EDGE('',*,*,#8680,.T.);
#39600=CARTESIAN_POINT('',(23.8836462030946,42.5702563333339,
-38.5382861188318));
#39610=DIRECTION('',(0.,-1.,-0.));
#39620=VECTOR('',#39610,1.);
#39630=LINE('',#39600,#39620);
#39640=CARTESIAN_POINT('',(23.8836462030946,42.4452563333339,
-38.5382861188318));
#39650=VERTEX_POINT('',#39640);
#39660=EDGE_CURVE('',#8590,#39650,#39630,.T.);
#39670=ORIENTED_EDGE('',*,*,#39660,.F.);
#39680=CARTESIAN_POINT('',(21.8836462030946,41.6652563333339,
-37.7582861188318));
#39690=DIRECTION('',(0.875644657040788,0.341501416245907,
-0.341501416245907));
#39700=VECTOR('',#39690,1.);
#39710=LINE('',#39680,#39700);
#39720=CARTESIAN_POINT('',(23.3836462030946,42.2502563333339,
-38.3432861188318));
#39730=VERTEX_POINT('',#39720);
#39740=EDGE_CURVE('',#39730,#39650,#39710,.T.);
#39750=ORIENTED_EDGE('',*,*,#39740,.T.);
#39760=CARTESIAN_POINT('',(23.3836462030946,42.5702563333339,
-38.3432861188318));
#39770=DIRECTION('',(0.,-1.,-0.));
#39780=VECTOR('',#39770,1.);
#39790=LINE('',#39760,#39780);
#39800=EDGE_CURVE('',#8670,#39730,#39790,.T.);
#39810=ORIENTED_EDGE('',*,*,#39800,.T.);
#39820=EDGE_LOOP('',(#39810,#39750,#39670,#39590));
#39830=FACE_OUTER_BOUND('',#39820,.T.);
#39840=ADVANCED_FACE('',(#39830),#39580,.F.);
#39850=COLOUR_RGB('',1.,0.843137323856354,0.);
#39860=FILL_AREA_STYLE_COLOUR('',#39850);
#39870=FILL_AREA_STYLE('',(#39860));
#39880=SURFACE_STYLE_FILL_AREA(#39870);
#39890=SURFACE_SIDE_STYLE('',(#39880));
#39900=SURFACE_STYLE_USAGE(.BOTH.,#39890);
#39910=PRESENTATION_STYLE_ASSIGNMENT((#39900));
#39920=CARTESIAN_POINT('',(19.4836462030948,44.9502563333335,
-39.1178891184926));
#39930=DIRECTION('',(-0.0348994967024868,-0.999390827019096,-0.));
#39940=DIRECTION('',(0.,0.,-1.));
#39950=AXIS2_PLACEMENT_3D('',#39920,#39930,#39940);
#39960=PLANE('',#39950);
#39970=CARTESIAN_POINT('',(18.1836462030948,44.9956533336727,
-37.3932861188318));
#39980=DIRECTION('',(0.,0.,1.));
#39990=VECTOR('',#39980,1.);
#40000=LINE('',#39970,#39990);
#40010=CARTESIAN_POINT('',(18.1836462030948,44.9956533336727,
-37.8742262265076));
#40020=VERTEX_POINT('',#40010);
#40030=EDGE_CURVE('',#40020,#35190,#40000,.T.);
#40040=ORIENTED_EDGE('',*,*,#40030,.T.);
#40050=CARTESIAN_POINT('',(29.8169795364281,44.5894083819189,
-44.5907343580803));
#40060=DIRECTION('',(0.865629643935605,-0.0302284532610866,
-0.499771507944741));
#40070=VECTOR('',#40060,1.);
#40080=LINE('',#40050,#40070);
#40090=CARTESIAN_POINT('',(17.7836462030948,45.0096216414694,
-37.6432861188318));
#40100=VERTEX_POINT('',#40090);
#40110=EDGE_CURVE('',#40100,#40020,#40080,.T.);
#40120=ORIENTED_EDGE('',*,*,#40110,.T.);
#40130=CARTESIAN_POINT('',(17.7836462030948,45.0096216414694,
-37.3932861188318));
#40140=DIRECTION('',(0.,0.,1.));
#40150=VECTOR('',#40140,1.);
#40160=LINE('',#40130,#40150);
#40170=EDGE_CURVE('',#40100,#35290,#40160,.T.);
#40180=ORIENTED_EDGE('',*,*,#40170,.F.);
#40190=ORIENTED_EDGE('',*,*,#35300,.T.);
#40200=EDGE_LOOP('',(#40190,#40180,#40120,#40040));
#40210=FACE_OUTER_BOUND('',#40200,.T.);
#40220=ADVANCED_FACE('',(#40210),#39960,.T.);
#40230=CARTESIAN_POINT('',(24.8836462030948,41.1002563333336,
-37.3932861188318));
#40240=DIRECTION('',(-1.4210854715202E-14,1.,0.));
#40250=DIRECTION('',(1.,1.4210854715202E-14,0.));
#40260=AXIS2_PLACEMENT_3D('',#40230,#40240,#40250);
#40270=PLANE('',#40260);
#40280=CARTESIAN_POINT('',(29.8169795364281,41.1002563333336,
-39.7793467248924));
#40290=DIRECTION('',(0.9999354401368,1.42099372643656E-14,
-0.0113629027288245));
#40300=VECTOR('',#40290,1.);
#40310=LINE('',#40280,#40300);
#40320=CARTESIAN_POINT('',(23.3836462030948,41.1002563333335,
-39.7062406642864));
#40330=VERTEX_POINT('',#40320);
#40340=CARTESIAN_POINT('',(24.8836462030948,41.1002563333336,
-39.7232861188318));
#40350=VERTEX_POINT('',#40340);
#40360=EDGE_CURVE('',#40330,#40350,#40310,.T.);
#40370=ORIENTED_EDGE('',*,*,#40360,.F.);
#40380=CARTESIAN_POINT('',(24.8836462030948,41.1002563333336,
-37.3932861188318));
#40390=DIRECTION('',(0.,0.,1.));
#40400=VECTOR('',#40390,1.);
#40410=LINE('',#40380,#40400);
#40420=CARTESIAN_POINT('',(24.8836462030948,41.1002563333336,
-39.9832861188318));
#40430=VERTEX_POINT('',#40420);
#40440=EDGE_CURVE('',#40430,#40350,#40410,.T.);
#40450=ORIENTED_EDGE('',*,*,#40440,.T.);
#40460=CARTESIAN_POINT('',(29.8169795364281,41.1002563333336,
-39.9832861188318));
#40470=DIRECTION('',(1.,1.4210854715202E-14,0.));
#40480=VECTOR('',#40470,1.);
#40490=LINE('',#40460,#40480);
#40500=CARTESIAN_POINT('',(23.3836462030948,41.1002563333335,
-39.9832861188318));
#40510=VERTEX_POINT('',#40500);
#40520=EDGE_CURVE('',#40510,#40430,#40490,.T.);
#40530=ORIENTED_EDGE('',*,*,#40520,.T.);
#40540=CARTESIAN_POINT('',(23.3836462030948,41.1002563333335,
-37.3932861188318));
#40550=DIRECTION('',(0.,0.,-1.));
#40560=VECTOR('',#40550,1.);
#40570=LINE('',#40540,#40560);
#40580=EDGE_CURVE('',#40330,#40510,#40570,.T.);
#40590=ORIENTED_EDGE('',*,*,#40580,.T.);
#40600=EDGE_LOOP('',(#40590,#40530,#40450,#40370));
#40610=FACE_OUTER_BOUND('',#40600,.T.);
#40620=ADVANCED_FACE('',(#40610),#40270,.F.);
#40630=CARTESIAN_POINT('',(24.8836462030947,43.9502563333336,
-37.3932861188318));
#40640=DIRECTION('',(0.00872653549838815,-0.999961923064171,0.));
#40650=DIRECTION('',(-0.999961923064171,-0.00872653549838815,-0.));
#40660=AXIS2_PLACEMENT_3D('',#40630,#40640,#40650);
#40670=PLANE('',#40660);
#40680=ORIENTED_EDGE('',*,*,#38390,.T.);
#40690=ORIENTED_EDGE('',*,*,#12200,.T.);
#40700=CARTESIAN_POINT('',(29.8143615757786,43.9932860345049,
-37.8472448819806));
#40710=DIRECTION('',(0.999897370574939,0.00872597215734906,
0.0113624701201756));
#40720=VECTOR('',#40710,1.);
#40730=LINE('',#40700,#40720);
#40740=CARTESIAN_POINT('',(24.8836462030947,43.9502563333336,
-37.9032757384884));
#40750=VERTEX_POINT('',#40740);
#40760=EDGE_CURVE('',#12110,#40750,#40730,.T.);
#40770=ORIENTED_EDGE('',*,*,#40760,.F.);
#40780=CARTESIAN_POINT('',(24.8836462030947,43.9502563333336,
-37.3932861188318));
#40790=DIRECTION('',(0.,0.,1.));
#40800=VECTOR('',#40790,1.);
#40810=LINE('',#40780,#40800);
#40820=EDGE_CURVE('',#38380,#40750,#40810,.T.);
#40830=ORIENTED_EDGE('',*,*,#40820,.T.);
#40840=EDGE_LOOP('',(#40830,#40770,#40690,#40680));
#40850=FACE_OUTER_BOUND('',#40840,.T.);
#40860=ADVANCED_FACE('',(#40850),#40670,.T.);
#40870=CARTESIAN_POINT('',(23.3836462030948,40.2802563333335,
-40.1836649067106));
#40880=DIRECTION('',(-1.,-1.4210854715202E-14,0.));
#40890=DIRECTION('',(1.4210854715202E-14,-1.,0.));
#40900=AXIS2_PLACEMENT_3D('',#40870,#40880,#40890);
#40910=PLANE('',#40900);
#40920=ORIENTED_EDGE('',*,*,#40580,.F.);
#40930=CARTESIAN_POINT('',(23.3836462030948,41.3002563333335,
-39.9832861188318));
#40940=DIRECTION('',(-1.,-1.4210854715202E-14,0.));
#40950=DIRECTION('',(-1.4210854715202E-14,1.,0.));
#40960=AXIS2_PLACEMENT_3D('',#40930,#40940,#40950);
#40970=CIRCLE('',#40960,0.2);
#40980=EDGE_CURVE('',#8160,#40510,#40970,.T.);
#40990=ORIENTED_EDGE('',*,*,#40980,.T.);
#41000=ORIENTED_EDGE('',*,*,#8170,.F.);
#41010=CARTESIAN_POINT('',(23.3836462030948,41.9002563333335,
-37.3932861188318));
#41020=DIRECTION('',(0.,0.,1.));
#41030=VECTOR('',#41020,1.);
#41040=LINE('',#41010,#41030);
#41050=CARTESIAN_POINT('',(23.3836462030948,41.9002563333335,
-39.7062406642864));
#41060=VERTEX_POINT('',#41050);
#41070=EDGE_CURVE('',#8080,#41060,#41040,.T.);
#41080=ORIENTED_EDGE('',*,*,#41070,.F.);
#41090=CARTESIAN_POINT('',(23.3836462030947,43.776923,-39.7062406642864)
);
#41100=DIRECTION('',(1.4210854715202E-14,-1.,0.));
#41110=VECTOR('',#41100,1.);
#41120=LINE('',#41090,#41110);
#41130=EDGE_CURVE('',#41060,#40330,#41120,.T.);
#41140=ORIENTED_EDGE('',*,*,#41130,.F.);
#41150=EDGE_LOOP('',(#41140,#41080,#41000,#40990,#40920));
#41160=FACE_OUTER_BOUND('',#41150,.T.);
#41170=ADVANCED_FACE('',(#41160),#40910,.T.);
#41180=CARTESIAN_POINT('',(29.8169795364281,41.3002563333336,
-39.9832861188318));
#41190=DIRECTION('',(1.,1.4210854715202E-14,0.));
#41200=DIRECTION('',(-1.4210854715202E-14,1.,0.));
#41210=AXIS2_PLACEMENT_3D('',#41180,#41190,#41200);
#41220=CYLINDRICAL_SURFACE('',#41210,0.2);
#41230=ORIENTED_EDGE('',*,*,#8250,.T.);
#41240=ORIENTED_EDGE('',*,*,#40980,.F.);
#41250=ORIENTED_EDGE('',*,*,#40520,.F.);
#41260=CARTESIAN_POINT('',(24.8836462030948,41.3002563333336,
-39.9832861188318));
#41270=DIRECTION('',(-1.,-1.4210854715202E-14,0.));
#41280=DIRECTION('',(-1.4210854715202E-14,1.,0.));
#41290=AXIS2_PLACEMENT_3D('',#41260,#41270,#41280);
#41300=CIRCLE('',#41290,0.2);
#41310=EDGE_CURVE('',#8240,#40430,#41300,.T.);
#41320=ORIENTED_EDGE('',*,*,#41310,.T.);
#41330=EDGE_LOOP('',(#41320,#41250,#41240,#41230));
#41340=FACE_OUTER_BOUND('',#41330,.T.);
#41350=ADVANCED_FACE('',(#41340),#41220,.T.);
#41360=CARTESIAN_POINT('',(22.78372616466,40.6002563333335,
-39.6994233911223));
#41370=DIRECTION('',(0.0113629027288245,1.61476559822297E-16,
0.9999354401368));
#41380=DIRECTION('',(0.9999354401368,1.42099372643656E-14,
-0.0113629027288245));
#41390=AXIS2_PLACEMENT_3D('',#41360,#41370,#41380);
#41400=PLANE('',#41390);
#41410=ORIENTED_EDGE('',*,*,#41130,.T.);
#41420=CARTESIAN_POINT('',(23.0836462030948,41.9002563333335,
-39.7028315733773));
#41430=DIRECTION('',(0.0113629027288245,1.61476559822297E-16,
0.9999354401368));
#41440=DIRECTION('',(0.9999354401368,1.42099372643656E-14,
-0.0113629027288245));
#41450=AXIS2_PLACEMENT_3D('',#41420,#41430,#41440);
#41460=ELLIPSE('',#41450,0.300019369209434,0.3);
#41470=CARTESIAN_POINT('',(23.0836462030948,42.2002563333335,
-39.7028315733773));
#41480=VERTEX_POINT('',#41470);
#41490=EDGE_CURVE('',#41060,#41480,#41460,.T.);
#41500=ORIENTED_EDGE('',*,*,#41490,.F.);
#41510=CARTESIAN_POINT('',(29.8169795364281,42.2002563333336,
-39.7793467248924));
#41520=DIRECTION('',(0.9999354401368,1.40867718975713E-14,
-0.0113629027288245));
#41530=VECTOR('',#41520,1.);
#41540=LINE('',#41510,#41530);
#41550=CARTESIAN_POINT('',(22.6836462030948,42.2002563333335,
-39.6982861188318));
#41560=VERTEX_POINT('',#41550);
#41570=EDGE_CURVE('',#41560,#41480,#41540,.T.);
#41580=ORIENTED_EDGE('',*,*,#41570,.T.);
#41590=CARTESIAN_POINT('',(22.6836462030948,41.9002563333335,
-39.6982861188318));
#41600=DIRECTION('',(0.0113629027288245,1.61476559822297E-16,
0.9999354401368));
#41610=DIRECTION('',(0.9999354401368,1.42099372643656E-14,
-0.0113629027288245));
#41620=AXIS2_PLACEMENT_3D('',#41590,#41600,#41610);
#41630=ELLIPSE('',#41620,0.300019369209434,0.3);
#41640=EDGE_CURVE('',#41560,#13580,#41630,.T.);
#41650=ORIENTED_EDGE('',*,*,#41640,.F.);
#41660=ORIENTED_EDGE('',*,*,#13590,.F.);
#41670=CARTESIAN_POINT('',(29.8169795364281,41.1572037855659,
-39.7793467248924));
#41680=DIRECTION('',(-0.99989737057494,0.00872597215732064,
0.0113624701201671));
#41690=VECTOR('',#41680,1.);
#41700=LINE('',#41670,#41690);
#41710=EDGE_CURVE('',#13500,#11770,#41700,.T.);
#41720=ORIENTED_EDGE('',*,*,#41710,.F.);
#41730=ORIENTED_EDGE('',*,*,#11780,.T.);
#41740=CARTESIAN_POINT('',(29.8135706656094,43.6932974575857,
-39.779307987724));
#41750=DIRECTION('',(-0.999897370574939,-0.00872597215734906,
0.0113624701201671));
#41760=VECTOR('',#41750,1.);
#41770=LINE('',#41740,#41760);
#41780=CARTESIAN_POINT('',(24.8836462030947,43.6502746585828,
-39.7232861188318));
#41790=VERTEX_POINT('',#41780);
#41800=EDGE_CURVE('',#41790,#11690,#41770,.T.);
#41810=ORIENTED_EDGE('',*,*,#41800,.T.);
#41820=CARTESIAN_POINT('',(24.8836462030947,43.776923,-39.7232861188318)
);
#41830=DIRECTION('',(-1.4210854715202E-14,1.,0.));
#41840=VECTOR('',#41830,1.);
#41850=LINE('',#41820,#41840);
#41860=EDGE_CURVE('',#40350,#41790,#41850,.T.);
#41870=ORIENTED_EDGE('',*,*,#41860,.T.);
#41880=ORIENTED_EDGE('',*,*,#40360,.T.);
#41890=EDGE_LOOP('',(#41880,#41870,#41810,#41730,#41720,#41660,#41650,
#41580,#41500,#41410));
#41900=FACE_OUTER_BOUND('',#41890,.T.);
#41910=ADVANCED_FACE('',(#41900),#41400,.T.);
#41920=CARTESIAN_POINT('',(29.8169795364281,41.4572152090816,
-37.8472448819806));
#41930=DIRECTION('',(0.999897370574939,-0.00872597215732064,
0.0113624701201756));
#41940=DIRECTION('',(-0.0113629027288331,-1.6147655982242E-16,
0.9999354401368));
#41950=AXIS2_PLACEMENT_3D('',#41920,#41930,#41940);
#41960=CYLINDRICAL_SURFACE('',#41950,0.3);
#41970=CARTESIAN_POINT('',(29.8135706656095,41.4572152090816,
-37.5472642499396));
#41980=DIRECTION('',(0.999897370574939,-0.00872597215732064,
0.0113624701201756));
#41990=VECTOR('',#41980,1.);
#42000=LINE('',#41970,#41990);
#42010=CARTESIAN_POINT('',(24.8836462030948,41.5002380080843,
-37.6032861188318));
#42020=VERTEX_POINT('',#42010);
#42030=EDGE_CURVE('',#11940,#42020,#42000,.T.);
#42040=ORIENTED_EDGE('',*,*,#42030,.T.);
#42050=ORIENTED_EDGE('',*,*,#11950,.T.);
#42060=CARTESIAN_POINT('',(29.8143615757786,41.1572266321624,
-37.8472448819806));
#42070=DIRECTION('',(0.999897370574939,-0.00872597215732064,
0.0113624701201756));
#42080=VECTOR('',#42070,1.);
#42090=LINE('',#42060,#42080);
#42100=CARTESIAN_POINT('',(24.8836462030948,41.2002563333336,
-37.9032757384884));
#42110=VERTEX_POINT('',#42100);
#42120=EDGE_CURVE('',#11850,#42110,#42090,.T.);
#42130=ORIENTED_EDGE('',*,*,#42120,.F.);
#42140=CARTESIAN_POINT('',(24.8836462030948,41.5002677568493,
-37.9033054880412));
#42150=DIRECTION('',(-1.,-1.4210854715202E-14,0.));
#42160=DIRECTION('',(-8.65554103570617E-15,0.60907955286088,
-0.793109133907049));
#42170=AXIS2_PLACEMENT_3D('',#42140,#42150,#42160);
#42180=ELLIPSE('',#42170,0.300030791987682,0.3);
#42190=EDGE_CURVE('',#42110,#42020,#42180,.T.);
#42200=ORIENTED_EDGE('',*,*,#42190,.F.);
#42210=EDGE_LOOP('',(#42200,#42130,#42050,#42040));
#42220=FACE_OUTER_BOUND('',#42210,.T.);
#42230=ADVANCED_FACE('',(#42220),#41960,.F.);
#42240=CARTESIAN_POINT('',(19.3736462030947,40.6002563333335,
-37.6432861188318));
#42250=DIRECTION('',(0.,-0.,1.));
#42260=DIRECTION('',(1.,1.4210854715202E-14,0.));
#42270=AXIS2_PLACEMENT_3D('',#42240,#42250,#42260);
#42280=PLANE('',#42270);
#42290=CARTESIAN_POINT('',(18.1836462030948,43.7769229999999,
-37.6432861188318));
#42300=DIRECTION('',(-1.4210854715202E-14,1.,0.));
#42310=VECTOR('',#42300,1.);
#42320=LINE('',#42290,#42310);
#42330=CARTESIAN_POINT('',(18.1836462030948,41.3142246411302,
-37.6432861188318));
#42340=VERTEX_POINT('',#42330);
#42350=EDGE_CURVE('',#32280,#42340,#42320,.T.);
#42360=ORIENTED_EDGE('',*,*,#42350,.F.);
#42370=CARTESIAN_POINT('',(29.8169795364281,41.7204695928842,
-37.6432861188318));
#42380=DIRECTION('',(0.999390827019096,0.034899496702501,0.));
#42390=VECTOR('',#42380,1.);
#42400=LINE('',#42370,#42390);
#42410=CARTESIAN_POINT('',(17.7836462030948,41.3002563333335,
-37.6432861188318));
#42420=VERTEX_POINT('',#42410);
#42430=EDGE_CURVE('',#42420,#42340,#42400,.T.);
#42440=ORIENTED_EDGE('',*,*,#42430,.T.);
#42450=CARTESIAN_POINT('',(17.7836462030948,43.7769229999999,
-37.6432861188318));
#42460=DIRECTION('',(0.,-1.,-0.));
#42470=VECTOR('',#42460,1.);
#42480=LINE('',#42450,#42470);
#42490=CARTESIAN_POINT('',(17.7836462030948,40.6002563333335,
-37.6432861188318));
#42500=VERTEX_POINT('',#42490);
#42510=EDGE_CURVE('',#42420,#42500,#42480,.T.);
#42520=ORIENTED_EDGE('',*,*,#42510,.F.);
#42530=CARTESIAN_POINT('',(0.,40.6002563333335,-37.6432861188318));
#42540=DIRECTION('',(1.,0.,0.));
#42550=VECTOR('',#42540,1.);
#42560=LINE('',#42530,#42550);
#42570=CARTESIAN_POINT('',(19.9836462030947,40.6002563333335,
-37.6432861188318));
#42580=VERTEX_POINT('',#42570);
#42590=EDGE_CURVE('',#42500,#42580,#42560,.T.);
#42600=ORIENTED_EDGE('',*,*,#42590,.F.);
#42610=CARTESIAN_POINT('',(19.9836462030952,2.1316282072803E-14,
-37.6432861188318));
#42620=DIRECTION('',(-1.4210854715202E-14,1.,0.));
#42630=VECTOR('',#42620,1.);
#42640=LINE('',#42610,#42630);
#42650=EDGE_CURVE('',#42580,#32360,#42640,.T.);
#42660=ORIENTED_EDGE('',*,*,#42650,.F.);
#42670=ORIENTED_EDGE('',*,*,#32370,.T.);
#42680=EDGE_LOOP('',(#42670,#42660,#42600,#42520,#42440,#42360));
#42690=FACE_OUTER_BOUND('',#42680,.T.);
#42700=ADVANCED_FACE('',(#42690),#42280,.F.);
#42710=CARTESIAN_POINT('',(24.8836462030947,43.9502563333336,
-37.3932861188318));
#42720=DIRECTION('',(0.00872653549838815,-0.999961923064171,0.));
#42730=DIRECTION('',(-0.999961923064171,-0.00872653549838815,-0.));
#42740=AXIS2_PLACEMENT_3D('',#42710,#42720,#42730);
#42750=PLANE('',#42740);
#42760=CARTESIAN_POINT('',(29.8143615757786,43.9932860345049,
-39.479327355683));
#42770=DIRECTION('',(-0.999897370574939,-0.00872597215734906,
0.0113624701201671));
#42780=VECTOR('',#42770,1.);
#42790=LINE('',#42760,#42780);
#42800=CARTESIAN_POINT('',(24.8836462030947,43.9502563333336,
-39.4232964991752));
#42810=VERTEX_POINT('',#42800);
#42820=EDGE_CURVE('',#42810,#11600,#42790,.T.);
#42830=ORIENTED_EDGE('',*,*,#42820,.F.);
#42840=ORIENTED_EDGE('',*,*,#11610,.T.);
#42850=CARTESIAN_POINT('',(29.8187248435277,43.9933241121657,
-39.2263462822767));
#42860=DIRECTION('',(-0.99992385047757,-0.00872620324395843,
0.00872620324394422));
#42870=VECTOR('',#42860,1.);
#42880=LINE('',#42850,#42870);
#42890=CARTESIAN_POINT('',(24.8836462030947,43.9502563333336,
-39.1832785034446));
#42900=VERTEX_POINT('',#42890);
#42910=EDGE_CURVE('',#42900,#11520,#42880,.T.);
#42920=ORIENTED_EDGE('',*,*,#42910,.T.);
#42930=CARTESIAN_POINT('',(24.8836462030947,43.9502563333336,
-37.3932861188318));
#42940=DIRECTION('',(0.,0.,1.));
#42950=VECTOR('',#42940,1.);
#42960=LINE('',#42930,#42950);
#42970=EDGE_CURVE('',#42810,#42900,#42960,.T.);
#42980=ORIENTED_EDGE('',*,*,#42970,.T.);
#42990=EDGE_LOOP('',(#42980,#42920,#42840,#42830));
#43000=FACE_OUTER_BOUND('',#42990,.T.);
#43010=ADVANCED_FACE('',(#43000),#42750,.T.);
#43020=CARTESIAN_POINT('',(29.8169795364281,43.6932974575857,
-39.479327355683));
#43030=DIRECTION('',(-0.999897370574939,-0.00872597215734906,
0.0113624701201671));
#43040=DIRECTION('',(-0.0113629027288246,-1.61476559822299E-16,
-0.9999354401368));
#43050=AXIS2_PLACEMENT_3D('',#43020,#43030,#43040);
#43060=CYLINDRICAL_SURFACE('',#43050,0.3);
#43070=CARTESIAN_POINT('',(24.8836462030947,43.6502449098178,
-39.4232667496224));
#43080=DIRECTION('',(1.,1.4210854715202E-14,0.));
#43090=DIRECTION('',(-8.65554103571559E-15,0.609079552861543,
-0.79310913390654));
#43100=AXIS2_PLACEMENT_3D('',#43070,#43080,#43090);
#43110=ELLIPSE('',#43100,0.300030791987682,0.3);
#43120=EDGE_CURVE('',#41790,#42810,#43110,.T.);
#43130=ORIENTED_EDGE('',*,*,#43120,.T.);
#43140=ORIENTED_EDGE('',*,*,#41800,.F.);
#43150=ORIENTED_EDGE('',*,*,#11700,.T.);
#43160=ORIENTED_EDGE('',*,*,#42820,.T.);
#43170=EDGE_LOOP('',(#43160,#43150,#43140,#43130));
#43180=FACE_OUTER_BOUND('',#43170,.T.);
#43190=ADVANCED_FACE('',(#43180),#43060,.F.);
#43200=CARTESIAN_POINT('',(29.8169795364281,44.1933164967785,
-39.2263462822767));
#43210=DIRECTION('',(-0.99992385047757,-0.00872620324395843,
0.00872620324394422));
#43220=DIRECTION('',(0.00872653549838815,-0.999961923064171,0.));
#43230=AXIS2_PLACEMENT_3D('',#43200,#43210,#43220);
#43240=CYLINDRICAL_SURFACE('',#43230,0.2);
#43250=ORIENTED_EDGE('',*,*,#42910,.F.);
#43260=ORIENTED_EDGE('',*,*,#11530,.F.);
#43270=CARTESIAN_POINT('',(29.8187248435277,44.1933164967785,
-39.0263538976639));
#43280=DIRECTION('',(-0.99992385047757,-0.00872620324395843,
0.00872620324394422));
#43290=VECTOR('',#43280,1.);
#43300=LINE('',#43270,#43290);
#43310=CARTESIAN_POINT('',(24.8836462030947,44.1502487179464,
-38.9832861188318));
#43320=VERTEX_POINT('',#43310);
#43330=EDGE_CURVE('',#43320,#11430,#43300,.T.);
#43340=ORIENTED_EDGE('',*,*,#43330,.T.);
#43350=CARTESIAN_POINT('',(24.8836462030947,44.1502639490107,
-39.183293734509));
#43360=DIRECTION('',(1.,1.4210854715202E-14,0.));
#43370=DIRECTION('',(-1.00485917355797E-14,0.707106781186795,
-0.7071067811863));
#43380=AXIS2_PLACEMENT_3D('',#43350,#43360,#43370);
#43390=ELLIPSE('',#43380,0.200015231064324,0.2);
#43400=EDGE_CURVE('',#43320,#42900,#43390,.T.);
#43410=ORIENTED_EDGE('',*,*,#43400,.F.);
#43420=EDGE_LOOP('',(#43410,#43340,#43260,#43250));
#43430=FACE_OUTER_BOUND('',#43420,.T.);
#43440=ADVANCED_FACE('',(#43430),#43240,.T.);
#43450=CARTESIAN_POINT('',(24.8836462030947,43.776923,-38.9832861188318)
);
#43460=DIRECTION('',(0.00872653549837393,1.24011528134445E-16,
0.999961923064171));
#43470=DIRECTION('',(1.4210854715202E-14,-1.,-4.13041361561426E-32));
#43480=AXIS2_PLACEMENT_3D('',#43450,#43460,#43470);
#43490=PLANE('',#43480);
#43500=ORIENTED_EDGE('',*,*,#43330,.F.);
#43510=ORIENTED_EDGE('',*,*,#11440,.T.);
#43520=CARTESIAN_POINT('',(29.8152342293284,44.5433012654242,
-39.0263234355352));
#43530=DIRECTION('',(-0.99992385047757,-0.00872620324395843,
0.00872620324394422));
#43540=VECTOR('',#43530,1.);
#43550=LINE('',#43520,#43540);
#43560=CARTESIAN_POINT('',(24.8836462030947,44.5002639487207,
-38.9832861188318));
#43570=VERTEX_POINT('',#43560);
#43580=EDGE_CURVE('',#43570,#11350,#43550,.T.);
#43590=ORIENTED_EDGE('',*,*,#43580,.T.);
#43600=CARTESIAN_POINT('',(24.8836462030947,43.776923,-38.9832861188318)
);
#43610=DIRECTION('',(1.4210854715202E-14,-1.,-4.13057089509717E-32));
#43620=VECTOR('',#43610,1.);
#43630=LINE('',#43600,#43620);
#43640=EDGE_CURVE('',#43570,#43320,#43630,.T.);
#43650=ORIENTED_EDGE('',*,*,#43640,.F.);
#43660=EDGE_LOOP('',(#43650,#43590,#43510,#43500));
#43670=FACE_OUTER_BOUND('',#43660,.T.);
#43680=ADVANCED_FACE('',(#43670),#43490,.T.);
#43690=CARTESIAN_POINT('',(29.8169795364281,44.5433012654242,
-38.8263310509224));
#43700=DIRECTION('',(-0.99992385047757,-0.00872620324395843,
0.00872620324394422));
#43710=DIRECTION('',(0.00872653549838815,-0.999961923064171,0.));
#43720=AXIS2_PLACEMENT_3D('',#43690,#43700,#43710);
#43730=CYLINDRICAL_SURFACE('',#43720,0.2);
#43740=ORIENTED_EDGE('',*,*,#43580,.F.);
#43750=ORIENTED_EDGE('',*,*,#11360,.T.);
#43760=CARTESIAN_POINT('',(29.8152342293284,44.7432936500371,
-38.8263310509224));
#43770=DIRECTION('',(-0.99992385047757,-0.00872620324395843,
0.00872620324394422));
#43780=VECTOR('',#43770,1.);
#43790=LINE('',#43760,#43780);
#43800=CARTESIAN_POINT('',(24.8836462030947,44.7002563333336,
-38.783293734219));
#43810=VERTEX_POINT('',#43800);
#43820=EDGE_CURVE('',#43810,#11330,#43790,.T.);
#43830=ORIENTED_EDGE('',*,*,#43820,.T.);
#43840=CARTESIAN_POINT('',(24.8836462030947,44.5002487176564,
-38.7832785031547));
#43850=DIRECTION('',(-1.,-1.4210854715202E-14,0.));
#43860=DIRECTION('',(-1.00485917355797E-14,0.707106781186795,
-0.7071067811863));
#43870=AXIS2_PLACEMENT_3D('',#43840,#43850,#43860);
#43880=ELLIPSE('',#43870,0.200015231064324,0.2);
#43890=EDGE_CURVE('',#43810,#43570,#43880,.T.);
#43900=ORIENTED_EDGE('',*,*,#43890,.F.);
#43910=EDGE_LOOP('',(#43900,#43830,#43750,#43740));
#43920=FACE_OUTER_BOUND('',#43910,.T.);
#43930=ADVANCED_FACE('',(#43920),#43730,.F.);
#43940=CARTESIAN_POINT('',(18.1836462030948,43.0252563333335,
-38.6067416690317));
#43950=DIRECTION('',(-1.,-1.4210854715202E-14,0.));
#43960=DIRECTION('',(0.,0.,1.));
#43970=AXIS2_PLACEMENT_3D('',#43940,#43950,#43960);
#43980=PLANE('',#43970);
#43990=ORIENTED_EDGE('',*,*,#32520,.F.);
#44000=ORIENTED_EDGE('',*,*,#2260,.T.);
#44010=CARTESIAN_POINT('',(18.1836462030948,45.4502563333335,
-37.3932861188318));
#44020=DIRECTION('',(0.,0.,1.));
#44030=VECTOR('',#44020,1.);
#44040=LINE('',#44010,#44030);
#44050=CARTESIAN_POINT('',(18.1836462030948,45.4502563333335,
-37.8742262265076));
#44060=VERTEX_POINT('',#44050);
#44070=EDGE_CURVE('',#2190,#44060,#44040,.T.);
#44080=ORIENTED_EDGE('',*,*,#44070,.F.);
#44090=CARTESIAN_POINT('',(18.1836462030948,43.7769229999999,
-37.8742262265077));
#44100=DIRECTION('',(1.4210854715202E-14,-1.,-8.20464079523654E-15));
#44110=VECTOR('',#44100,1.);
#44120=LINE('',#44090,#44110);
#44130=EDGE_CURVE('',#44060,#40020,#44120,.T.);
#44140=ORIENTED_EDGE('',*,*,#44130,.F.);
#44150=ORIENTED_EDGE('',*,*,#40030,.F.);
#44160=ORIENTED_EDGE('',*,*,#35220,.F.);
#44170=CARTESIAN_POINT('',(18.1836462030948,45.4502563333335,
-37.3932861188318));
#44180=DIRECTION('',(0.,0.,-1.));
#44190=VECTOR('',#44180,1.);
#44200=LINE('',#44170,#44190);
#44210=CARTESIAN_POINT('',(18.1836462030948,45.4502563333335,
-35.1032861188318));
#44220=VERTEX_POINT('',#44210);
#44230=EDGE_CURVE('',#44220,#35210,#44200,.T.);
#44240=ORIENTED_EDGE('',*,*,#44230,.T.);
#44250=CARTESIAN_POINT('',(18.1836462030948,43.7769229999999,
-35.1032861188318));
#44260=DIRECTION('',(1.4210854715202E-14,-1.,0.));
#44270=VECTOR('',#44260,1.);
#44280=LINE('',#44250,#44270);
#44290=CARTESIAN_POINT('',(18.1836462030948,41.0002563333335,
-35.1032861188318));
#44300=VERTEX_POINT('',#44290);
#44310=EDGE_CURVE('',#44220,#44300,#44280,.T.);
#44320=ORIENTED_EDGE('',*,*,#44310,.F.);
#44330=CARTESIAN_POINT('',(18.1836462030948,41.0002563333335,
-37.3932861188318));
#44340=DIRECTION('',(0.,0.,1.));
#44350=VECTOR('',#44340,1.);
#44360=LINE('',#44330,#44350);
#44370=CARTESIAN_POINT('',(18.1836462030948,41.0002563333335,
-35.8032861188318));
#44380=VERTEX_POINT('',#44370);
#44390=EDGE_CURVE('',#44380,#44300,#44360,.T.);
#44400=ORIENTED_EDGE('',*,*,#44390,.T.);
#44410=CARTESIAN_POINT('',(18.1836462030948,43.7769229999999,
-35.8032861188318));
#44420=DIRECTION('',(-1.4210854715202E-14,1.,0.));
#44430=VECTOR('',#44420,1.);
#44440=LINE('',#44410,#44430);
#44450=CARTESIAN_POINT('',(18.1836462030948,42.7196716958009,
-35.8032861188318));
#44460=VERTEX_POINT('',#44450);
#44470=EDGE_CURVE('',#44380,#44460,#44440,.T.);
#44480=ORIENTED_EDGE('',*,*,#44470,.F.);
#44490=CARTESIAN_POINT('',(18.1836462030948,42.7196716958009,
-36.1232861188318));
#44500=DIRECTION('',(0.,0.,1.));
#44510=VECTOR('',#44500,1.);
#44520=LINE('',#44490,#44510);
#44530=CARTESIAN_POINT('',(18.1836462030948,42.7196716958009,
-36.4432861188318));
#44540=VERTEX_POINT('',#44530);
#44550=EDGE_CURVE('',#44540,#44460,#44520,.T.);
#44560=ORIENTED_EDGE('',*,*,#44550,.T.);
#44570=CARTESIAN_POINT('',(18.1836462030948,43.7769229999999,
-36.4432861188318));
#44580=DIRECTION('',(-1.4210854715202E-14,1.,0.));
#44590=VECTOR('',#44580,1.);
#44600=LINE('',#44570,#44590);
#44610=CARTESIAN_POINT('',(18.1836462030948,41.0002563333335,
-36.4432861188318));
#44620=VERTEX_POINT('',#44610);
#44630=EDGE_CURVE('',#44620,#44540,#44600,.T.);
#44640=ORIENTED_EDGE('',*,*,#44630,.T.);
#44650=CARTESIAN_POINT('',(18.1836462030948,41.0002563333335,
-37.3932861188318));
#44660=DIRECTION('',(0.,0.,-1.));
#44670=VECTOR('',#44660,1.);
#44680=LINE('',#44650,#44670);
#44690=EDGE_CURVE('',#44620,#38060,#44680,.T.);
#44700=ORIENTED_EDGE('',*,*,#44690,.F.);
#44710=ORIENTED_EDGE('',*,*,#38070,.T.);
#44720=CARTESIAN_POINT('',(18.1836462030948,41.3142246411302,
-37.3932861188318));
#44730=DIRECTION('',(0.,0.,-1.));
#44740=VECTOR('',#44730,1.);
#44750=LINE('',#44720,#44740);
#44760=EDGE_CURVE('',#37980,#42340,#44750,.T.);
#44770=ORIENTED_EDGE('',*,*,#44760,.F.);
#44780=ORIENTED_EDGE('',*,*,#42350,.T.);
#44790=ORIENTED_EDGE('',*,*,#32290,.F.);
#44800=ORIENTED_EDGE('',*,*,#36380,.T.);
#44810=CARTESIAN_POINT('',(18.1836462030948,42.7196716958009,
-38.6632861188318));
#44820=DIRECTION('',(0.,0.,-1.));
#44830=VECTOR('',#44820,1.);
#44840=LINE('',#44810,#44830);
#44850=CARTESIAN_POINT('',(18.1836462030948,42.7196716958009,
-38.9832861188318));
#44860=VERTEX_POINT('',#44850);
#44870=EDGE_CURVE('',#36310,#44860,#44840,.T.);
#44880=ORIENTED_EDGE('',*,*,#44870,.F.);
#44890=CARTESIAN_POINT('',(18.1836462030948,43.7769229999999,
-38.9832861188318));
#44900=DIRECTION('',(1.4210854715202E-14,-1.,0.));
#44910=VECTOR('',#44900,1.);
#44920=LINE('',#44890,#44910);
#44930=EDGE_CURVE('',#44860,#32510,#44920,.T.);
#44940=ORIENTED_EDGE('',*,*,#44930,.F.);
#44950=EDGE_LOOP('',(#44940,#44880,#44800,#44790,#44780,#44770,#44710,
#44700,#44640,#44560,#44480,#44400,#44320,#44240,#44160,#44150,#44140,
#44080,#44000,#43990));
#44960=FACE_OUTER_BOUND('',#44950,.T.);
#44970=ADVANCED_FACE('',(#44960),#43980,.T.);
#44980=CARTESIAN_POINT('',(24.8836462030947,44.7002563333336,
-37.3932861188318));
#44990=DIRECTION('',(-0.00872653549838815,0.999961923064171,0.));
#45000=DIRECTION('',(0.999961923064171,0.00872653549838815,0.));
#45010=AXIS2_PLACEMENT_3D('',#44980,#44990,#45000);
#45020=PLANE('',#45010);
#45030=CARTESIAN_POINT('',(24.8836462030947,44.7002563333336,
-37.3932861188318));
#45040=DIRECTION('',(0.,0.,1.));
#45050=VECTOR('',#45040,1.);
#45060=LINE('',#45030,#45050);
#45070=CARTESIAN_POINT('',(24.8836462030947,44.7002563333336,
-38.5432785034446));
#45080=VERTEX_POINT('',#45070);
#45090=EDGE_CURVE('',#43810,#45080,#45060,.T.);
#45100=ORIENTED_EDGE('',*,*,#45090,.T.);
#45110=ORIENTED_EDGE('',*,*,#43820,.F.);
#45120=ORIENTED_EDGE('',*,*,#12520,.F.);
#45130=CARTESIAN_POINT('',(29.8152342293284,44.7432936500371,
-38.5002411867412));
#45140=DIRECTION('',(0.99992385047757,0.00872620324395843,
0.00872620324394422));
#45150=VECTOR('',#45140,1.);
#45160=LINE('',#45130,#45150);
#45170=EDGE_CURVE('',#12450,#45080,#45160,.T.);
#45180=ORIENTED_EDGE('',*,*,#45170,.F.);
#45190=EDGE_LOOP('',(#45180,#45120,#45110,#45100));
#45200=FACE_OUTER_BOUND('',#45190,.T.);
#45210=ADVANCED_FACE('',(#45200),#45020,.F.);
#45220=CARTESIAN_POINT('',(29.8169795364281,43.6932974575857,
-37.8472448819806));
#45230=DIRECTION('',(0.999897370574939,0.00872597215734906,
0.0113624701201756));
#45240=DIRECTION('',(-0.0113629027288331,-1.6147655982242E-16,
0.9999354401368));
#45250=AXIS2_PLACEMENT_3D('',#45220,#45230,#45240);
#45260=CYLINDRICAL_SURFACE('',#45250,0.3);
#45270=ORIENTED_EDGE('',*,*,#40760,.T.);
#45280=ORIENTED_EDGE('',*,*,#12120,.T.);
#45290=CARTESIAN_POINT('',(29.8135706656094,43.6932974575857,
-37.5472642499396));
#45300=DIRECTION('',(0.999897370574939,0.00872597215734906,
0.0113624701201756));
#45310=VECTOR('',#45300,1.);
#45320=LINE('',#45290,#45310);
#45330=CARTESIAN_POINT('',(24.8836462030947,43.6502746585828,
-37.6032861188318));
#45340=VERTEX_POINT('',#45330);
#45350=EDGE_CURVE('',#12020,#45340,#45320,.T.);
#45360=ORIENTED_EDGE('',*,*,#45350,.F.);
#45370=CARTESIAN_POINT('',(24.8836462030947,43.6502449098178,
-37.9033054880412));
#45380=DIRECTION('',(1.,1.4210854715202E-14,0.));
#45390=DIRECTION('',(8.65554103570617E-15,-0.60907955286088,
-0.793109133907049));
#45400=AXIS2_PLACEMENT_3D('',#45370,#45380,#45390);
#45410=ELLIPSE('',#45400,0.300030791987682,0.3);
#45420=EDGE_CURVE('',#40750,#45340,#45410,.T.);
#45430=ORIENTED_EDGE('',*,*,#45420,.T.);
#45440=EDGE_LOOP('',(#45430,#45360,#45280,#45270));
#45450=FACE_OUTER_BOUND('',#45440,.T.);
#45460=ADVANCED_FACE('',(#45450),#45260,.F.);
#45470=CARTESIAN_POINT('',(21.8836462030946,42.5702563333339,
-38.3432861188318));
#45480=DIRECTION('',(0.,0.,-1.));
#45490=DIRECTION('',(1.,0.,0.));
#45500=AXIS2_PLACEMENT_3D('',#45470,#45480,#45490);
#45510=PLANE('',#45500);
#45520=CARTESIAN_POINT('',(23.3836462030946,42.2502563333339,
-38.3432861188318));
#45530=DIRECTION('',(-1.,0.,0.));
#45540=VECTOR('',#45530,1.);
#45550=LINE('',#45520,#45540);
#45560=EDGE_CURVE('',#39730,#12630,#45550,.T.);
#45570=ORIENTED_EDGE('',*,*,#45560,.F.);
#45580=ORIENTED_EDGE('',*,*,#12640,.T.);
#45590=ORIENTED_EDGE('',*,*,#38600,.F.);
#45600=ORIENTED_EDGE('',*,*,#39800,.F.);
#45610=EDGE_LOOP('',(#45600,#45590,#45580,#45570));
#45620=FACE_OUTER_BOUND('',#45610,.T.);
#45630=ADVANCED_FACE('',(#45620),#45510,.F.);
#45640=COLOUR_RGB('',1.,0.843137323856354,0.);
#45650=FILL_AREA_STYLE_COLOUR('',#45640);
#45660=FILL_AREA_STYLE('',(#45650));
#45670=SURFACE_STYLE_FILL_AREA(#45660);
#45680=SURFACE_SIDE_STYLE('',(#45670));
#45690=SURFACE_STYLE_USAGE(.BOTH.,#45680);
#45700=PRESENTATION_STYLE_ASSIGNMENT((#45690));
#45710=CARTESIAN_POINT('',(21.8836462030946,42.5702563333339,
-38.9832861188318));
#45720=DIRECTION('',(0.,0.,-1.));
#45730=DIRECTION('',(1.,0.,0.));
#45740=AXIS2_PLACEMENT_3D('',#45710,#45720,#45730);
#45750=PLANE('',#45740);
#45760=ORIENTED_EDGE('',*,*,#38670,.T.);
#45770=ORIENTED_EDGE('',*,*,#12800,.F.);
#45780=CARTESIAN_POINT('',(23.3836462030946,42.2502563333339,
-38.9832861188318));
#45790=DIRECTION('',(-1.,0.,0.));
#45800=VECTOR('',#45790,1.);
#45810=LINE('',#45780,#45800);
#45820=CARTESIAN_POINT('',(23.3836462030946,42.2502563333339,
-38.9832861188318));
#45830=VERTEX_POINT('',#45820);
#45840=EDGE_CURVE('',#45830,#12710,#45810,.T.);
#45850=ORIENTED_EDGE('',*,*,#45840,.T.);
#45860=CARTESIAN_POINT('',(23.3836462030946,42.4727563333339,
-38.9832861188318));
#45870=DIRECTION('',(0.,-1.,-0.));
#45880=VECTOR('',#45870,1.);
#45890=LINE('',#45860,#45880);
#45900=EDGE_CURVE('',#8510,#45830,#45890,.T.);
#45910=ORIENTED_EDGE('',*,*,#45900,.T.);
#45920=EDGE_LOOP('',(#45910,#45850,#45770,#45760));
#45930=FACE_OUTER_BOUND('',#45920,.T.);
#45940=ADVANCED_FACE('',(#45930),#45750,.T.);
#45950=COLOUR_RGB('',1.,0.843137323856354,0.);
#45960=FILL_AREA_STYLE_COLOUR('',#45950);
#45970=FILL_AREA_STYLE('',(#45960));
#45980=SURFACE_STYLE_FILL_AREA(#45970);
#45990=SURFACE_SIDE_STYLE('',(#45980));
#46000=SURFACE_STYLE_USAGE(.BOTH.,#45990);
#46010=PRESENTATION_STYLE_ASSIGNMENT((#46000));
#46020=CARTESIAN_POINT('',(23.6336462030946,42.4727563333339,
-38.8857861188318));
#46030=DIRECTION('',(0.363345276491644,0.,-0.931654555106779));
#46040=DIRECTION('',(0.931654555106779,0.,0.363345276491644));
#46050=AXIS2_PLACEMENT_3D('',#46020,#46030,#46040);
#46060=PLANE('',#46050);
#46070=CARTESIAN_POINT('',(21.8836462030946,41.6652563333339,
-39.5682861188318));
#46080=DIRECTION('',(-0.875644657040788,-0.341501416245907,
-0.341501416245907));
#46090=VECTOR('',#46080,1.);
#46100=LINE('',#46070,#46090);
#46110=CARTESIAN_POINT('',(23.8836462030946,42.4452563333339,
-38.7882861188318));
#46120=VERTEX_POINT('',#46110);
#46130=EDGE_CURVE('',#46120,#45830,#46100,.T.);
#46140=ORIENTED_EDGE('',*,*,#46130,.T.);
#46150=CARTESIAN_POINT('',(23.8836462030946,42.4727563333339,
-38.7882861188318));
#46160=DIRECTION('',(0.,-1.,-0.));
#46170=VECTOR('',#46160,1.);
#46180=LINE('',#46150,#46170);
#46190=EDGE_CURVE('',#8490,#46120,#46180,.T.);
#46200=ORIENTED_EDGE('',*,*,#46190,.T.);
#46210=ORIENTED_EDGE('',*,*,#8520,.F.);
#46220=ORIENTED_EDGE('',*,*,#45900,.F.);
#46230=EDGE_LOOP('',(#46220,#46210,#46200,#46140));
#46240=FACE_OUTER_BOUND('',#46230,.T.);
#46250=ADVANCED_FACE('',(#46240),#46060,.T.);
#46260=COLOUR_RGB('',1.,0.843137323856354,0.);
#46270=FILL_AREA_STYLE_COLOUR('',#46260);
#46280=FILL_AREA_STYLE('',(#46270));
#46290=SURFACE_STYLE_FILL_AREA(#46280);
#46300=SURFACE_SIDE_STYLE('',(#46290));
#46310=SURFACE_STYLE_USAGE(.BOTH.,#46300);
#46320=PRESENTATION_STYLE_ASSIGNMENT((#46310));
#46330=CARTESIAN_POINT('',(29.8169795364281,44.5433012654242,
-38.5002411867412));
#46340=DIRECTION('',(0.99992385047757,0.00872620324395843,
0.00872620324394422));
#46350=DIRECTION('',(-0.00872653549838815,0.999961923064171,0.));
#46360=AXIS2_PLACEMENT_3D('',#46330,#46340,#46350);
#46370=CYLINDRICAL_SURFACE('',#46360,0.2);
#46380=CARTESIAN_POINT('',(24.8836462030947,44.5002487176564,
-38.5432937345089));
#46390=DIRECTION('',(1.,1.4210854715202E-14,0.));
#46400=DIRECTION('',(1.00485917355797E-14,-0.707106781186795,
-0.7071067811863));
#46410=AXIS2_PLACEMENT_3D('',#46380,#46390,#46400);
#46420=ELLIPSE('',#46410,0.200015231064324,0.2);
#46430=EDGE_CURVE('',#45080,#33560,#46420,.T.);
#46440=ORIENTED_EDGE('',*,*,#46430,.T.);
#46450=ORIENTED_EDGE('',*,*,#45170,.T.);
#46460=ORIENTED_EDGE('',*,*,#12460,.T.);
#46470=ORIENTED_EDGE('',*,*,#33570,.F.);
#46480=EDGE_LOOP('',(#46470,#46460,#46450,#46440));
#46490=FACE_OUTER_BOUND('',#46480,.T.);
#46500=ADVANCED_FACE('',(#46490),#46370,.F.);
#46510=CARTESIAN_POINT('',(19.9836462030947,41.0002563333335,
-38.3432861188318));
#46520=DIRECTION('',(1.,1.4210854715202E-14,-0.));
#46530=DIRECTION('',(-1.4210854715202E-14,1.,0.));
#46540=AXIS2_PLACEMENT_3D('',#46510,#46520,#46530);
#46550=PLANE('',#46540);
#46560=ORIENTED_EDGE('',*,*,#1960,.F.);
#46570=ORIENTED_EDGE('',*,*,#32430,.T.);
#46580=ORIENTED_EDGE('',*,*,#42650,.T.);
#46590=CARTESIAN_POINT('',(19.9836462030947,40.6002563333335,
-32.3132861188318));
#46600=DIRECTION('',(0.,0.,1.));
#46610=VECTOR('',#46600,1.);
#46620=LINE('',#46590,#46610);
#46630=EDGE_CURVE('',#1950,#42580,#46620,.T.);
#46640=ORIENTED_EDGE('',*,*,#46630,.T.);
#46650=EDGE_LOOP('',(#46640,#46580,#46570,#46560));
#46660=FACE_OUTER_BOUND('',#46650,.T.);
#46670=ADVANCED_FACE('',(#46660),#46550,.F.);
#46680=CARTESIAN_POINT('',(22.6836462030948,42.2002563333335,
-39.9407861188318));
#46690=DIRECTION('',(-1.40883900352873E-14,1.,0.));
#46700=DIRECTION('',(-1.,-1.40883900352873E-14,0.));
#46710=AXIS2_PLACEMENT_3D('',#46680,#46690,#46700);
#46720=PLANE('',#46710);
#46730=ORIENTED_EDGE('',*,*,#8000,.F.);
#46740=CARTESIAN_POINT('',(22.6836462030948,42.2002563333335,
-37.3932861188318));
#46750=DIRECTION('',(0.,0.,-1.));
#46760=VECTOR('',#46750,1.);
#46770=LINE('',#46740,#46760);
#46780=EDGE_CURVE('',#41560,#7910,#46770,.T.);
#46790=ORIENTED_EDGE('',*,*,#46780,.T.);
#46800=ORIENTED_EDGE('',*,*,#41570,.F.);
#46810=CARTESIAN_POINT('',(23.0836462030948,42.2002563333335,
-37.3932861188318));
#46820=DIRECTION('',(0.,0.,1.));
#46830=VECTOR('',#46820,1.);
#46840=LINE('',#46810,#46830);
#46850=EDGE_CURVE('',#7990,#41480,#46840,.T.);
#46860=ORIENTED_EDGE('',*,*,#46850,.T.);
#46870=EDGE_LOOP('',(#46860,#46800,#46790,#46730));
#46880=FACE_OUTER_BOUND('',#46870,.T.);
#46890=ADVANCED_FACE('',(#46880),#46720,.F.);
#46900=CARTESIAN_POINT('',(22.6836462030948,41.9002563333335,
-37.3932861188318));
#46910=DIRECTION('',(0.,0.,-1.));
#46920=DIRECTION('',(-1.4210854715202E-14,1.,0.));
#46930=AXIS2_PLACEMENT_3D('',#46900,#46910,#46920);
#46940=CYLINDRICAL_SURFACE('',#46930,0.3);
#46950=ORIENTED_EDGE('',*,*,#7920,.T.);
#46960=ORIENTED_EDGE('',*,*,#13650,.T.);
#46970=ORIENTED_EDGE('',*,*,#41640,.T.);
#46980=ORIENTED_EDGE('',*,*,#46780,.F.);
#46990=EDGE_LOOP('',(#46980,#46970,#46960,#46950));
#47000=FACE_OUTER_BOUND('',#46990,.T.);
#47010=ADVANCED_FACE('',(#47000),#46940,.F.);
#47020=CARTESIAN_POINT('',(23.0836462030948,41.9002563333335,
-37.3932861188318));
#47030=DIRECTION('',(0.,0.,1.));
#47040=DIRECTION('',(1.4210854715202E-14,-1.,0.));
#47050=AXIS2_PLACEMENT_3D('',#47020,#47030,#47040);
#47060=CYLINDRICAL_SURFACE('',#47050,0.3);
#47070=ORIENTED_EDGE('',*,*,#41490,.T.);
#47080=ORIENTED_EDGE('',*,*,#41070,.T.);
#47090=ORIENTED_EDGE('',*,*,#8090,.F.);
#47100=ORIENTED_EDGE('',*,*,#46850,.F.);
#47110=EDGE_LOOP('',(#47100,#47090,#47080,#47070));
#47120=FACE_OUTER_BOUND('',#47110,.T.);
#47130=ADVANCED_FACE('',(#47120),#47060,.F.);
#47140=CARTESIAN_POINT('',(17.7836462030948,43.0252563333335,
-34.8532861188318));
#47150=DIRECTION('',(-1.,0.,0.));
#47160=DIRECTION('',(0.,0.,1.));
#47170=AXIS2_PLACEMENT_3D('',#47140,#47150,#47160);
#47180=PLANE('',#47170);
#47190=CARTESIAN_POINT('',(17.7836462030948,40.6002563333335,
-37.6432861188318));
#47200=DIRECTION('',(0.,0.,1.));
#47210=VECTOR('',#47200,1.);
#47220=LINE('',#47190,#47210);
#47230=EDGE_CURVE('',#42500,#37800,#47220,.T.);
#47240=ORIENTED_EDGE('',*,*,#47230,.T.);
#47250=ORIENTED_EDGE('',*,*,#42510,.T.);
#47260=CARTESIAN_POINT('',(17.7836462030948,41.3002563333335,
-32.3132861188318));
#47270=DIRECTION('',(0.,0.,-1.));
#47280=VECTOR('',#47270,1.);
#47290=LINE('',#47260,#47280);
#47300=EDGE_CURVE('',#37900,#42420,#47290,.T.);
#47310=ORIENTED_EDGE('',*,*,#47300,.T.);
#47320=ORIENTED_EDGE('',*,*,#37910,.T.);
#47330=EDGE_LOOP('',(#47320,#47310,#47250,#47240));
#47340=FACE_OUTER_BOUND('',#47330,.T.);
#47350=ADVANCED_FACE('',(#47340),#47180,.T.);
#47360=CARTESIAN_POINT('',(18.2011462030947,38.8502563333336,
-36.3457861188318));
#47370=DIRECTION('',(0.,-0.363345276491644,-0.931654555106779));
#47380=DIRECTION('',(0.,0.931654555106779,-0.363345276491644));
#47390=AXIS2_PLACEMENT_3D('',#47360,#47370,#47380);
#47400=PLANE('',#47390);
#47410=CARTESIAN_POINT('',(19.0086462030946,40.6002563333335,
-37.0282861188318));
#47420=DIRECTION('',(0.341501416245907,0.875644657040788,
-0.341501416245907));
#47430=VECTOR('',#47420,1.);
#47440=LINE('',#47410,#47430);
#47450=CARTESIAN_POINT('',(18.2286462030947,38.6002563333336,
-36.2482861188318));
#47460=VERTEX_POINT('',#47450);
#47470=CARTESIAN_POINT('',(18.4236462030947,39.1002563333336,
-36.4432861188318));
#47480=VERTEX_POINT('',#47470);
#47490=EDGE_CURVE('',#47460,#47480,#47440,.T.);
#47500=ORIENTED_EDGE('',*,*,#47490,.F.);
#47510=CARTESIAN_POINT('',(29.8169795364281,39.1002563333336,
-36.4432861188318));
#47520=DIRECTION('',(-1.,0.,0.));
#47530=VECTOR('',#47520,1.);
#47540=LINE('',#47510,#47530);
#47550=EDGE_CURVE('',#47480,#34360,#47540,.T.);
#47560=ORIENTED_EDGE('',*,*,#47550,.F.);
#47570=ORIENTED_EDGE('',*,*,#34370,.T.);
#47580=CARTESIAN_POINT('',(18.2011462030947,38.6002563333336,
-36.2482861188318));
#47590=DIRECTION('',(1.,0.,0.));
#47600=VECTOR('',#47590,1.);
#47610=LINE('',#47580,#47600);
#47620=EDGE_CURVE('',#34340,#47460,#47610,.T.);
#47630=ORIENTED_EDGE('',*,*,#47620,.F.);
#47640=EDGE_LOOP('',(#47630,#47570,#47560,#47500));
#47650=FACE_OUTER_BOUND('',#47640,.T.);
#47660=ADVANCED_FACE('',(#47650),#47400,.T.);
#47670=COLOUR_RGB('',1.,0.843137323856354,0.);
#47680=FILL_AREA_STYLE_COLOUR('',#47670);
#47690=FILL_AREA_STYLE('',(#47680));
#47700=SURFACE_STYLE_FILL_AREA(#47690);
#47710=SURFACE_SIDE_STYLE('',(#47700));
#47720=SURFACE_STYLE_USAGE(.BOTH.,#47710);
#47730=PRESENTATION_STYLE_ASSIGNMENT((#47720));
#47740=CARTESIAN_POINT('',(17.7836462030948,45.4502563333335,
-32.0632861188318));
#47750=DIRECTION('',(0.,1.,0.));
#47760=DIRECTION('',(0.,0.,1.));
#47770=AXIS2_PLACEMENT_3D('',#47740,#47750,#47760);
#47780=PLANE('',#47770);
#47790=ORIENTED_EDGE('',*,*,#35440,.T.);
#47800=CARTESIAN_POINT('',(17.7836462030948,45.4502563333335,
-37.3932861188318));
#47810=DIRECTION('',(0.,0.,1.));
#47820=VECTOR('',#47810,1.);
#47830=LINE('',#47800,#47820);
#47840=CARTESIAN_POINT('',(17.7836462030948,45.4502563333335,
-37.6432861188318));
#47850=VERTEX_POINT('',#47840);
#47860=EDGE_CURVE('',#47850,#35370,#47830,.T.);
#47870=ORIENTED_EDGE('',*,*,#47860,.T.);
#47880=CARTESIAN_POINT('',(2.38255681930002,45.4502563333335,
-28.7514630172844));
#47890=DIRECTION('',(0.866025403784439,0.,-0.5));
#47900=VECTOR('',#47890,1.);
#47910=LINE('',#47880,#47900);
#47920=EDGE_CURVE('',#47850,#44060,#47910,.T.);
#47930=ORIENTED_EDGE('',*,*,#47920,.F.);
#47940=ORIENTED_EDGE('',*,*,#44070,.T.);
#47950=ORIENTED_EDGE('',*,*,#2200,.F.);
#47960=ORIENTED_EDGE('',*,*,#5160,.F.);
#47970=ORIENTED_EDGE('',*,*,#610,.F.);
#47980=CARTESIAN_POINT('',(24.8836462030947,45.4502563333335,
-42.4732861188318));
#47990=DIRECTION('',(0.,0.,-1.));
#48000=VECTOR('',#47990,1.);
#48010=LINE('',#47980,#48000);
#48020=CARTESIAN_POINT('',(24.8836462030947,45.4502563333335,
-34.8032861188319));
#48030=VERTEX_POINT('',#48020);
#48040=EDGE_CURVE('',#48030,#600,#48010,.T.);
#48050=ORIENTED_EDGE('',*,*,#48040,.T.);
#48060=CARTESIAN_POINT('',(17.0696288030948,45.4502563333335,
-34.8032861188319));
#48070=DIRECTION('',(1.,9.17996256015724E-18,0.));
#48080=VECTOR('',#48070,1.);
#48090=LINE('',#48060,#48080);
#48100=CARTESIAN_POINT('',(17.7836462030948,45.4502563333335,
-34.8032861188319));
#48110=VERTEX_POINT('',#48100);
#48120=EDGE_CURVE('',#48110,#48030,#48090,.T.);
#48130=ORIENTED_EDGE('',*,*,#48120,.T.);
#48140=CARTESIAN_POINT('',(17.7836462030948,45.4502563333335,
-37.3932861188318));
#48150=DIRECTION('',(0.,0.,1.));
#48160=VECTOR('',#48150,1.);
#48170=LINE('',#48140,#48160);
#48180=CARTESIAN_POINT('',(17.7836462030948,45.4502563333335,
-35.1032861188318));
#48190=VERTEX_POINT('',#48180);
#48200=EDGE_CURVE('',#48190,#48110,#48170,.T.);
#48210=ORIENTED_EDGE('',*,*,#48200,.T.);
#48220=CARTESIAN_POINT('',(29.816979536428,45.4502563333335,
-35.1032861188318));
#48230=DIRECTION('',(-1.,0.,0.));
#48240=VECTOR('',#48230,1.);
#48250=LINE('',#48220,#48240);
#48260=EDGE_CURVE('',#44220,#48190,#48250,.T.);
#48270=ORIENTED_EDGE('',*,*,#48260,.T.);
#48280=ORIENTED_EDGE('',*,*,#44230,.F.);
#48290=EDGE_LOOP('',(#48280,#48270,#48210,#48130,#48050,#47970,#47960,
#47950,#47940,#47930,#47870,#47790));
#48300=FACE_OUTER_BOUND('',#48290,.T.);
#48310=ADVANCED_FACE('',(#48300),#47780,.T.);
#48320=CARTESIAN_POINT('',(18.3261462030947,38.8502563333336,
-36.1232861188318));
#48330=DIRECTION('',(0.931654555106779,-0.363345276491644,0.));
#48340=DIRECTION('',(0.363345276491644,0.931654555106779,0.));
#48350=AXIS2_PLACEMENT_3D('',#48320,#48330,#48340);
#48360=PLANE('',#48350);
#48370=CARTESIAN_POINT('',(19.0086462030946,40.6002563333335,
-35.2182861188318));
#48380=DIRECTION('',(-0.341501416245907,-0.875644657040788,
-0.341501416245907));
#48390=VECTOR('',#48380,1.);
#48400=LINE('',#48370,#48390);
#48410=CARTESIAN_POINT('',(18.4236462030947,39.1002563333336,
-35.8032861188318));
#48420=VERTEX_POINT('',#48410);
#48430=CARTESIAN_POINT('',(18.2286462030947,38.6002563333336,
-35.9982861188318));
#48440=VERTEX_POINT('',#48430);
#48450=EDGE_CURVE('',#48420,#48440,#48400,.T.);
#48460=ORIENTED_EDGE('',*,*,#48450,.T.);
#48470=CARTESIAN_POINT('',(18.4236462030947,39.1002563333336,
-37.3932861188318));
#48480=DIRECTION('',(0.,0.,-1.));
#48490=VECTOR('',#48480,1.);
#48500=LINE('',#48470,#48490);
#48510=EDGE_CURVE('',#48420,#47480,#48500,.T.);
#48520=ORIENTED_EDGE('',*,*,#48510,.F.);
#48530=ORIENTED_EDGE('',*,*,#47490,.T.);
#48540=CARTESIAN_POINT('',(18.2286462030947,38.6002563333336,
-36.1232861188318));
#48550=DIRECTION('',(0.,0.,1.));
#48560=VECTOR('',#48550,1.);
#48570=LINE('',#48540,#48560);
#48580=EDGE_CURVE('',#47460,#48440,#48570,.T.);
#48590=ORIENTED_EDGE('',*,*,#48580,.F.);
#48600=EDGE_LOOP('',(#48590,#48530,#48520,#48460));
#48610=FACE_OUTER_BOUND('',#48600,.T.);
#48620=ADVANCED_FACE('',(#48610),#48360,.T.);
#48630=COLOUR_RGB('',1.,0.843137323856354,0.);
#48640=FILL_AREA_STYLE_COLOUR('',#48630);
#48650=FILL_AREA_STYLE('',(#48640));
#48660=SURFACE_STYLE_FILL_AREA(#48650);
#48670=SURFACE_SIDE_STYLE('',(#48660));
#48680=SURFACE_STYLE_USAGE(.BOTH.,#48670);
#48690=PRESENTATION_STYLE_ASSIGNMENT((#48680));
#48700=CARTESIAN_POINT('',(17.7836462030948,43.0252563333335,
-34.8532861188318));
#48710=DIRECTION('',(-1.,0.,0.));
#48720=DIRECTION('',(0.,0.,1.));
#48730=AXIS2_PLACEMENT_3D('',#48700,#48710,#48720);
#48740=PLANE('',#48730);
#48750=ORIENTED_EDGE('',*,*,#35380,.T.);
#48760=ORIENTED_EDGE('',*,*,#40170,.T.);
#48770=CARTESIAN_POINT('',(17.7836462030948,43.7769229999999,
-37.6432861188318));
#48780=DIRECTION('',(0.,-1.,-0.));
#48790=VECTOR('',#48780,1.);
#48800=LINE('',#48770,#48790);
#48810=EDGE_CURVE('',#47850,#40100,#48800,.T.);
#48820=ORIENTED_EDGE('',*,*,#48810,.T.);
#48830=ORIENTED_EDGE('',*,*,#47860,.F.);
#48840=EDGE_LOOP('',(#48830,#48820,#48760,#48750));
#48850=FACE_OUTER_BOUND('',#48840,.T.);
#48860=ADVANCED_FACE('',(#48850),#48740,.T.);
#48870=CARTESIAN_POINT('',(21.1142706094608,41.1002563333336,
-46.2832861188318));
#48880=DIRECTION('',(0.,1.,0.));
#48890=DIRECTION('',(0.,0.,1.));
#48900=AXIS2_PLACEMENT_3D('',#48870,#48880,#48890);
#48910=PLANE('',#48900);
#48920=CARTESIAN_POINT('',(29.8169795364281,41.1002563333336,
-33.2632861188319));
#48930=DIRECTION('',(-1.,0.,0.));
#48940=VECTOR('',#48930,1.);
#48950=LINE('',#48920,#48940);
#48960=CARTESIAN_POINT('',(21.0165442973073,41.1002563333336,
-33.2632861188319));
#48970=VERTEX_POINT('',#48960);
#48980=CARTESIAN_POINT('',(20.2707481088822,41.1002563333336,
-33.2632861188319));
#48990=VERTEX_POINT('',#48980);
#49000=EDGE_CURVE('',#48970,#48990,#48950,.T.);
#49010=ORIENTED_EDGE('',*,*,#49000,.F.);
#49020=CARTESIAN_POINT('',(20.2707481088822,41.1002563333336,
-37.3932861188318));
#49030=DIRECTION('',(0.,0.,-1.));
#49040=VECTOR('',#49030,1.);
#49050=LINE('',#49020,#49040);
#49060=CARTESIAN_POINT('',(20.2707481088822,41.1002563333336,
-33.9032861188319));
#49070=VERTEX_POINT('',#49060);
#49080=EDGE_CURVE('',#48990,#49070,#49050,.T.);
#49090=ORIENTED_EDGE('',*,*,#49080,.F.);
#49100=CARTESIAN_POINT('',(29.8169795364281,41.1002563333336,
-33.9032861188319));
#49110=DIRECTION('',(-1.,0.,0.));
#49120=VECTOR('',#49110,1.);
#49130=LINE('',#49100,#49120);
#49140=CARTESIAN_POINT('',(21.0165442973072,41.1002563333336,
-33.9032861188319));
#49150=VERTEX_POINT('',#49140);
#49160=EDGE_CURVE('',#49150,#49070,#49130,.T.);
#49170=ORIENTED_EDGE('',*,*,#49160,.T.);
#49180=CARTESIAN_POINT('',(21.0165442973073,41.1002563333336,
-37.3932861188318));
#49190=DIRECTION('',(0.,0.,-1.));
#49200=VECTOR('',#49190,1.);
#49210=LINE('',#49180,#49200);
#49220=EDGE_CURVE('',#48970,#49150,#49210,.T.);
#49230=ORIENTED_EDGE('',*,*,#49220,.T.);
#49240=EDGE_LOOP('',(#49230,#49170,#49090,#49010));
#49250=FACE_BOUND('',#49240,.T.);
#49260=CARTESIAN_POINT('',(21.4836462030953,41.1002563333336,
-37.3932861188318));
#49270=DIRECTION('',(0.,0.,1.));
#49280=VECTOR('',#49270,1.);
#49290=LINE('',#49260,#49280);
#49300=CARTESIAN_POINT('',(21.4836462030953,41.1002563333336,
-34.6032861188319));
#49310=VERTEX_POINT('',#49300);
#49320=EDGE_CURVE('',#49310,#33220,#49290,.T.);
#49330=ORIENTED_EDGE('',*,*,#49320,.T.);
#49340=CARTESIAN_POINT('',(29.8169795364281,41.1002563333336,
-34.6032861188319));
#49350=DIRECTION('',(-1.,0.,0.));
#49360=VECTOR('',#49350,1.);
#49370=LINE('',#49340,#49360);
#49380=CARTESIAN_POINT('',(18.9336462030944,41.1002563333336,
-34.6032861188319));
#49390=VERTEX_POINT('',#49380);
#49400=EDGE_CURVE('',#49310,#49390,#49370,.T.);
#49410=ORIENTED_EDGE('',*,*,#49400,.F.);
#49420=CARTESIAN_POINT('',(18.9336462030944,41.1002563333336,
-37.3932861188318));
#49430=DIRECTION('',(0.,0.,1.));
#49440=VECTOR('',#49430,1.);
#49450=LINE('',#49420,#49440);
#49460=EDGE_CURVE('',#49390,#37490,#49450,.T.);
#49470=ORIENTED_EDGE('',*,*,#49460,.F.);
#49480=ORIENTED_EDGE('',*,*,#37650,.F.);
#49490=EDGE_LOOP('',(#49480,#49470,#49410,#49330));
#49500=FACE_OUTER_BOUND('',#49490,.T.);
#49510=ADVANCED_FACE('',(#49250,#49500),#48910,.F.);
#49520=CARTESIAN_POINT('',(17.8811462030947,38.8502563333335,
-38.7607861188318));
#49530=DIRECTION('',(-0.931654555106779,-0.363345276491644,-0.));
#49540=DIRECTION('',(-0.363345276491644,0.931654555106779,0.));
#49550=AXIS2_PLACEMENT_3D('',#49520,#49530,#49540);
#49560=PLANE('',#49550);
#49570=CARTESIAN_POINT('',(17.1986462030947,40.6002563333335,
-39.5682861188318));
#49580=DIRECTION('',(-0.341501416245907,0.875644657040788,
-0.341501416245907));
#49590=VECTOR('',#49580,1.);
#49600=LINE('',#49570,#49590);
#49610=CARTESIAN_POINT('',(17.9786462030947,38.6002563333335,
-38.7882861188318));
#49620=VERTEX_POINT('',#49610);
#49630=CARTESIAN_POINT('',(17.7836462030947,39.1002563333335,
-38.9832861188318));
#49640=VERTEX_POINT('',#49630);
#49650=EDGE_CURVE('',#49620,#49640,#49600,.T.);
#49660=ORIENTED_EDGE('',*,*,#49650,.F.);
#49670=CARTESIAN_POINT('',(17.7836462030947,39.1002563333335,
-37.3932861188318));
#49680=DIRECTION('',(0.,0.,1.));
#49690=VECTOR('',#49680,1.);
#49700=LINE('',#49670,#49690);
#49710=EDGE_CURVE('',#49640,#36140,#49700,.T.);
#49720=ORIENTED_EDGE('',*,*,#49710,.F.);
#49730=CARTESIAN_POINT('',(17.1986462030947,40.6002563333335,
-37.7582861188318));
#49740=DIRECTION('',(-0.341501416245907,0.875644657040788,
0.341501416245907));
#49750=VECTOR('',#49740,1.);
#49760=LINE('',#49730,#49750);
#49770=CARTESIAN_POINT('',(17.9786462030947,38.6002563333335,
-38.5382861188318));
#49780=VERTEX_POINT('',#49770);
#49790=EDGE_CURVE('',#49780,#36140,#49760,.T.);
#49800=ORIENTED_EDGE('',*,*,#49790,.T.);
#49810=CARTESIAN_POINT('',(17.9786462030947,38.6002563333335,
-38.7607861188318));
#49820=DIRECTION('',(0.,0.,-1.));
#49830=VECTOR('',#49820,1.);
#49840=LINE('',#49810,#49830);
#49850=EDGE_CURVE('',#49780,#49620,#49840,.T.);
#49860=ORIENTED_EDGE('',*,*,#49850,.F.);
#49870=EDGE_LOOP('',(#49860,#49800,#49720,#49660));
#49880=FACE_OUTER_BOUND('',#49870,.T.);
#49890=ADVANCED_FACE('',(#49880),#49560,.T.);
#49900=COLOUR_RGB('',1.,0.843137323856354,0.);
#49910=FILL_AREA_STYLE_COLOUR('',#49900);
#49920=FILL_AREA_STYLE('',(#49910));
#49930=SURFACE_STYLE_FILL_AREA(#49920);
#49940=SURFACE_SIDE_STYLE('',(#49930));
#49950=SURFACE_STYLE_USAGE(.BOTH.,#49940);
#49960=PRESENTATION_STYLE_ASSIGNMENT((#49950));
#49970=CARTESIAN_POINT('',(21.8836462030946,42.5702563333339,
-35.8032861188318));
#49980=DIRECTION('',(0.,0.,-1.));
#49990=DIRECTION('',(1.,0.,0.));
#50000=AXIS2_PLACEMENT_3D('',#49970,#49980,#49990);
#50010=PLANE('',#50000);
#50020=CARTESIAN_POINT('',(23.3836462030946,42.2502563333339,
-35.8032861188318));
#50030=DIRECTION('',(-1.,0.,0.));
#50040=VECTOR('',#50030,1.);
#50050=LINE('',#50020,#50040);
#50060=CARTESIAN_POINT('',(23.3836462030946,42.2502563333339,
-35.8032861188318));
#50070=VERTEX_POINT('',#50060);
#50080=CARTESIAN_POINT('',(20.4836462030948,42.2502563333339,
-35.8032861188318));
#50090=VERTEX_POINT('',#50080);
#50100=EDGE_CURVE('',#50070,#50090,#50050,.T.);
#50110=ORIENTED_EDGE('',*,*,#50100,.F.);
#50120=CARTESIAN_POINT('',(20.4836462030948,43.7769230000001,
-35.8032861188318));
#50130=DIRECTION('',(-1.4210854715202E-14,1.,0.));
#50140=VECTOR('',#50130,1.);
#50150=LINE('',#50120,#50140);
#50160=CARTESIAN_POINT('',(20.4836462030948,42.8902563333339,
-35.8032861188318));
#50170=VERTEX_POINT('',#50160);
#50180=EDGE_CURVE('',#50090,#50170,#50150,.T.);
#50190=ORIENTED_EDGE('',*,*,#50180,.F.);
#50200=CARTESIAN_POINT('',(18.7236462030947,42.8902563333339,
-35.8032861188318));
#50210=DIRECTION('',(1.,0.,0.));
#50220=VECTOR('',#50210,1.);
#50230=LINE('',#50200,#50220);
#50240=CARTESIAN_POINT('',(23.3836462030946,42.8902563333339,
-35.8032861188318));
#50250=VERTEX_POINT('',#50240);
#50260=EDGE_CURVE('',#50170,#50250,#50230,.T.);
#50270=ORIENTED_EDGE('',*,*,#50260,.F.);
#50280=CARTESIAN_POINT('',(23.3836462030946,42.5702563333339,
-35.8032861188318));
#50290=DIRECTION('',(0.,-1.,-0.));
#50300=VECTOR('',#50290,1.);
#50310=LINE('',#50280,#50300);
#50320=EDGE_CURVE('',#50250,#50070,#50310,.T.);
#50330=ORIENTED_EDGE('',*,*,#50320,.F.);
#50340=EDGE_LOOP('',(#50330,#50270,#50190,#50110));
#50350=FACE_OUTER_BOUND('',#50340,.T.);
#50360=ADVANCED_FACE('',(#50350),#50010,.F.);
#50370=COLOUR_RGB('',1.,0.843137323856354,0.);
#50380=FILL_AREA_STYLE_COLOUR('',#50370);
#50390=FILL_AREA_STYLE('',(#50380));
#50400=SURFACE_STYLE_FILL_AREA(#50390);
#50410=SURFACE_SIDE_STYLE('',(#50400));
#50420=SURFACE_STYLE_USAGE(.BOTH.,#50410);
#50430=PRESENTATION_STYLE_ASSIGNMENT((#50420));
#50440=CARTESIAN_POINT('',(22.78372616466,40.6002563333335,
-35.0871488465413));
#50450=DIRECTION('',(-0.0113629027288245,-1.61476559822297E-16,
0.9999354401368));
#50460=DIRECTION('',(0.9999354401368,1.42099372643656E-14,
0.0113629027288245));
#50470=AXIS2_PLACEMENT_3D('',#50440,#50450,#50460);
#50480=PLANE('',#50470);
#50490=CARTESIAN_POINT('',(29.8169795364281,41.1002563333336,
-35.0072255127712));
#50500=DIRECTION('',(0.9999354401368,1.4209987353464E-14,
0.0113629027288245));
#50510=VECTOR('',#50500,1.);
#50520=LINE('',#50490,#50510);
#50530=CARTESIAN_POINT('',(23.3836462030948,41.1002563333335,
-35.0803315733773));
#50540=VERTEX_POINT('',#50530);
#50550=CARTESIAN_POINT('',(24.8836462030948,41.1002563333335,
-35.0632861188318));
#50560=VERTEX_POINT('',#50550);
#50570=EDGE_CURVE('',#50540,#50560,#50520,.T.);
#50580=ORIENTED_EDGE('',*,*,#50570,.F.);
#50590=CARTESIAN_POINT('',(24.8836462030947,43.776923,-35.0632861188318)
);
#50600=DIRECTION('',(-1.4210854715202E-14,1.,0.));
#50610=VECTOR('',#50600,1.);
#50620=LINE('',#50590,#50610);
#50630=CARTESIAN_POINT('',(24.8836462030947,43.6502746585828,
-35.0632861188318));
#50640=VERTEX_POINT('',#50630);
#50650=EDGE_CURVE('',#50560,#50640,#50620,.T.);
#50660=ORIENTED_EDGE('',*,*,#50650,.F.);
#50670=CARTESIAN_POINT('',(29.8135706656094,43.6932974575856,
-35.0072642499396));
#50680=DIRECTION('',(-0.999897370574939,-0.00872597215734906,
-0.0113624701201671));
#50690=VECTOR('',#50680,1.);
#50700=LINE('',#50670,#50690);
#50710=CARTESIAN_POINT('',(20.4836462030948,43.6118764403034,
-35.1132861188318));
#50720=VERTEX_POINT('',#50710);
#50730=EDGE_CURVE('',#50640,#50720,#50700,.T.);
#50740=ORIENTED_EDGE('',*,*,#50730,.F.);
#50750=CARTESIAN_POINT('',(20.4836462030948,43.776923,-35.1132861188318)
);
#50760=DIRECTION('',(1.4210854715202E-14,-1.,4.13057089509717E-32));
#50770=VECTOR('',#50760,1.);
#50780=LINE('',#50750,#50770);
#50790=CARTESIAN_POINT('',(20.4836462030948,41.2386545516128,
-35.1132861188318));
#50800=VERTEX_POINT('',#50790);
#50810=EDGE_CURVE('',#50720,#50800,#50780,.T.);
#50820=ORIENTED_EDGE('',*,*,#50810,.F.);
#50830=CARTESIAN_POINT('',(29.8169795364281,41.1572037855659,
-35.0072255127712));
#50840=DIRECTION('',(-0.99989737057494,0.00872597215732064,
-0.0113624701201671));
#50850=VECTOR('',#50840,1.);
#50860=LINE('',#50830,#50850);
#50870=CARTESIAN_POINT('',(22.3836462030948,41.2220735028104,
-35.0916952097409));
#50880=VERTEX_POINT('',#50870);
#50890=EDGE_CURVE('',#50880,#50800,#50860,.T.);
#50900=ORIENTED_EDGE('',*,*,#50890,.T.);
#50910=CARTESIAN_POINT('',(22.3836462030947,43.776923,-35.0916952097409)
);
#50920=DIRECTION('',(1.4210854715202E-14,-1.,0.));
#50930=VECTOR('',#50920,1.);
#50940=LINE('',#50910,#50930);
#50950=CARTESIAN_POINT('',(22.3836462030948,41.9002563333335,
-35.0916952097409));
#50960=VERTEX_POINT('',#50950);
#50970=EDGE_CURVE('',#50960,#50880,#50940,.T.);
#50980=ORIENTED_EDGE('',*,*,#50970,.T.);
#50990=CARTESIAN_POINT('',(22.6836462030948,41.9002563333335,
-35.0882861188318));
#51000=DIRECTION('',(-0.0113629027288245,-1.61476559822297E-16,
0.9999354401368));
#51010=DIRECTION('',(0.9999354401368,1.42099372643656E-14,
0.0113629027288245));
#51020=AXIS2_PLACEMENT_3D('',#50990,#51000,#51010);
#51030=ELLIPSE('',#51020,0.300019369209434,0.3);
#51040=CARTESIAN_POINT('',(22.6836462030948,42.2002563333335,
-35.0882861188318));
#51050=VERTEX_POINT('',#51040);
#51060=EDGE_CURVE('',#51050,#50960,#51030,.T.);
#51070=ORIENTED_EDGE('',*,*,#51060,.T.);
#51080=CARTESIAN_POINT('',(29.8169795364281,42.2002563333336,
-35.0072255127712));
#51090=DIRECTION('',(-0.9999354401368,-1.18663759374193E-14,
-0.0113629027288245));
#51100=VECTOR('',#51090,1.);
#51110=LINE('',#51080,#51100);
#51120=CARTESIAN_POINT('',(23.0836462030948,42.2002563333335,
-35.0837406642864));
#51130=VERTEX_POINT('',#51120);
#51140=EDGE_CURVE('',#51130,#51050,#51110,.T.);
#51150=ORIENTED_EDGE('',*,*,#51140,.T.);
#51160=CARTESIAN_POINT('',(23.0836462030948,41.9002563333335,
-35.0837406642864));
#51170=DIRECTION('',(-0.0113629027288245,-1.61476559822297E-16,
0.9999354401368));
#51180=DIRECTION('',(0.9999354401368,1.42099372643656E-14,
0.0113629027288245));
#51190=AXIS2_PLACEMENT_3D('',#51160,#51170,#51180);
#51200=ELLIPSE('',#51190,0.300019369209434,0.3);
#51210=CARTESIAN_POINT('',(23.3836462030948,41.9002563333335,
-35.0803315733773));
#51220=VERTEX_POINT('',#51210);
#51230=EDGE_CURVE('',#51220,#51130,#51200,.T.);
#51240=ORIENTED_EDGE('',*,*,#51230,.T.);
#51250=CARTESIAN_POINT('',(23.3836462030947,43.7769230000001,
-35.0803315733773));
#51260=DIRECTION('',(1.4210854715202E-14,-1.,0.));
#51270=VECTOR('',#51260,1.);
#51280=LINE('',#51250,#51270);
#51290=EDGE_CURVE('',#51220,#50540,#51280,.T.);
#51300=ORIENTED_EDGE('',*,*,#51290,.F.);
#51310=EDGE_LOOP('',(#51300,#51240,#51150,#51070,#50980,#50900,#50820,
#50740,#50660,#50580));
#51320=FACE_OUTER_BOUND('',#51310,.T.);
#51330=ADVANCED_FACE('',(#51320),#50480,.F.);
#51340=CARTESIAN_POINT('',(25.6376486030948,40.6002563333334,
-34.6032861188319));
#51350=DIRECTION('',(0.,0.,-1.));
#51360=DIRECTION('',(0.,1.,0.));
#51370=AXIS2_PLACEMENT_3D('',#51340,#51350,#51360);
#51380=PLANE('',#51370);
#51390=CARTESIAN_POINT('',(21.7836462030953,43.776923,-34.6032861188319)
);
#51400=DIRECTION('',(0.,1.,0.));
#51410=VECTOR('',#51400,1.);
#51420=LINE('',#51390,#51410);
#51430=CARTESIAN_POINT('',(21.7836462030953,41.4002563333336,
-34.6032861188319));
#51440=VERTEX_POINT('',#51430);
#51450=CARTESIAN_POINT('',(21.7836462030953,44.3002563333335,
-34.6032861188319));
#51460=VERTEX_POINT('',#51450);
#51470=EDGE_CURVE('',#51440,#51460,#51420,.T.);
#51480=ORIENTED_EDGE('',*,*,#51470,.F.);
#51490=CARTESIAN_POINT('',(21.4836462030953,44.3002563333335,
-34.6032861188319));
#51500=DIRECTION('',(0.,0.,1.));
#51510=DIRECTION('',(1.4210854715202E-14,-1.,0.));
#51520=AXIS2_PLACEMENT_3D('',#51490,#51500,#51510);
#51530=CIRCLE('',#51520,0.3);
#51540=EDGE_CURVE('',#51460,#36920,#51530,.T.);
#51550=ORIENTED_EDGE('',*,*,#51540,.F.);
#51560=ORIENTED_EDGE('',*,*,#36930,.T.);
#51570=ORIENTED_EDGE('',*,*,#39070,.T.);
#51580=CARTESIAN_POINT('',(18.6336462030944,43.7769229999999,
-34.6032861188319));
#51590=DIRECTION('',(0.,-1.,-0.));
#51600=VECTOR('',#51590,1.);
#51610=LINE('',#51580,#51600);
#51620=CARTESIAN_POINT('',(18.6336462030944,41.4002563333336,
-34.6032861188319));
#51630=VERTEX_POINT('',#51620);
#51640=EDGE_CURVE('',#38990,#51630,#51610,.T.);
#51650=ORIENTED_EDGE('',*,*,#51640,.F.);
#51660=CARTESIAN_POINT('',(18.9336462030944,41.4002563333336,
-34.6032861188319));
#51670=DIRECTION('',(0.,0.,-1.));
#51680=DIRECTION('',(-1.4210854715202E-14,1.,0.));
#51690=AXIS2_PLACEMENT_3D('',#51660,#51670,#51680);
#51700=CIRCLE('',#51690,0.3);
#51710=EDGE_CURVE('',#49390,#51630,#51700,.T.);
#51720=ORIENTED_EDGE('',*,*,#51710,.T.);
#51730=ORIENTED_EDGE('',*,*,#49400,.T.);
#51740=CARTESIAN_POINT('',(21.4836462030953,41.4002563333336,
-34.6032861188319));
#51750=DIRECTION('',(0.,0.,-1.));
#51760=DIRECTION('',(-1.4210854715202E-14,1.,0.));
#51770=AXIS2_PLACEMENT_3D('',#51740,#51750,#51760);
#51780=CIRCLE('',#51770,0.3);
#51790=EDGE_CURVE('',#51440,#49310,#51780,.T.);
#51800=ORIENTED_EDGE('',*,*,#51790,.T.);
#51810=EDGE_LOOP('',(#51800,#51730,#51720,#51650,#51570,#51560,#51550,
#51480));
#51820=FACE_BOUND('',#51810,.T.);
#51830=CARTESIAN_POINT('',(29.8169795364281,40.8002563333336,
-34.6032861188319));
#51840=DIRECTION('',(-1.,-1.4210854715202E-14,0.));
#51850=VECTOR('',#51840,1.);
#51860=LINE('',#51830,#51850);
#51870=CARTESIAN_POINT('',(22.3836462030948,40.8002563333335,
-34.6032861188319));
#51880=VERTEX_POINT('',#51870);
#51890=CARTESIAN_POINT('',(17.7836462030948,40.8002563333334,
-34.6032861188319));
#51900=VERTEX_POINT('',#51890);
#51910=EDGE_CURVE('',#51880,#51900,#51860,.T.);
#51920=ORIENTED_EDGE('',*,*,#51910,.F.);
#51930=CARTESIAN_POINT('',(17.7836462030948,43.7769229999999,
-34.6032861188319));
#51940=DIRECTION('',(0.,1.,0.));
#51950=VECTOR('',#51940,1.);
#51960=LINE('',#51930,#51950);
#51970=CARTESIAN_POINT('',(17.7836462030948,45.2502563333334,
-34.6032861188319));
#51980=VERTEX_POINT('',#51970);
#51990=EDGE_CURVE('',#51900,#51980,#51960,.T.);
#52000=ORIENTED_EDGE('',*,*,#51990,.F.);
#52010=CARTESIAN_POINT('',(29.8169795364281,45.2502563333336,
-34.6032861188319));
#52020=DIRECTION('',(1.,1.4210854715202E-14,0.));
#52030=VECTOR('',#52020,1.);
#52040=LINE('',#52010,#52030);
#52050=CARTESIAN_POINT('',(24.8836462030947,45.2502563333336,
-34.6032861188319));
#52060=VERTEX_POINT('',#52050);
#52070=EDGE_CURVE('',#51980,#52060,#52040,.T.);
#52080=ORIENTED_EDGE('',*,*,#52070,.F.);
#52090=CARTESIAN_POINT('',(24.8836462030947,43.776923,-34.6032861188319)
);
#52100=DIRECTION('',(1.4210854715202E-14,-1.,0.));
#52110=VECTOR('',#52100,1.);
#52120=LINE('',#52090,#52110);
#52130=CARTESIAN_POINT('',(24.8836462030948,41.3002563333335,
-34.6032861188319));
#52140=VERTEX_POINT('',#52130);
#52150=EDGE_CURVE('',#52060,#52140,#52120,.T.);
#52160=ORIENTED_EDGE('',*,*,#52150,.F.);
#52170=CARTESIAN_POINT('',(29.8169795364281,41.3002563333336,
-34.6032861188319));
#52180=DIRECTION('',(1.,1.4210854715202E-14,0.));
#52190=VECTOR('',#52180,1.);
#52200=LINE('',#52170,#52190);
#52210=CARTESIAN_POINT('',(23.3836462030948,41.3002563333335,
-34.6032861188319));
#52220=VERTEX_POINT('',#52210);
#52230=EDGE_CURVE('',#52220,#52140,#52200,.T.);
#52240=ORIENTED_EDGE('',*,*,#52230,.T.);
#52250=CARTESIAN_POINT('',(23.3836462030947,43.776923,-34.6032861188319)
);
#52260=DIRECTION('',(-1.4210854715202E-14,1.,0.));
#52270=VECTOR('',#52260,1.);
#52280=LINE('',#52250,#52270);
#52290=CARTESIAN_POINT('',(23.3836462030948,41.9002563333335,
-34.6032861188319));
#52300=VERTEX_POINT('',#52290);
#52310=EDGE_CURVE('',#52220,#52300,#52280,.T.);
#52320=ORIENTED_EDGE('',*,*,#52310,.F.);
#52330=CARTESIAN_POINT('',(23.0836462030948,41.9002563333335,
-34.6032861188319));
#52340=DIRECTION('',(0.,0.,1.));
#52350=DIRECTION('',(-1.,0.,0.));
#52360=AXIS2_PLACEMENT_3D('',#52330,#52340,#52350);
#52370=CIRCLE('',#52360,0.3);
#52380=CARTESIAN_POINT('',(23.0836462030948,42.2002563333335,
-34.6032861188319));
#52390=VERTEX_POINT('',#52380);
#52400=EDGE_CURVE('',#52300,#52390,#52370,.T.);
#52410=ORIENTED_EDGE('',*,*,#52400,.F.);
#52420=CARTESIAN_POINT('',(29.8169795364281,42.2002563333336,
-34.6032861188319));
#52430=DIRECTION('',(1.,1.1867943986037E-14,0.));
#52440=VECTOR('',#52430,1.);
#52450=LINE('',#52420,#52440);
#52460=CARTESIAN_POINT('',(22.6836462030948,42.2002563333335,
-34.6032861188319));
#52470=VERTEX_POINT('',#52460);
#52480=EDGE_CURVE('',#52470,#52390,#52450,.T.);
#52490=ORIENTED_EDGE('',*,*,#52480,.T.);
#52500=CARTESIAN_POINT('',(22.6836462030948,41.9002563333335,
-34.6032861188319));
#52510=DIRECTION('',(0.,0.,-1.));
#52520=DIRECTION('',(1.,0.,0.));
#52530=AXIS2_PLACEMENT_3D('',#52500,#52510,#52520);
#52540=CIRCLE('',#52530,0.3);
#52550=CARTESIAN_POINT('',(22.3836462030948,41.9002563333335,
-34.6032861188319));
#52560=VERTEX_POINT('',#52550);
#52570=EDGE_CURVE('',#52560,#52470,#52540,.T.);
#52580=ORIENTED_EDGE('',*,*,#52570,.T.);
#52590=CARTESIAN_POINT('',(22.3836462030947,43.776923,-34.6032861188319)
);
#52600=DIRECTION('',(1.4210854715202E-14,-1.,0.));
#52610=VECTOR('',#52600,1.);
#52620=LINE('',#52590,#52610);
#52630=EDGE_CURVE('',#52560,#51880,#52620,.T.);
#52640=ORIENTED_EDGE('',*,*,#52630,.F.);
#52650=EDGE_LOOP('',(#52640,#52580,#52490,#52410,#52320,#52240,#52160,
#52080,#52000,#51920));
#52660=FACE_OUTER_BOUND('',#52650,.T.);
#52670=ADVANCED_FACE('mc_0.5-nnn-g-2.54-thr',(#51820,#52660),#51380,.F.)
;
#52680=CARTESIAN_POINT('',(18.3261462030947,38.8502563333335,
-38.6632861188318));
#52690=DIRECTION('',(0.931654555106779,-0.363345276491644,0.));
#52700=DIRECTION('',(0.363345276491644,0.931654555106779,0.));
#52710=AXIS2_PLACEMENT_3D('',#52680,#52690,#52700);
#52720=PLANE('',#52710);
#52730=CARTESIAN_POINT('',(19.0086462030946,40.6002563333335,
-37.7582861188318));
#52740=DIRECTION('',(-0.341501416245907,-0.875644657040788,
-0.341501416245907));
#52750=VECTOR('',#52740,1.);
#52760=LINE('',#52730,#52750);
#52770=CARTESIAN_POINT('',(18.2286462030947,38.6002563333335,
-38.5382861188318));
#52780=VERTEX_POINT('',#52770);
#52790=EDGE_CURVE('',#36060,#52780,#52760,.T.);
#52800=ORIENTED_EDGE('',*,*,#52790,.T.);
#52810=CARTESIAN_POINT('',(18.4236462030947,39.1002563333336,
-37.3932861188318));
#52820=DIRECTION('',(0.,0.,-1.));
#52830=VECTOR('',#52820,1.);
#52840=LINE('',#52810,#52830);
#52850=CARTESIAN_POINT('',(18.4236462030947,39.1002563333336,
-38.9832861188318));
#52860=VERTEX_POINT('',#52850);
#52870=EDGE_CURVE('',#36060,#52860,#52840,.T.);
#52880=ORIENTED_EDGE('',*,*,#52870,.F.);
#52890=CARTESIAN_POINT('',(19.0086462030946,40.6002563333335,
-39.5682861188318));
#52900=DIRECTION('',(0.341501416245907,0.875644657040788,
-0.341501416245907));
#52910=VECTOR('',#52900,1.);
#52920=LINE('',#52890,#52910);
#52930=CARTESIAN_POINT('',(18.2286462030947,38.6002563333335,
-38.7882861188318));
#52940=VERTEX_POINT('',#52930);
#52950=EDGE_CURVE('',#52940,#52860,#52920,.T.);
#52960=ORIENTED_EDGE('',*,*,#52950,.T.);
#52970=CARTESIAN_POINT('',(18.2286462030947,38.6002563333335,
-38.6632861188318));
#52980=DIRECTION('',(0.,0.,1.));
#52990=VECTOR('',#52980,1.);
#53000=LINE('',#52970,#52990);
#53010=EDGE_CURVE('',#52940,#52780,#53000,.T.);
#53020=ORIENTED_EDGE('',*,*,#53010,.F.);
#53030=EDGE_LOOP('',(#53020,#52960,#52880,#52800));
#53040=FACE_OUTER_BOUND('',#53030,.T.);
#53050=ADVANCED_FACE('',(#53040),#52720,.T.);
#53060=COLOUR_RGB('',1.,0.843137323856354,0.);
#53070=FILL_AREA_STYLE_COLOUR('',#53060);
#53080=FILL_AREA_STYLE('',(#53070));
#53090=SURFACE_STYLE_FILL_AREA(#53080);
#53100=SURFACE_SIDE_STYLE('',(#53090));
#53110=SURFACE_STYLE_USAGE(.BOTH.,#53100);
#53120=PRESENTATION_STYLE_ASSIGNMENT((#53110));
#53130=CARTESIAN_POINT('',(21.8836462030946,42.5702563333339,
-38.9832861188318));
#53140=DIRECTION('',(0.,0.,-1.));
#53150=DIRECTION('',(1.,0.,0.));
#53160=AXIS2_PLACEMENT_3D('',#53130,#53140,#53150);
#53170=PLANE('',#53160);
#53180=ORIENTED_EDGE('',*,*,#44930,.T.);
#53190=CARTESIAN_POINT('',(18.7236462030947,41.9502563333339,
-38.9832861188318));
#53200=DIRECTION('',(0.,0.,-1.));
#53210=DIRECTION('',(0.,1.,0.));
#53220=AXIS2_PLACEMENT_3D('',#53190,#53200,#53210);
#53230=CIRCLE('',#53220,0.94);
#53240=CARTESIAN_POINT('',(17.7836462030947,41.9502563333339,
-38.9832861188318));
#53250=VERTEX_POINT('',#53240);
#53260=EDGE_CURVE('',#53250,#44860,#53230,.T.);
#53270=ORIENTED_EDGE('',*,*,#53260,.T.);
#53280=CARTESIAN_POINT('',(17.7836462030947,43.7769229999999,
-38.9832861188318));
#53290=DIRECTION('',(0.,-1.,-0.));
#53300=VECTOR('',#53290,1.);
#53310=LINE('',#53280,#53300);
#53320=EDGE_CURVE('',#53250,#49640,#53310,.T.);
#53330=ORIENTED_EDGE('',*,*,#53320,.F.);
#53340=CARTESIAN_POINT('',(29.8169795364281,39.1002563333336,
-38.9832861188318));
#53350=DIRECTION('',(-1.,0.,0.));
#53360=VECTOR('',#53350,1.);
#53370=LINE('',#53340,#53360);
#53380=EDGE_CURVE('',#52860,#49640,#53370,.T.);
#53390=ORIENTED_EDGE('',*,*,#53380,.T.);
#53400=CARTESIAN_POINT('',(18.4236462030946,43.7769229999999,
-38.9832861188318));
#53410=DIRECTION('',(-1.4210854715202E-14,1.,0.));
#53420=VECTOR('',#53410,1.);
#53430=LINE('',#53400,#53420);
#53440=EDGE_CURVE('',#52860,#32590,#53430,.T.);
#53450=ORIENTED_EDGE('',*,*,#53440,.F.);
#53460=ORIENTED_EDGE('',*,*,#32600,.T.);
#53470=EDGE_LOOP('',(#53460,#53450,#53390,#53330,#53270,#53180));
#53480=FACE_OUTER_BOUND('',#53470,.T.);
#53490=ADVANCED_FACE('',(#53480),#53170,.T.);
#53500=COLOUR_RGB('',1.,0.843137323856354,0.);
#53510=FILL_AREA_STYLE_COLOUR('',#53500);
#53520=FILL_AREA_STYLE('',(#53510));
#53530=SURFACE_STYLE_FILL_AREA(#53520);
#53540=SURFACE_SIDE_STYLE('',(#53530));
#53550=SURFACE_STYLE_USAGE(.BOTH.,#53540);
#53560=PRESENTATION_STYLE_ASSIGNMENT((#53550));
#53570=CARTESIAN_POINT('',(24.8836462030947,43.776923,-35.8032861188318)
);
#53580=DIRECTION('',(-0.00872653549837393,-1.24011528134445E-16,
0.999961923064171));
#53590=DIRECTION('',(1.4210854715202E-14,-1.,4.13041361561426E-32));
#53600=AXIS2_PLACEMENT_3D('',#53570,#53580,#53590);
#53610=PLANE('',#53600);
#53620=CARTESIAN_POINT('',(24.8836462030947,43.776923,-35.8032861188318)
);
#53630=DIRECTION('',(1.4210854715202E-14,-1.,4.13057089509717E-32));
#53640=VECTOR('',#53630,1.);
#53650=LINE('',#53620,#53640);
#53660=CARTESIAN_POINT('',(24.8836462030947,44.5002639487207,
-35.8032861188318));
#53670=VERTEX_POINT('',#53660);
#53680=CARTESIAN_POINT('',(24.8836462030947,44.1502487179464,
-35.8032861188318));
#53690=VERTEX_POINT('',#53680);
#53700=EDGE_CURVE('',#53670,#53690,#53650,.T.);
#53710=ORIENTED_EDGE('',*,*,#53700,.T.);
#53720=CARTESIAN_POINT('',(29.8152342293284,44.5433012654242,
-35.7602488021284));
#53730=DIRECTION('',(-0.99992385047757,-0.00872620324395843,
-0.00872620324394422));
#53740=VECTOR('',#53730,1.);
#53750=LINE('',#53720,#53740);
#53760=CARTESIAN_POINT('',(20.4836462030948,44.4618657304413,
-35.8416843371112));
#53770=VERTEX_POINT('',#53760);
#53780=EDGE_CURVE('',#53670,#53770,#53750,.T.);
#53790=ORIENTED_EDGE('',*,*,#53780,.F.);
#53800=CARTESIAN_POINT('',(20.4836462030948,43.776923,-35.8416843371112)
);
#53810=DIRECTION('',(1.4210854715202E-14,-1.,4.13057089509717E-32));
#53820=VECTOR('',#53810,1.);
#53830=LINE('',#53800,#53820);
#53840=CARTESIAN_POINT('',(20.4836462030948,44.111850499667,
-35.8416843371112));
#53850=VERTEX_POINT('',#53840);
#53860=EDGE_CURVE('',#53770,#53850,#53830,.T.);
#53870=ORIENTED_EDGE('',*,*,#53860,.F.);
#53880=CARTESIAN_POINT('',(29.8187248435277,44.1933164967785,
-35.7602183399998));
#53890=DIRECTION('',(-0.99992385047757,-0.00872620324395843,
-0.00872620324394422));
#53900=VECTOR('',#53890,1.);
#53910=LINE('',#53880,#53900);
#53920=EDGE_CURVE('',#53690,#53850,#53910,.T.);
#53930=ORIENTED_EDGE('',*,*,#53920,.T.);
#53940=EDGE_LOOP('',(#53930,#53870,#53790,#53710));
#53950=FACE_OUTER_BOUND('',#53940,.T.);
#53960=ADVANCED_FACE('',(#53950),#53610,.F.);
#53970=CARTESIAN_POINT('',(20.4836462030948,44.7035896666662,
-37.3932861188318));
#53980=DIRECTION('',(1.,1.4210854715202E-14,-0.));
#53990=DIRECTION('',(-1.4210854715202E-14,1.,0.));
#54000=AXIS2_PLACEMENT_3D('',#53970,#53980,#53990);
#54010=PLANE('',#54000);
#54020=ORIENTED_EDGE('',*,*,#50810,.T.);
#54030=CARTESIAN_POINT('',(20.4836462030948,43.6118466915384,
-35.4133054880412));
#54040=DIRECTION('',(1.,1.4210854715202E-14,0.));
#54050=DIRECTION('',(-8.65554103571559E-15,0.609079552861543,
0.79310913390654));
#54060=AXIS2_PLACEMENT_3D('',#54030,#54040,#54050);
#54070=ELLIPSE('',#54060,0.300030791987682,0.3);
#54080=CARTESIAN_POINT('',(20.4836462030948,43.9118581150542,
-35.4132757384884));
#54090=VERTEX_POINT('',#54080);
#54100=EDGE_CURVE('',#54090,#50720,#54070,.T.);
#54110=ORIENTED_EDGE('',*,*,#54100,.T.);
#54120=CARTESIAN_POINT('',(20.4836462030948,43.9118581150542,
-42.4732861188318));
#54130=DIRECTION('',(0.,0.,1.));
#54140=VECTOR('',#54130,1.);
#54150=LINE('',#54120,#54140);
#54160=CARTESIAN_POINT('',(20.4836462030948,43.9118581150542,
-35.6416919524983));
#54170=VERTEX_POINT('',#54160);
#54180=EDGE_CURVE('',#54170,#54090,#54150,.T.);
#54190=ORIENTED_EDGE('',*,*,#54180,.T.);
#54200=CARTESIAN_POINT('',(20.4836462030948,44.1118657307313,
-35.641676721434));
#54210=DIRECTION('',(1.,1.4210854715202E-14,0.));
#54220=DIRECTION('',(-1.00485917355726E-14,0.7071067811863,
0.707106781186795));
#54230=AXIS2_PLACEMENT_3D('',#54200,#54210,#54220);
#54240=ELLIPSE('',#54230,0.200015231064324,0.2);
#54250=EDGE_CURVE('',#54170,#53850,#54240,.T.);
#54260=ORIENTED_EDGE('',*,*,#54250,.F.);
#54270=ORIENTED_EDGE('',*,*,#53860,.T.);
#54280=CARTESIAN_POINT('',(20.4836462030948,44.461850499377,
-36.0416919527883));
#54290=DIRECTION('',(1.,1.4210854715202E-14,0.));
#54300=DIRECTION('',(-1.00485917355726E-14,0.7071067811863,
0.707106781186795));
#54310=AXIS2_PLACEMENT_3D('',#54280,#54290,#54300);
#54320=ELLIPSE('',#54310,0.200015231064324,0.2);
#54330=CARTESIAN_POINT('',(20.4836462030948,44.6618581150541,
-36.041676721724));
#54340=VERTEX_POINT('',#54330);
#54350=EDGE_CURVE('',#54340,#53770,#54320,.T.);
#54360=ORIENTED_EDGE('',*,*,#54350,.T.);
#54370=CARTESIAN_POINT('',(20.4836462030948,44.6618581150541,
-37.3932861188318));
#54380=DIRECTION('',(0.,0.,-1.));
#54390=VECTOR('',#54380,1.);
#54400=LINE('',#54370,#54390);
#54410=CARTESIAN_POINT('',(20.4836462030948,44.6618581150542,
-36.2048955159396));
#54420=VERTEX_POINT('',#54410);
#54430=EDGE_CURVE('',#54340,#54420,#54400,.T.);
#54440=ORIENTED_EDGE('',*,*,#54430,.F.);
#54450=CARTESIAN_POINT('',(20.4836462030948,44.461850499377,
-36.2048802848753));
#54460=DIRECTION('',(1.,1.4210854715202E-14,0.));
#54470=DIRECTION('',(-1.00485917355726E-14,0.7071067811863,
-0.707106781186795));
#54480=AXIS2_PLACEMENT_3D('',#54450,#54460,#54470);
#54490=ELLIPSE('',#54480,0.200015231064324,0.2);
#54500=CARTESIAN_POINT('',(20.4836462030948,44.4618657304413,
-36.4048879005525));
#54510=VERTEX_POINT('',#54500);
#54520=EDGE_CURVE('',#54510,#54420,#54490,.T.);
#54530=ORIENTED_EDGE('',*,*,#54520,.T.);
#54540=CARTESIAN_POINT('',(20.4836462030948,43.776923,-36.4048879005525)
);
#54550=DIRECTION('',(1.4210854715202E-14,-1.,-4.13057089509717E-32));
#54560=VECTOR('',#54550,1.);
#54570=LINE('',#54540,#54560);
#54580=CARTESIAN_POINT('',(20.4836462030948,44.111850499667,
-36.4048879005525));
#54590=VERTEX_POINT('',#54580);
#54600=EDGE_CURVE('',#54510,#54590,#54570,.T.);
#54610=ORIENTED_EDGE('',*,*,#54600,.F.);
#54620=CARTESIAN_POINT('',(20.4836462030948,44.1118657307313,
-36.6048955162296));
#54630=DIRECTION('',(1.,1.4210854715202E-14,0.));
#54640=DIRECTION('',(-1.00485917355726E-14,0.7071067811863,
-0.707106781186795));
#54650=AXIS2_PLACEMENT_3D('',#54620,#54630,#54640);
#54660=ELLIPSE('',#54650,0.200015231064324,0.2);
#54670=CARTESIAN_POINT('',(20.4836462030948,43.9118581150542,
-36.6048802851653));
#54680=VERTEX_POINT('',#54670);
#54690=EDGE_CURVE('',#54590,#54680,#54660,.T.);
#54700=ORIENTED_EDGE('',*,*,#54690,.F.);
#54710=CARTESIAN_POINT('',(20.4836462030948,43.9118581150542,
-37.3932861188318));
#54720=DIRECTION('',(0.,0.,1.));
#54730=VECTOR('',#54720,1.);
#54740=LINE('',#54710,#54730);
#54750=CARTESIAN_POINT('',(20.4836462030948,43.9118581150542,
-36.8332964991752));
#54760=VERTEX_POINT('',#54750);
#54770=EDGE_CURVE('',#54760,#54680,#54740,.T.);
#54780=ORIENTED_EDGE('',*,*,#54770,.T.);
#54790=CARTESIAN_POINT('',(20.4836462030948,43.6118466915384,
-36.8332667496224));
#54800=DIRECTION('',(1.,1.4210854715202E-14,0.));
#54810=DIRECTION('',(8.65554103571559E-15,-0.609079552861543,
0.79310913390654));
#54820=AXIS2_PLACEMENT_3D('',#54790,#54800,#54810);
#54830=ELLIPSE('',#54820,0.300030791987682,0.3);
#54840=CARTESIAN_POINT('',(20.4836462030948,43.6118764403034,
-37.1332861188318));
#54850=VERTEX_POINT('',#54840);
#54860=EDGE_CURVE('',#54850,#54760,#54830,.T.);
#54870=ORIENTED_EDGE('',*,*,#54860,.T.);
#54880=CARTESIAN_POINT('',(20.4836462030948,43.776923,-37.1332861188318)
);
#54890=DIRECTION('',(1.4210854715202E-14,-1.,-4.13057089509717E-32));
#54900=VECTOR('',#54890,1.);
#54910=LINE('',#54880,#54900);
#54920=CARTESIAN_POINT('',(20.4836462030948,41.5386362263636,
-37.1332861188318));
#54930=VERTEX_POINT('',#54920);
#54940=EDGE_CURVE('',#54850,#54930,#54910,.T.);
#54950=ORIENTED_EDGE('',*,*,#54940,.F.);
#54960=CARTESIAN_POINT('',(20.4836462030948,41.5386659751286,
-36.8332667496224));
#54970=DIRECTION('',(1.,1.4210854715202E-14,0.));
#54980=DIRECTION('',(-8.65554103571559E-15,0.609079552861543,
0.79310913390654));
#54990=AXIS2_PLACEMENT_3D('',#54960,#54970,#54980);
#55000=ELLIPSE('',#54990,0.300030791987682,0.3);
#55010=CARTESIAN_POINT('',(20.4836462030948,41.2386545516128,
-36.8332964991752));
#55020=VERTEX_POINT('',#55010);
#55030=EDGE_CURVE('',#55020,#54930,#55000,.T.);
#55040=ORIENTED_EDGE('',*,*,#55030,.T.);
#55050=CARTESIAN_POINT('',(20.4836462030948,41.2386545516128,
-42.4732861188318));
#55060=DIRECTION('',(0.,0.,-1.));
#55070=VECTOR('',#55060,1.);
#55080=LINE('',#55050,#55070);
#55090=EDGE_CURVE('',#50800,#55020,#55080,.T.);
#55100=ORIENTED_EDGE('',*,*,#55090,.T.);
#55110=EDGE_LOOP('',(#55100,#55040,#54950,#54870,#54780,#54700,#54610,
#54530,#54440,#54360,#54270,#54260,#54190,#54110,#54020));
#55120=FACE_OUTER_BOUND('',#55110,.T.);
#55130=CARTESIAN_POINT('',(20.4836462030948,43.776923,-36.4432861188318)
);
#55140=DIRECTION('',(-1.4210854715202E-14,1.,0.));
#55150=VECTOR('',#55140,1.);
#55160=LINE('',#55130,#55150);
#55170=CARTESIAN_POINT('',(20.4836462030948,42.2502563333339,
-36.4432861188318));
#55180=VERTEX_POINT('',#55170);
#55190=CARTESIAN_POINT('',(20.4836462030948,42.8902563333339,
-36.4432861188318));
#55200=VERTEX_POINT('',#55190);
#55210=EDGE_CURVE('',#55180,#55200,#55160,.T.);
#55220=ORIENTED_EDGE('',*,*,#55210,.F.);
#55230=CARTESIAN_POINT('',(20.4836462030948,42.8902563333339,
-37.3932861188318));
#55240=DIRECTION('',(0.,0.,-1.));
#55250=VECTOR('',#55240,1.);
#55260=LINE('',#55230,#55250);
#55270=EDGE_CURVE('',#50170,#55200,#55260,.T.);
#55280=ORIENTED_EDGE('',*,*,#55270,.T.);
#55290=ORIENTED_EDGE('',*,*,#50180,.T.);
#55300=CARTESIAN_POINT('',(20.4836462030948,42.2502563333339,
-37.3932861188318));
#55310=DIRECTION('',(0.,0.,1.));
#55320=VECTOR('',#55310,1.);
#55330=LINE('',#55300,#55320);
#55340=EDGE_CURVE('',#55180,#50090,#55330,.T.);
#55350=ORIENTED_EDGE('',*,*,#55340,.T.);
#55360=EDGE_LOOP('',(#55350,#55290,#55280,#55220));
#55370=FACE_BOUND('',#55360,.T.);
#55380=ADVANCED_FACE('',(#55120,#55370),#54010,.T.);
#55390=CARTESIAN_POINT('',(19.9836462030947,41.0002563333335,
-36.4432861188318));
#55400=DIRECTION('',(-1.,-1.4210854715202E-14,-0.));
#55410=DIRECTION('',(-1.4210854715202E-14,1.,0.));
#55420=AXIS2_PLACEMENT_3D('',#55390,#55400,#55410);
#55430=PLANE('',#55420);
#55440=ORIENTED_EDGE('',*,*,#38210,.F.);
#55450=CARTESIAN_POINT('',(19.9836462030947,41.0002563333335,
-63.8665722376636));
#55460=DIRECTION('',(0.,0.,1.));
#55470=VECTOR('',#55460,1.);
#55480=LINE('',#55450,#55470);
#55490=CARTESIAN_POINT('',(19.9836462030947,41.0002563333335,
-35.1032861188318));
#55500=VERTEX_POINT('',#55490);
#55510=EDGE_CURVE('',#38140,#55500,#55480,.T.);
#55520=ORIENTED_EDGE('',*,*,#55510,.F.);
#55530=CARTESIAN_POINT('',(19.9836462030952,1.4210854715202E-14,
-35.1032861188318));
#55540=DIRECTION('',(-1.4210854715202E-14,1.,0.));
#55550=VECTOR('',#55540,1.);
#55560=LINE('',#55530,#55550);
#55570=CARTESIAN_POINT('',(19.9836462030947,40.6002563333335,
-35.1032861188318));
#55580=VERTEX_POINT('',#55570);
#55590=EDGE_CURVE('',#55580,#55500,#55560,.T.);
#55600=ORIENTED_EDGE('',*,*,#55590,.T.);
#55610=CARTESIAN_POINT('',(19.9836462030947,40.6002563333335,
-42.4732861188318));
#55620=DIRECTION('',(0.,0.,-1.));
#55630=VECTOR('',#55620,1.);
#55640=LINE('',#55610,#55630);
#55650=EDGE_CURVE('',#55580,#37820,#55640,.T.);
#55660=ORIENTED_EDGE('',*,*,#55650,.F.);
#55670=EDGE_LOOP('',(#55660,#55600,#55520,#55440));
#55680=FACE_OUTER_BOUND('',#55670,.T.);
#55690=ADVANCED_FACE('',(#55680),#55430,.T.);
#55700=CARTESIAN_POINT('',(23.6336462030946,42.3477563333339,
-36.0257861188318));
#55710=DIRECTION('',(-0.363345276491644,0.931654555106779,0.));
#55720=DIRECTION('',(-0.931654555106779,-0.363345276491644,-0.));
#55730=AXIS2_PLACEMENT_3D('',#55700,#55710,#55720);
#55740=PLANE('',#55730);
#55750=CARTESIAN_POINT('',(21.8836462030946,41.6652563333339,
-37.0282861188318));
#55760=DIRECTION('',(-0.875644657040788,-0.341501416245907,
-0.341501416245907));
#55770=VECTOR('',#55760,1.);
#55780=LINE('',#55750,#55770);
#55790=CARTESIAN_POINT('',(23.8836462030946,42.4452563333339,
-36.2482861188318));
#55800=VERTEX_POINT('',#55790);
#55810=CARTESIAN_POINT('',(23.3836462030946,42.2502563333339,
-36.4432861188318));
#55820=VERTEX_POINT('',#55810);
#55830=EDGE_CURVE('',#55800,#55820,#55780,.T.);
#55840=ORIENTED_EDGE('',*,*,#55830,.F.);
#55850=CARTESIAN_POINT('',(23.3836462030946,42.2502563333339,
-36.0257861188318));
#55860=DIRECTION('',(0.,0.,1.));
#55870=VECTOR('',#55860,1.);
#55880=LINE('',#55850,#55870);
#55890=EDGE_CURVE('',#55820,#50070,#55880,.T.);
#55900=ORIENTED_EDGE('',*,*,#55890,.F.);
#55910=CARTESIAN_POINT('',(21.8836462030946,41.6652563333339,
-35.2182861188318));
#55920=DIRECTION('',(0.875644657040788,0.341501416245907,
-0.341501416245907));
#55930=VECTOR('',#55920,1.);
#55940=LINE('',#55910,#55930);
#55950=CARTESIAN_POINT('',(23.8836462030946,42.4452563333339,
-35.9982861188318));
#55960=VERTEX_POINT('',#55950);
#55970=EDGE_CURVE('',#50070,#55960,#55940,.T.);
#55980=ORIENTED_EDGE('',*,*,#55970,.F.);
#55990=CARTESIAN_POINT('',(23.8836462030946,42.4452563333339,
-36.0257861188318));
#56000=DIRECTION('',(0.,0.,1.));
#56010=VECTOR('',#56000,1.);
#56020=LINE('',#55990,#56010);
#56030=EDGE_CURVE('',#55800,#55960,#56020,.T.);
#56040=ORIENTED_EDGE('',*,*,#56030,.T.);
#56050=EDGE_LOOP('',(#56040,#55980,#55900,#55840));
#56060=FACE_OUTER_BOUND('',#56050,.T.);
#56070=ADVANCED_FACE('',(#56060),#55740,.F.);
#56080=COLOUR_RGB('',1.,0.843137323856354,0.);
#56090=FILL_AREA_STYLE_COLOUR('',#56080);
#56100=FILL_AREA_STYLE('',(#56090));
#56110=SURFACE_STYLE_FILL_AREA(#56100);
#56120=SURFACE_SIDE_STYLE('',(#56110));
#56130=SURFACE_STYLE_USAGE(.BOTH.,#56120);
#56140=PRESENTATION_STYLE_ASSIGNMENT((#56130));
#56150=CARTESIAN_POINT('',(23.8836462030946,42.2502563333339,
-36.4432861188318));
#56160=DIRECTION('',(-1.,-0.,0.));
#56170=DIRECTION('',(0.,-1.,-0.));
#56180=AXIS2_PLACEMENT_3D('',#56150,#56160,#56170);
#56190=PLANE('',#56180);
#56200=CARTESIAN_POINT('',(23.8836462030946,42.5702563333339,
-35.9982861188318));
#56210=DIRECTION('',(0.,-1.,-0.));
#56220=VECTOR('',#56210,1.);
#56230=LINE('',#56200,#56220);
#56240=CARTESIAN_POINT('',(23.8836462030946,42.6952563333339,
-35.9982861188318));
#56250=VERTEX_POINT('',#56240);
#56260=EDGE_CURVE('',#56250,#55960,#56230,.T.);
#56270=ORIENTED_EDGE('',*,*,#56260,.T.);
#56280=CARTESIAN_POINT('',(23.8836462030946,42.6952563333339,
-36.1232861188318));
#56290=DIRECTION('',(0.,0.,1.));
#56300=VECTOR('',#56290,1.);
#56310=LINE('',#56280,#56300);
#56320=CARTESIAN_POINT('',(23.8836462030946,42.6952563333339,
-36.2482861188318));
#56330=VERTEX_POINT('',#56320);
#56340=EDGE_CURVE('',#56330,#56250,#56310,.T.);
#56350=ORIENTED_EDGE('',*,*,#56340,.T.);
#56360=CARTESIAN_POINT('',(23.8836462030946,42.4727563333339,
-36.2482861188318));
#56370=DIRECTION('',(0.,-1.,-0.));
#56380=VECTOR('',#56370,1.);
#56390=LINE('',#56360,#56380);
#56400=EDGE_CURVE('',#56330,#55800,#56390,.T.);
#56410=ORIENTED_EDGE('',*,*,#56400,.F.);
#56420=ORIENTED_EDGE('',*,*,#56030,.F.);
#56430=EDGE_LOOP('',(#56420,#56410,#56350,#56270));
#56440=FACE_OUTER_BOUND('',#56430,.T.);
#56450=ADVANCED_FACE('',(#56440),#56190,.F.);
#56460=COLOUR_RGB('',1.,0.843137323856354,0.);
#56470=FILL_AREA_STYLE_COLOUR('',#56460);
#56480=FILL_AREA_STYLE('',(#56470));
#56490=SURFACE_STYLE_FILL_AREA(#56480);
#56500=SURFACE_SIDE_STYLE('',(#56490));
#56510=SURFACE_STYLE_USAGE(.BOTH.,#56500);
#56520=PRESENTATION_STYLE_ASSIGNMENT((#56510));
#56530=CARTESIAN_POINT('',(23.0836462030948,41.9002563333335,
-37.3932861188318));
#56540=DIRECTION('',(0.,0.,1.));
#56550=DIRECTION('',(-1.,0.,0.));
#56560=AXIS2_PLACEMENT_3D('',#56530,#56540,#56550);
#56570=CYLINDRICAL_SURFACE('',#56560,0.3);
#56580=ORIENTED_EDGE('',*,*,#52400,.T.);
#56590=CARTESIAN_POINT('',(23.3836462030948,41.9002563333335,
-37.3932861188318));
#56600=DIRECTION('',(0.,0.,1.));
#56610=VECTOR('',#56600,1.);
#56620=LINE('',#56590,#56610);
#56630=EDGE_CURVE('',#51220,#52300,#56620,.T.);
#56640=ORIENTED_EDGE('',*,*,#56630,.T.);
#56650=ORIENTED_EDGE('',*,*,#51230,.F.);
#56660=CARTESIAN_POINT('',(23.0836462030948,42.2002563333335,
-37.3932861188318));
#56670=DIRECTION('',(0.,0.,1.));
#56680=VECTOR('',#56670,1.);
#56690=LINE('',#56660,#56680);
#56700=EDGE_CURVE('',#51130,#52390,#56690,.T.);
#56710=ORIENTED_EDGE('',*,*,#56700,.F.);
#56720=EDGE_LOOP('',(#56710,#56650,#56640,#56580));
#56730=FACE_OUTER_BOUND('',#56720,.T.);
#56740=ADVANCED_FACE('',(#56730),#56570,.F.);
#56750=CARTESIAN_POINT('',(19.0536462030947,38.6002563333336,
-35.9632861188318));
#56760=DIRECTION('',(0.,-1.,0.));
#56770=DIRECTION('',(1.,0.,0.));
#56780=AXIS2_PLACEMENT_3D('',#56750,#56760,#56770);
#56790=PLANE('',#56780);
#56800=ORIENTED_EDGE('',*,*,#47620,.T.);
#56810=ORIENTED_EDGE('',*,*,#34590,.T.);
#56820=CARTESIAN_POINT('',(18.1036462030947,38.6002563333336,
-35.9982861188318));
#56830=DIRECTION('',(-1.,0.,0.));
#56840=VECTOR('',#56830,1.);
#56850=LINE('',#56820,#56840);
#56860=EDGE_CURVE('',#48440,#34520,#56850,.T.);
#56870=ORIENTED_EDGE('',*,*,#56860,.T.);
#56880=ORIENTED_EDGE('',*,*,#48580,.T.);
#56890=EDGE_LOOP('',(#56880,#56870,#56810,#56800));
#56900=FACE_OUTER_BOUND('',#56890,.T.);
#56910=ADVANCED_FACE('',(#56900),#56790,.T.);
#56920=COLOUR_RGB('',1.,0.843137323856354,0.);
#56930=FILL_AREA_STYLE_COLOUR('',#56920);
#56940=FILL_AREA_STYLE('',(#56930));
#56950=SURFACE_STYLE_FILL_AREA(#56940);
#56960=SURFACE_SIDE_STYLE('',(#56950));
#56970=SURFACE_STYLE_USAGE(.BOTH.,#56960);
#56980=PRESENTATION_STYLE_ASSIGNMENT((#56970));
#56990=CARTESIAN_POINT('',(20.9636462030948,40.9802563333336,
-32.5632861188318));
#57000=DIRECTION('',(0.,0.,-1.));
#57010=DIRECTION('',(1.,0.,0.));
#57020=AXIS2_PLACEMENT_3D('',#56990,#57000,#57010);
#57030=PLANE('',#57020);
#57040=ORIENTED_EDGE('',*,*,#37580,.T.);
#57050=CARTESIAN_POINT('',(18.9336462030944,43.7769229999999,
-32.5632861188318));
#57060=DIRECTION('',(0.,-1.,-0.));
#57070=VECTOR('',#57060,1.);
#57080=LINE('',#57050,#57070);
#57090=CARTESIAN_POINT('',(18.9336462030944,44.3002563333335,
-32.5632861188318));
#57100=VERTEX_POINT('',#57090);
#57110=EDGE_CURVE('',#57100,#37510,#57080,.T.);
#57120=ORIENTED_EDGE('',*,*,#57110,.T.);
#57130=CARTESIAN_POINT('',(29.8169795364281,44.3002563333335,
-32.5632861188318));
#57140=DIRECTION('',(1.,0.,0.));
#57150=VECTOR('',#57140,1.);
#57160=LINE('',#57130,#57150);
#57170=EDGE_CURVE('',#57100,#37190,#57160,.T.);
#57180=ORIENTED_EDGE('',*,*,#57170,.F.);
#57190=ORIENTED_EDGE('',*,*,#37330,.T.);
#57200=EDGE_LOOP('',(#57190,#57180,#57120,#57040));
#57210=FACE_OUTER_BOUND('',#57200,.T.);
#57220=ADVANCED_FACE('',(#57210),#57030,.F.);
#57230=CARTESIAN_POINT('',(24.8836462030947,44.7002563333335,
-37.3932861188318));
#57240=DIRECTION('',(0.00872653549838815,-0.999961923064171,0.));
#57250=DIRECTION('',(0.999961923064171,0.00872653549838815,0.));
#57260=AXIS2_PLACEMENT_3D('',#57230,#57240,#57250);
#57270=PLANE('',#57260);
#57280=CARTESIAN_POINT('',(24.8836462030947,44.7002563333335,
-37.3932861188318));
#57290=DIRECTION('',(0.,0.,1.));
#57300=VECTOR('',#57290,1.);
#57310=LINE('',#57280,#57300);
#57320=CARTESIAN_POINT('',(24.8836462030947,44.7002563333336,
-36.243293734219));
#57330=VERTEX_POINT('',#57320);
#57340=CARTESIAN_POINT('',(24.8836462030947,44.7002563333335,
-36.0032785034447));
#57350=VERTEX_POINT('',#57340);
#57360=EDGE_CURVE('',#57330,#57350,#57310,.T.);
#57370=ORIENTED_EDGE('',*,*,#57360,.T.);
#57380=CARTESIAN_POINT('',(29.8152342293284,44.7432936500371,
-36.2863310509224));
#57390=DIRECTION('',(0.99992385047757,0.00872620324395843,
-0.00872620324394422));
#57400=VECTOR('',#57390,1.);
#57410=LINE('',#57380,#57400);
#57420=EDGE_CURVE('',#54420,#57330,#57410,.T.);
#57430=ORIENTED_EDGE('',*,*,#57420,.T.);
#57440=ORIENTED_EDGE('',*,*,#54430,.T.);
#57450=CARTESIAN_POINT('',(29.8152342293284,44.743293650037,
-35.9602411867412));
#57460=DIRECTION('',(-0.99992385047757,-0.00872620324395843,
-0.00872620324394422));
#57470=VECTOR('',#57460,1.);
#57480=LINE('',#57450,#57470);
#57490=EDGE_CURVE('',#57350,#54340,#57480,.T.);
#57500=ORIENTED_EDGE('',*,*,#57490,.T.);
#57510=EDGE_LOOP('',(#57500,#57440,#57430,#57370));
#57520=FACE_OUTER_BOUND('',#57510,.T.);
#57530=ADVANCED_FACE('',(#57520),#57270,.T.);
#57540=CARTESIAN_POINT('',(23.6336462030946,42.5702563333339,
-35.9007861188318));
#57550=DIRECTION('',(-0.363345276491644,0.,-0.931654555106779));
#57560=DIRECTION('',(0.931654555106779,0.,-0.363345276491644));
#57570=AXIS2_PLACEMENT_3D('',#57540,#57550,#57560);
#57580=PLANE('',#57570);
#57590=CARTESIAN_POINT('',(21.8836462030946,43.4752563333339,
-35.2182861188318));
#57600=DIRECTION('',(-0.875644657040788,0.341501416245907,
0.341501416245907));
#57610=VECTOR('',#57600,1.);
#57620=LINE('',#57590,#57610);
#57630=EDGE_CURVE('',#56250,#50250,#57620,.T.);
#57640=ORIENTED_EDGE('',*,*,#57630,.T.);
#57650=ORIENTED_EDGE('',*,*,#56260,.F.);
#57660=ORIENTED_EDGE('',*,*,#55970,.T.);
#57670=ORIENTED_EDGE('',*,*,#50320,.T.);
#57680=EDGE_LOOP('',(#57670,#57660,#57650,#57640));
#57690=FACE_OUTER_BOUND('',#57680,.T.);
#57700=ADVANCED_FACE('',(#57690),#57580,.F.);
#57710=COLOUR_RGB('',1.,0.843137323856354,0.);
#57720=FILL_AREA_STYLE_COLOUR('',#57710);
#57730=FILL_AREA_STYLE('',(#57720));
#57740=SURFACE_STYLE_FILL_AREA(#57730);
#57750=SURFACE_SIDE_STYLE('',(#57740));
#57760=SURFACE_STYLE_USAGE(.BOTH.,#57750);
#57770=PRESENTATION_STYLE_ASSIGNMENT((#57760));
#57780=CARTESIAN_POINT('',(19.0536462030947,38.6002563333335,
-38.5032861188318));
#57790=DIRECTION('',(0.,-1.,0.));
#57800=DIRECTION('',(1.,0.,0.));
#57810=AXIS2_PLACEMENT_3D('',#57780,#57790,#57800);
#57820=PLANE('',#57810);
#57830=CARTESIAN_POINT('',(18.2011462030947,38.6002563333335,
-38.7882861188318));
#57840=DIRECTION('',(1.,0.,0.));
#57850=VECTOR('',#57840,1.);
#57860=LINE('',#57830,#57850);
#57870=EDGE_CURVE('',#49620,#52940,#57860,.T.);
#57880=ORIENTED_EDGE('',*,*,#57870,.T.);
#57890=ORIENTED_EDGE('',*,*,#49850,.T.);
#57900=CARTESIAN_POINT('',(18.1036462030947,38.6002563333335,
-38.5382861188318));
#57910=DIRECTION('',(-1.,0.,0.));
#57920=VECTOR('',#57910,1.);
#57930=LINE('',#57900,#57920);
#57940=EDGE_CURVE('',#52780,#49780,#57930,.T.);
#57950=ORIENTED_EDGE('',*,*,#57940,.T.);
#57960=ORIENTED_EDGE('',*,*,#53010,.T.);
#57970=EDGE_LOOP('',(#57960,#57950,#57890,#57880));
#57980=FACE_OUTER_BOUND('',#57970,.T.);
#57990=ADVANCED_FACE('',(#57980),#57820,.T.);
#58000=COLOUR_RGB('',1.,0.843137323856354,0.);
#58010=FILL_AREA_STYLE_COLOUR('',#58000);
#58020=FILL_AREA_STYLE('',(#58010));
#58030=SURFACE_STYLE_FILL_AREA(#58020);
#58040=SURFACE_SIDE_STYLE('',(#58030));
#58050=SURFACE_STYLE_USAGE(.BOTH.,#58040);
#58060=PRESENTATION_STYLE_ASSIGNMENT((#58050));
#58070=CARTESIAN_POINT('',(29.8169795364281,44.5433012654242,
-36.2863310509224));
#58080=DIRECTION('',(0.99992385047757,0.00872620324395843,
-0.00872620324394422));
#58090=DIRECTION('',(-0.00872653549838815,0.999961923064171,0.));
#58100=AXIS2_PLACEMENT_3D('',#58070,#58080,#58090);
#58110=CYLINDRICAL_SURFACE('',#58100,0.2);
#58120=CARTESIAN_POINT('',(29.8152342293284,44.5433012654242,
-36.4863234355353));
#58130=DIRECTION('',(0.99992385047757,0.00872620324395843,
-0.00872620324394422));
#58140=VECTOR('',#58130,1.);
#58150=LINE('',#58120,#58140);
#58160=CARTESIAN_POINT('',(24.8836462030947,44.5002639487207,
-36.4432861188318));
#58170=VERTEX_POINT('',#58160);
#58180=EDGE_CURVE('',#54510,#58170,#58150,.T.);
#58190=ORIENTED_EDGE('',*,*,#58180,.T.);
#58200=ORIENTED_EDGE('',*,*,#54520,.F.);
#58210=ORIENTED_EDGE('',*,*,#57420,.F.);
#58220=CARTESIAN_POINT('',(24.8836462030947,44.5002487176564,
-36.2432785031547));
#58230=DIRECTION('',(-1.,-1.4210854715202E-14,0.));
#58240=DIRECTION('',(-1.00485917355797E-14,0.707106781186795,
-0.7071067811863));
#58250=AXIS2_PLACEMENT_3D('',#58220,#58230,#58240);
#58260=ELLIPSE('',#58250,0.200015231064324,0.2);
#58270=EDGE_CURVE('',#57330,#58170,#58260,.T.);
#58280=ORIENTED_EDGE('',*,*,#58270,.F.);
#58290=EDGE_LOOP('',(#58280,#58210,#58200,#58190));
#58300=FACE_OUTER_BOUND('',#58290,.T.);
#58310=ADVANCED_FACE('',(#58300),#58110,.F.);
#58320=CARTESIAN_POINT('',(24.8836462030947,43.776923,-36.4432861188318)
);
#58330=DIRECTION('',(0.00872653549837393,1.24011528134445E-16,
0.999961923064171));
#58340=DIRECTION('',(1.4210854715202E-14,-1.,-4.13041361561426E-32));
#58350=AXIS2_PLACEMENT_3D('',#58320,#58330,#58340);
#58360=PLANE('',#58350);
#58370=CARTESIAN_POINT('',(29.8187248435277,44.1933164967785,
-36.4863538976639));
#58380=DIRECTION('',(0.99992385047757,0.00872620324395843,
-0.00872620324394422));
#58390=VECTOR('',#58380,1.);
#58400=LINE('',#58370,#58390);
#58410=CARTESIAN_POINT('',(24.8836462030947,44.1502487179464,
-36.4432861188318));
#58420=VERTEX_POINT('',#58410);
#58430=EDGE_CURVE('',#54590,#58420,#58400,.T.);
#58440=ORIENTED_EDGE('',*,*,#58430,.T.);
#58450=ORIENTED_EDGE('',*,*,#54600,.T.);
#58460=ORIENTED_EDGE('',*,*,#58180,.F.);
#58470=CARTESIAN_POINT('',(24.8836462030947,43.776923,-36.4432861188318)
);
#58480=DIRECTION('',(1.4210854715202E-14,-1.,-4.13057089509717E-32));
#58490=VECTOR('',#58480,1.);
#58500=LINE('',#58470,#58490);
#58510=EDGE_CURVE('',#58170,#58420,#58500,.T.);
#58520=ORIENTED_EDGE('',*,*,#58510,.F.);
#58530=EDGE_LOOP('',(#58520,#58460,#58450,#58440));
#58540=FACE_OUTER_BOUND('',#58530,.T.);
#58550=ADVANCED_FACE('',(#58540),#58360,.T.);
#58560=CARTESIAN_POINT('',(29.8169795364281,44.1933164967785,
-36.6863462822767));
#58570=DIRECTION('',(0.99992385047757,0.00872620324395843,
-0.00872620324394422));
#58580=DIRECTION('',(-0.00872653549838815,0.999961923064171,0.));
#58590=AXIS2_PLACEMENT_3D('',#58560,#58570,#58580);
#58600=CYLINDRICAL_SURFACE('',#58590,0.2);
#58610=CARTESIAN_POINT('',(29.8187248435277,43.9933241121657,
-36.6863462822767));
#58620=DIRECTION('',(0.99992385047757,0.00872620324395843,
-0.00872620324394422));
#58630=VECTOR('',#58620,1.);
#58640=LINE('',#58610,#58630);
#58650=CARTESIAN_POINT('',(24.8836462030947,43.9502563333336,
-36.6432785034447));
#58660=VERTEX_POINT('',#58650);
#58670=EDGE_CURVE('',#54680,#58660,#58640,.T.);
#58680=ORIENTED_EDGE('',*,*,#58670,.T.);
#58690=ORIENTED_EDGE('',*,*,#54690,.T.);
#58700=ORIENTED_EDGE('',*,*,#58430,.F.);
#58710=CARTESIAN_POINT('',(24.8836462030947,44.1502639490107,
-36.643293734509));
#58720=DIRECTION('',(1.,1.4210854715202E-14,0.));
#58730=DIRECTION('',(-1.00485917355797E-14,0.707106781186795,
-0.7071067811863));
#58740=AXIS2_PLACEMENT_3D('',#58710,#58720,#58730);
#58750=ELLIPSE('',#58740,0.200015231064324,0.2);
#58760=EDGE_CURVE('',#58420,#58660,#58750,.T.);
#58770=ORIENTED_EDGE('',*,*,#58760,.F.);
#58780=EDGE_LOOP('',(#58770,#58700,#58690,#58680));
#58790=FACE_OUTER_BOUND('',#58780,.T.);
#58800=ADVANCED_FACE('',(#58790),#58600,.T.);
#58810=CARTESIAN_POINT('',(24.8836462030947,43.9502563333336,
-37.3932861188318));
#58820=DIRECTION('',(-0.00872653549838815,0.999961923064171,0.));
#58830=DIRECTION('',(-0.999961923064171,-0.00872653549838815,-0.));
#58840=AXIS2_PLACEMENT_3D('',#58810,#58820,#58830);
#58850=PLANE('',#58840);
#58860=CARTESIAN_POINT('',(29.8143615757786,43.9932860345049,
-36.939327355683));
#58870=DIRECTION('',(0.999897370574939,0.00872597215734906,
-0.0113624701201671));
#58880=VECTOR('',#58870,1.);
#58890=LINE('',#58860,#58880);
#58900=CARTESIAN_POINT('',(24.8836462030947,43.9502563333336,
-36.8832964991752));
#58910=VERTEX_POINT('',#58900);
#58920=EDGE_CURVE('',#54760,#58910,#58890,.T.);
#58930=ORIENTED_EDGE('',*,*,#58920,.T.);
#58940=ORIENTED_EDGE('',*,*,#54770,.F.);
#58950=ORIENTED_EDGE('',*,*,#58670,.F.);
#58960=CARTESIAN_POINT('',(24.8836462030947,43.9502563333336,
-37.3932861188318));
#58970=DIRECTION('',(0.,0.,-1.));
#58980=VECTOR('',#58970,1.);
#58990=LINE('',#58960,#58980);
#59000=EDGE_CURVE('',#58660,#58910,#58990,.T.);
#59010=ORIENTED_EDGE('',*,*,#59000,.F.);
#59020=EDGE_LOOP('',(#59010,#58950,#58940,#58930));
#59030=FACE_OUTER_BOUND('',#59020,.T.);
#59040=ADVANCED_FACE('',(#59030),#58850,.F.);
#59050=CARTESIAN_POINT('',(29.8169795364281,43.6932974575857,
-36.939327355683));
#59060=DIRECTION('',(0.999897370574939,0.00872597215734906,
-0.0113624701201671));
#59070=DIRECTION('',(0.0113629027288246,1.61476559822299E-16,
0.9999354401368));
#59080=AXIS2_PLACEMENT_3D('',#59050,#59060,#59070);
#59090=CYLINDRICAL_SURFACE('',#59080,0.3);
#59100=CARTESIAN_POINT('',(29.8135706656094,43.6932974575857,
-37.239307987724));
#59110=DIRECTION('',(0.999897370574939,0.00872597215734906,
-0.0113624701201671));
#59120=VECTOR('',#59110,1.);
#59130=LINE('',#59100,#59120);
#59140=CARTESIAN_POINT('',(24.8836462030947,43.6502746585828,
-37.1832861188318));
#59150=VERTEX_POINT('',#59140);
#59160=EDGE_CURVE('',#54850,#59150,#59130,.T.);
#59170=ORIENTED_EDGE('',*,*,#59160,.T.);
#59180=ORIENTED_EDGE('',*,*,#54860,.F.);
#59190=ORIENTED_EDGE('',*,*,#58920,.F.);
#59200=CARTESIAN_POINT('',(24.8836462030947,43.6502449098178,
-36.8832667496224));
#59210=DIRECTION('',(1.,1.4210854715202E-14,0.));
#59220=DIRECTION('',(-8.65554103571559E-15,0.609079552861543,
-0.79310913390654));
#59230=AXIS2_PLACEMENT_3D('',#59200,#59210,#59220);
#59240=ELLIPSE('',#59230,0.300030791987682,0.3);
#59250=EDGE_CURVE('',#59150,#58910,#59240,.T.);
#59260=ORIENTED_EDGE('',*,*,#59250,.T.);
#59270=EDGE_LOOP('',(#59260,#59190,#59180,#59170));
#59280=FACE_OUTER_BOUND('',#59270,.T.);
#59290=ADVANCED_FACE('',(#59280),#59090,.F.);
#59300=CARTESIAN_POINT('',(20.4836462030948,40.6002563333335,
-37.1332861188318));
#59310=DIRECTION('',(0.0113629027288246,1.61476559822299E-16,
0.9999354401368));
#59320=DIRECTION('',(0.9999354401368,1.42099372643656E-14,
-0.0113629027288246));
#59330=AXIS2_PLACEMENT_3D('',#59300,#59310,#59320);
#59340=PLANE('',#59330);
#59350=CARTESIAN_POINT('',(29.8135706656095,41.4572152090816,
-37.239307987724));
#59360=DIRECTION('',(0.99989737057494,-0.00872597215732064,
-0.0113624701201671));
#59370=VECTOR('',#59360,1.);
#59380=LINE('',#59350,#59370);
#59390=CARTESIAN_POINT('',(24.8836462030948,41.5002380080843,
-37.1832861188318));
#59400=VERTEX_POINT('',#59390);
#59410=EDGE_CURVE('',#54930,#59400,#59380,.T.);
#59420=ORIENTED_EDGE('',*,*,#59410,.T.);
#59430=ORIENTED_EDGE('',*,*,#54940,.T.);
#59440=ORIENTED_EDGE('',*,*,#59160,.F.);
#59450=CARTESIAN_POINT('',(24.8836462030947,43.776923,-37.1832861188318)
);
#59460=DIRECTION('',(-1.4210854715202E-14,1.,0.));
#59470=VECTOR('',#59460,1.);
#59480=LINE('',#59450,#59470);
#59490=EDGE_CURVE('',#59400,#59150,#59480,.T.);
#59500=ORIENTED_EDGE('',*,*,#59490,.T.);
#59510=EDGE_LOOP('',(#59500,#59440,#59430,#59420));
#59520=FACE_OUTER_BOUND('',#59510,.T.);
#59530=ADVANCED_FACE('',(#59520),#59340,.T.);
#59540=CARTESIAN_POINT('',(29.8169795364281,41.4572152090816,
-36.939327355683));
#59550=DIRECTION('',(0.99989737057494,-0.00872597215732064,
-0.0113624701201671));
#59560=DIRECTION('',(0.0113629027288246,1.61476559822299E-16,
0.9999354401368));
#59570=AXIS2_PLACEMENT_3D('',#59540,#59550,#59560);
#59580=CYLINDRICAL_SURFACE('',#59570,0.3);
#59590=CARTESIAN_POINT('',(24.8836462030948,41.5002677568493,
-36.8832667496224));
#59600=DIRECTION('',(1.,1.4210854715202E-14,0.));
#59610=DIRECTION('',(8.65554103571559E-15,-0.609079552861543,
-0.79310913390654));
#59620=AXIS2_PLACEMENT_3D('',#59590,#59600,#59610);
#59630=ELLIPSE('',#59620,0.300030791987682,0.3);
#59640=CARTESIAN_POINT('',(24.8836462030948,41.2002563333336,
-36.8832964991752));
#59650=VERTEX_POINT('',#59640);
#59660=EDGE_CURVE('',#59650,#59400,#59630,.T.);
#59670=ORIENTED_EDGE('',*,*,#59660,.T.);
#59680=CARTESIAN_POINT('',(29.8143615757786,41.1572266321624,
-36.939327355683));
#59690=DIRECTION('',(0.99989737057494,-0.00872597215732064,
-0.0113624701201671));
#59700=VECTOR('',#59690,1.);
#59710=LINE('',#59680,#59700);
#59720=EDGE_CURVE('',#55020,#59650,#59710,.T.);
#59730=ORIENTED_EDGE('',*,*,#59720,.T.);
#59740=ORIENTED_EDGE('',*,*,#55030,.F.);
#59750=ORIENTED_EDGE('',*,*,#59410,.F.);
#59760=EDGE_LOOP('',(#59750,#59740,#59730,#59670));
#59770=FACE_OUTER_BOUND('',#59760,.T.);
#59780=ADVANCED_FACE('',(#59770),#59580,.F.);
#59790=CARTESIAN_POINT('',(22.6836462030948,42.2002563333335,
-34.8457861188318));
#59800=DIRECTION('',(1.1867943986037E-14,-1.,0.));
#59810=DIRECTION('',(-1.,-1.1867943986037E-14,0.));
#59820=AXIS2_PLACEMENT_3D('',#59790,#59800,#59810);
#59830=PLANE('',#59820);
#59840=ORIENTED_EDGE('',*,*,#51140,.F.);
#59850=CARTESIAN_POINT('',(22.6836462030948,42.2002563333335,
-37.3932861188318));
#59860=DIRECTION('',(0.,0.,-1.));
#59870=VECTOR('',#59860,1.);
#59880=LINE('',#59850,#59870);
#59890=EDGE_CURVE('',#52470,#51050,#59880,.T.);
#59900=ORIENTED_EDGE('',*,*,#59890,.T.);
#59910=ORIENTED_EDGE('',*,*,#52480,.F.);
#59920=ORIENTED_EDGE('',*,*,#56700,.T.);
#59930=EDGE_LOOP('',(#59920,#59910,#59900,#59840));
#59940=FACE_OUTER_BOUND('',#59930,.T.);
#59950=ADVANCED_FACE('',(#59940),#59830,.T.);
#59960=CARTESIAN_POINT('',(22.6836462030948,41.9002563333335,
-37.3932861188318));
#59970=DIRECTION('',(0.,0.,-1.));
#59980=DIRECTION('',(1.,0.,0.));
#59990=AXIS2_PLACEMENT_3D('',#59960,#59970,#59980);
#60000=CYLINDRICAL_SURFACE('',#59990,0.3);
#60010=ORIENTED_EDGE('',*,*,#51060,.F.);
#60020=CARTESIAN_POINT('',(22.3836462030948,41.9002563333335,
-37.3932861188318));
#60030=DIRECTION('',(0.,0.,-1.));
#60040=VECTOR('',#60030,1.);
#60050=LINE('',#60020,#60040);
#60060=EDGE_CURVE('',#52560,#50960,#60050,.T.);
#60070=ORIENTED_EDGE('',*,*,#60060,.T.);
#60080=ORIENTED_EDGE('',*,*,#52570,.F.);
#60090=ORIENTED_EDGE('',*,*,#59890,.F.);
#60100=EDGE_LOOP('',(#60090,#60080,#60070,#60010));
#60110=FACE_OUTER_BOUND('',#60100,.T.);
#60120=ADVANCED_FACE('',(#60110),#60000,.F.);
#60130=CARTESIAN_POINT('',(21.8836462030946,42.5702563333339,
-36.4432861188318));
#60140=DIRECTION('',(0.,0.,-1.));
#60150=DIRECTION('',(1.,0.,0.));
#60160=AXIS2_PLACEMENT_3D('',#60130,#60140,#60150);
#60170=PLANE('',#60160);
#60180=CARTESIAN_POINT('',(18.7236462030947,42.8902563333339,
-36.4432861188318));
#60190=DIRECTION('',(1.,0.,0.));
#60200=VECTOR('',#60190,1.);
#60210=LINE('',#60180,#60200);
#60220=CARTESIAN_POINT('',(23.3836462030946,42.8902563333339,
-36.4432861188318));
#60230=VERTEX_POINT('',#60220);
#60240=EDGE_CURVE('',#55200,#60230,#60210,.T.);
#60250=ORIENTED_EDGE('',*,*,#60240,.T.);
#60260=ORIENTED_EDGE('',*,*,#55210,.T.);
#60270=CARTESIAN_POINT('',(23.3836462030946,42.2502563333339,
-36.4432861188318));
#60280=DIRECTION('',(-1.,0.,0.));
#60290=VECTOR('',#60280,1.);
#60300=LINE('',#60270,#60290);
#60310=EDGE_CURVE('',#55820,#55180,#60300,.T.);
#60320=ORIENTED_EDGE('',*,*,#60310,.T.);
#60330=CARTESIAN_POINT('',(23.3836462030946,42.4727563333339,
-36.4432861188318));
#60340=DIRECTION('',(0.,-1.,-0.));
#60350=VECTOR('',#60340,1.);
#60360=LINE('',#60330,#60350);
#60370=EDGE_CURVE('',#60230,#55820,#60360,.T.);
#60380=ORIENTED_EDGE('',*,*,#60370,.T.);
#60390=EDGE_LOOP('',(#60380,#60320,#60260,#60250));
#60400=FACE_OUTER_BOUND('',#60390,.T.);
#60410=ADVANCED_FACE('',(#60400),#60170,.T.);
#60420=COLOUR_RGB('',1.,0.843137323856354,0.);
#60430=FILL_AREA_STYLE_COLOUR('',#60420);
#60440=FILL_AREA_STYLE('',(#60430));
#60450=SURFACE_STYLE_FILL_AREA(#60440);
#60460=SURFACE_SIDE_STYLE('',(#60450));
#60470=SURFACE_STYLE_USAGE(.BOTH.,#60460);
#60480=PRESENTATION_STYLE_ASSIGNMENT((#60470));
#60490=CARTESIAN_POINT('',(18.9336462030944,41.4002563333336,
-32.8632861188318));
#60500=DIRECTION('',(0.,0.,-1.));
#60510=DIRECTION('',(-1.18423789293351E-14,1.,0.));
#60520=AXIS2_PLACEMENT_3D('',#60490,#60500,#60510);
#60530=SPHERICAL_SURFACE('',#60520,0.3);
#60540=ORIENTED_EDGE('',*,*,#37520,.T.);
#60550=CARTESIAN_POINT('',(18.9336462030944,41.4002563333336,
-32.8632861188318));
#60560=DIRECTION('',(0.,0.,-1.));
#60570=DIRECTION('',(-1.4210854715202E-14,1.,0.));
#60580=AXIS2_PLACEMENT_3D('',#60550,#60560,#60570);
#60590=CIRCLE('',#60580,0.3);
#60600=CARTESIAN_POINT('',(18.6336462030944,41.4002563333336,
-32.8632861188318));
#60610=VERTEX_POINT('',#60600);
#60620=EDGE_CURVE('',#37490,#60610,#60590,.T.);
#60630=ORIENTED_EDGE('',*,*,#60620,.F.);
#60640=CARTESIAN_POINT('',(18.9336462030944,41.4002563333336,
-32.8632861188318));
#60650=DIRECTION('',(0.,1.,0.));
#60660=DIRECTION('',(1.,0.,0.));
#60670=AXIS2_PLACEMENT_3D('',#60640,#60650,#60660);
#60680=CIRCLE('',#60670,0.3);
#60690=EDGE_CURVE('',#60610,#37510,#60680,.T.);
#60700=ORIENTED_EDGE('',*,*,#60690,.F.);
#60710=EDGE_LOOP('',(#60700,#60630,#60540));
#60720=FACE_OUTER_BOUND('',#60710,.T.);
#60730=ADVANCED_FACE('',(#60720),#60530,.T.);
#60740=CARTESIAN_POINT('',(20.3236462030947,38.486981521616,
-33.9032861188319));
#60750=DIRECTION('',(0.,0.,-1.));
#60760=DIRECTION('',(1.,0.,0.));
#60770=AXIS2_PLACEMENT_3D('',#60740,#60750,#60760);
#60780=PLANE('',#60770);
#60790=ORIENTED_EDGE('',*,*,#49160,.F.);
#60800=CARTESIAN_POINT('',(19.7987795571859,43.7769230000001,
-33.9032861188319));
#60810=DIRECTION('',(-0.17364817766693,0.984807753012208,0.));
#60820=VECTOR('',#60810,1.);
#60830=LINE('',#60800,#60820);
#60840=CARTESIAN_POINT('',(20.3236462030947,40.8002563333335,
-33.9032861188319));
#60850=VERTEX_POINT('',#60840);
#60860=EDGE_CURVE('',#60850,#49070,#60830,.T.);
#60870=ORIENTED_EDGE('',*,*,#60860,.T.);
#60880=CARTESIAN_POINT('',(20.3236462030947,43.776923,-33.9032861188319)
);
#60890=DIRECTION('',(1.4210854715202E-14,-1.,0.));
#60900=VECTOR('',#60890,1.);
#60910=LINE('',#60880,#60900);
#60920=CARTESIAN_POINT('',(20.3236462030948,38.9002563333335,
-33.9032861188319));
#60930=VERTEX_POINT('',#60920);
#60940=EDGE_CURVE('',#60850,#60930,#60910,.T.);
#60950=ORIENTED_EDGE('',*,*,#60940,.F.);
#60960=CARTESIAN_POINT('',(29.8169795364281,38.9002563333335,
-33.9032861188319));
#60970=DIRECTION('',(1.,0.,0.));
#60980=VECTOR('',#60970,1.);
#60990=LINE('',#60960,#60980);
#61000=CARTESIAN_POINT('',(20.9636462030947,38.9002563333335,
-33.9032861188319));
#61010=VERTEX_POINT('',#61000);
#61020=EDGE_CURVE('',#60930,#61010,#60990,.T.);
#61030=ORIENTED_EDGE('',*,*,#61020,.F.);
#61040=CARTESIAN_POINT('',(20.9636462030947,43.776923,-33.9032861188319)
);
#61050=DIRECTION('',(0.,1.,0.));
#61060=VECTOR('',#61050,1.);
#61070=LINE('',#61040,#61060);
#61080=CARTESIAN_POINT('',(20.9636462030947,40.8002563333335,
-33.9032861188319));
#61090=VERTEX_POINT('',#61080);
#61100=EDGE_CURVE('',#61010,#61090,#61070,.T.);
#61110=ORIENTED_EDGE('',*,*,#61100,.F.);
#61120=CARTESIAN_POINT('',(21.4885128490036,43.7769230000001,
-33.9032861188319));
#61130=DIRECTION('',(0.17364817766693,0.984807753012208,0.));
#61140=VECTOR('',#61130,1.);
#61150=LINE('',#61120,#61140);
#61160=EDGE_CURVE('',#61090,#49150,#61150,.T.);
#61170=ORIENTED_EDGE('',*,*,#61160,.F.);
#61180=EDGE_LOOP('',(#61170,#61110,#61030,#60950,#60870,#60790));
#61190=FACE_OUTER_BOUND('',#61180,.T.);
#61200=ADVANCED_FACE('',(#61190),#60780,.T.);
#61210=COLOUR_RGB('',0.823529481887817,0.823529481887817,
0.784313797950745);
#61220=FILL_AREA_STYLE_COLOUR('',#61210);
#61230=FILL_AREA_STYLE('',(#61220));
#61240=SURFACE_STYLE_FILL_AREA(#61230);
#61250=SURFACE_SIDE_STYLE('',(#61240));
#61260=SURFACE_STYLE_USAGE(.BOTH.,#61250);
#61270=PRESENTATION_STYLE_ASSIGNMENT((#61260));
#61280=CARTESIAN_POINT('',(20.8886462030947,38.7502563333335,
-33.5832861188319));
#61290=DIRECTION('',(0.894427190999916,-0.447213595499958,0.));
#61300=DIRECTION('',(0.447213595499958,0.894427190999916,
8.27511384415758E-17));
#61310=AXIS2_PLACEMENT_3D('',#61280,#61290,#61300);
#61320=PLANE('',#61310);
#61330=CARTESIAN_POINT('',(20.7570087972359,38.4869815216159,
-33.4699235246907));
#61340=DIRECTION('',(-0.408248290463863,-0.816496580927726,
-0.408248290463863));
#61350=VECTOR('',#61340,1.);
#61360=LINE('',#61330,#61350);
#61370=CARTESIAN_POINT('',(20.9636462030947,38.9002563333335,
-33.2632861188319));
#61380=VERTEX_POINT('',#61370);
#61390=CARTESIAN_POINT('',(20.8136462030947,38.6002563333335,
-33.4132861188319));
#61400=VERTEX_POINT('',#61390);
#61410=EDGE_CURVE('',#61380,#61400,#61360,.T.);
#61420=ORIENTED_EDGE('',*,*,#61410,.T.);
#61430=CARTESIAN_POINT('',(20.9636462030947,38.9002563333336,
-37.3932861188318));
#61440=DIRECTION('',(0.,0.,-1.));
#61450=VECTOR('',#61440,1.);
#61460=LINE('',#61430,#61450);
#61470=EDGE_CURVE('',#61380,#61010,#61460,.T.);
#61480=ORIENTED_EDGE('',*,*,#61470,.F.);
#61490=CARTESIAN_POINT('',(20.7570087972359,38.4869815216159,
-33.6966487129731));
#61500=DIRECTION('',(-0.408248290463863,-0.816496580927726,
0.408248290463863));
#61510=VECTOR('',#61500,1.);
#61520=LINE('',#61490,#61510);
#61530=CARTESIAN_POINT('',(20.8136462030947,38.6002563333335,
-33.7532861188319));
#61540=VERTEX_POINT('',#61530);
#61550=EDGE_CURVE('',#61010,#61540,#61520,.T.);
#61560=ORIENTED_EDGE('',*,*,#61550,.F.);
#61570=CARTESIAN_POINT('',(20.8136462030947,38.6002563333335,
-33.5832861188319));
#61580=DIRECTION('',(0.,0.,1.));
#61590=VECTOR('',#61580,1.);
#61600=LINE('',#61570,#61590);
#61610=EDGE_CURVE('',#61540,#61400,#61600,.T.);
#61620=ORIENTED_EDGE('',*,*,#61610,.F.);
#61630=EDGE_LOOP('',(#61620,#61560,#61480,#61420));
#61640=FACE_OUTER_BOUND('',#61630,.T.);
#61650=ADVANCED_FACE('',(#61640),#61320,.T.);
#61660=COLOUR_RGB('',0.823529481887817,0.823529481887817,
0.784313797950745);
#61670=FILL_AREA_STYLE_COLOUR('',#61660);
#61680=FILL_AREA_STYLE('',(#61670));
#61690=SURFACE_STYLE_FILL_AREA(#61680);
#61700=SURFACE_SIDE_STYLE('',(#61690));
#61710=SURFACE_STYLE_USAGE(.BOTH.,#61700);
#61720=PRESENTATION_STYLE_ASSIGNMENT((#61710));
#61730=CARTESIAN_POINT('',(23.6336462030946,42.4727563333339,
-36.3457861188318));
#61740=DIRECTION('',(0.363345276491644,0.,-0.931654555106779));
#61750=DIRECTION('',(0.931654555106779,0.,0.363345276491644));
#61760=AXIS2_PLACEMENT_3D('',#61730,#61740,#61750);
#61770=PLANE('',#61760);
#61780=ORIENTED_EDGE('',*,*,#55830,.T.);
#61790=ORIENTED_EDGE('',*,*,#56400,.T.);
#61800=CARTESIAN_POINT('',(21.8836462030946,43.4752563333339,
-37.0282861188318));
#61810=DIRECTION('',(-0.875644657040788,0.341501416245907,
-0.341501416245907));
#61820=VECTOR('',#61810,1.);
#61830=LINE('',#61800,#61820);
#61840=EDGE_CURVE('',#56330,#60230,#61830,.T.);
#61850=ORIENTED_EDGE('',*,*,#61840,.F.);
#61860=ORIENTED_EDGE('',*,*,#60370,.F.);
#61870=EDGE_LOOP('',(#61860,#61850,#61790,#61780));
#61880=FACE_OUTER_BOUND('',#61870,.T.);
#61890=ADVANCED_FACE('',(#61880),#61770,.T.);
#61900=COLOUR_RGB('',1.,0.843137323856354,0.);
#61910=FILL_AREA_STYLE_COLOUR('',#61900);
#61920=FILL_AREA_STYLE('',(#61910));
#61930=SURFACE_STYLE_FILL_AREA(#61920);
#61940=SURFACE_SIDE_STYLE('',(#61930));
#61950=SURFACE_STYLE_USAGE(.BOTH.,#61940);
#61960=PRESENTATION_STYLE_ASSIGNMENT((#61950));
#61970=CARTESIAN_POINT('',(18.2011462030947,38.8502563333335,
-38.8857861188318));
#61980=DIRECTION('',(0.,-0.363345276491644,-0.931654555106779));
#61990=DIRECTION('',(0.,0.931654555106779,-0.363345276491644));
#62000=AXIS2_PLACEMENT_3D('',#61970,#61980,#61990);
#62010=PLANE('',#62000);
#62020=ORIENTED_EDGE('',*,*,#52950,.F.);
#62030=ORIENTED_EDGE('',*,*,#53380,.F.);
#62040=ORIENTED_EDGE('',*,*,#49650,.T.);
#62050=ORIENTED_EDGE('',*,*,#57870,.F.);
#62060=EDGE_LOOP('',(#62050,#62040,#62030,#62020));
#62070=FACE_OUTER_BOUND('',#62060,.T.);
#62080=ADVANCED_FACE('',(#62070),#62010,.T.);
#62090=COLOUR_RGB('',1.,0.843137323856354,0.);
#62100=FILL_AREA_STYLE_COLOUR('',#62090);
#62110=FILL_AREA_STYLE('',(#62100));
#62120=SURFACE_STYLE_FILL_AREA(#62110);
#62130=SURFACE_SIDE_STYLE('',(#62120));
#62140=SURFACE_STYLE_USAGE(.BOTH.,#62130);
#62150=PRESENTATION_STYLE_ASSIGNMENT((#62140));
#62160=CARTESIAN_POINT('',(18.7236462030947,41.950256333334,
-36.1232861188318));
#62170=DIRECTION('',(0.,0.,-1.));
#62180=DIRECTION('',(0.,1.,0.));
#62190=AXIS2_PLACEMENT_3D('',#62160,#62170,#62180);
#62200=CYLINDRICAL_SURFACE('',#62190,0.94);
#62210=CARTESIAN_POINT('',(18.7236462030947,41.950256333334,
-35.8032861188318));
#62220=DIRECTION('',(0.,0.,-1.));
#62230=DIRECTION('',(0.,1.,0.));
#62240=AXIS2_PLACEMENT_3D('',#62210,#62220,#62230);
#62250=CIRCLE('',#62240,0.94);
#62260=CARTESIAN_POINT('',(17.7836462030947,41.9502563333339,
-35.8032861188318));
#62270=VERTEX_POINT('',#62260);
#62280=EDGE_CURVE('',#62270,#44460,#62250,.T.);
#62290=ORIENTED_EDGE('',*,*,#62280,.T.);
#62300=CARTESIAN_POINT('',(17.7836462030947,41.950256333334,
-35.8032829273425));
#62310=DIRECTION('',(0.,0.,-1.));
#62320=VECTOR('',#62310,1.);
#62330=LINE('',#62300,#62320);
#62340=CARTESIAN_POINT('',(17.7836462030947,41.950256333334,
-36.4432861188318));
#62350=VERTEX_POINT('',#62340);
#62360=EDGE_CURVE('',#62270,#62350,#62330,.T.);
#62370=ORIENTED_EDGE('',*,*,#62360,.F.);
#62380=CARTESIAN_POINT('',(18.7236462030947,41.950256333334,
-36.4432861188318));
#62390=DIRECTION('',(0.,0.,-1.));
#62400=DIRECTION('',(0.,1.,0.));
#62410=AXIS2_PLACEMENT_3D('',#62380,#62390,#62400);
#62420=CIRCLE('',#62410,0.94);
#62430=EDGE_CURVE('',#62350,#44540,#62420,.T.);
#62440=ORIENTED_EDGE('',*,*,#62430,.F.);
#62450=ORIENTED_EDGE('',*,*,#44550,.F.);
#62460=EDGE_LOOP('',(#62450,#62440,#62370,#62290));
#62470=FACE_OUTER_BOUND('',#62460,.T.);
#62480=ADVANCED_FACE('',(#62470),#62200,.T.);
#62490=COLOUR_RGB('',1.,0.843137323856354,0.);
#62500=FILL_AREA_STYLE_COLOUR('',#62490);
#62510=FILL_AREA_STYLE('',(#62500));
#62520=SURFACE_STYLE_FILL_AREA(#62510);
#62530=SURFACE_SIDE_STYLE('',(#62520));
#62540=SURFACE_STYLE_USAGE(.BOTH.,#62530);
#62550=PRESENTATION_STYLE_ASSIGNMENT((#62540));
#62560=CARTESIAN_POINT('',(20.1902836089535,38.6002563333335,
-33.6499235246907));
#62570=DIRECTION('',(0.,1.,0.));
#62580=DIRECTION('',(0.,0.,-1.));
#62590=AXIS2_PLACEMENT_3D('',#62560,#62570,#62580);
#62600=PLANE('',#62590);
#62610=CARTESIAN_POINT('',(20.6436462030947,38.6002563333335,
-33.4132861188319));
#62620=DIRECTION('',(1.,0.,0.));
#62630=VECTOR('',#62620,1.);
#62640=LINE('',#62610,#62630);
#62650=CARTESIAN_POINT('',(20.4736462030947,38.6002563333335,
-33.4132861188319));
#62660=VERTEX_POINT('',#62650);
#62670=EDGE_CURVE('',#62660,#61400,#62640,.T.);
#62680=ORIENTED_EDGE('',*,*,#62670,.F.);
#62690=ORIENTED_EDGE('',*,*,#61610,.T.);
#62700=CARTESIAN_POINT('',(20.6436462030947,38.6002563333335,
-33.7532861188319));
#62710=DIRECTION('',(-1.,0.,0.));
#62720=VECTOR('',#62710,1.);
#62730=LINE('',#62700,#62720);
#62740=CARTESIAN_POINT('',(20.4736462030947,38.6002563333335,
-33.7532861188319));
#62750=VERTEX_POINT('',#62740);
#62760=EDGE_CURVE('',#61540,#62750,#62730,.T.);
#62770=ORIENTED_EDGE('',*,*,#62760,.F.);
#62780=CARTESIAN_POINT('',(20.4736462030947,38.6002563333335,
-33.5832861188319));
#62790=DIRECTION('',(0.,0.,1.));
#62800=VECTOR('',#62790,1.);
#62810=LINE('',#62780,#62800);
#62820=EDGE_CURVE('',#62750,#62660,#62810,.T.);
#62830=ORIENTED_EDGE('',*,*,#62820,.F.);
#62840=EDGE_LOOP('',(#62830,#62770,#62690,#62680));
#62850=FACE_OUTER_BOUND('',#62840,.T.);
#62860=ADVANCED_FACE('',(#62850),#62600,.F.);
#62870=COLOUR_RGB('',0.823529481887817,0.823529481887817,
0.784313797950745);
#62880=FILL_AREA_STYLE_COLOUR('',#62870);
#62890=FILL_AREA_STYLE('',(#62880));
#62900=SURFACE_STYLE_FILL_AREA(#62890);
#62910=SURFACE_SIDE_STYLE('',(#62900));
#62920=SURFACE_STYLE_USAGE(.BOTH.,#62910);
#62930=PRESENTATION_STYLE_ASSIGNMENT((#62920));
#62940=CARTESIAN_POINT('',(18.4236462030947,40.6002563333335,
-35.8032861188318));
#62950=DIRECTION('',(1.,-0.,0.));
#62960=DIRECTION('',(0.,0.,-1.));
#62970=AXIS2_PLACEMENT_3D('',#62940,#62950,#62960);
#62980=PLANE('',#62970);
#62990=CARTESIAN_POINT('',(18.4236462030947,43.776923,-36.4432861188318)
);
#63000=DIRECTION('',(0.,-1.,-0.));
#63010=VECTOR('',#63000,1.);
#63020=LINE('',#62990,#63010);
#63030=CARTESIAN_POINT('',(18.4236462030947,41.0002563333335,
-36.4432861188318));
#63040=VERTEX_POINT('',#63030);
#63050=EDGE_CURVE('',#63040,#47480,#63020,.T.);
#63060=ORIENTED_EDGE('',*,*,#63050,.F.);
#63070=ORIENTED_EDGE('',*,*,#48510,.T.);
#63080=CARTESIAN_POINT('',(18.4236462030946,43.776923,-35.8032861188318)
);
#63090=DIRECTION('',(-1.4210854715202E-14,1.,0.));
#63100=VECTOR('',#63090,1.);
#63110=LINE('',#63080,#63100);
#63120=CARTESIAN_POINT('',(18.4236462030947,41.0002563333335,
-35.8032861188318));
#63130=VERTEX_POINT('',#63120);
#63140=EDGE_CURVE('',#48420,#63130,#63110,.T.);
#63150=ORIENTED_EDGE('',*,*,#63140,.F.);
#63160=CARTESIAN_POINT('',(18.4236462030947,41.0002563333335,
-37.3932861188318));
#63170=DIRECTION('',(0.,0.,-1.));
#63180=VECTOR('',#63170,1.);
#63190=LINE('',#63160,#63180);
#63200=EDGE_CURVE('',#63130,#63040,#63190,.T.);
#63210=ORIENTED_EDGE('',*,*,#63200,.F.);
#63220=EDGE_LOOP('',(#63210,#63150,#63070,#63060));
#63230=FACE_OUTER_BOUND('',#63220,.T.);
#63240=ADVANCED_FACE('',(#63230),#62980,.T.);
#63250=COLOUR_RGB('',1.,0.843137323856354,0.);
#63260=FILL_AREA_STYLE_COLOUR('',#63250);
#63270=FILL_AREA_STYLE('',(#63260));
#63280=SURFACE_STYLE_FILL_AREA(#63270);
#63290=SURFACE_SIDE_STYLE('',(#63280));
#63300=SURFACE_STYLE_USAGE(.BOTH.,#63290);
#63310=PRESENTATION_STYLE_ASSIGNMENT((#63300));
#63320=CARTESIAN_POINT('',(23.8836462030946,42.2502563333339,
-38.9832861188318));
#63330=DIRECTION('',(-1.,-0.,0.));
#63340=DIRECTION('',(0.,-1.,-0.));
#63350=AXIS2_PLACEMENT_3D('',#63320,#63330,#63340);
#63360=PLANE('',#63350);
#63370=ORIENTED_EDGE('',*,*,#39660,.T.);
#63380=ORIENTED_EDGE('',*,*,#8600,.T.);
#63390=ORIENTED_EDGE('',*,*,#46190,.F.);
#63400=CARTESIAN_POINT('',(23.8836462030946,42.4452563333339,
-38.5657861188318));
#63410=DIRECTION('',(0.,0.,1.));
#63420=VECTOR('',#63410,1.);
#63430=LINE('',#63400,#63420);
#63440=EDGE_CURVE('',#46120,#39650,#63430,.T.);
#63450=ORIENTED_EDGE('',*,*,#63440,.F.);
#63460=EDGE_LOOP('',(#63450,#63390,#63380,#63370));
#63470=FACE_OUTER_BOUND('',#63460,.T.);
#63480=ADVANCED_FACE('',(#63470),#63360,.F.);
#63490=COLOUR_RGB('',1.,0.843137323856354,0.);
#63500=FILL_AREA_STYLE_COLOUR('',#63490);
#63510=FILL_AREA_STYLE('',(#63500));
#63520=SURFACE_STYLE_FILL_AREA(#63510);
#63530=SURFACE_SIDE_STYLE('',(#63520));
#63540=SURFACE_STYLE_USAGE(.BOTH.,#63530);
#63550=PRESENTATION_STYLE_ASSIGNMENT((#63540));
#63560=CARTESIAN_POINT('',(23.6336462030946,42.3477563333339,
-38.5657861188318));
#63570=DIRECTION('',(-0.363345276491644,0.931654555106779,0.));
#63580=DIRECTION('',(-0.931654555106779,-0.363345276491644,-0.));
#63590=AXIS2_PLACEMENT_3D('',#63560,#63570,#63580);
#63600=PLANE('',#63590);
#63610=ORIENTED_EDGE('',*,*,#46130,.F.);
#63620=CARTESIAN_POINT('',(23.3836462030946,42.2502563333339,
-38.5657861188318));
#63630=DIRECTION('',(0.,0.,1.));
#63640=VECTOR('',#63630,1.);
#63650=LINE('',#63620,#63640);
#63660=EDGE_CURVE('',#45830,#39730,#63650,.T.);
#63670=ORIENTED_EDGE('',*,*,#63660,.F.);
#63680=ORIENTED_EDGE('',*,*,#39740,.F.);
#63690=ORIENTED_EDGE('',*,*,#63440,.T.);
#63700=EDGE_LOOP('',(#63690,#63680,#63670,#63610));
#63710=FACE_OUTER_BOUND('',#63700,.T.);
#63720=ADVANCED_FACE('',(#63710),#63600,.F.);
#63730=COLOUR_RGB('',1.,0.843137323856354,0.);
#63740=FILL_AREA_STYLE_COLOUR('',#63730);
#63750=FILL_AREA_STYLE('',(#63740));
#63760=SURFACE_STYLE_FILL_AREA(#63750);
#63770=SURFACE_SIDE_STYLE('',(#63760));
#63780=SURFACE_STYLE_USAGE(.BOTH.,#63770);
#63790=PRESENTATION_STYLE_ASSIGNMENT((#63780));
#63800=CARTESIAN_POINT('',(17.7836462030948,45.4502563333335,
-37.6432861188318));
#63810=DIRECTION('',(-0.5,0.,-0.866025403784439));
#63820=DIRECTION('',(0.,1.,0.));
#63830=AXIS2_PLACEMENT_3D('',#63800,#63810,#63820);
#63840=PLANE('',#63830);
#63850=ORIENTED_EDGE('',*,*,#40110,.F.);
#63860=ORIENTED_EDGE('',*,*,#44130,.T.);
#63870=ORIENTED_EDGE('',*,*,#47920,.T.);
#63880=ORIENTED_EDGE('',*,*,#48810,.F.);
#63890=EDGE_LOOP('',(#63880,#63870,#63860,#63850));
#63900=FACE_OUTER_BOUND('',#63890,.T.);
#63910=ADVANCED_FACE('',(#63900),#63840,.T.);
#63920=CARTESIAN_POINT('',(20.6436462030946,40.2652563333336,
-33.2632861188319));
#63930=DIRECTION('',(0.,0.,1.));
#63940=DIRECTION('',(1.,0.,0.));
#63950=AXIS2_PLACEMENT_3D('',#63920,#63930,#63940);
#63960=PLANE('',#63950);
#63970=CARTESIAN_POINT('',(28.3469210148127,38.4869815216159,
-33.2632861188319));
#63980=DIRECTION('',(0.707106781186548,-0.707106781186548,0.));
#63990=VECTOR('',#63980,1.);
#64000=LINE('',#63970,#63990);
#64010=CARTESIAN_POINT('',(21.4136462030952,45.4202563333335,
-33.2632861188319));
#64020=VERTEX_POINT('',#64010);
#64030=EDGE_CURVE('',#64020,#34810,#64000,.T.);
#64040=ORIENTED_EDGE('',*,*,#64030,.F.);
#64050=ORIENTED_EDGE('',*,*,#34820,.F.);
#64060=ORIENTED_EDGE('',*,*,#33900,.F.);
#64070=ORIENTED_EDGE('',*,*,#36610,.T.);
#64080=ORIENTED_EDGE('',*,*,#35840,.T.);
#64090=CARTESIAN_POINT('',(12.9403713913767,38.4869815216159,
-33.2632861188319));
#64100=DIRECTION('',(-0.707106781186548,-0.707106781186548,-0.));
#64110=VECTOR('',#64100,1.);
#64120=LINE('',#64090,#64110);
#64130=CARTESIAN_POINT('',(19.8736462030943,45.4202563333335,
-33.2632861188319));
#64140=VERTEX_POINT('',#64130);
#64150=EDGE_CURVE('',#64140,#35770,#64120,.T.);
#64160=ORIENTED_EDGE('',*,*,#64150,.T.);
#64170=CARTESIAN_POINT('',(29.8169795364281,45.4202563333335,
-33.2632861188319));
#64180=DIRECTION('',(-1.,0.,0.));
#64190=VECTOR('',#64180,1.);
#64200=LINE('',#64170,#64190);
#64210=EDGE_CURVE('',#64020,#64140,#64200,.T.);
#64220=ORIENTED_EDGE('',*,*,#64210,.T.);
#64230=EDGE_LOOP('',(#64220,#64160,#64080,#64070,#64060,#64050,#64040));
#64240=FACE_OUTER_BOUND('',#64230,.T.);
#64250=ADVANCED_FACE('',(#64240),#63960,.T.);
#64260=COLOUR_RGB('',0.823529481887817,0.823529481887817,
0.784313797950745);
#64270=FILL_AREA_STYLE_COLOUR('',#64260);
#64280=FILL_AREA_STYLE('',(#64270));
#64290=SURFACE_STYLE_FILL_AREA(#64280);
#64300=SURFACE_SIDE_STYLE('',(#64290));
#64310=SURFACE_STYLE_USAGE(.BOTH.,#64300);
#64320=PRESENTATION_STYLE_ASSIGNMENT((#64310));
#64330=CARTESIAN_POINT('',(21.8836462030946,42.570256333334,
-35.8032861188318));
#64340=DIRECTION('',(0.,0.,-1.));
#64350=DIRECTION('',(1.,0.,0.));
#64360=AXIS2_PLACEMENT_3D('',#64330,#64340,#64350);
#64370=PLANE('',#64360);
#64380=CARTESIAN_POINT('',(29.8169795364281,41.0002563333336,
-35.8032861188318));
#64390=DIRECTION('',(-1.,-1.4210854715202E-14,0.));
#64400=VECTOR('',#64390,1.);
#64410=LINE('',#64380,#64400);
#64420=EDGE_CURVE('',#63130,#44380,#64410,.T.);
#64430=ORIENTED_EDGE('',*,*,#64420,.T.);
#64440=ORIENTED_EDGE('',*,*,#63140,.T.);
#64450=CARTESIAN_POINT('',(29.8169795364281,39.1002563333336,
-35.8032861188318));
#64460=DIRECTION('',(1.,0.,0.));
#64470=VECTOR('',#64460,1.);
#64480=LINE('',#64450,#64470);
#64490=EDGE_CURVE('',#34440,#48420,#64480,.T.);
#64500=ORIENTED_EDGE('',*,*,#64490,.T.);
#64510=CARTESIAN_POINT('',(17.7836462030947,43.776923,-35.8032861188318)
);
#64520=DIRECTION('',(0.,1.,0.));
#64530=VECTOR('',#64520,1.);
#64540=LINE('',#64510,#64530);
#64550=EDGE_CURVE('',#34440,#62270,#64540,.T.);
#64560=ORIENTED_EDGE('',*,*,#64550,.F.);
#64570=ORIENTED_EDGE('',*,*,#62280,.F.);
#64580=ORIENTED_EDGE('',*,*,#44470,.T.);
#64590=EDGE_LOOP('',(#64580,#64570,#64560,#64500,#64440,#64430));
#64600=FACE_OUTER_BOUND('',#64590,.T.);
#64610=ADVANCED_FACE('',(#64600),#64370,.F.);
#64620=COLOUR_RGB('',1.,0.843137323856354,0.);
#64630=FILL_AREA_STYLE_COLOUR('',#64620);
#64640=FILL_AREA_STYLE('',(#64630));
#64650=SURFACE_STYLE_FILL_AREA(#64640);
#64660=SURFACE_SIDE_STYLE('',(#64650));
#64670=SURFACE_STYLE_USAGE(.BOTH.,#64660);
#64680=PRESENTATION_STYLE_ASSIGNMENT((#64670));
#64690=CARTESIAN_POINT('',(17.7836462030948,41.3002563333335,
-37.1432861188318));
#64700=DIRECTION('',(-0.034899496702501,0.999390827019096,0.));
#64710=DIRECTION('',(0.,0.,1.));
#64720=AXIS2_PLACEMENT_3D('',#64690,#64700,#64710);
#64730=PLANE('',#64720);
#64740=ORIENTED_EDGE('',*,*,#42430,.F.);
#64750=ORIENTED_EDGE('',*,*,#44760,.T.);
#64760=ORIENTED_EDGE('',*,*,#37990,.T.);
#64770=ORIENTED_EDGE('',*,*,#47300,.F.);
#64780=EDGE_LOOP('',(#64770,#64760,#64750,#64740));
#64790=FACE_OUTER_BOUND('',#64780,.T.);
#64800=ADVANCED_FACE('',(#64790),#64730,.T.);
#64810=CARTESIAN_POINT('',(18.7236462030947,42.2502563333339,
-38.9832861188318));
#64820=DIRECTION('',(0.,1.,-0.));
#64830=DIRECTION('',(-1.,0.,0.));
#64840=AXIS2_PLACEMENT_3D('',#64810,#64820,#64830);
#64850=PLANE('',#64840);
#64860=ORIENTED_EDGE('',*,*,#45840,.F.);
#64870=ORIENTED_EDGE('',*,*,#12720,.T.);
#64880=ORIENTED_EDGE('',*,*,#45560,.T.);
#64890=ORIENTED_EDGE('',*,*,#63660,.T.);
#64900=EDGE_LOOP('',(#64890,#64880,#64870,#64860));
#64910=FACE_OUTER_BOUND('',#64900,.T.);
#64920=ADVANCED_FACE('',(#64910),#64850,.F.);
#64930=COLOUR_RGB('',1.,0.843137323856354,0.);
#64940=FILL_AREA_STYLE_COLOUR('',#64930);
#64950=FILL_AREA_STYLE('',(#64940));
#64960=SURFACE_STYLE_FILL_AREA(#64950);
#64970=SURFACE_SIDE_STYLE('',(#64960));
#64980=SURFACE_STYLE_USAGE(.BOTH.,#64970);
#64990=PRESENTATION_STYLE_ASSIGNMENT((#64980));
#65000=CARTESIAN_POINT('',(24.8836462030948,41.2002563333336,
-37.3932861188318));
#65010=DIRECTION('',(-0.00872653549835972,-0.999961923064171,-0.));
#65020=DIRECTION('',(-0.999961923064171,0.00872653549835972,0.));
#65030=AXIS2_PLACEMENT_3D('',#65000,#65010,#65020);
#65040=PLANE('',#65030);
#65050=ORIENTED_EDGE('',*,*,#42120,.T.);
#65060=ORIENTED_EDGE('',*,*,#11860,.T.);
#65070=ORIENTED_EDGE('',*,*,#41710,.T.);
#65080=ORIENTED_EDGE('',*,*,#13510,.F.);
#65090=ORIENTED_EDGE('',*,*,#4150,.F.);
#65100=CARTESIAN_POINT('',(24.8836462030948,41.2002563333336,
-37.3932861188318));
#65110=DIRECTION('',(0.,0.,1.));
#65120=VECTOR('',#65110,1.);
#65130=LINE('',#65100,#65120);
#65140=EDGE_CURVE('',#4060,#42110,#65130,.T.);
#65150=ORIENTED_EDGE('',*,*,#65140,.F.);
#65160=EDGE_LOOP('',(#65150,#65090,#65080,#65070,#65060,#65050));
#65170=FACE_OUTER_BOUND('',#65160,.T.);
#65180=ADVANCED_FACE('',(#65170),#65040,.F.);
#65190=CARTESIAN_POINT('',(21.4836462030953,44.3002563333335,
-32.8632861188318));
#65200=DIRECTION('',(-1.,-1.4802973661672E-16,0.));
#65210=DIRECTION('',(-1.4802973661672E-16,1.,0.));
#65220=AXIS2_PLACEMENT_3D('',#65190,#65200,#65210);
#65230=SPHERICAL_SURFACE('',#65220,0.3);
#65240=ORIENTED_EDGE('',*,*,#37200,.F.);
#65250=CARTESIAN_POINT('',(21.4836462030953,44.3002563333335,
-32.8632861188318));
#65260=DIRECTION('',(-1.,0.,0.));
#65270=DIRECTION('',(0.,1.,0.));
#65280=AXIS2_PLACEMENT_3D('',#65250,#65260,#65270);
#65290=CIRCLE('',#65280,0.3);
#65300=EDGE_CURVE('',#37190,#36680,#65290,.T.);
#65310=ORIENTED_EDGE('',*,*,#65300,.F.);
#65320=CARTESIAN_POINT('',(21.4836462030953,44.3002563333335,
-32.8632861188318));
#65330=DIRECTION('',(0.,0.,1.));
#65340=DIRECTION('',(-1.,0.,0.));
#65350=AXIS2_PLACEMENT_3D('',#65320,#65330,#65340);
#65360=CIRCLE('',#65350,0.3);
#65370=EDGE_CURVE('',#37170,#36680,#65360,.T.);
#65380=ORIENTED_EDGE('',*,*,#65370,.T.);
#65390=EDGE_LOOP('',(#65380,#65310,#65240));
#65400=FACE_OUTER_BOUND('',#65390,.T.);
#65410=ADVANCED_FACE('',(#65400),#65230,.T.);
#65420=CARTESIAN_POINT('',(21.5136462030952,45.3202563333335,
-33.5832861188319));
#65430=DIRECTION('',(0.707106781186548,0.707106781186548,-0.));
#65440=DIRECTION('',(-0.707106781186547,0.707106781186547,0.));
#65450=AXIS2_PLACEMENT_3D('',#65420,#65430,#65440);
#65460=PLANE('',#65450);
#65470=ORIENTED_EDGE('',*,*,#64030,.T.);
#65480=CARTESIAN_POINT('',(21.4136462030952,45.4202563333335,
-33.5832861188319));
#65490=DIRECTION('',(0.,0.,1.));
#65500=VECTOR('',#65490,1.);
#65510=LINE('',#65480,#65500);
#65520=EDGE_CURVE('',#39250,#64020,#65510,.T.);
#65530=ORIENTED_EDGE('',*,*,#65520,.T.);
#65540=ORIENTED_EDGE('',*,*,#39260,.T.);
#65550=ORIENTED_EDGE('',*,*,#34900,.F.);
#65560=EDGE_LOOP('',(#65550,#65540,#65530,#65470));
#65570=FACE_OUTER_BOUND('',#65560,.T.);
#65580=ADVANCED_FACE('',(#65570),#65460,.T.);
#65590=COLOUR_RGB('',0.823529481887817,0.823529481887817,
0.784313797950745);
#65600=FILL_AREA_STYLE_COLOUR('',#65590);
#65610=FILL_AREA_STYLE('',(#65600));
#65620=SURFACE_STYLE_FILL_AREA(#65610);
#65630=SURFACE_SIDE_STYLE('',(#65620));
#65640=SURFACE_STYLE_USAGE(.BOTH.,#65630);
#65650=PRESENTATION_STYLE_ASSIGNMENT((#65640));
#65660=CARTESIAN_POINT('',(19.7736462030943,45.3202563333335,
-33.5832861188319));
#65670=DIRECTION('',(0.707106781186548,-0.707106781186548,0.));
#65680=DIRECTION('',(0.707106781186547,0.707106781186547,0.));
#65690=AXIS2_PLACEMENT_3D('',#65660,#65670,#65680);
#65700=PLANE('',#65690);
#65710=ORIENTED_EDGE('',*,*,#39400,.F.);
#65720=CARTESIAN_POINT('',(19.8736462030943,45.4202563333335,
-33.5832861188319));
#65730=DIRECTION('',(0.,0.,1.));
#65740=VECTOR('',#65730,1.);
#65750=LINE('',#65720,#65740);
#65760=EDGE_CURVE('',#39330,#64140,#65750,.T.);
#65770=ORIENTED_EDGE('',*,*,#65760,.F.);
#65780=ORIENTED_EDGE('',*,*,#64150,.F.);
#65790=ORIENTED_EDGE('',*,*,#35780,.T.);
#65800=EDGE_LOOP('',(#65790,#65780,#65770,#65710));
#65810=FACE_OUTER_BOUND('',#65800,.T.);
#65820=ADVANCED_FACE('',(#65810),#65700,.F.);
#65830=COLOUR_RGB('',0.823529481887817,0.823529481887817,
0.784313797950745);
#65840=FILL_AREA_STYLE_COLOUR('',#65830);
#65850=FILL_AREA_STYLE('',(#65840));
#65860=SURFACE_STYLE_FILL_AREA(#65850);
#65870=SURFACE_SIDE_STYLE('',(#65860));
#65880=SURFACE_STYLE_USAGE(.BOTH.,#65870);
#65890=PRESENTATION_STYLE_ASSIGNMENT((#65880));
#65900=CARTESIAN_POINT('',(18.9336462030944,44.3002563333335,
-32.8632861188318));
#65910=DIRECTION('',(1.,1.4802973661672E-16,0.));
#65920=DIRECTION('',(1.4802973661672E-16,-1.,0.));
#65930=AXIS2_PLACEMENT_3D('',#65900,#65910,#65920);
#65940=SPHERICAL_SURFACE('',#65930,0.3);
#65950=ORIENTED_EDGE('',*,*,#38920,.T.);
#65960=CARTESIAN_POINT('',(18.9336462030944,44.3002563333335,
-32.8632861188318));
#65970=DIRECTION('',(-1.,0.,0.));
#65980=DIRECTION('',(0.,1.,0.));
#65990=AXIS2_PLACEMENT_3D('',#65960,#65970,#65980);
#66000=CIRCLE('',#65990,0.3);
#66010=EDGE_CURVE('',#57100,#36760,#66000,.T.);
#66020=ORIENTED_EDGE('',*,*,#66010,.T.);
#66030=CARTESIAN_POINT('',(18.9336462030944,44.3002563333335,
-32.8632861188318));
#66040=DIRECTION('',(0.,1.,0.));
#66050=DIRECTION('',(1.,0.,0.));
#66060=AXIS2_PLACEMENT_3D('',#66030,#66040,#66050);
#66070=CIRCLE('',#66060,0.3);
#66080=EDGE_CURVE('',#38910,#57100,#66070,.T.);
#66090=ORIENTED_EDGE('',*,*,#66080,.T.);
#66100=EDGE_LOOP('',(#66090,#66020,#65950));
#66110=FACE_OUTER_BOUND('',#66100,.T.);
#66120=ADVANCED_FACE('',(#66110),#65940,.T.);
#66130=CARTESIAN_POINT('',(17.7736462030942,45.4202563333335,
-32.8632837188319));
#66140=DIRECTION('',(0.,-1.,0.));
#66150=DIRECTION('',(1.,0.,0.));
#66160=AXIS2_PLACEMENT_3D('',#66130,#66140,#66150);
#66170=PLANE('',#66160);
#66180=ORIENTED_EDGE('',*,*,#65760,.T.);
#66190=ORIENTED_EDGE('',*,*,#39340,.T.);
#66200=ORIENTED_EDGE('',*,*,#65520,.F.);
#66210=ORIENTED_EDGE('',*,*,#64210,.F.);
#66220=EDGE_LOOP('',(#66210,#66200,#66190,#66180));
#66230=FACE_OUTER_BOUND('',#66220,.T.);
#66240=ADVANCED_FACE('',(#66230),#66170,.F.);
#66250=COLOUR_RGB('',0.823529481887817,0.823529481887817,
0.784313797950745);
#66260=FILL_AREA_STYLE_COLOUR('',#66250);
#66270=FILL_AREA_STYLE('',(#66260));
#66280=SURFACE_STYLE_FILL_AREA(#66270);
#66290=SURFACE_SIDE_STYLE('',(#66280));
#66300=SURFACE_STYLE_USAGE(.BOTH.,#66290);
#66310=PRESENTATION_STYLE_ASSIGNMENT((#66300));
#66320=CARTESIAN_POINT('',(21.4836462030953,44.3002563333335,
-37.3932861188318));
#66330=DIRECTION('',(0.,0.,-1.));
#66340=DIRECTION('',(1.4210854715202E-14,-1.,0.));
#66350=AXIS2_PLACEMENT_3D('',#66320,#66330,#66340);
#66360=CYLINDRICAL_SURFACE('',#66350,0.3);
#66370=ORIENTED_EDGE('',*,*,#36690,.F.);
#66380=ORIENTED_EDGE('',*,*,#34120,.F.);
#66390=ORIENTED_EDGE('',*,*,#36950,.F.);
#66400=ORIENTED_EDGE('',*,*,#51540,.T.);
#66410=CARTESIAN_POINT('',(21.7836462030953,44.3002563333335,
-37.3932861188318));
#66420=DIRECTION('',(0.,0.,-1.));
#66430=VECTOR('',#66420,1.);
#66440=LINE('',#66410,#66430);
#66450=EDGE_CURVE('',#37170,#51460,#66440,.T.);
#66460=ORIENTED_EDGE('',*,*,#66450,.T.);
#66470=ORIENTED_EDGE('',*,*,#65370,.F.);
#66480=EDGE_LOOP('',(#66470,#66460,#66400,#66390,#66380,#66370));
#66490=FACE_OUTER_BOUND('',#66480,.T.);
#66500=ADVANCED_FACE('',(#66490),#66360,.T.);
#66510=CARTESIAN_POINT('',(29.8169795364281,44.3002563333335,
-32.8632861188318));
#66520=DIRECTION('',(1.,0.,0.));
#66530=DIRECTION('',(0.,1.,0.));
#66540=AXIS2_PLACEMENT_3D('',#66510,#66520,#66530);
#66550=CYLINDRICAL_SURFACE('',#66540,0.3);
#66560=ORIENTED_EDGE('',*,*,#36770,.F.);
#66570=ORIENTED_EDGE('',*,*,#65300,.T.);
#66580=ORIENTED_EDGE('',*,*,#57170,.T.);
#66590=ORIENTED_EDGE('',*,*,#66010,.F.);
#66600=EDGE_LOOP('',(#66590,#66580,#66570,#66560));
#66610=FACE_OUTER_BOUND('',#66600,.T.);
#66620=ADVANCED_FACE('',(#66610),#66550,.T.);
#66630=CARTESIAN_POINT('',(24.8836462030948,40.6002563333336,
-37.6032861188318));
#66640=DIRECTION('',(0.0113629027288331,1.6147655982242E-16,
-0.9999354401368));
#66650=DIRECTION('',(-0.9999354401368,-1.42099372643656E-14,
-0.0113629027288331));
#66660=AXIS2_PLACEMENT_3D('',#66630,#66640,#66650);
#66670=PLANE('',#66660);
#66680=ORIENTED_EDGE('',*,*,#45350,.T.);
#66690=ORIENTED_EDGE('',*,*,#12030,.F.);
#66700=ORIENTED_EDGE('',*,*,#42030,.F.);
#66710=CARTESIAN_POINT('',(24.8836462030947,43.776923,-37.6032861188318)
);
#66720=DIRECTION('',(-1.4210854715202E-14,1.,0.));
#66730=VECTOR('',#66720,1.);
#66740=LINE('',#66710,#66730);
#66750=EDGE_CURVE('',#42020,#45340,#66740,.T.);
#66760=ORIENTED_EDGE('',*,*,#66750,.F.);
#66770=EDGE_LOOP('',(#66760,#66700,#66690,#66680));
#66780=FACE_OUTER_BOUND('',#66770,.T.);
#66790=ADVANCED_FACE('',(#66780),#66670,.T.);
#66800=CARTESIAN_POINT('',(24.8836462030948,40.6002563333335,
-42.4732861188318));
#66810=DIRECTION('',(-1.4210854715202E-14,1.,0.));
#66820=DIRECTION('',(1.,1.4210854715202E-14,0.));
#66830=AXIS2_PLACEMENT_3D('',#66800,#66810,#66820);
#66840=PLANE('',#66830);
#66850=CARTESIAN_POINT('',(29.8169795364281,40.6002563333336,
-35.6463386665996));
#66860=DIRECTION('',(-0.999961923064171,-1.4209987353464E-14,
0.00872653549837393));
#66870=VECTOR('',#66860,1.);
#66880=LINE('',#66850,#66870);
#66890=CARTESIAN_POINT('',(24.8836462030948,40.6002563333335,
-35.6032861188319));
#66900=VERTEX_POINT('',#66890);
#66910=CARTESIAN_POINT('',(22.3836462030948,40.6002563333335,
-35.581468949355));
#66920=VERTEX_POINT('',#66910);
#66930=EDGE_CURVE('',#66900,#66920,#66880,.T.);
#66940=ORIENTED_EDGE('',*,*,#66930,.T.);
#66950=CARTESIAN_POINT('',(24.8836462030948,40.6002563333335,
-37.3932861188318));
#66960=DIRECTION('',(0.,0.,1.));
#66970=VECTOR('',#66960,1.);
#66980=LINE('',#66950,#66970);
#66990=EDGE_CURVE('',#3960,#66900,#66980,.T.);
#67000=ORIENTED_EDGE('',*,*,#66990,.T.);
#67010=ORIENTED_EDGE('',*,*,#3990,.F.);
#67020=ORIENTED_EDGE('',*,*,#13730,.T.);
#67030=ORIENTED_EDGE('',*,*,#4480,.F.);
#67040=ORIENTED_EDGE('',*,*,#5230,.F.);
#67050=ORIENTED_EDGE('',*,*,#2040,.F.);
#67060=ORIENTED_EDGE('',*,*,#46630,.F.);
#67070=ORIENTED_EDGE('',*,*,#42590,.T.);
#67080=ORIENTED_EDGE('',*,*,#47230,.F.);
#67090=ORIENTED_EDGE('',*,*,#37830,.F.);
#67100=ORIENTED_EDGE('',*,*,#55650,.T.);
#67110=CARTESIAN_POINT('',(29.8169795364281,40.6002563333336,
-35.1032861188318));
#67120=DIRECTION('',(1.,1.4210854715202E-14,0.));
#67130=VECTOR('',#67120,1.);
#67140=LINE('',#67110,#67130);
#67150=CARTESIAN_POINT('',(17.7836462030948,40.6002563333334,
-35.1032861188318));
#67160=VERTEX_POINT('',#67150);
#67170=EDGE_CURVE('',#67160,#55580,#67140,.T.);
#67180=ORIENTED_EDGE('',*,*,#67170,.T.);
#67190=CARTESIAN_POINT('',(17.7836462030948,40.6002563333334,
-37.3932861188318));
#67200=DIRECTION('',(0.,0.,-1.));
#67210=VECTOR('',#67200,1.);
#67220=LINE('',#67190,#67210);
#67230=CARTESIAN_POINT('',(17.7836462030948,40.6002563333334,
-34.8032861188319));
#67240=VERTEX_POINT('',#67230);
#67250=EDGE_CURVE('',#67240,#67160,#67220,.T.);
#67260=ORIENTED_EDGE('',*,*,#67250,.T.);
#67270=CARTESIAN_POINT('',(29.8169795364281,40.6002563333336,
-34.8032861188319));
#67280=DIRECTION('',(-1.,-1.4210854715202E-14,0.));
#67290=VECTOR('',#67280,1.);
#67300=LINE('',#67270,#67290);
#67310=CARTESIAN_POINT('',(22.3836462030948,40.6002563333335,
-34.8032861188319));
#67320=VERTEX_POINT('',#67310);
#67330=EDGE_CURVE('',#67320,#67240,#67300,.T.);
#67340=ORIENTED_EDGE('',*,*,#67330,.T.);
#67350=CARTESIAN_POINT('',(22.3836462030948,40.6002563333335,
-37.3932861188318));
#67360=DIRECTION('',(0.,0.,-1.));
#67370=VECTOR('',#67360,1.);
#67380=LINE('',#67350,#67370);
#67390=EDGE_CURVE('',#67320,#66920,#67380,.T.);
#67400=ORIENTED_EDGE('',*,*,#67390,.F.);
#67410=EDGE_LOOP('',(#67400,#67340,#67260,#67180,#67100,#67090,#67080,
#67070,#67060,#67050,#67040,#67030,#67020,#67010,#67000,#66940));
#67420=FACE_OUTER_BOUND('',#67410,.T.);
#67430=ADVANCED_FACE('',(#67420),#66840,.F.);
#67440=CARTESIAN_POINT('',(18.6336462030944,44.0802563333335,
-45.9632861188318));
#67450=DIRECTION('',(1.,0.,0.));
#67460=DIRECTION('',(0.,1.,0.));
#67470=AXIS2_PLACEMENT_3D('',#67440,#67450,#67460);
#67480=PLANE('',#67470);
#67490=CARTESIAN_POINT('',(18.6336462030944,43.7769229999999,
-32.8632861188318));
#67500=DIRECTION('',(0.,-1.,-0.));
#67510=VECTOR('',#67500,1.);
#67520=LINE('',#67490,#67510);
#67530=EDGE_CURVE('',#38910,#60610,#67520,.T.);
#67540=ORIENTED_EDGE('',*,*,#67530,.F.);
#67550=CARTESIAN_POINT('',(18.6336462030944,41.4002563333336,
-37.3932861188318));
#67560=DIRECTION('',(0.,0.,1.));
#67570=VECTOR('',#67560,1.);
#67580=LINE('',#67550,#67570);
#67590=EDGE_CURVE('',#51630,#60610,#67580,.T.);
#67600=ORIENTED_EDGE('',*,*,#67590,.T.);
#67610=ORIENTED_EDGE('',*,*,#51640,.T.);
#67620=ORIENTED_EDGE('',*,*,#39000,.F.);
#67630=EDGE_LOOP('',(#67620,#67610,#67600,#67540));
#67640=FACE_OUTER_BOUND('',#67630,.T.);
#67650=ADVANCED_FACE('',(#67640),#67480,.F.);
#67660=CARTESIAN_POINT('',(18.4236462030947,41.0002563333335,
-39.2663861188318));
#67670=DIRECTION('',(-1.,-1.4210854715202E-14,0.));
#67680=DIRECTION('',(0.,0.,1.));
#67690=AXIS2_PLACEMENT_3D('',#67660,#67670,#67680);
#67700=PLANE('',#67690);
#67710=ORIENTED_EDGE('',*,*,#53440,.T.);
#67720=ORIENTED_EDGE('',*,*,#52870,.T.);
#67730=ORIENTED_EDGE('',*,*,#36070,.F.);
#67740=ORIENTED_EDGE('',*,*,#32660,.T.);
#67750=EDGE_LOOP('',(#67740,#67730,#67720,#67710));
#67760=FACE_OUTER_BOUND('',#67750,.T.);
#67770=ADVANCED_FACE('',(#67760),#67700,.F.);
#67780=COLOUR_RGB('',1.,0.843137323856354,0.);
#67790=FILL_AREA_STYLE_COLOUR('',#67780);
#67800=FILL_AREA_STYLE('',(#67790));
#67810=SURFACE_STYLE_FILL_AREA(#67800);
#67820=SURFACE_SIDE_STYLE('',(#67810));
#67830=SURFACE_STYLE_USAGE(.BOTH.,#67820);
#67840=PRESENTATION_STYLE_ASSIGNMENT((#67830));
#67850=CARTESIAN_POINT('',(18.9336462030944,43.7769229999999,
-32.8632861188318));
#67860=DIRECTION('',(0.,-1.,-0.));
#67870=DIRECTION('',(1.,0.,0.));
#67880=AXIS2_PLACEMENT_3D('',#67850,#67860,#67870);
#67890=CYLINDRICAL_SURFACE('',#67880,0.3);
#67900=ORIENTED_EDGE('',*,*,#67530,.T.);
#67910=ORIENTED_EDGE('',*,*,#66080,.F.);
#67920=ORIENTED_EDGE('',*,*,#57110,.F.);
#67930=ORIENTED_EDGE('',*,*,#60690,.T.);
#67940=EDGE_LOOP('',(#67930,#67920,#67910,#67900));
#67950=FACE_OUTER_BOUND('',#67940,.T.);
#67960=ADVANCED_FACE('',(#67950),#67890,.T.);
#67970=CARTESIAN_POINT('',(17.7836462030947,41.950256333334,
-36.4432861188318));
#67980=DIRECTION('',(1.,0.,0.));
#67990=DIRECTION('',(0.,1.,0.));
#68000=AXIS2_PLACEMENT_3D('',#67970,#67980,#67990);
#68010=PLANE('',#68000);
#68020=CARTESIAN_POINT('',(17.7836462030947,43.776923,-36.4432861188318)
);
#68030=DIRECTION('',(0.,-1.,-0.));
#68040=VECTOR('',#68030,1.);
#68050=LINE('',#68020,#68040);
#68060=EDGE_CURVE('',#62350,#34360,#68050,.T.);
#68070=ORIENTED_EDGE('',*,*,#68060,.T.);
#68080=ORIENTED_EDGE('',*,*,#62360,.T.);
#68090=ORIENTED_EDGE('',*,*,#64550,.T.);
#68100=ORIENTED_EDGE('',*,*,#34450,.T.);
#68110=EDGE_LOOP('',(#68100,#68090,#68080,#68070));
#68120=FACE_OUTER_BOUND('',#68110,.T.);
#68130=ADVANCED_FACE('',(#68120),#68010,.F.);
#68140=COLOUR_RGB('',1.,0.843137323856354,0.);
#68150=FILL_AREA_STYLE_COLOUR('',#68140);
#68160=FILL_AREA_STYLE('',(#68150));
#68170=SURFACE_STYLE_FILL_AREA(#68160);
#68180=SURFACE_SIDE_STYLE('',(#68170));
#68190=SURFACE_STYLE_USAGE(.BOTH.,#68180);
#68200=PRESENTATION_STYLE_ASSIGNMENT((#68190));
#68210=CARTESIAN_POINT('',(18.7236462030947,41.9502563333339,
-38.6632861188318));
#68220=DIRECTION('',(0.,0.,-1.));
#68230=DIRECTION('',(0.,1.,0.));
#68240=AXIS2_PLACEMENT_3D('',#68210,#68220,#68230);
#68250=CYLINDRICAL_SURFACE('',#68240,0.94);
#68260=ORIENTED_EDGE('',*,*,#36320,.T.);
#68270=CARTESIAN_POINT('',(17.7836462030947,41.9502563333339,
-38.3432829273425));
#68280=DIRECTION('',(0.,0.,-1.));
#68290=VECTOR('',#68280,1.);
#68300=LINE('',#68270,#68290);
#68310=EDGE_CURVE('',#36220,#53250,#68300,.T.);
#68320=ORIENTED_EDGE('',*,*,#68310,.F.);
#68330=ORIENTED_EDGE('',*,*,#53260,.F.);
#68340=ORIENTED_EDGE('',*,*,#44870,.T.);
#68350=EDGE_LOOP('',(#68340,#68330,#68320,#68260));
#68360=FACE_OUTER_BOUND('',#68350,.T.);
#68370=ADVANCED_FACE('',(#68360),#68250,.T.);
#68380=COLOUR_RGB('',1.,0.843137323856354,0.);
#68390=FILL_AREA_STYLE_COLOUR('',#68380);
#68400=FILL_AREA_STYLE('',(#68390));
#68410=SURFACE_STYLE_FILL_AREA(#68400);
#68420=SURFACE_SIDE_STYLE('',(#68410));
#68430=SURFACE_STYLE_USAGE(.BOTH.,#68420);
#68440=PRESENTATION_STYLE_ASSIGNMENT((#68430));
#68450=CARTESIAN_POINT('',(24.8836462030947,43.9502563333335,
-37.3932861188318));
#68460=DIRECTION('',(-0.00872653549838815,0.999961923064171,0.));
#68470=DIRECTION('',(-0.999961923064171,-0.00872653549838815,-0.));
#68480=AXIS2_PLACEMENT_3D('',#68450,#68460,#68470);
#68490=PLANE('',#68480);
#68500=CARTESIAN_POINT('',(24.8836462030947,43.9502563333335,
-37.3932861188318));
#68510=DIRECTION('',(0.,0.,-1.));
#68520=VECTOR('',#68510,1.);
#68530=LINE('',#68500,#68520);
#68540=CARTESIAN_POINT('',(24.8836462030947,43.9502563333335,
-35.3632757384884));
#68550=VERTEX_POINT('',#68540);
#68560=CARTESIAN_POINT('',(24.8836462030947,43.9502563333335,
-35.603293734219));
#68570=VERTEX_POINT('',#68560);
#68580=EDGE_CURVE('',#68550,#68570,#68530,.T.);
#68590=ORIENTED_EDGE('',*,*,#68580,.F.);
#68600=CARTESIAN_POINT('',(29.8187248435277,43.9933241121657,
-35.560225955387));
#68610=DIRECTION('',(-0.99992385047757,-0.00872620324395843,
-0.00872620324394422));
#68620=VECTOR('',#68610,1.);
#68630=LINE('',#68600,#68620);
#68640=EDGE_CURVE('',#68570,#54170,#68630,.T.);
#68650=ORIENTED_EDGE('',*,*,#68640,.F.);
#68660=ORIENTED_EDGE('',*,*,#54180,.F.);
#68670=CARTESIAN_POINT('',(29.8143615757786,43.9932860345049,
-35.3072448819807));
#68680=DIRECTION('',(-0.999897370574939,-0.00872597215734906,
-0.0113624701201671));
#68690=VECTOR('',#68680,1.);
#68700=LINE('',#68670,#68690);
#68710=EDGE_CURVE('',#68550,#54090,#68700,.T.);
#68720=ORIENTED_EDGE('',*,*,#68710,.T.);
#68730=EDGE_LOOP('',(#68720,#68660,#68650,#68590));
#68740=FACE_OUTER_BOUND('',#68730,.T.);
#68750=ADVANCED_FACE('',(#68740),#68490,.F.);
#68760=CARTESIAN_POINT('',(29.8169795364281,44.5433012654242,
-35.9602411867412));
#68770=DIRECTION('',(-0.99992385047757,-0.00872620324395843,
-0.00872620324394422));
#68780=DIRECTION('',(0.00872653549838815,-0.999961923064171,0.));
#68790=AXIS2_PLACEMENT_3D('',#68760,#68770,#68780);
#68800=CYLINDRICAL_SURFACE('',#68790,0.2);
#68810=CARTESIAN_POINT('',(24.8836462030947,44.5002487176564,
-36.003293734509));
#68820=DIRECTION('',(1.,1.4210854715202E-14,0.));
#68830=DIRECTION('',(-1.00485917355797E-14,0.707106781186795,
0.7071067811863));
#68840=AXIS2_PLACEMENT_3D('',#68810,#68820,#68830);
#68850=ELLIPSE('',#68840,0.200015231064324,0.2);
#68860=EDGE_CURVE('',#57350,#53670,#68850,.T.);
#68870=ORIENTED_EDGE('',*,*,#68860,.T.);
#68880=ORIENTED_EDGE('',*,*,#57490,.F.);
#68890=ORIENTED_EDGE('',*,*,#54350,.F.);
#68900=ORIENTED_EDGE('',*,*,#53780,.T.);
#68910=EDGE_LOOP('',(#68900,#68890,#68880,#68870));
#68920=FACE_OUTER_BOUND('',#68910,.T.);
#68930=ADVANCED_FACE('',(#68920),#68800,.F.);
#68940=CARTESIAN_POINT('',(24.8836462030947,45.1502563333335,
-35.2032861188318));
#68950=DIRECTION('',(0.,0.,1.));
#68960=DIRECTION('',(-1.4210854715202E-14,1.,0.));
#68970=AXIS2_PLACEMENT_3D('',#68940,#68950,#68960);
#68980=PLANE('',#68970);
#68990=ORIENTED_EDGE('',*,*,#33000,.F.);
#69000=CARTESIAN_POINT('',(24.8336462030947,43.776923,-35.2032861188318)
);
#69010=DIRECTION('',(-1.4210854715202E-14,1.,0.));
#69020=VECTOR('',#69010,1.);
#69030=LINE('',#69000,#69020);
#69040=CARTESIAN_POINT('',(24.8336462030947,45.1502563333335,
-35.2032861188318));
#69050=VERTEX_POINT('',#69040);
#69060=EDGE_CURVE('',#32910,#69050,#69030,.T.);
#69070=ORIENTED_EDGE('',*,*,#69060,.F.);
#69080=CARTESIAN_POINT('',(24.8836462030947,45.1502563333335,
-35.2032861188318));
#69090=DIRECTION('',(-1.,-1.4210854715202E-14,0.));
#69100=VECTOR('',#69090,1.);
#69110=LINE('',#69080,#69100);
#69120=CARTESIAN_POINT('',(24.8836462030947,45.1502563333335,
-35.2032861188318));
#69130=VERTEX_POINT('',#69120);
#69140=EDGE_CURVE('',#69130,#69050,#69110,.T.);
#69150=ORIENTED_EDGE('',*,*,#69140,.T.);
#69160=CARTESIAN_POINT('',(24.8836462030947,43.7769230000001,
-35.2032861188318));
#69170=DIRECTION('',(-1.4210854715202E-14,1.,0.));
#69180=VECTOR('',#69170,1.);
#69190=LINE('',#69160,#69180);
#69200=EDGE_CURVE('',#32990,#69130,#69190,.T.);
#69210=ORIENTED_EDGE('',*,*,#69200,.T.);
#69220=EDGE_LOOP('',(#69210,#69150,#69070,#68990));
#69230=FACE_OUTER_BOUND('',#69220,.T.);
#69240=ADVANCED_FACE('',(#69230),#68980,.T.);
#69250=CARTESIAN_POINT('',(18.9336462030944,41.4002563333336,
-37.3932861188318));
#69260=DIRECTION('',(0.,0.,1.));
#69270=DIRECTION('',(-1.4210854715202E-14,1.,0.));
#69280=AXIS2_PLACEMENT_3D('',#69250,#69260,#69270);
#69290=CYLINDRICAL_SURFACE('',#69280,0.3);
#69300=ORIENTED_EDGE('',*,*,#49460,.T.);
#69310=ORIENTED_EDGE('',*,*,#51710,.F.);
#69320=ORIENTED_EDGE('',*,*,#67590,.F.);
#69330=ORIENTED_EDGE('',*,*,#60620,.T.);
#69340=EDGE_LOOP('',(#69330,#69320,#69310,#69300));
#69350=FACE_OUTER_BOUND('',#69340,.T.);
#69360=ADVANCED_FACE('',(#69350),#69290,.T.);
#69370=CARTESIAN_POINT('',(29.8169795364281,44.1933164967785,
-35.560225955387));
#69380=DIRECTION('',(-0.99992385047757,-0.00872620324395843,
-0.00872620324394422));
#69390=DIRECTION('',(0.00872653549838815,-0.999961923064171,0.));
#69400=AXIS2_PLACEMENT_3D('',#69370,#69380,#69390);
#69410=CYLINDRICAL_SURFACE('',#69400,0.2);
#69420=CARTESIAN_POINT('',(24.8836462030947,44.1502639490107,
-35.6032785031547));
#69430=DIRECTION('',(-1.,-1.4210854715202E-14,0.));
#69440=DIRECTION('',(-1.00485917355797E-14,0.707106781186795,
0.7071067811863));
#69450=AXIS2_PLACEMENT_3D('',#69420,#69430,#69440);
#69460=ELLIPSE('',#69450,0.200015231064324,0.2);
#69470=EDGE_CURVE('',#53690,#68570,#69460,.T.);
#69480=ORIENTED_EDGE('',*,*,#69470,.T.);
#69490=ORIENTED_EDGE('',*,*,#53920,.F.);
#69500=ORIENTED_EDGE('',*,*,#54250,.T.);
#69510=ORIENTED_EDGE('',*,*,#68640,.T.);
#69520=EDGE_LOOP('',(#69510,#69500,#69490,#69480));
#69530=FACE_OUTER_BOUND('',#69520,.T.);
#69540=ADVANCED_FACE('',(#69530),#69410,.T.);
#69550=CARTESIAN_POINT('',(23.3836462030946,42.8902563333339,
-36.4432861188318));
#69560=DIRECTION('',(0.,-1.,0.));
#69570=DIRECTION('',(1.,0.,0.));
#69580=AXIS2_PLACEMENT_3D('',#69550,#69560,#69570);
#69590=PLANE('',#69580);
#69600=ORIENTED_EDGE('',*,*,#50260,.T.);
#69610=ORIENTED_EDGE('',*,*,#55270,.F.);
#69620=ORIENTED_EDGE('',*,*,#60240,.F.);
#69630=CARTESIAN_POINT('',(23.3836462030946,42.8902563333339,
-36.1232861188318));
#69640=DIRECTION('',(0.,0.,1.));
#69650=VECTOR('',#69640,1.);
#69660=LINE('',#69630,#69650);
#69670=EDGE_CURVE('',#60230,#50250,#69660,.T.);
#69680=ORIENTED_EDGE('',*,*,#69670,.F.);
#69690=EDGE_LOOP('',(#69680,#69620,#69610,#69600));
#69700=FACE_OUTER_BOUND('',#69690,.T.);
#69710=ADVANCED_FACE('',(#69700),#69590,.F.);
#69720=COLOUR_RGB('',1.,0.843137323856354,0.);
#69730=FILL_AREA_STYLE_COLOUR('',#69720);
#69740=FILL_AREA_STYLE('',(#69730));
#69750=SURFACE_STYLE_FILL_AREA(#69740);
#69760=SURFACE_SIDE_STYLE('',(#69750));
#69770=SURFACE_STYLE_USAGE(.BOTH.,#69760);
#69780=PRESENTATION_STYLE_ASSIGNMENT((#69770));
#69790=CARTESIAN_POINT('',(29.8169795364281,43.6932974575856,
-35.3072448819807));
#69800=DIRECTION('',(-0.999897370574939,-0.00872597215734906,
-0.0113624701201671));
#69810=DIRECTION('',(-0.0113629027288246,-1.61476559822299E-16,
0.9999354401368));
#69820=AXIS2_PLACEMENT_3D('',#69790,#69800,#69810);
#69830=CYLINDRICAL_SURFACE('',#69820,0.3);
#69840=ORIENTED_EDGE('',*,*,#68710,.F.);
#69850=ORIENTED_EDGE('',*,*,#54100,.F.);
#69860=ORIENTED_EDGE('',*,*,#50730,.T.);
#69870=CARTESIAN_POINT('',(24.8836462030947,43.6502449098178,
-35.3633054880413));
#69880=DIRECTION('',(-1.,-1.4210854715202E-14,0.));
#69890=DIRECTION('',(-8.65554103571559E-15,0.609079552861543,
0.79310913390654));
#69900=AXIS2_PLACEMENT_3D('',#69870,#69880,#69890);
#69910=ELLIPSE('',#69900,0.300030791987682,0.3);
#69920=EDGE_CURVE('',#50640,#68550,#69910,.T.);
#69930=ORIENTED_EDGE('',*,*,#69920,.F.);
#69940=EDGE_LOOP('',(#69930,#69860,#69850,#69840));
#69950=FACE_OUTER_BOUND('',#69940,.T.);
#69960=ADVANCED_FACE('',(#69950),#69830,.F.);
#69970=CARTESIAN_POINT('',(18.1036462030947,38.8502563333336,
-35.9007861188318));
#69980=DIRECTION('',(0.,-0.363345276491644,0.931654555106779));
#69990=DIRECTION('',(0.,0.931654555106779,0.363345276491644));
#70000=AXIS2_PLACEMENT_3D('',#69970,#69980,#69990);
#70010=PLANE('',#70000);
#70020=ORIENTED_EDGE('',*,*,#34530,.F.);
#70030=ORIENTED_EDGE('',*,*,#64490,.F.);
#70040=ORIENTED_EDGE('',*,*,#48450,.F.);
#70050=ORIENTED_EDGE('',*,*,#56860,.F.);
#70060=EDGE_LOOP('',(#70050,#70040,#70030,#70020));
#70070=FACE_OUTER_BOUND('',#70060,.T.);
#70080=ADVANCED_FACE('',(#70070),#70010,.T.);
#70090=COLOUR_RGB('',1.,0.843137323856354,0.);
#70100=FILL_AREA_STYLE_COLOUR('',#70090);
#70110=FILL_AREA_STYLE('',(#70100));
#70120=SURFACE_STYLE_FILL_AREA(#70110);
#70130=SURFACE_SIDE_STYLE('',(#70120));
#70140=SURFACE_STYLE_USAGE(.BOTH.,#70130);
#70150=PRESENTATION_STYLE_ASSIGNMENT((#70140));
#70160=CARTESIAN_POINT('',(18.7236462030947,42.2502563333339,
-36.4432861188318));
#70170=DIRECTION('',(0.,1.,-0.));
#70180=DIRECTION('',(-1.,0.,0.));
#70190=AXIS2_PLACEMENT_3D('',#70160,#70170,#70180);
#70200=PLANE('',#70190);
#70210=ORIENTED_EDGE('',*,*,#60310,.F.);
#70220=ORIENTED_EDGE('',*,*,#55340,.F.);
#70230=ORIENTED_EDGE('',*,*,#50100,.T.);
#70240=ORIENTED_EDGE('',*,*,#55890,.T.);
#70250=EDGE_LOOP('',(#70240,#70230,#70220,#70210));
#70260=FACE_OUTER_BOUND('',#70250,.T.);
#70270=ADVANCED_FACE('',(#70260),#70200,.F.);
#70280=COLOUR_RGB('',1.,0.843137323856354,0.);
#70290=FILL_AREA_STYLE_COLOUR('',#70280);
#70300=FILL_AREA_STYLE('',(#70290));
#70310=SURFACE_STYLE_FILL_AREA(#70300);
#70320=SURFACE_SIDE_STYLE('',(#70310));
#70330=SURFACE_STYLE_USAGE(.BOTH.,#70320);
#70340=PRESENTATION_STYLE_ASSIGNMENT((#70330));
#70350=CARTESIAN_POINT('',(23.6336462030946,42.7927563333339,
-36.1232861188318));
#70360=DIRECTION('',(-0.363345276491644,-0.931654555106779,0.));
#70370=DIRECTION('',(0.931654555106779,-0.363345276491644,0.));
#70380=AXIS2_PLACEMENT_3D('',#70350,#70360,#70370);
#70390=PLANE('',#70380);
#70400=ORIENTED_EDGE('',*,*,#61840,.T.);
#70410=ORIENTED_EDGE('',*,*,#56340,.F.);
#70420=ORIENTED_EDGE('',*,*,#57630,.F.);
#70430=ORIENTED_EDGE('',*,*,#69670,.T.);
#70440=EDGE_LOOP('',(#70430,#70420,#70410,#70400));
#70450=FACE_OUTER_BOUND('',#70440,.T.);
#70460=ADVANCED_FACE('',(#70450),#70390,.F.);
#70470=COLOUR_RGB('',1.,0.843137323856354,0.);
#70480=FILL_AREA_STYLE_COLOUR('',#70470);
#70490=FILL_AREA_STYLE('',(#70480));
#70500=SURFACE_STYLE_FILL_AREA(#70490);
#70510=SURFACE_SIDE_STYLE('',(#70500));
#70520=SURFACE_STYLE_USAGE(.BOTH.,#70510);
#70530=PRESENTATION_STYLE_ASSIGNMENT((#70520));
#70540=CARTESIAN_POINT('',(21.4836462030953,41.4002563333336,
-37.3932861188318));
#70550=DIRECTION('',(0.,0.,1.));
#70560=DIRECTION('',(-1.4210854715202E-14,1.,0.));
#70570=AXIS2_PLACEMENT_3D('',#70540,#70550,#70560);
#70580=CYLINDRICAL_SURFACE('',#70570,0.3);
#70590=ORIENTED_EDGE('',*,*,#33250,.F.);
#70600=CARTESIAN_POINT('',(21.7836462030953,41.4002563333336,
-37.3932861188318));
#70610=DIRECTION('',(0.,0.,1.));
#70620=VECTOR('',#70610,1.);
#70630=LINE('',#70600,#70620);
#70640=EDGE_CURVE('',#51440,#33240,#70630,.T.);
#70650=ORIENTED_EDGE('',*,*,#70640,.T.);
#70660=ORIENTED_EDGE('',*,*,#51790,.F.);
#70670=ORIENTED_EDGE('',*,*,#49320,.F.);
#70680=EDGE_LOOP('',(#70670,#70660,#70650,#70590));
#70690=FACE_OUTER_BOUND('',#70680,.T.);
#70700=ADVANCED_FACE('',(#70690),#70580,.T.);
#70710=CARTESIAN_POINT('',(21.7836462030953,44.2802563333335,
-45.9632861188318));
#70720=DIRECTION('',(-1.,-0.,0.));
#70730=DIRECTION('',(0.,-1.,-0.));
#70740=AXIS2_PLACEMENT_3D('',#70710,#70720,#70730);
#70750=PLANE('',#70740);
#70760=ORIENTED_EDGE('',*,*,#70640,.F.);
#70770=ORIENTED_EDGE('',*,*,#37260,.F.);
#70780=ORIENTED_EDGE('',*,*,#66450,.F.);
#70790=ORIENTED_EDGE('',*,*,#51470,.T.);
#70800=EDGE_LOOP('',(#70790,#70780,#70770,#70760));
#70810=FACE_OUTER_BOUND('',#70800,.T.);
#70820=ADVANCED_FACE('',(#70810),#70750,.F.);
#70830=CARTESIAN_POINT('',(21.5336462030948,41.0002563333335,
-23.9332861188318));
#70840=DIRECTION('',(-1.4210854715202E-14,1.,0.));
#70850=DIRECTION('',(0.,0.,1.));
#70860=AXIS2_PLACEMENT_3D('',#70830,#70840,#70850);
#70870=PLANE('',#70860);
#70880=CARTESIAN_POINT('',(29.8169795364281,41.0002563333336,
-36.4432861188318));
#70890=DIRECTION('',(-1.,-1.4210854715202E-14,0.));
#70900=VECTOR('',#70890,1.);
#70910=LINE('',#70880,#70900);
#70920=EDGE_CURVE('',#63040,#44620,#70910,.T.);
#70930=ORIENTED_EDGE('',*,*,#70920,.T.);
#70940=ORIENTED_EDGE('',*,*,#63200,.T.);
#70950=ORIENTED_EDGE('',*,*,#64420,.F.);
#70960=ORIENTED_EDGE('',*,*,#44390,.F.);
#70970=CARTESIAN_POINT('',(29.8169795364281,41.0002563333336,
-35.1032861188318));
#70980=DIRECTION('',(1.,1.4210854715202E-14,0.));
#70990=VECTOR('',#70980,1.);
#71000=LINE('',#70970,#70990);
#71010=EDGE_CURVE('',#44300,#55500,#71000,.T.);
#71020=ORIENTED_EDGE('',*,*,#71010,.F.);
#71030=ORIENTED_EDGE('',*,*,#55510,.T.);
#71040=ORIENTED_EDGE('',*,*,#38150,.F.);
#71050=ORIENTED_EDGE('',*,*,#44690,.T.);
#71060=EDGE_LOOP('',(#71050,#71040,#71030,#71020,#70960,#70950,#70940,
#70930));
#71070=FACE_OUTER_BOUND('',#71060,.T.);
#71080=ADVANCED_FACE('',(#71070),#70870,.F.);
#71090=CARTESIAN_POINT('',(21.8836462030946,42.570256333334,
-36.4432861188318));
#71100=DIRECTION('',(0.,0.,-1.));
#71110=DIRECTION('',(1.,0.,0.));
#71120=AXIS2_PLACEMENT_3D('',#71090,#71100,#71110);
#71130=PLANE('',#71120);
#71140=ORIENTED_EDGE('',*,*,#62430,.T.);
#71150=ORIENTED_EDGE('',*,*,#68060,.F.);
#71160=ORIENTED_EDGE('',*,*,#47550,.T.);
#71170=ORIENTED_EDGE('',*,*,#63050,.T.);
#71180=ORIENTED_EDGE('',*,*,#70920,.F.);
#71190=ORIENTED_EDGE('',*,*,#44630,.F.);
#71200=EDGE_LOOP('',(#71190,#71180,#71170,#71160,#71150,#71140));
#71210=FACE_OUTER_BOUND('',#71200,.T.);
#71220=ADVANCED_FACE('',(#71210),#71130,.T.);
#71230=COLOUR_RGB('',1.,0.843137323856354,0.);
#71240=FILL_AREA_STYLE_COLOUR('',#71230);
#71250=FILL_AREA_STYLE('',(#71240));
#71260=SURFACE_STYLE_FILL_AREA(#71250);
#71270=SURFACE_SIDE_STYLE('',(#71260));
#71280=SURFACE_STYLE_USAGE(.BOTH.,#71270);
#71290=PRESENTATION_STYLE_ASSIGNMENT((#71280));
#71300=CARTESIAN_POINT('',(22.3836462030948,42.0002563333335,
-34.6029073309531));
#71310=DIRECTION('',(-1.,-1.4210854715202E-14,-0.));
#71320=DIRECTION('',(-1.4210854715202E-14,1.,0.));
#71330=AXIS2_PLACEMENT_3D('',#71300,#71310,#71320);
#71340=PLANE('',#71330);
#71350=ORIENTED_EDGE('',*,*,#67390,.T.);
#71360=CARTESIAN_POINT('',(22.3836462030948,40.8002563333335,
-34.8032861188319));
#71370=DIRECTION('',(1.,1.4210854715202E-14,0.));
#71380=DIRECTION('',(1.4210854715202E-14,-1.,0.));
#71390=AXIS2_PLACEMENT_3D('',#71360,#71370,#71380);
#71400=CIRCLE('',#71390,0.2);
#71410=EDGE_CURVE('',#51880,#67320,#71400,.T.);
#71420=ORIENTED_EDGE('',*,*,#71410,.T.);
#71430=ORIENTED_EDGE('',*,*,#52630,.T.);
#71440=ORIENTED_EDGE('',*,*,#60060,.F.);
#71450=ORIENTED_EDGE('',*,*,#50970,.F.);
#71460=CARTESIAN_POINT('',(22.3836462030948,41.2220735028104,
-42.4732861188318));
#71470=DIRECTION('',(0.,0.,-1.));
#71480=VECTOR('',#71470,1.);
#71490=LINE('',#71460,#71480);
#71500=CARTESIAN_POINT('',(22.3836462030948,41.2220735028104,
-35.581468949355));
#71510=VERTEX_POINT('',#71500);
#71520=EDGE_CURVE('',#50880,#71510,#71490,.T.);
#71530=ORIENTED_EDGE('',*,*,#71520,.F.);
#71540=CARTESIAN_POINT('',(22.3836462030947,43.7769230000001,
-35.581468949355));
#71550=DIRECTION('',(1.4210854715202E-14,-1.,-7.88890943770854E-31));
#71560=VECTOR('',#71550,1.);
#71570=LINE('',#71540,#71560);
#71580=EDGE_CURVE('',#71510,#66920,#71570,.T.);
#71590=ORIENTED_EDGE('',*,*,#71580,.F.);
#71600=EDGE_LOOP('',(#71590,#71530,#71450,#71440,#71430,#71420,#71350));
#71610=FACE_OUTER_BOUND('',#71600,.T.);
#71620=ADVANCED_FACE('',(#71610),#71340,.F.);
#71630=CARTESIAN_POINT('',(29.8169795364281,40.8002563333336,
-34.8032861188319));
#71640=DIRECTION('',(-1.,-1.4210854715202E-14,0.));
#71650=DIRECTION('',(1.4210854715202E-14,-1.,0.));
#71660=AXIS2_PLACEMENT_3D('',#71630,#71640,#71650);
#71670=CYLINDRICAL_SURFACE('',#71660,0.2);
#71680=ORIENTED_EDGE('',*,*,#51910,.T.);
#71690=ORIENTED_EDGE('',*,*,#71410,.F.);
#71700=ORIENTED_EDGE('',*,*,#67330,.F.);
#71710=CARTESIAN_POINT('',(17.7836462030948,40.8002563333334,
-34.8032861188319));
#71720=DIRECTION('',(1.,1.4210854715202E-14,0.));
#71730=DIRECTION('',(1.4210854715202E-14,-1.,0.));
#71740=AXIS2_PLACEMENT_3D('',#71710,#71720,#71730);
#71750=CIRCLE('',#71740,0.2);
#71760=EDGE_CURVE('',#51900,#67240,#71750,.T.);
#71770=ORIENTED_EDGE('',*,*,#71760,.T.);
#71780=EDGE_LOOP('',(#71770,#71700,#71690,#71680));
#71790=FACE_OUTER_BOUND('',#71780,.T.);
#71800=ADVANCED_FACE('',(#71790),#71670,.T.);
#71810=CARTESIAN_POINT('',(17.7836462030948,44.5765540405977,
-45.9632861188318));
#71820=DIRECTION('',(1.,0.,-0.));
#71830=DIRECTION('',(0.,0.,1.));
#71840=AXIS2_PLACEMENT_3D('',#71810,#71820,#71830);
#71850=PLANE('',#71840);
#71860=ORIENTED_EDGE('',*,*,#67250,.F.);
#71870=CARTESIAN_POINT('',(17.7836462030948,43.7769229999999,
-35.1032861188318));
#71880=DIRECTION('',(0.,-1.,-0.));
#71890=VECTOR('',#71880,1.);
#71900=LINE('',#71870,#71890);
#71910=EDGE_CURVE('',#48190,#67160,#71900,.T.);
#71920=ORIENTED_EDGE('',*,*,#71910,.T.);
#71930=ORIENTED_EDGE('',*,*,#48200,.F.);
#71940=CARTESIAN_POINT('',(17.7836462030948,45.2502563333335,
-34.8032861188319));
#71950=DIRECTION('',(1.,0.,0.));
#71960=DIRECTION('',(0.,1.,0.));
#71970=AXIS2_PLACEMENT_3D('',#71940,#71950,#71960);
#71980=CIRCLE('',#71970,0.2);
#71990=EDGE_CURVE('',#48110,#51980,#71980,.T.);
#72000=ORIENTED_EDGE('',*,*,#71990,.F.);
#72010=ORIENTED_EDGE('',*,*,#51990,.T.);
#72020=ORIENTED_EDGE('',*,*,#71760,.F.);
#72030=EDGE_LOOP('',(#72020,#72010,#72000,#71930,#71920,#71860));
#72040=FACE_OUTER_BOUND('',#72030,.T.);
#72050=ADVANCED_FACE('',(#72040),#71850,.F.);
#72060=CARTESIAN_POINT('',(29.8169795364281,45.2502563333336,
-34.8032861188319));
#72070=DIRECTION('',(1.,1.4210854715202E-14,0.));
#72080=DIRECTION('',(-1.4210854715202E-14,1.,0.));
#72090=AXIS2_PLACEMENT_3D('',#72060,#72070,#72080);
#72100=CYLINDRICAL_SURFACE('',#72090,0.2);
#72110=CARTESIAN_POINT('',(24.8836462030947,45.2502563333335,
-34.8032861188319));
#72120=DIRECTION('',(1.,0.,0.));
#72130=DIRECTION('',(0.,1.,0.));
#72140=AXIS2_PLACEMENT_3D('',#72110,#72120,#72130);
#72150=CIRCLE('',#72140,0.2);
#72160=EDGE_CURVE('',#48030,#52060,#72150,.T.);
#72170=ORIENTED_EDGE('',*,*,#72160,.F.);
#72180=ORIENTED_EDGE('',*,*,#52070,.T.);
#72190=ORIENTED_EDGE('',*,*,#71990,.T.);
#72200=ORIENTED_EDGE('',*,*,#48120,.F.);
#72210=EDGE_LOOP('',(#72200,#72190,#72180,#72170));
#72220=FACE_OUTER_BOUND('',#72210,.T.);
#72230=ADVANCED_FACE('',(#72220),#72100,.T.);
#72240=CARTESIAN_POINT('',(16.1022666567551,40.6002563333334,
-35.1032861188318));
#72250=DIRECTION('',(-0.,0.,-1.));
#72260=DIRECTION('',(-1.,-1.4210854715202E-14,0.));
#72270=AXIS2_PLACEMENT_3D('',#72240,#72250,#72260);
#72280=PLANE('',#72270);
#72290=ORIENTED_EDGE('',*,*,#44310,.T.);
#72300=ORIENTED_EDGE('',*,*,#48260,.F.);
#72310=ORIENTED_EDGE('',*,*,#71910,.F.);
#72320=ORIENTED_EDGE('',*,*,#67170,.F.);
#72330=ORIENTED_EDGE('',*,*,#55590,.F.);
#72340=ORIENTED_EDGE('',*,*,#71010,.T.);
#72350=EDGE_LOOP('',(#72340,#72330,#72320,#72310,#72300,#72290));
#72360=FACE_OUTER_BOUND('',#72350,.T.);
#72370=ADVANCED_FACE('',(#72360),#72280,.T.);
#72380=CARTESIAN_POINT('',(24.8836462030947,43.776923,-35.6032861188319)
);
#72390=DIRECTION('',(-0.00872653549837393,-1.24011528134445E-16,
-0.999961923064171));
#72400=DIRECTION('',(-1.4210854715202E-14,1.,4.13041361561426E-32));
#72410=AXIS2_PLACEMENT_3D('',#72380,#72390,#72400);
#72420=PLANE('',#72410);
#72430=ORIENTED_EDGE('',*,*,#71580,.T.);
#72440=CARTESIAN_POINT('',(29.8169795364281,41.1572037855659,
-35.6463386665996));
#72450=DIRECTION('',(0.999923850477571,-0.00872620324393001,
-0.00872620324394422));
#72460=VECTOR('',#72450,1.);
#72470=LINE('',#72440,#72460);
#72480=CARTESIAN_POINT('',(24.8836462030948,41.2002563333335,
-35.6032861188319));
#72490=VERTEX_POINT('',#72480);
#72500=EDGE_CURVE('',#71510,#72490,#72470,.T.);
#72510=ORIENTED_EDGE('',*,*,#72500,.F.);
#72520=CARTESIAN_POINT('',(24.8836462030947,43.7769230000001,
-35.6032861188319));
#72530=DIRECTION('',(-1.4210854715202E-14,1.,7.88890943770854E-31));
#72540=VECTOR('',#72530,1.);
#72550=LINE('',#72520,#72540);
#72560=EDGE_CURVE('',#66900,#72490,#72550,.T.);
#72570=ORIENTED_EDGE('',*,*,#72560,.T.);
#72580=ORIENTED_EDGE('',*,*,#66930,.F.);
#72590=EDGE_LOOP('',(#72580,#72570,#72510,#72430));
#72600=FACE_OUTER_BOUND('',#72590,.T.);
#72610=ADVANCED_FACE('',(#72600),#72420,.F.);
#72620=CARTESIAN_POINT('',(24.8836462030948,41.2002563333335,
-37.3932861188318));
#72630=DIRECTION('',(0.00872653549835972,0.999961923064171,-0.));
#72640=DIRECTION('',(-0.999961923064171,0.00872653549835972,0.));
#72650=AXIS2_PLACEMENT_3D('',#72620,#72630,#72640);
#72660=PLANE('',#72650);
#72670=ORIENTED_EDGE('',*,*,#59720,.F.);
#72680=CARTESIAN_POINT('',(24.8836462030948,41.2002563333335,
-37.3932861188318));
#72690=DIRECTION('',(0.,0.,-1.));
#72700=VECTOR('',#72690,1.);
#72710=LINE('',#72680,#72700);
#72720=EDGE_CURVE('',#72490,#59650,#72710,.T.);
#72730=ORIENTED_EDGE('',*,*,#72720,.T.);
#72740=ORIENTED_EDGE('',*,*,#72500,.T.);
#72750=ORIENTED_EDGE('',*,*,#71520,.T.);
#72760=ORIENTED_EDGE('',*,*,#50890,.F.);
#72770=ORIENTED_EDGE('',*,*,#55090,.F.);
#72780=EDGE_LOOP('',(#72770,#72760,#72750,#72740,#72730,#72670));
#72790=FACE_OUTER_BOUND('',#72780,.T.);
#72800=ADVANCED_FACE('',(#72790),#72660,.T.);
#72810=CARTESIAN_POINT('',(23.3836462030948,40.2802563333335,
-34.6029073309531));
#72820=DIRECTION('',(1.,1.4210854715202E-14,0.));
#72830=DIRECTION('',(1.4210854715202E-14,-1.,0.));
#72840=AXIS2_PLACEMENT_3D('',#72810,#72820,#72830);
#72850=PLANE('',#72840);
#72860=ORIENTED_EDGE('',*,*,#51290,.T.);
#72870=ORIENTED_EDGE('',*,*,#56630,.F.);
#72880=ORIENTED_EDGE('',*,*,#52310,.T.);
#72890=CARTESIAN_POINT('',(23.3836462030948,41.3002563333335,
-34.8032861188319));
#72900=DIRECTION('',(1.,1.4210854715202E-14,0.));
#72910=DIRECTION('',(-1.4210854715202E-14,1.,0.));
#72920=AXIS2_PLACEMENT_3D('',#72890,#72900,#72910);
#72930=CIRCLE('',#72920,0.2);
#72940=CARTESIAN_POINT('',(23.3836462030948,41.1002563333335,
-34.8032861188319));
#72950=VERTEX_POINT('',#72940);
#72960=EDGE_CURVE('',#52220,#72950,#72930,.T.);
#72970=ORIENTED_EDGE('',*,*,#72960,.F.);
#72980=CARTESIAN_POINT('',(23.3836462030948,41.1002563333335,
-37.3932861188318));
#72990=DIRECTION('',(0.,0.,1.));
#73000=VECTOR('',#72990,1.);
#73010=LINE('',#72980,#73000);
#73020=EDGE_CURVE('',#50540,#72950,#73010,.T.);
#73030=ORIENTED_EDGE('',*,*,#73020,.T.);
#73040=EDGE_LOOP('',(#73030,#72970,#72880,#72870,#72860));
#73050=FACE_OUTER_BOUND('',#73040,.T.);
#73060=ADVANCED_FACE('',(#73050),#72850,.F.);
#73070=CARTESIAN_POINT('',(29.8169795364281,41.3002563333336,
-34.8032861188319));
#73080=DIRECTION('',(1.,1.4210854715202E-14,0.));
#73090=DIRECTION('',(-1.4210854715202E-14,1.,0.));
#73100=AXIS2_PLACEMENT_3D('',#73070,#73080,#73090);
#73110=CYLINDRICAL_SURFACE('',#73100,0.2);
#73120=CARTESIAN_POINT('',(24.8836462030948,41.3002563333335,
-34.8032861188319));
#73130=DIRECTION('',(1.,1.4210854715202E-14,0.));
#73140=DIRECTION('',(-1.4210854715202E-14,1.,0.));
#73150=AXIS2_PLACEMENT_3D('',#73120,#73130,#73140);
#73160=CIRCLE('',#73150,0.2);
#73170=CARTESIAN_POINT('',(24.8836462030948,41.1002563333335,
-34.8032861188319));
#73180=VERTEX_POINT('',#73170);
#73190=EDGE_CURVE('',#52140,#73180,#73160,.T.);
#73200=ORIENTED_EDGE('',*,*,#73190,.F.);
#73210=CARTESIAN_POINT('',(29.8169795364281,41.1002563333336,
-34.8032861188319));
#73220=DIRECTION('',(1.,1.4210854715202E-14,0.));
#73230=VECTOR('',#73220,1.);
#73240=LINE('',#73210,#73230);
#73250=EDGE_CURVE('',#72950,#73180,#73240,.T.);
#73260=ORIENTED_EDGE('',*,*,#73250,.T.);
#73270=ORIENTED_EDGE('',*,*,#72960,.T.);
#73280=ORIENTED_EDGE('',*,*,#52230,.F.);
#73290=EDGE_LOOP('',(#73280,#73270,#73260,#73200));
#73300=FACE_OUTER_BOUND('',#73290,.T.);
#73310=ADVANCED_FACE('',(#73300),#73110,.T.);
#73320=CARTESIAN_POINT('',(24.8836462030948,41.1002563333335,
-37.3932861188318));
#73330=DIRECTION('',(1.4210854715202E-14,-1.,0.));
#73340=DIRECTION('',(1.,1.4210854715202E-14,0.));
#73350=AXIS2_PLACEMENT_3D('',#73320,#73330,#73340);
#73360=PLANE('',#73350);
#73370=ORIENTED_EDGE('',*,*,#73020,.F.);
#73380=ORIENTED_EDGE('',*,*,#73250,.F.);
#73390=CARTESIAN_POINT('',(24.8836462030948,41.1002563333335,
-37.3932861188318));
#73400=DIRECTION('',(0.,0.,-1.));
#73410=VECTOR('',#73400,1.);
#73420=LINE('',#73390,#73410);
#73430=EDGE_CURVE('',#73180,#50560,#73420,.T.);
#73440=ORIENTED_EDGE('',*,*,#73430,.F.);
#73450=ORIENTED_EDGE('',*,*,#50570,.T.);
#73460=EDGE_LOOP('',(#73450,#73440,#73380,#73370));
#73470=FACE_OUTER_BOUND('',#73460,.T.);
#73480=ADVANCED_FACE('',(#73470),#73360,.T.);
#73490=CARTESIAN_POINT('',(24.8836462030948,43.0019229999999,
-37.4832861188318));
#73500=DIRECTION('',(-1.,-1.4210854715202E-14,0.));
#73510=DIRECTION('',(0.,0.,1.));
#73520=AXIS2_PLACEMENT_3D('',#73490,#73500,#73510);
#73530=PLANE('',#73520);
#73540=CARTESIAN_POINT('',(24.8836462030947,45.1502563333335,
-37.3932861188318));
#73550=DIRECTION('',(0.,0.,1.));
#73560=VECTOR('',#73550,1.);
#73570=LINE('',#73540,#73560);
#73580=CARTESIAN_POINT('',(24.8836462030947,45.1502563333335,
-35.1282861188318));
#73590=VERTEX_POINT('',#73580);
#73600=EDGE_CURVE('',#69130,#73590,#73570,.T.);
#73610=ORIENTED_EDGE('',*,*,#73600,.F.);
#73620=CARTESIAN_POINT('',(24.8836462030947,43.7769230000001,
-34.6705083410541));
#73630=DIRECTION('',(1.34892097491957E-14,-0.948683298050515,
0.316227766016833));
#73640=VECTOR('',#73630,1.);
#73650=LINE('',#73620,#73640);
#73660=CARTESIAN_POINT('',(24.8836462030947,45.1221313333335,
-35.1189111188318));
#73670=VERTEX_POINT('',#73660);
#73680=EDGE_CURVE('',#73590,#73670,#73650,.T.);
#73690=ORIENTED_EDGE('',*,*,#73680,.F.);
#73700=CARTESIAN_POINT('',(24.8836462030947,43.7769230000001,
-34.1100048688318));
#73710=DIRECTION('',(1.13797860024079E-14,-0.799999999999995,
0.600000000000006));
#73720=VECTOR('',#73710,1.);
#73730=LINE('',#73700,#73720);
#73740=CARTESIAN_POINT('',(24.8836462030947,45.0846313333335,
-35.0907861188318));
#73750=VERTEX_POINT('',#73740);
#73760=EDGE_CURVE('',#73670,#73750,#73730,.T.);
#73770=ORIENTED_EDGE('',*,*,#73760,.F.);
#73780=CARTESIAN_POINT('',(24.8836462030947,43.7769230000001,
-33.7830777854985));
#73790=DIRECTION('',(1.00475183728577E-14,-0.707106781186553,
0.707106781186542));
#73800=VECTOR('',#73790,1.);
#73810=LINE('',#73780,#73800);
#73820=CARTESIAN_POINT('',(24.8836462030947,45.0565063333335,
-35.0626611188318));
#73830=VERTEX_POINT('',#73820);
#73840=EDGE_CURVE('',#73750,#73830,#73810,.T.);
#73850=ORIENTED_EDGE('',*,*,#73840,.F.);
#73860=CARTESIAN_POINT('',(24.8836462030947,46.2218188333334,
-37.3932861188318));
#73870=DIRECTION('',(6.35602681597902E-15,-0.447213595499954,
0.894427190999918));
#73880=VECTOR('',#73870,1.);
#73890=LINE('',#73860,#73880);
#73900=CARTESIAN_POINT('',(24.8836462030947,45.0377563333335,
-35.0251611188318));
#73910=VERTEX_POINT('',#73900);
#73920=EDGE_CURVE('',#73830,#73910,#73890,.T.);
#73930=ORIENTED_EDGE('',*,*,#73920,.F.);
#73940=CARTESIAN_POINT('',(24.8836462030947,45.8271313333335,
-37.3932861188318));
#73950=DIRECTION('',(4.49640324973188E-15,-0.316227766016847,
0.948683298050511));
#73960=VECTOR('',#73950,1.);
#73970=LINE('',#73940,#73960);
#73980=CARTESIAN_POINT('',(24.8836462030947,45.0283813333335,
-34.9970361188318));
#73990=VERTEX_POINT('',#73980);
#74000=EDGE_CURVE('',#73910,#73990,#73970,.T.);
#74010=ORIENTED_EDGE('',*,*,#74000,.F.);
#74020=CARTESIAN_POINT('',(24.8836462030947,45.5076313333335,
-37.3932861188318));
#74030=DIRECTION('',(2.78943534937071E-15,-0.196116135138182,
0.980580675690921));
#74040=VECTOR('',#74030,1.);
#74050=LINE('',#74020,#74040);
#74060=CARTESIAN_POINT('',(24.8836462030947,45.0190063333335,
-34.9501611188318));
#74070=VERTEX_POINT('',#74060);
#74080=EDGE_CURVE('',#73990,#74070,#74050,.T.);
#74090=ORIENTED_EDGE('',*,*,#74080,.F.);
#74100=CARTESIAN_POINT('',(24.8836462030947,45.0190063333335,
-37.3932861188318));
#74110=DIRECTION('',(0.,0.,1.));
#74120=VECTOR('',#74110,1.);
#74130=LINE('',#74100,#74120);
#74140=CARTESIAN_POINT('',(24.8836462030947,45.0190063333335,
-34.9314111188318));
#74150=VERTEX_POINT('',#74140);
#74160=EDGE_CURVE('',#74070,#74150,#74130,.T.);
#74170=ORIENTED_EDGE('',*,*,#74160,.F.);
#74180=CARTESIAN_POINT('',(24.8836462030947,43.7769230000001,
-34.9314111188318));
#74190=DIRECTION('',(1.4210854715202E-14,-1.,0.));
#74200=VECTOR('',#74190,1.);
#74210=LINE('',#74180,#74200);
#74220=CARTESIAN_POINT('',(24.8836462030947,44.9440063333335,
-34.9314111188318));
#74230=VERTEX_POINT('',#74220);
#74240=EDGE_CURVE('',#74150,#74230,#74210,.T.);
#74250=ORIENTED_EDGE('',*,*,#74240,.F.);
#74260=CARTESIAN_POINT('',(24.8836462030947,44.9440063333335,
-37.3932861188318));
#74270=DIRECTION('',(0.,0.,-1.));
#74280=VECTOR('',#74270,1.);
#74290=LINE('',#74260,#74280);
#74300=CARTESIAN_POINT('',(24.8836462030947,44.9440063333335,
-35.1095361188318));
#74310=VERTEX_POINT('',#74300);
#74320=EDGE_CURVE('',#74230,#74310,#74290,.T.);
#74330=ORIENTED_EDGE('',*,*,#74320,.F.);
#74340=CARTESIAN_POINT('',(24.8836462030947,43.7769230000001,
-35.1095361188318));
#74350=DIRECTION('',(1.4210854715202E-14,-1.,0.));
#74360=VECTOR('',#74350,1.);
#74370=LINE('',#74340,#74360);
#74380=EDGE_CURVE('',#74310,#32810,#74370,.T.);
#74390=ORIENTED_EDGE('',*,*,#74380,.F.);
#74400=ORIENTED_EDGE('',*,*,#33060,.F.);
#74410=ORIENTED_EDGE('',*,*,#69200,.F.);
#74420=EDGE_LOOP('',(#74410,#74400,#74390,#74330,#74250,#74170,#74090,
#74010,#73930,#73850,#73770,#73690,#73610));
#74430=FACE_BOUND('',#74420,.T.);
#74440=ORIENTED_EDGE('',*,*,#69470,.F.);
#74450=ORIENTED_EDGE('',*,*,#68580,.T.);
#74460=ORIENTED_EDGE('',*,*,#69920,.T.);
#74470=ORIENTED_EDGE('',*,*,#50650,.T.);
#74480=ORIENTED_EDGE('',*,*,#73430,.T.);
#74490=ORIENTED_EDGE('',*,*,#73190,.T.);
#74500=ORIENTED_EDGE('',*,*,#52150,.T.);
#74510=ORIENTED_EDGE('',*,*,#72160,.T.);
#74520=ORIENTED_EDGE('',*,*,#48040,.F.);
#74530=ORIENTED_EDGE('',*,*,#850,.F.);
#74540=ORIENTED_EDGE('',*,*,#8310,.F.);
#74550=ORIENTED_EDGE('',*,*,#41310,.F.);
#74560=ORIENTED_EDGE('',*,*,#40440,.F.);
#74570=ORIENTED_EDGE('',*,*,#41860,.F.);
#74580=ORIENTED_EDGE('',*,*,#43120,.F.);
#74590=ORIENTED_EDGE('',*,*,#42970,.F.);
#74600=ORIENTED_EDGE('',*,*,#43400,.T.);
#74610=ORIENTED_EDGE('',*,*,#43640,.T.);
#74620=ORIENTED_EDGE('',*,*,#43890,.T.);
#74630=ORIENTED_EDGE('',*,*,#45090,.F.);
#74640=ORIENTED_EDGE('',*,*,#46430,.F.);
#74650=ORIENTED_EDGE('',*,*,#33720,.F.);
#74660=ORIENTED_EDGE('',*,*,#38460,.F.);
#74670=ORIENTED_EDGE('',*,*,#40820,.F.);
#74680=ORIENTED_EDGE('',*,*,#45420,.F.);
#74690=ORIENTED_EDGE('',*,*,#66750,.T.);
#74700=ORIENTED_EDGE('',*,*,#42190,.T.);
#74710=ORIENTED_EDGE('',*,*,#65140,.T.);
#74720=ORIENTED_EDGE('',*,*,#4070,.T.);
#74730=ORIENTED_EDGE('',*,*,#66990,.F.);
#74740=ORIENTED_EDGE('',*,*,#72560,.F.);
#74750=ORIENTED_EDGE('',*,*,#72720,.F.);
#74760=ORIENTED_EDGE('',*,*,#59660,.F.);
#74770=ORIENTED_EDGE('',*,*,#59490,.F.);
#74780=ORIENTED_EDGE('',*,*,#59250,.F.);
#74790=ORIENTED_EDGE('',*,*,#59000,.T.);
#74800=ORIENTED_EDGE('',*,*,#58760,.T.);
#74810=ORIENTED_EDGE('',*,*,#58510,.T.);
#74820=ORIENTED_EDGE('',*,*,#58270,.T.);
#74830=ORIENTED_EDGE('',*,*,#57360,.F.);
#74840=ORIENTED_EDGE('',*,*,#68860,.F.);
#74850=ORIENTED_EDGE('',*,*,#53700,.F.);
#74860=EDGE_LOOP('',(#74850,#74840,#74830,#74820,#74810,#74800,#74790,
#74780,#74770,#74760,#74750,#74740,#74730,#74720,#74710,#74700,#74690,
#74680,#74670,#74660,#74650,#74640,#74630,#74620,#74610,#74600,#74590,
#74580,#74570,#74560,#74550,#74540,#74530,#74520,#74510,#74500,#74490,
#74480,#74470,#74460,#74450,#74440));
#74870=FACE_OUTER_BOUND('',#74860,.T.);
#74880=ADVANCED_FACE('',(#74430,#74870),#73530,.F.);
#74890=CARTESIAN_POINT('',(24.8336462030947,43.2752563333336,
-34.7832861188318));
#74900=DIRECTION('',(1.,1.4210854715202E-14,0.));
#74910=DIRECTION('',(0.,0.,-1.));
#74920=AXIS2_PLACEMENT_3D('',#74890,#74900,#74910);
#74930=PLANE('',#74920);
#74940=CARTESIAN_POINT('',(24.8336462030947,45.0190063333335,
-37.3932861188318));
#74950=DIRECTION('',(0.,0.,1.));
#74960=VECTOR('',#74950,1.);
#74970=LINE('',#74940,#74960);
#74980=CARTESIAN_POINT('',(24.8336462030947,45.0190063333335,
-34.9501611188318));
#74990=VERTEX_POINT('',#74980);
#75000=CARTESIAN_POINT('',(24.8336462030947,45.0190063333335,
-34.9314111188318));
#75010=VERTEX_POINT('',#75000);
#75020=EDGE_CURVE('',#74990,#75010,#74970,.T.);
#75030=ORIENTED_EDGE('',*,*,#75020,.T.);
#75040=CARTESIAN_POINT('',(24.8336462030947,45.5076313333335,
-37.3932861188318));
#75050=DIRECTION('',(2.78697790375563E-15,-0.196116135138182,
0.980580675690921));
#75060=VECTOR('',#75050,1.);
#75070=LINE('',#75040,#75060);
#75080=CARTESIAN_POINT('',(24.8336462030947,45.0283813333335,
-34.9970361188318));
#75090=VERTEX_POINT('',#75080);
#75100=EDGE_CURVE('',#75090,#74990,#75070,.T.);
#75110=ORIENTED_EDGE('',*,*,#75100,.T.);
#75120=CARTESIAN_POINT('',(24.8336462030947,45.8271313333335,
-37.3932861188318));
#75130=DIRECTION('',(4.49386683977831E-15,-0.316227766016847,
0.948683298050511));
#75140=VECTOR('',#75130,1.);
#75150=LINE('',#75120,#75140);
#75160=CARTESIAN_POINT('',(24.8336462030947,45.0377563333335,
-35.0251611188318));
#75170=VERTEX_POINT('',#75160);
#75180=EDGE_CURVE('',#75170,#75090,#75150,.T.);
#75190=ORIENTED_EDGE('',*,*,#75180,.T.);
#75200=CARTESIAN_POINT('',(24.8336462030947,46.2218188333334,
-37.3932861188318));
#75210=DIRECTION('',(6.35528743231296E-15,-0.447213595499954,
0.894427190999918));
#75220=VECTOR('',#75210,1.);
#75230=LINE('',#75200,#75220);
#75240=CARTESIAN_POINT('',(24.8336462030947,45.0565063333335,
-35.0626611188318));
#75250=VERTEX_POINT('',#75240);
#75260=EDGE_CURVE('',#75250,#75170,#75230,.T.);
#75270=ORIENTED_EDGE('',*,*,#75260,.T.);
#75280=CARTESIAN_POINT('',(24.8336462030947,43.776923,-33.7830777854984)
);
#75290=DIRECTION('',(1.00485917355762E-14,-0.707106781186553,
0.707106781186542));
#75300=VECTOR('',#75290,1.);
#75310=LINE('',#75280,#75300);
#75320=CARTESIAN_POINT('',(24.8336462030947,45.0846313333335,
-35.0907861188318));
#75330=VERTEX_POINT('',#75320);
#75340=EDGE_CURVE('',#75330,#75250,#75310,.T.);
#75350=ORIENTED_EDGE('',*,*,#75340,.T.);
#75360=CARTESIAN_POINT('',(24.8336462030947,43.776923,-34.1100048688318)
);
#75370=DIRECTION('',(1.13686837721615E-14,-0.799999999999995,
0.600000000000006));
#75380=VECTOR('',#75370,1.);
#75390=LINE('',#75360,#75380);
#75400=CARTESIAN_POINT('',(24.8336462030947,45.1221313333335,
-35.1189111188318));
#75410=VERTEX_POINT('',#75400);
#75420=EDGE_CURVE('',#75410,#75330,#75390,.T.);
#75430=ORIENTED_EDGE('',*,*,#75420,.T.);
#75440=CARTESIAN_POINT('',(24.8336462030947,43.776923,-34.670508341054))
;
#75450=DIRECTION('',(1.34816005193346E-14,-0.948683298050515,
0.316227766016833));
#75460=VECTOR('',#75450,1.);
#75470=LINE('',#75440,#75460);
#75480=CARTESIAN_POINT('',(24.8336462030947,45.1502563333335,
-35.1282861188318));
#75490=VERTEX_POINT('',#75480);
#75500=EDGE_CURVE('',#75490,#75410,#75470,.T.);
#75510=ORIENTED_EDGE('',*,*,#75500,.T.);
#75520=CARTESIAN_POINT('',(24.8336462030947,45.1502563333335,
-37.3932861188318));
#75530=DIRECTION('',(0.,0.,1.));
#75540=VECTOR('',#75530,1.);
#75550=LINE('',#75520,#75540);
#75560=EDGE_CURVE('',#69050,#75490,#75550,.T.);
#75570=ORIENTED_EDGE('',*,*,#75560,.T.);
#75580=ORIENTED_EDGE('',*,*,#69060,.T.);
#75590=ORIENTED_EDGE('',*,*,#32920,.T.);
#75600=CARTESIAN_POINT('',(24.8336462030947,43.776923,-35.1095361188318)
);
#75610=DIRECTION('',(1.4210854715202E-14,-1.,0.));
#75620=VECTOR('',#75610,1.);
#75630=LINE('',#75600,#75620);
#75640=CARTESIAN_POINT('',(24.8336462030947,44.9440063333335,
-35.1095361188318));
#75650=VERTEX_POINT('',#75640);
#75660=EDGE_CURVE('',#75650,#32830,#75630,.T.);
#75670=ORIENTED_EDGE('',*,*,#75660,.T.);
#75680=CARTESIAN_POINT('',(24.8336462030947,44.9440063333335,
-37.3932861188318));
#75690=DIRECTION('',(0.,0.,-1.));
#75700=VECTOR('',#75690,1.);
#75710=LINE('',#75680,#75700);
#75720=CARTESIAN_POINT('',(24.8336462030947,44.9440063333335,
-34.9314111188318));
#75730=VERTEX_POINT('',#75720);
#75740=EDGE_CURVE('',#75730,#75650,#75710,.T.);
#75750=ORIENTED_EDGE('',*,*,#75740,.T.);
#75760=CARTESIAN_POINT('',(24.8336462030947,43.776923,-34.9314111188318)
);
#75770=DIRECTION('',(1.4210854715202E-14,-1.,0.));
#75780=VECTOR('',#75770,1.);
#75790=LINE('',#75760,#75780);
#75800=EDGE_CURVE('',#75010,#75730,#75790,.T.);
#75810=ORIENTED_EDGE('',*,*,#75800,.T.);
#75820=EDGE_LOOP('',(#75810,#75750,#75670,#75590,#75580,#75570,#75510,
#75430,#75350,#75270,#75190,#75110,#75030));
#75830=FACE_OUTER_BOUND('',#75820,.T.);
#75840=ADVANCED_FACE('',(#75830),#74930,.T.);
#75850=CARTESIAN_POINT('',(24.8836462030947,45.1502563333335,
-35.1282861188318));
#75860=DIRECTION('',(1.4210854715202E-14,-1.,0.));
#75870=DIRECTION('',(0.,0.,1.));
#75880=AXIS2_PLACEMENT_3D('',#75850,#75860,#75870);
#75890=PLANE('',#75880);
#75900=ORIENTED_EDGE('',*,*,#69140,.F.);
#75910=ORIENTED_EDGE('',*,*,#75560,.F.);
#75920=CARTESIAN_POINT('',(24.8836462030947,45.1502563333335,
-35.1282861188318));
#75930=DIRECTION('',(-1.,-1.4210854715202E-14,0.));
#75940=VECTOR('',#75930,1.);
#75950=LINE('',#75920,#75940);
#75960=EDGE_CURVE('',#73590,#75490,#75950,.T.);
#75970=ORIENTED_EDGE('',*,*,#75960,.T.);
#75980=ORIENTED_EDGE('',*,*,#73600,.T.);
#75990=EDGE_LOOP('',(#75980,#75970,#75910,#75900));
#76000=FACE_OUTER_BOUND('',#75990,.T.);
#76010=ADVANCED_FACE('',(#76000),#75890,.T.);
#76020=CARTESIAN_POINT('',(24.8836462030947,45.1221313333335,
-35.1189111188318));
#76030=DIRECTION('',(4.49386683977811E-15,-0.316227766016833,
-0.948683298050515));
#76040=DIRECTION('',(1.34816005193346E-14,-0.948683298050515,
0.316227766016833));
#76050=AXIS2_PLACEMENT_3D('',#76020,#76030,#76040);
#76060=PLANE('',#76050);
#76070=ORIENTED_EDGE('',*,*,#75960,.F.);
#76080=ORIENTED_EDGE('',*,*,#75500,.F.);
#76090=CARTESIAN_POINT('',(24.8836462030947,45.1221313333335,
-35.1189111188318));
#76100=DIRECTION('',(-1.,-1.4210854715202E-14,0.));
#76110=VECTOR('',#76100,1.);
#76120=LINE('',#76090,#76110);
#76130=EDGE_CURVE('',#73670,#75410,#76120,.T.);
#76140=ORIENTED_EDGE('',*,*,#76130,.T.);
#76150=ORIENTED_EDGE('',*,*,#73680,.T.);
#76160=EDGE_LOOP('',(#76150,#76140,#76080,#76070));
#76170=FACE_OUTER_BOUND('',#76160,.T.);
#76180=ADVANCED_FACE('',(#76170),#76060,.T.);
#76190=CARTESIAN_POINT('',(24.8836462030947,45.0846313333335,
-35.0907861188318));
#76200=DIRECTION('',(8.52651282912129E-15,-0.600000000000006,
-0.799999999999995));
#76210=DIRECTION('',(1.13686837721615E-14,-0.799999999999995,
0.600000000000006));
#76220=AXIS2_PLACEMENT_3D('',#76190,#76200,#76210);
#76230=PLANE('',#76220);
#76240=ORIENTED_EDGE('',*,*,#76130,.F.);
#76250=ORIENTED_EDGE('',*,*,#75420,.F.);
#76260=CARTESIAN_POINT('',(24.8836462030947,45.0846313333335,
-35.0907861188318));
#76270=DIRECTION('',(-1.,-1.4210854715202E-14,0.));
#76280=VECTOR('',#76270,1.);
#76290=LINE('',#76260,#76280);
#76300=EDGE_CURVE('',#73750,#75330,#76290,.T.);
#76310=ORIENTED_EDGE('',*,*,#76300,.T.);
#76320=ORIENTED_EDGE('',*,*,#73760,.T.);
#76330=EDGE_LOOP('',(#76320,#76310,#76250,#76240));
#76340=FACE_OUTER_BOUND('',#76330,.T.);
#76350=ADVANCED_FACE('',(#76340),#76230,.T.);
#76360=CARTESIAN_POINT('',(24.8836462030947,45.0565063333335,
-35.0626611188318));
#76370=DIRECTION('',(1.00485917355761E-14,-0.707106781186542,
-0.707106781186553));
#76380=DIRECTION('',(1.00485917355762E-14,-0.707106781186553,
0.707106781186542));
#76390=AXIS2_PLACEMENT_3D('',#76360,#76370,#76380);
#76400=PLANE('',#76390);
#76410=ORIENTED_EDGE('',*,*,#76300,.F.);
#76420=ORIENTED_EDGE('',*,*,#75340,.F.);
#76430=CARTESIAN_POINT('',(24.8836462030947,45.0565063333335,
-35.0626611188318));
#76440=DIRECTION('',(-1.,-1.4210854715202E-14,0.));
#76450=VECTOR('',#76440,1.);
#76460=LINE('',#76430,#76450);
#76470=EDGE_CURVE('',#73830,#75250,#76460,.T.);
#76480=ORIENTED_EDGE('',*,*,#76470,.T.);
#76490=ORIENTED_EDGE('',*,*,#73840,.T.);
#76500=EDGE_LOOP('',(#76490,#76480,#76420,#76410));
#76510=FACE_OUTER_BOUND('',#76500,.T.);
#76520=ADVANCED_FACE('',(#76510),#76400,.T.);
#76530=CARTESIAN_POINT('',(24.8836462030947,45.0377563333335,
-35.0251611188318));
#76540=DIRECTION('',(1.27105748646261E-14,-0.894427190999918,
-0.447213595499954));
#76550=DIRECTION('',(6.35528743231296E-15,-0.447213595499954,
0.894427190999918));
#76560=AXIS2_PLACEMENT_3D('',#76530,#76540,#76550);
#76570=PLANE('',#76560);
#76580=ORIENTED_EDGE('',*,*,#76470,.F.);
#76590=ORIENTED_EDGE('',*,*,#75260,.F.);
#76600=CARTESIAN_POINT('',(24.8836462030947,45.0377563333335,
-35.0251611188318));
#76610=DIRECTION('',(-1.,-1.4210854715202E-14,0.));
#76620=VECTOR('',#76610,1.);
#76630=LINE('',#76600,#76620);
#76640=EDGE_CURVE('',#73910,#75170,#76630,.T.);
#76650=ORIENTED_EDGE('',*,*,#76640,.T.);
#76660=ORIENTED_EDGE('',*,*,#73920,.T.);
#76670=EDGE_LOOP('',(#76660,#76650,#76590,#76580));
#76680=FACE_OUTER_BOUND('',#76670,.T.);
#76690=ADVANCED_FACE('',(#76680),#76570,.T.);
#76700=CARTESIAN_POINT('',(24.8836462030947,45.0283813333335,
-34.9970361188318));
#76710=DIRECTION('',(1.34816005193345E-14,-0.948683298050511,
-0.316227766016847));
#76720=DIRECTION('',(4.49386683977831E-15,-0.316227766016847,
0.948683298050511));
#76730=AXIS2_PLACEMENT_3D('',#76700,#76710,#76720);
#76740=PLANE('',#76730);
#76750=ORIENTED_EDGE('',*,*,#76640,.F.);
#76760=ORIENTED_EDGE('',*,*,#75180,.F.);
#76770=CARTESIAN_POINT('',(24.8836462030947,45.0283813333335,
-34.9970361188318));
#76780=DIRECTION('',(-1.,-1.4210854715202E-14,0.));
#76790=VECTOR('',#76780,1.);
#76800=LINE('',#76770,#76790);
#76810=EDGE_CURVE('',#73990,#75090,#76800,.T.);
#76820=ORIENTED_EDGE('',*,*,#76810,.T.);
#76830=ORIENTED_EDGE('',*,*,#74000,.T.);
#76840=EDGE_LOOP('',(#76830,#76820,#76760,#76750));
#76850=FACE_OUTER_BOUND('',#76840,.T.);
#76860=ADVANCED_FACE('',(#76850),#76740,.T.);
#76870=CARTESIAN_POINT('',(24.8836462030947,45.0190063333335,
-34.9501611188318));
#76880=DIRECTION('',(1.39348895187783E-14,-0.980580675690921,
-0.196116135138182));
#76890=DIRECTION('',(2.78697790375563E-15,-0.196116135138182,
0.980580675690921));
#76900=AXIS2_PLACEMENT_3D('',#76870,#76880,#76890);
#76910=PLANE('',#76900);
#76920=ORIENTED_EDGE('',*,*,#76810,.F.);
#76930=ORIENTED_EDGE('',*,*,#75100,.F.);
#76940=CARTESIAN_POINT('',(24.8836462030947,45.0190063333335,
-34.9501611188318));
#76950=DIRECTION('',(-1.,-1.4210854715202E-14,0.));
#76960=VECTOR('',#76950,1.);
#76970=LINE('',#76940,#76960);
#76980=EDGE_CURVE('',#74070,#74990,#76970,.T.);
#76990=ORIENTED_EDGE('',*,*,#76980,.T.);
#77000=ORIENTED_EDGE('',*,*,#74080,.T.);
#77010=EDGE_LOOP('',(#77000,#76990,#76930,#76920));
#77020=FACE_OUTER_BOUND('',#77010,.T.);
#77030=ADVANCED_FACE('',(#77020),#76910,.T.);
#77040=CARTESIAN_POINT('',(24.8836462030947,45.0190063333335,
-34.9314111188318));
#77050=DIRECTION('',(1.4210854715202E-14,-1.,0.));
#77060=DIRECTION('',(0.,0.,1.));
#77070=AXIS2_PLACEMENT_3D('',#77040,#77050,#77060);
#77080=PLANE('',#77070);
#77090=ORIENTED_EDGE('',*,*,#76980,.F.);
#77100=ORIENTED_EDGE('',*,*,#75020,.F.);
#77110=CARTESIAN_POINT('',(24.8836462030947,45.0190063333335,
-34.9314111188318));
#77120=DIRECTION('',(-1.,-1.4210854715202E-14,0.));
#77130=VECTOR('',#77120,1.);
#77140=LINE('',#77110,#77130);
#77150=EDGE_CURVE('',#74150,#75010,#77140,.T.);
#77160=ORIENTED_EDGE('',*,*,#77150,.T.);
#77170=ORIENTED_EDGE('',*,*,#74160,.T.);
#77180=EDGE_LOOP('',(#77170,#77160,#77100,#77090));
#77190=FACE_OUTER_BOUND('',#77180,.T.);
#77200=ADVANCED_FACE('',(#77190),#77080,.T.);
#77210=CARTESIAN_POINT('',(24.8836462030947,44.9440063333335,
-34.9314111188318));
#77220=DIRECTION('',(0.,-0.,-1.));
#77230=DIRECTION('',(1.4210854715202E-14,-1.,0.));
#77240=AXIS2_PLACEMENT_3D('',#77210,#77220,#77230);
#77250=PLANE('',#77240);
#77260=ORIENTED_EDGE('',*,*,#77150,.F.);
#77270=ORIENTED_EDGE('',*,*,#75800,.F.);
#77280=CARTESIAN_POINT('',(24.8836462030947,44.9440063333335,
-34.9314111188318));
#77290=DIRECTION('',(-1.,-1.4210854715202E-14,0.));
#77300=VECTOR('',#77290,1.);
#77310=LINE('',#77280,#77300);
#77320=EDGE_CURVE('',#74230,#75730,#77310,.T.);
#77330=ORIENTED_EDGE('',*,*,#77320,.T.);
#77340=ORIENTED_EDGE('',*,*,#74240,.T.);
#77350=EDGE_LOOP('',(#77340,#77330,#77270,#77260));
#77360=FACE_OUTER_BOUND('',#77350,.T.);
#77370=ADVANCED_FACE('',(#77360),#77250,.T.);
#77380=CARTESIAN_POINT('',(24.8836462030947,44.9440063333335,
-35.1095361188318));
#77390=DIRECTION('',(-1.4210854715202E-14,1.,0.));
#77400=DIRECTION('',(0.,0.,-1.));
#77410=AXIS2_PLACEMENT_3D('',#77380,#77390,#77400);
#77420=PLANE('',#77410);
#77430=ORIENTED_EDGE('',*,*,#77320,.F.);
#77440=ORIENTED_EDGE('',*,*,#75740,.F.);
#77450=CARTESIAN_POINT('',(24.8836462030947,44.9440063333335,
-35.1095361188318));
#77460=DIRECTION('',(-1.,-1.4210854715202E-14,0.));
#77470=VECTOR('',#77460,1.);
#77480=LINE('',#77450,#77470);
#77490=EDGE_CURVE('',#74310,#75650,#77480,.T.);
#77500=ORIENTED_EDGE('',*,*,#77490,.T.);
#77510=ORIENTED_EDGE('',*,*,#74320,.T.);
#77520=EDGE_LOOP('',(#77510,#77500,#77440,#77430));
#77530=FACE_OUTER_BOUND('',#77520,.T.);
#77540=ADVANCED_FACE('',(#77530),#77420,.T.);
#77550=CARTESIAN_POINT('',(24.8836462030947,44.4002563333335,
-35.1095361188318));
#77560=DIRECTION('',(0.,-0.,-1.));
#77570=DIRECTION('',(1.4210854715202E-14,-1.,0.));
#77580=AXIS2_PLACEMENT_3D('',#77550,#77560,#77570);
#77590=PLANE('',#77580);
#77600=ORIENTED_EDGE('',*,*,#77490,.F.);
#77610=ORIENTED_EDGE('',*,*,#75660,.F.);
#77620=ORIENTED_EDGE('',*,*,#32840,.T.);
#77630=ORIENTED_EDGE('',*,*,#74380,.T.);
#77640=EDGE_LOOP('',(#77630,#77620,#77610,#77600));
#77650=FACE_OUTER_BOUND('',#77640,.T.);
#77660=ADVANCED_FACE('',(#77650),#77590,.T.);
#77670=CARTESIAN_POINT('',(17.7836462030947,41.9502563333339,
-38.9832861188318));
#77680=DIRECTION('',(1.,0.,0.));
#77690=DIRECTION('',(0.,1.,0.));
#77700=AXIS2_PLACEMENT_3D('',#77670,#77680,#77690);
#77710=PLANE('',#77700);
#77720=ORIENTED_EDGE('',*,*,#53320,.T.);
#77730=ORIENTED_EDGE('',*,*,#68310,.T.);
#77740=ORIENTED_EDGE('',*,*,#36230,.T.);
#77750=ORIENTED_EDGE('',*,*,#49710,.T.);
#77760=EDGE_LOOP('',(#77750,#77740,#77730,#77720));
#77770=FACE_OUTER_BOUND('',#77760,.T.);
#77780=ADVANCED_FACE('',(#77770),#77710,.F.);
#77790=COLOUR_RGB('',1.,0.843137323856354,0.);
#77800=FILL_AREA_STYLE_COLOUR('',#77790);
#77810=FILL_AREA_STYLE('',(#77800));
#77820=SURFACE_STYLE_FILL_AREA(#77810);
#77830=SURFACE_SIDE_STYLE('',(#77820));
#77840=SURFACE_STYLE_USAGE(.BOTH.,#77830);
#77850=PRESENTATION_STYLE_ASSIGNMENT((#77840));
#77860=CARTESIAN_POINT('',(18.1036462030947,38.8502563333335,
-38.4407861188318));
#77870=DIRECTION('',(0.,-0.363345276491644,0.931654555106779));
#77880=DIRECTION('',(0.,0.931654555106779,0.363345276491644));
#77890=AXIS2_PLACEMENT_3D('',#77860,#77870,#77880);
#77900=PLANE('',#77890);
#77910=ORIENTED_EDGE('',*,*,#49790,.F.);
#77920=ORIENTED_EDGE('',*,*,#36150,.F.);
#77930=ORIENTED_EDGE('',*,*,#52790,.F.);
#77940=ORIENTED_EDGE('',*,*,#57940,.F.);
#77950=EDGE_LOOP('',(#77940,#77930,#77920,#77910));
#77960=FACE_OUTER_BOUND('',#77950,.T.);
#77970=ADVANCED_FACE('',(#77960),#77900,.T.);
#77980=COLOUR_RGB('',1.,0.843137323856354,0.);
#77990=FILL_AREA_STYLE_COLOUR('',#77980);
#78000=FILL_AREA_STYLE('',(#77990));
#78010=SURFACE_STYLE_FILL_AREA(#78000);
#78020=SURFACE_SIDE_STYLE('',(#78010));
#78030=SURFACE_STYLE_USAGE(.BOTH.,#78020);
#78040=PRESENTATION_STYLE_ASSIGNMENT((#78030));
#78050=CARTESIAN_POINT('',(20.3236462030947,40.8002563333335,
-33.9672885188319));
#78060=DIRECTION('',(-0.984807753012208,-0.17364817766693,-0.));
#78070=DIRECTION('',(-0.17364817766693,0.984807753012208,0.));
#78080=AXIS2_PLACEMENT_3D('',#78050,#78060,#78070);
#78090=PLANE('',#78080);
#78100=ORIENTED_EDGE('',*,*,#49080,.T.);
#78110=CARTESIAN_POINT('',(19.7987795571859,43.7769230000001,
-33.2632861188319));
#78120=DIRECTION('',(-0.17364817766693,0.984807753012208,0.));
#78130=VECTOR('',#78120,1.);
#78140=LINE('',#78110,#78130);
#78150=CARTESIAN_POINT('',(20.3236462030947,40.8002563333335,
-33.2632861188319));
#78160=VERTEX_POINT('',#78150);
#78170=EDGE_CURVE('',#78160,#48990,#78140,.T.);
#78180=ORIENTED_EDGE('',*,*,#78170,.T.);
#78190=CARTESIAN_POINT('',(20.3236462030947,40.8002563333335,
-37.3932861188318));
#78200=DIRECTION('',(0.,0.,1.));
#78210=VECTOR('',#78200,1.);
#78220=LINE('',#78190,#78210);
#78230=EDGE_CURVE('',#60850,#78160,#78220,.T.);
#78240=ORIENTED_EDGE('',*,*,#78230,.T.);
#78250=ORIENTED_EDGE('',*,*,#60860,.F.);
#78260=EDGE_LOOP('',(#78250,#78240,#78180,#78100));
#78270=FACE_OUTER_BOUND('',#78260,.T.);
#78280=ADVANCED_FACE('',(#78270),#78090,.T.);
#78290=COLOUR_RGB('',0.823529481887817,0.823529481887817,
0.784313797950745);
#78300=FILL_AREA_STYLE_COLOUR('',#78290);
#78310=FILL_AREA_STYLE('',(#78300));
#78320=SURFACE_STYLE_FILL_AREA(#78310);
#78330=SURFACE_SIDE_STYLE('',(#78320));
#78340=SURFACE_STYLE_USAGE(.BOTH.,#78330);
#78350=PRESENTATION_STYLE_ASSIGNMENT((#78340));
#78360=CARTESIAN_POINT('',(20.9636462030947,40.8002563333335,
-33.9672885188319));
#78370=DIRECTION('',(-0.984807753012208,0.17364817766693,0.));
#78380=DIRECTION('',(0.17364817766693,0.984807753012208,0.));
#78390=AXIS2_PLACEMENT_3D('',#78360,#78370,#78380);
#78400=PLANE('',#78390);
#78410=ORIENTED_EDGE('',*,*,#49220,.F.);
#78420=ORIENTED_EDGE('',*,*,#61160,.T.);
#78430=CARTESIAN_POINT('',(20.9636462030947,40.8002563333335,
-37.3932861188318));
#78440=DIRECTION('',(0.,0.,-1.));
#78450=VECTOR('',#78440,1.);
#78460=LINE('',#78430,#78450);
#78470=CARTESIAN_POINT('',(20.9636462030947,40.8002563333335,
-33.2632861188319));
#78480=VERTEX_POINT('',#78470);
#78490=EDGE_CURVE('',#78480,#61090,#78460,.T.);
#78500=ORIENTED_EDGE('',*,*,#78490,.T.);
#78510=CARTESIAN_POINT('',(21.4885128490036,43.7769230000001,
-33.2632861188319));
#78520=DIRECTION('',(0.17364817766693,0.984807753012208,0.));
#78530=VECTOR('',#78520,1.);
#78540=LINE('',#78510,#78530);
#78550=EDGE_CURVE('',#78480,#48970,#78540,.T.);
#78560=ORIENTED_EDGE('',*,*,#78550,.F.);
#78570=EDGE_LOOP('',(#78560,#78500,#78420,#78410));
#78580=FACE_OUTER_BOUND('',#78570,.T.);
#78590=ADVANCED_FACE('',(#78580),#78400,.F.);
#78600=COLOUR_RGB('',0.823529481887817,0.823529481887817,
0.784313797950745);
#78610=FILL_AREA_STYLE_COLOUR('',#78600);
#78620=FILL_AREA_STYLE('',(#78610));
#78630=SURFACE_STYLE_FILL_AREA(#78620);
#78640=SURFACE_SIDE_STYLE('',(#78630));
#78650=SURFACE_STYLE_USAGE(.BOTH.,#78640);
#78660=PRESENTATION_STYLE_ASSIGNMENT((#78650));
#78670=CARTESIAN_POINT('',(20.9636462030947,38.4869815216159,
-33.2632861188319));
#78680=DIRECTION('',(-1.,0.,-0.));
#78690=DIRECTION('',(0.,0.,-1.));
#78700=AXIS2_PLACEMENT_3D('',#78670,#78680,#78690);
#78710=PLANE('',#78700);
#78720=ORIENTED_EDGE('',*,*,#78490,.F.);
#78730=ORIENTED_EDGE('',*,*,#61100,.T.);
#78740=ORIENTED_EDGE('',*,*,#61470,.T.);
#78750=CARTESIAN_POINT('',(20.9636462030947,43.776923,-33.2632861188319)
);
#78760=DIRECTION('',(1.4210854715202E-14,-1.,0.));
#78770=VECTOR('',#78760,1.);
#78780=LINE('',#78750,#78770);
#78790=EDGE_CURVE('',#78480,#61380,#78780,.T.);
#78800=ORIENTED_EDGE('',*,*,#78790,.T.);
#78810=EDGE_LOOP('',(#78800,#78740,#78730,#78720));
#78820=FACE_OUTER_BOUND('',#78810,.T.);
#78830=ADVANCED_FACE('',(#78820),#78710,.F.);
#78840=COLOUR_RGB('',0.823529481887817,0.823529481887817,
0.784313797950745);
#78850=FILL_AREA_STYLE_COLOUR('',#78840);
#78860=FILL_AREA_STYLE('',(#78850));
#78870=SURFACE_STYLE_FILL_AREA(#78860);
#78880=SURFACE_SIDE_STYLE('',(#78870));
#78890=SURFACE_STYLE_USAGE(.BOTH.,#78880);
#78900=PRESENTATION_STYLE_ASSIGNMENT((#78890));
#78910=CARTESIAN_POINT('',(20.3236462030947,38.4869815216159,
-33.2632861188319));
#78920=DIRECTION('',(-1.,0.,-0.));
#78930=DIRECTION('',(0.,0.,-1.));
#78940=AXIS2_PLACEMENT_3D('',#78910,#78920,#78930);
#78950=PLANE('',#78940);
#78960=ORIENTED_EDGE('',*,*,#78230,.F.);
#78970=CARTESIAN_POINT('',(20.3236462030947,43.776923,-33.2632861188319)
);
#78980=DIRECTION('',(-1.4210854715202E-14,1.,0.));
#78990=VECTOR('',#78980,1.);
#79000=LINE('',#78970,#78990);
#79010=CARTESIAN_POINT('',(20.3236462030948,38.9002563333335,
-33.2632861188319));
#79020=VERTEX_POINT('',#79010);
#79030=EDGE_CURVE('',#79020,#78160,#79000,.T.);
#79040=ORIENTED_EDGE('',*,*,#79030,.T.);
#79050=CARTESIAN_POINT('',(20.3236462030948,38.9002563333335,
-37.3932861188318));
#79060=DIRECTION('',(0.,0.,-1.));
#79070=VECTOR('',#79060,1.);
#79080=LINE('',#79050,#79070);
#79090=EDGE_CURVE('',#79020,#60930,#79080,.T.);
#79100=ORIENTED_EDGE('',*,*,#79090,.F.);
#79110=ORIENTED_EDGE('',*,*,#60940,.T.);
#79120=EDGE_LOOP('',(#79110,#79100,#79040,#78960));
#79130=FACE_OUTER_BOUND('',#79120,.T.);
#79140=ADVANCED_FACE('',(#79130),#78950,.T.);
#79150=COLOUR_RGB('',0.823529481887817,0.823529481887817,
0.784313797950745);
#79160=FILL_AREA_STYLE_COLOUR('',#79150);
#79170=FILL_AREA_STYLE('',(#79160));
#79180=SURFACE_STYLE_FILL_AREA(#79170);
#79190=SURFACE_SIDE_STYLE('',(#79180));
#79200=SURFACE_STYLE_USAGE(.BOTH.,#79190);
#79210=PRESENTATION_STYLE_ASSIGNMENT((#79200));
#79220=CARTESIAN_POINT('',(20.6436462030947,38.7502563333335,
-33.8282861188319));
#79230=DIRECTION('',(0.,0.447213595499958,0.894427190999916));
#79240=DIRECTION('',(0.,0.894427190999916,-0.447213595499958));
#79250=AXIS2_PLACEMENT_3D('',#79220,#79230,#79240);
#79260=PLANE('',#79250);
#79270=ORIENTED_EDGE('',*,*,#61550,.T.);
#79280=ORIENTED_EDGE('',*,*,#61020,.T.);
#79290=CARTESIAN_POINT('',(20.5302836089535,38.4869815216159,
-33.6966487129731));
#79300=DIRECTION('',(-0.408248290463863,0.816496580927726,
-0.408248290463863));
#79310=VECTOR('',#79300,1.);
#79320=LINE('',#79290,#79310);
#79330=EDGE_CURVE('',#62750,#60930,#79320,.T.);
#79340=ORIENTED_EDGE('',*,*,#79330,.T.);
#79350=ORIENTED_EDGE('',*,*,#62760,.T.);
#79360=EDGE_LOOP('',(#79350,#79340,#79280,#79270));
#79370=FACE_OUTER_BOUND('',#79360,.T.);
#79380=ADVANCED_FACE('',(#79370),#79260,.F.);
#79390=COLOUR_RGB('',0.823529481887817,0.823529481887817,
0.784313797950745);
#79400=FILL_AREA_STYLE_COLOUR('',#79390);
#79410=FILL_AREA_STYLE('',(#79400));
#79420=SURFACE_STYLE_FILL_AREA(#79410);
#79430=SURFACE_SIDE_STYLE('',(#79420));
#79440=SURFACE_STYLE_USAGE(.BOTH.,#79430);
#79450=PRESENTATION_STYLE_ASSIGNMENT((#79440));
#79460=CARTESIAN_POINT('',(20.6436462030947,38.7502563333335,
-33.3382861188319));
#79470=DIRECTION('',(0.,0.447213595499958,-0.894427190999916));
#79480=DIRECTION('',(0.,0.894427190999916,0.447213595499958));
#79490=AXIS2_PLACEMENT_3D('',#79460,#79470,#79480);
#79500=PLANE('',#79490);
#79510=CARTESIAN_POINT('',(20.5302836089535,38.4869815216159,
-33.4699235246907));
#79520=DIRECTION('',(0.408248290463863,-0.816496580927726,
-0.408248290463863));
#79530=VECTOR('',#79520,1.);
#79540=LINE('',#79510,#79530);
#79550=EDGE_CURVE('',#79020,#62660,#79540,.T.);
#79560=ORIENTED_EDGE('',*,*,#79550,.T.);
#79570=CARTESIAN_POINT('',(29.8169795364281,38.9002563333335,
-33.2632861188319));
#79580=DIRECTION('',(-1.,0.,0.));
#79590=VECTOR('',#79580,1.);
#79600=LINE('',#79570,#79590);
#79610=EDGE_CURVE('',#61380,#79020,#79600,.T.);
#79620=ORIENTED_EDGE('',*,*,#79610,.T.);
#79630=ORIENTED_EDGE('',*,*,#61410,.F.);
#79640=ORIENTED_EDGE('',*,*,#62670,.T.);
#79650=EDGE_LOOP('',(#79640,#79630,#79620,#79560));
#79660=FACE_OUTER_BOUND('',#79650,.T.);
#79670=ADVANCED_FACE('',(#79660),#79500,.F.);
#79680=COLOUR_RGB('',0.823529481887817,0.823529481887817,
0.784313797950745);
#79690=FILL_AREA_STYLE_COLOUR('',#79680);
#79700=FILL_AREA_STYLE('',(#79690));
#79710=SURFACE_STYLE_FILL_AREA(#79700);
#79720=SURFACE_SIDE_STYLE('',(#79710));
#79730=SURFACE_STYLE_USAGE(.BOTH.,#79720);
#79740=PRESENTATION_STYLE_ASSIGNMENT((#79730));
#79750=CARTESIAN_POINT('',(20.6436462030946,40.2652563333336,
-33.2632861188319));
#79760=DIRECTION('',(0.,0.,1.));
#79770=DIRECTION('',(1.,0.,0.));
#79780=AXIS2_PLACEMENT_3D('',#79750,#79760,#79770);
#79790=PLANE('',#79780);
#79800=ORIENTED_EDGE('',*,*,#49000,.T.);
#79810=ORIENTED_EDGE('',*,*,#78550,.T.);
#79820=ORIENTED_EDGE('',*,*,#78790,.F.);
#79830=ORIENTED_EDGE('',*,*,#79610,.F.);
#79840=ORIENTED_EDGE('',*,*,#79030,.F.);
#79850=ORIENTED_EDGE('',*,*,#78170,.F.);
#79860=EDGE_LOOP('',(#79850,#79840,#79830,#79820,#79810,#79800));
#79870=FACE_OUTER_BOUND('',#79860,.T.);
#79880=ADVANCED_FACE('',(#79870),#79790,.T.);
#79890=COLOUR_RGB('',0.823529481887817,0.823529481887817,
0.784313797950745);
#79900=FILL_AREA_STYLE_COLOUR('',#79890);
#79910=FILL_AREA_STYLE('',(#79900));
#79920=SURFACE_STYLE_FILL_AREA(#79910);
#79930=SURFACE_SIDE_STYLE('',(#79920));
#79940=SURFACE_STYLE_USAGE(.BOTH.,#79930);
#79950=PRESENTATION_STYLE_ASSIGNMENT((#79940));
#79960=CARTESIAN_POINT('',(20.3986462030947,38.7502563333335,
-33.5832861188319));
#79970=DIRECTION('',(0.894427190999916,0.447213595499958,-0.));
#79980=DIRECTION('',(-0.447213595499958,0.894427190999916,
8.27511384415758E-17));
#79990=AXIS2_PLACEMENT_3D('',#79960,#79970,#79980);
#80000=PLANE('',#79990);
#80010=ORIENTED_EDGE('',*,*,#79330,.F.);
#80020=ORIENTED_EDGE('',*,*,#79090,.T.);
#80030=ORIENTED_EDGE('',*,*,#79550,.F.);
#80040=ORIENTED_EDGE('',*,*,#62820,.T.);
#80050=EDGE_LOOP('',(#80040,#80030,#80020,#80010));
#80060=FACE_OUTER_BOUND('',#80050,.T.);
#80070=ADVANCED_FACE('',(#80060),#80000,.F.);
#80080=COLOUR_RGB('',0.823529481887817,0.823529481887817,
0.784313797950745);
#80090=FILL_AREA_STYLE_COLOUR('',#80080);
#80100=FILL_AREA_STYLE('',(#80090));
#80110=SURFACE_STYLE_FILL_AREA(#80100);
#80120=SURFACE_SIDE_STYLE('',(#80110));
#80130=SURFACE_STYLE_USAGE(.BOTH.,#80120);
#80140=PRESENTATION_STYLE_ASSIGNMENT((#80130));
#80150=CARTESIAN_POINT('',(20.0911603424871,42.9852118064037,
-42.2232861188318));
#80160=CARTESIAN_POINT('',(20.0911603424871,43.0063955380316,
-42.2232861188318));
#80170=CARTESIAN_POINT('',(20.0955798009823,43.0273429506452,
-42.2232861188318));
#80180=CARTESIAN_POINT('',(20.1126842826307,43.0660475542544,
-42.2232861188318));
#80190=CARTESIAN_POINT('',(20.1251784935929,43.0833729689259,
-42.2232861188318));
#80200=CARTESIAN_POINT('',(20.1564299366232,43.1117223353042,
-42.2232861188318));
#80210=CARTESIAN_POINT('',(20.1748385374708,43.1224300304403,
-42.2232861188318));
#80220=CARTESIAN_POINT('',(20.2148332834728,43.1355222965949,
-42.2232861188318));
#80230=CARTESIAN_POINT('',(20.2359732598822,43.1377608144303,
-42.2232861188318));
#80240=CARTESIAN_POINT('',(20.2777958539312,43.1333322086037,
-42.2232861188318));
#80250=CARTESIAN_POINT('',(20.2980119119307,43.1267144890684,
-42.2232861188318));
#80260=CARTESIAN_POINT('',(20.3344308475693,43.1055307574404,
-42.2232861188318));
#80270=CARTESIAN_POINT('',(20.3502274470736,43.0912010643621,
-42.2232861188318));
#80280=CARTESIAN_POINT('',(20.3749455594743,43.0569250665796,
-42.2232861188318));
#80290=CARTESIAN_POINT('',(20.3835913249215,43.0373611340727,
-42.2232861188318));
#80300=CARTESIAN_POINT('',(20.3901488021502,43.006279909673,
-42.2232861188318));
#80310=CARTESIAN_POINT('',(20.3912417150217,42.9957458580383,
-42.2232861188318));
#80320=CARTESIAN_POINT('',(20.3912417150217,42.9852118064037,
-42.2232861188318));
#80330=B_SPLINE_CURVE_WITH_KNOTS('',3,(#80150,#80160,#80170,#80180,
#80190,#80200,#80210,#80220,#80230,#80240,#80250,#80260,#80270,#80280,
#80290,#80300,#80310,#80320),.UNSPECIFIED.,.F.,.F.,(4,2,2,2,2,2,2,2,4),(
0.,1.,2.,3.,4.,5.,6.,7.,7.5),.UNSPECIFIED.);
#80340=DIRECTION('',(0.,0.,-1.));
#80350=VECTOR('',#80340,1.);
#80360=SURFACE_OF_LINEAR_EXTRUSION('',#80330,#80350);
#80370=ORIENTED_EDGE('',*,*,#22120,.F.);
#80380=ORIENTED_EDGE('',*,*,#21630,.F.);
#80390=ORIENTED_EDGE('',*,*,#18490,.T.);
#80400=ORIENTED_EDGE('',*,*,#22060,.T.);
#80410=EDGE_LOOP('',(#80400,#80390,#80380,#80370));
#80420=FACE_OUTER_BOUND('',#80410,.T.);
#80430=ADVANCED_FACE('',(#80420),#80360,.F.);
#80440=CLOSED_SHELL('',(#400,#890,#1290,#1670,#2300,#2520,#2990,#3230,
#3470,#3780,#4250,#4670,#4910,#5270,#5850,#6020,#6230,#6700,#6940,#7340,
#8380,#8780,#9250,#9870,#10250,#10750,#11140,#12900,#13070,#13310,#13770
,#13950,#14200,#14450,#14680,#14930,#15100,#15350,#15580,#15700,#15870,
#16060,#17120,#21340,#22110,#22170,#23500,#23810,#23980,#24220,#24520,
#24760,#24930,#25190,#25360,#25700,#25820,#27300,#27590,#27760,#28020,
#28190,#28450,#28620,#28880,#29050,#29310,#29480,#29720,#29970,#30190,
#30450,#30620,#30880,#31050,#31310,#31480,#31690,#31810,#32000,#32700,
#33100,#33450,#33760,#34160,#34630,#35010,#35480,#35880,#36430,#37050,
#37370,#37690,#38250,#38500,#38720,#39120,#39460,#39840,#40220,#40620,
#40860,#41170,#41350,#41910,#42230,#42700,#43010,#43190,#43440,#43680,
#43930,#44970,#45210,#45460,#45630,#45940,#46250,#46500,#46670,#46890,
#47010,#47130,#47350,#47660,#48310,#48620,#48860,#49510,#49890,#50360,
#51330,#52670,#53050,#53490,#53960,#55380,#55690,#56070,#56450,#56740,
#56910,#57220,#57530,#57700,#57990,#58310,#58550,#58800,#59040,#59290,
#59530,#59780,#59950,#60120,#60410,#60730,#61200,#61650,#61890,#62080,
#62480,#62860,#63240,#63480,#63720,#63910,#64250,#64610,#64800,#64920,
#65180,#65410,#65580,#65820,#66120,#66240,#66500,#66620,#66790,#67430,
#67650,#67770,#67960,#68130,#68370,#68750,#68930,#69240,#69360,#69540,
#69710,#69960,#70080,#70270,#70460,#70700,#70820,#71080,#71220,#71620,
#71800,#72050,#72230,#72370,#72610,#72800,#73060,#73310,#73480,#74880,
#75840,#76010,#76180,#76350,#76520,#76690,#76860,#77030,#77200,#77370,
#77540,#77660,#77780,#77970,#78280,#78590,#78830,#79140,#79380,#79670,
#79880,#80070,#80430));
#80450=MANIFOLD_SOLID_BREP('',#80440);
#80460=CARTESIAN_POINT('',(0.,0.,0.));
#80470=DIRECTION('',(0.,0.,1.));
#80480=DIRECTION('',(1.,0.,0.));
#80490=AXIS2_PLACEMENT_3D('',#80460,#80470,#80480);
#80500=APPLICATION_CONTEXT(' ');
#80510=APPLICATION_PROTOCOL_DEFINITION(' ','automotive_design',1998,
#80500);
#80520=PRODUCT_CONTEXT('',#80500,'mechanical');
#80530=PRODUCT_DEFINITION_CONTEXT('part definition',#80500,'design');
#80540=PRODUCT('MC_0.5_2-G-2.54','MC_0.5_2-G-2.54','',(#80520));
#80550=PRODUCT_RELATED_PRODUCT_CATEGORY('part',' ',(#80540));
#80560=PRODUCT_DEFINITION_FORMATION_WITH_SPECIFIED_SOURCE('','',#80540,
.BOUGHT.);
#80570=PRODUCT_DEFINITION('',' ',#80560,#80530);
#80580=PRODUCT_DEFINITION_SHAPE('','',#80570);
#80590=DIMENSIONAL_EXPONENTS(1.,0.,0.,0.,0.,0.,0.);
#80600=DIMENSIONAL_EXPONENTS(0.,0.,0.,0.,0.,0.,0.);
#80610=DIMENSIONAL_EXPONENTS(0.,0.,0.,0.,0.,0.,0.);
#80620=(LENGTH_UNIT() NAMED_UNIT(*) SI_UNIT(.MILLI.,.METRE.));
#80630=(NAMED_UNIT(*) PLANE_ANGLE_UNIT() SI_UNIT($,.RADIAN.));
#80640=(NAMED_UNIT(*) SI_UNIT($,.STERADIAN.) SOLID_ANGLE_UNIT());
#80650=(GEOMETRIC_REPRESENTATION_CONTEXT(3) 
GLOBAL_UNCERTAINTY_ASSIGNED_CONTEXT((#80660)) 
GLOBAL_UNIT_ASSIGNED_CONTEXT((#80620,#80630,#80640)) 
REPRESENTATION_CONTEXT('',''));
#80660=UNCERTAINTY_MEASURE_WITH_UNIT(LENGTH_MEASURE(1.E-6),#80620,
'distance_accuracy_value','maximum gap value');
#80670=ADVANCED_BREP_SHAPE_REPRESENTATION('',(#80490,#80450),#80650);
#80680=SHAPE_DEFINITION_REPRESENTATION(#80580,#80670);
#80690=COLOUR_RGB('',0.34901961684227,0.34901961684227,0.34901961684227)
;
#80700=FILL_AREA_STYLE_COLOUR('',#80690);
#80710=FILL_AREA_STYLE('',(#80700));
#80720=SURFACE_STYLE_FILL_AREA(#80710);
#80730=SURFACE_SIDE_STYLE('',(#80720));
#80740=SURFACE_STYLE_USAGE(.BOTH.,#80730);
#80750=PRESENTATION_STYLE_ASSIGNMENT((#80740));
#80760=STYLED_ITEM('',(#80750),#80450);
#80770=OVER_RIDING_STYLED_ITEM('',(#470),#400,#80760);
#80780=OVER_RIDING_STYLED_ITEM('',(#1360),#1290,#80760);
#80790=OVER_RIDING_STYLED_ITEM('',(#1740),#1670,#80760);
#80800=OVER_RIDING_STYLED_ITEM('',(#2590),#2520,#80760);
#80810=OVER_RIDING_STYLED_ITEM('',(#3060),#2990,#80760);
#80820=OVER_RIDING_STYLED_ITEM('',(#3300),#3230,#80760);
#80830=OVER_RIDING_STYLED_ITEM('',(#3540),#3470,#80760);
#80840=OVER_RIDING_STYLED_ITEM('',(#3850),#3780,#80760);
#80850=OVER_RIDING_STYLED_ITEM('',(#4980),#4910,#80760);
#80860=OVER_RIDING_STYLED_ITEM('',(#6090),#6020,#80760);
#80870=OVER_RIDING_STYLED_ITEM('',(#6300),#6230,#80760);
#80880=OVER_RIDING_STYLED_ITEM('',(#8850),#8780,#80760);
#80890=OVER_RIDING_STYLED_ITEM('',(#9320),#9250,#80760);
#80900=OVER_RIDING_STYLED_ITEM('',(#9940),#9870,#80760);
#80910=OVER_RIDING_STYLED_ITEM('',(#10320),#10250,#80760);
#80920=OVER_RIDING_STYLED_ITEM('',(#11210),#11140,#80760);
#80930=OVER_RIDING_STYLED_ITEM('',(#13140),#13070,#80760);
#80940=OVER_RIDING_STYLED_ITEM('',(#13380),#13310,#80760);
#80950=OVER_RIDING_STYLED_ITEM('',(#31880),#31810,#80760);
#80960=OVER_RIDING_STYLED_ITEM('',(#32070),#32000,#80760);
#80970=OVER_RIDING_STYLED_ITEM('',(#34230),#34160,#80760);
#80980=OVER_RIDING_STYLED_ITEM('',(#34700),#34630,#80760);
#80990=OVER_RIDING_STYLED_ITEM('',(#35080),#35010,#80760);
#81000=OVER_RIDING_STYLED_ITEM('',(#35950),#35880,#80760);
#81010=OVER_RIDING_STYLED_ITEM('',(#36500),#36430,#80760);
#81020=OVER_RIDING_STYLED_ITEM('',(#38790),#38720,#80760);
#81030=OVER_RIDING_STYLED_ITEM('',(#39530),#39460,#80760);
#81040=OVER_RIDING_STYLED_ITEM('',(#39910),#39840,#80760);
#81050=OVER_RIDING_STYLED_ITEM('',(#45700),#45630,#80760);
#81060=OVER_RIDING_STYLED_ITEM('',(#46010),#45940,#80760);
#81070=OVER_RIDING_STYLED_ITEM('',(#46320),#46250,#80760);
#81080=OVER_RIDING_STYLED_ITEM('',(#47730),#47660,#80760);
#81090=OVER_RIDING_STYLED_ITEM('',(#48690),#48620,#80760);
#81100=OVER_RIDING_STYLED_ITEM('',(#49960),#49890,#80760);
#81110=OVER_RIDING_STYLED_ITEM('',(#50430),#50360,#80760);
#81120=OVER_RIDING_STYLED_ITEM('',(#53120),#53050,#80760);
#81130=OVER_RIDING_STYLED_ITEM('',(#53560),#53490,#80760);
#81140=OVER_RIDING_STYLED_ITEM('',(#56140),#56070,#80760);
#81150=OVER_RIDING_STYLED_ITEM('',(#56520),#56450,#80760);
#81160=OVER_RIDING_STYLED_ITEM('',(#56980),#56910,#80760);
#81170=OVER_RIDING_STYLED_ITEM('',(#57770),#57700,#80760);
#81180=OVER_RIDING_STYLED_ITEM('',(#58060),#57990,#80760);
#81190=OVER_RIDING_STYLED_ITEM('',(#60480),#60410,#80760);
#81200=OVER_RIDING_STYLED_ITEM('',(#61270),#61200,#80760);
#81210=OVER_RIDING_STYLED_ITEM('',(#61720),#61650,#80760);
#81220=OVER_RIDING_STYLED_ITEM('',(#61960),#61890,#80760);
#81230=OVER_RIDING_STYLED_ITEM('',(#62150),#62080,#80760);
#81240=OVER_RIDING_STYLED_ITEM('',(#62550),#62480,#80760);
#81250=OVER_RIDING_STYLED_ITEM('',(#62930),#62860,#80760);
#81260=OVER_RIDING_STYLED_ITEM('',(#63310),#63240,#80760);
#81270=OVER_RIDING_STYLED_ITEM('',(#63550),#63480,#80760);
#81280=OVER_RIDING_STYLED_ITEM('',(#63790),#63720,#80760);
#81290=OVER_RIDING_STYLED_ITEM('',(#64320),#64250,#80760);
#81300=OVER_RIDING_STYLED_ITEM('',(#64680),#64610,#80760);
#81310=OVER_RIDING_STYLED_ITEM('',(#64990),#64920,#80760);
#81320=OVER_RIDING_STYLED_ITEM('',(#65650),#65580,#80760);
#81330=OVER_RIDING_STYLED_ITEM('',(#65890),#65820,#80760);
#81340=OVER_RIDING_STYLED_ITEM('',(#66310),#66240,#80760);
#81350=OVER_RIDING_STYLED_ITEM('',(#67840),#67770,#80760);
#81360=OVER_RIDING_STYLED_ITEM('',(#68200),#68130,#80760);
#81370=OVER_RIDING_STYLED_ITEM('',(#68440),#68370,#80760);
#81380=OVER_RIDING_STYLED_ITEM('',(#69780),#69710,#80760);
#81390=OVER_RIDING_STYLED_ITEM('',(#70150),#70080,#80760);
#81400=OVER_RIDING_STYLED_ITEM('',(#70340),#70270,#80760);
#81410=OVER_RIDING_STYLED_ITEM('',(#70530),#70460,#80760);
#81420=OVER_RIDING_STYLED_ITEM('',(#71290),#71220,#80760);
#81430=OVER_RIDING_STYLED_ITEM('',(#77850),#77780,#80760);
#81440=OVER_RIDING_STYLED_ITEM('',(#78040),#77970,#80760);
#81450=OVER_RIDING_STYLED_ITEM('',(#78350),#78280,#80760);
#81460=OVER_RIDING_STYLED_ITEM('',(#78660),#78590,#80760);
#81470=OVER_RIDING_STYLED_ITEM('',(#78900),#78830,#80760);
#81480=OVER_RIDING_STYLED_ITEM('',(#79210),#79140,#80760);
#81490=OVER_RIDING_STYLED_ITEM('',(#79450),#79380,#80760);
#81500=OVER_RIDING_STYLED_ITEM('',(#79740),#79670,#80760);
#81510=OVER_RIDING_STYLED_ITEM('',(#79950),#79880,#80760);
#81520=OVER_RIDING_STYLED_ITEM('',(#80140),#80070,#80760);
#81530=DRAUGHTING_MODEL('',(#80760,#80770,#80780,#80790,#80800,#80810,
#80820,#80830,#80840,#80850,#80860,#80870,#80880,#80890,#80900,#80910,
#80920,#80930,#80940,#80950,#80960,#80970,#80980,#80990,#81000,#81010,
#81020,#81030,#81040,#81050,#81060,#81070,#81080,#81090,#81100,#81110,
#81120,#81130,#81140,#81150,#81160,#81170,#81180,#81190,#81200,#81210,
#81220,#81230,#81240,#81250,#81260,#81270,#81280,#81290,#81300,#81310,
#81320,#81330,#81340,#81350,#81360,#81370,#81380,#81390,#81400,#81410,
#81420,#81430,#81440,#81450,#81460,#81470,#81480,#81490,#81500,#81510,
#81520),#80650);
#81540=CARTESIAN_POINT('',(-34.6033081188315,24.8836612030947,
-40.6002563333339));
#81550=DIRECTION('',(-1.,1.44328993201268E-14,2.22044604924632E-16));
#81560=DIRECTION('',(-1.44328993201268E-14,-1.,1.4210854715202E-14));
#81570=AXIS2_PLACEMENT_3D('',#81540,#81550,#81560);
#81580=ITEM_DEFINED_TRANSFORMATION('MC_0.5_2-G-2.54','',#80490,#81570);
#81590=CARTESIAN_POINT('',(22.4336462030947,40.6002563333335,
-38.9339765318755));
#81600=DIRECTION('',(1.4210854715202E-14,-1.,0.));
#81610=DIRECTION('',(0.,0.,-1.));
#81620=AXIS2_PLACEMENT_3D('',#81590,#81600,#81610);
#81630=PLANE('',#81620);
#81640=CARTESIAN_POINT('',(29.8169795364281,40.6002563333336,
-41.5232861188319));
#81650=DIRECTION('',(-1.,-1.4210854715202E-14,0.));
#81660=VECTOR('',#81650,1.);
#81670=LINE('',#81640,#81660);
#81680=CARTESIAN_POINT('',(20.9636462030947,40.6002563333335,
-41.5232861188319));
#81690=VERTEX_POINT('',#81680);
#81700=CARTESIAN_POINT('',(20.3236462030947,40.6002563333335,
-41.5232861188319));
#81710=VERTEX_POINT('',#81700);
#81720=EDGE_CURVE('',#81690,#81710,#81670,.T.);
#81730=ORIENTED_EDGE('',*,*,#81720,.F.);
#81740=CARTESIAN_POINT('',(20.3236462030947,40.6002563333335,
-37.3932861188318));
#81750=DIRECTION('',(0.,0.,1.));
#81760=VECTOR('',#81750,1.);
#81770=LINE('',#81740,#81760);
#81780=CARTESIAN_POINT('',(20.3236462030947,40.6002563333335,
-40.8832861188319));
#81790=VERTEX_POINT('',#81780);
#81800=EDGE_CURVE('',#81710,#81790,#81770,.T.);
#81810=ORIENTED_EDGE('',*,*,#81800,.F.);
#81820=CARTESIAN_POINT('',(29.8169795364281,40.6002563333336,
-40.8832861188319));
#81830=DIRECTION('',(1.,1.4210854715202E-14,0.));
#81840=VECTOR('',#81830,1.);
#81850=LINE('',#81820,#81840);
#81860=CARTESIAN_POINT('',(20.9636462030947,40.6002563333335,
-40.8832861188319));
#81870=VERTEX_POINT('',#81860);
#81880=EDGE_CURVE('',#81790,#81870,#81850,.T.);
#81890=ORIENTED_EDGE('',*,*,#81880,.F.);
#81900=CARTESIAN_POINT('',(20.9636462030947,40.6002563333335,
-37.3932861188318));
#81910=DIRECTION('',(0.,0.,-1.));
#81920=VECTOR('',#81910,1.);
#81930=LINE('',#81900,#81920);
#81940=EDGE_CURVE('',#81870,#81690,#81930,.T.);
#81950=ORIENTED_EDGE('',*,*,#81940,.F.);
#81960=EDGE_LOOP('',(#81950,#81890,#81810,#81730));
#81970=FACE_BOUND('',#81960,.T.);
#81980=CARTESIAN_POINT('',(20.6436462030947,40.6002563333335,
-41.2032861188319));
#81990=DIRECTION('',(1.4210854715202E-14,-1.,0.));
#82000=DIRECTION('',(0.,0.,-1.));
#82010=AXIS2_PLACEMENT_3D('',#81980,#81990,#82000);
#82020=CIRCLE('',#82010,0.6);
#82030=CARTESIAN_POINT('',(20.6436462030947,40.6002563333335,
-40.6032861188319));
#82040=VERTEX_POINT('',#82030);
#82050=CARTESIAN_POINT('',(20.6436462030947,40.6002563333335,
-41.8032861188319));
#82060=VERTEX_POINT('',#82050);
#82070=EDGE_CURVE('',#82040,#82060,#82020,.T.);
#82080=ORIENTED_EDGE('',*,*,#82070,.F.);
#82090=EDGE_CURVE('',#82060,#82040,#82020,.T.);
#82100=ORIENTED_EDGE('',*,*,#82090,.F.);
#82110=EDGE_LOOP('',(#82100,#82080));
#82120=FACE_OUTER_BOUND('',#82110,.T.);
#82130=ADVANCED_FACE('',(#81970,#82120),#81630,.F.);
#82140=COLOUR_RGB('',0.639215707778931,0.0901960805058479,
0.10196079313755);
#82150=FILL_AREA_STYLE_COLOUR('',#82140);
#82160=FILL_AREA_STYLE('',(#82150));
#82170=SURFACE_STYLE_FILL_AREA(#82160);
#82180=SURFACE_SIDE_STYLE('',(#82170));
#82190=SURFACE_STYLE_USAGE(.BOTH.,#82180);
#82200=PRESENTATION_STYLE_ASSIGNMENT((#82190));
#82210=CARTESIAN_POINT('',(20.3236462030948,37.9152539333334,
-40.8832861188319));
#82220=DIRECTION('',(0.,0.,-1.));
#82230=DIRECTION('',(1.,1.4210854715202E-14,0.));
#82240=AXIS2_PLACEMENT_3D('',#82210,#82220,#82230);
#82250=PLANE('',#82240);
#82260=CARTESIAN_POINT('',(20.9636462030947,37.9152539333334,
-40.8832861188319));
#82270=DIRECTION('',(-1.4210854715202E-14,1.,0.));
#82280=VECTOR('',#82270,1.);
#82290=LINE('',#82260,#82280);
#82300=CARTESIAN_POINT('',(20.9636462030947,40.1002563333335,
-40.8832861188319));
#82310=VERTEX_POINT('',#82300);
#82320=EDGE_CURVE('',#82310,#81870,#82290,.T.);
#82330=ORIENTED_EDGE('',*,*,#82320,.F.);
#82340=ORIENTED_EDGE('',*,*,#81880,.T.);
#82350=CARTESIAN_POINT('',(20.3236462030948,37.9152539333334,
-40.8832861188319));
#82360=DIRECTION('',(-1.4210854715202E-14,1.,0.));
#82370=VECTOR('',#82360,1.);
#82380=LINE('',#82350,#82370);
#82390=CARTESIAN_POINT('',(20.3236462030947,40.1002563333335,
-40.8832861188319));
#82400=VERTEX_POINT('',#82390);
#82410=EDGE_CURVE('',#82400,#81790,#82380,.T.);
#82420=ORIENTED_EDGE('',*,*,#82410,.T.);
#82430=CARTESIAN_POINT('',(29.8169795364281,40.1002563333336,
-40.8832861188319));
#82440=DIRECTION('',(1.,1.4210854715202E-14,0.));
#82450=VECTOR('',#82440,1.);
#82460=LINE('',#82430,#82450);
#82470=EDGE_CURVE('',#82400,#82310,#82460,.T.);
#82480=ORIENTED_EDGE('',*,*,#82470,.F.);
#82490=EDGE_LOOP('',(#82480,#82420,#82340,#82330));
#82500=FACE_OUTER_BOUND('',#82490,.T.);
#82510=ADVANCED_FACE('',(#82500),#82250,.T.);
#82520=CARTESIAN_POINT('',(22.4336462030947,40.1002563333335,
-38.9339765318755));
#82530=DIRECTION('',(1.4210854715202E-14,-1.,0.));
#82540=DIRECTION('',(0.,0.,-1.));
#82550=AXIS2_PLACEMENT_3D('',#82520,#82530,#82540);
#82560=PLANE('',#82550);
#82570=CARTESIAN_POINT('',(20.6436462030947,40.1002563333335,
-41.2032861188319));
#82580=DIRECTION('',(1.4210854715202E-14,-1.,0.));
#82590=DIRECTION('',(0.,0.,-1.));
#82600=AXIS2_PLACEMENT_3D('',#82570,#82580,#82590);
#82610=CIRCLE('',#82600,0.6);
#82620=CARTESIAN_POINT('',(20.6436462030947,40.1002563333335,
-41.8032861188319));
#82630=VERTEX_POINT('',#82620);
#82640=CARTESIAN_POINT('',(20.6436462030947,40.1002563333335,
-40.6032861188319));
#82650=VERTEX_POINT('',#82640);
#82660=EDGE_CURVE('',#82630,#82650,#82610,.T.);
#82670=ORIENTED_EDGE('',*,*,#82660,.T.);
#82680=EDGE_CURVE('',#82650,#82630,#82610,.T.);
#82690=ORIENTED_EDGE('',*,*,#82680,.T.);
#82700=EDGE_LOOP('',(#82690,#82670));
#82710=FACE_OUTER_BOUND('',#82700,.T.);
#82720=CARTESIAN_POINT('',(29.8169795364281,40.1002563333336,
-41.5232861188319));
#82730=DIRECTION('',(-1.,-1.4210854715202E-14,0.));
#82740=VECTOR('',#82730,1.);
#82750=LINE('',#82720,#82740);
#82760=CARTESIAN_POINT('',(20.9636462030947,40.1002563333335,
-41.5232861188319));
#82770=VERTEX_POINT('',#82760);
#82780=CARTESIAN_POINT('',(20.3236462030948,40.1002563333335,
-41.5232861188319));
#82790=VERTEX_POINT('',#82780);
#82800=EDGE_CURVE('',#82770,#82790,#82750,.T.);
#82810=ORIENTED_EDGE('',*,*,#82800,.T.);
#82820=CARTESIAN_POINT('',(20.9636462030947,40.1002563333335,
-37.3932861188318));
#82830=DIRECTION('',(0.,0.,-1.));
#82840=VECTOR('',#82830,1.);
#82850=LINE('',#82820,#82840);
#82860=EDGE_CURVE('',#82310,#82770,#82850,.T.);
#82870=ORIENTED_EDGE('',*,*,#82860,.T.);
#82880=ORIENTED_EDGE('',*,*,#82470,.T.);
#82890=CARTESIAN_POINT('',(20.3236462030948,40.1002563333335,
-37.3932861188318));
#82900=DIRECTION('',(0.,0.,1.));
#82910=VECTOR('',#82900,1.);
#82920=LINE('',#82890,#82910);
#82930=EDGE_CURVE('',#82790,#82400,#82920,.T.);
#82940=ORIENTED_EDGE('',*,*,#82930,.T.);
#82950=EDGE_LOOP('',(#82940,#82880,#82870,#82810));
#82960=FACE_BOUND('',#82950,.T.);
#82970=ADVANCED_FACE('',(#82710,#82960),#82560,.T.);
#82980=COLOUR_RGB('',0.639215707778931,0.0901960805058479,
0.10196079313755);
#82990=FILL_AREA_STYLE_COLOUR('',#82980);
#83000=FILL_AREA_STYLE('',(#82990));
#83010=SURFACE_STYLE_FILL_AREA(#83000);
#83020=SURFACE_SIDE_STYLE('',(#83010));
#83030=SURFACE_STYLE_USAGE(.BOTH.,#83020);
#83040=PRESENTATION_STYLE_ASSIGNMENT((#83030));
#83050=CARTESIAN_POINT('',(20.6436462030947,40.6002563333335,
-41.2032861188319));
#83060=DIRECTION('',(1.4210854715202E-14,-1.,0.));
#83070=DIRECTION('',(0.,0.,-1.));
#83080=AXIS2_PLACEMENT_3D('',#83050,#83060,#83070);
#83090=CYLINDRICAL_SURFACE('',#83080,0.6);
#83100=CARTESIAN_POINT('',(20.6436462030947,40.6002563333335,
-41.8032861188319));
#83110=DIRECTION('',(1.4210854715202E-14,-1.,0.));
#83120=VECTOR('',#83110,1.);
#83130=LINE('',#83100,#83120);
#83140=EDGE_CURVE('',#82060,#82630,#83130,.T.);
#83150=ORIENTED_EDGE('',*,*,#83140,.T.);
#83160=ORIENTED_EDGE('',*,*,#82070,.T.);
#83170=CARTESIAN_POINT('',(20.6436462030947,40.6002563333335,
-40.6032861188319));
#83180=DIRECTION('',(1.4210854715202E-14,-1.,0.));
#83190=VECTOR('',#83180,1.);
#83200=LINE('',#83170,#83190);
#83210=EDGE_CURVE('',#82040,#82650,#83200,.T.);
#83220=ORIENTED_EDGE('',*,*,#83210,.F.);
#83230=ORIENTED_EDGE('',*,*,#82680,.F.);
#83240=EDGE_LOOP('',(#83230,#83220,#83160,#83150));
#83250=FACE_OUTER_BOUND('',#83240,.T.);
#83260=ADVANCED_FACE('',(#83250),#83090,.T.);
#83270=COLOUR_RGB('',0.639215707778931,0.0901960805058479,
0.10196079313755);
#83280=FILL_AREA_STYLE_COLOUR('',#83270);
#83290=FILL_AREA_STYLE('',(#83280));
#83300=SURFACE_STYLE_FILL_AREA(#83290);
#83310=SURFACE_SIDE_STYLE('',(#83300));
#83320=SURFACE_STYLE_USAGE(.BOTH.,#83310);
#83330=PRESENTATION_STYLE_ASSIGNMENT((#83320));
#83340=CARTESIAN_POINT('',(20.9636462030947,37.9152539333334,
-41.5232861188319));
#83350=DIRECTION('',(0.,0.,1.));
#83360=DIRECTION('',(-1.,-1.4210854715202E-14,0.));
#83370=AXIS2_PLACEMENT_3D('',#83340,#83350,#83360);
#83380=PLANE('',#83370);
#83390=CARTESIAN_POINT('',(20.3236462030948,37.9152539333334,
-41.5232861188319));
#83400=DIRECTION('',(-1.4210854715202E-14,1.,0.));
#83410=VECTOR('',#83400,1.);
#83420=LINE('',#83390,#83410);
#83430=EDGE_CURVE('',#82790,#81710,#83420,.T.);
#83440=ORIENTED_EDGE('',*,*,#83430,.F.);
#83450=ORIENTED_EDGE('',*,*,#81720,.T.);
#83460=CARTESIAN_POINT('',(20.9636462030947,37.9152539333334,
-41.5232861188319));
#83470=DIRECTION('',(-1.4210854715202E-14,1.,0.));
#83480=VECTOR('',#83470,1.);
#83490=LINE('',#83460,#83480);
#83500=EDGE_CURVE('',#82770,#81690,#83490,.T.);
#83510=ORIENTED_EDGE('',*,*,#83500,.T.);
#83520=ORIENTED_EDGE('',*,*,#82800,.F.);
#83530=EDGE_LOOP('',(#83520,#83510,#83450,#83440));
#83540=FACE_OUTER_BOUND('',#83530,.T.);
#83550=ADVANCED_FACE('',(#83540),#83380,.T.);
#83560=CARTESIAN_POINT('',(20.9636462030947,37.9152539333334,
-40.8832861188319));
#83570=DIRECTION('',(-1.,-1.4210854715202E-14,-0.));
#83580=DIRECTION('',(0.,0.,-1.));
#83590=AXIS2_PLACEMENT_3D('',#83560,#83570,#83580);
#83600=PLANE('',#83590);
#83610=ORIENTED_EDGE('',*,*,#82320,.T.);
#83620=ORIENTED_EDGE('',*,*,#82860,.F.);
#83630=ORIENTED_EDGE('',*,*,#83500,.F.);
#83640=ORIENTED_EDGE('',*,*,#81940,.T.);
#83650=EDGE_LOOP('',(#83640,#83630,#83620,#83610));
#83660=FACE_OUTER_BOUND('',#83650,.T.);
#83670=ADVANCED_FACE('',(#83660),#83600,.T.);
#83680=CARTESIAN_POINT('',(20.3236462030948,37.9152539333334,
-41.5232861188319));
#83690=DIRECTION('',(1.,1.4210854715202E-14,-0.));
#83700=DIRECTION('',(0.,0.,1.));
#83710=AXIS2_PLACEMENT_3D('',#83680,#83690,#83700);
#83720=PLANE('',#83710);
#83730=ORIENTED_EDGE('',*,*,#82410,.F.);
#83740=ORIENTED_EDGE('',*,*,#81800,.T.);
#83750=ORIENTED_EDGE('',*,*,#83430,.T.);
#83760=ORIENTED_EDGE('',*,*,#82930,.F.);
#83770=EDGE_LOOP('',(#83760,#83750,#83740,#83730));
#83780=FACE_OUTER_BOUND('',#83770,.T.);
#83790=ADVANCED_FACE('',(#83780),#83720,.T.);
#83800=CARTESIAN_POINT('',(20.6436462030947,40.6002563333335,
-41.2032861188319));
#83810=DIRECTION('',(1.4210854715202E-14,-1.,0.));
#83820=DIRECTION('',(0.,0.,-1.));
#83830=AXIS2_PLACEMENT_3D('',#83800,#83810,#83820);
#83840=CYLINDRICAL_SURFACE('',#83830,0.6);
#83850=ORIENTED_EDGE('',*,*,#83140,.F.);
#83860=ORIENTED_EDGE('',*,*,#82660,.F.);
#83870=ORIENTED_EDGE('',*,*,#83210,.T.);
#83880=ORIENTED_EDGE('',*,*,#82090,.T.);
#83890=EDGE_LOOP('',(#83880,#83870,#83860,#83850));
#83900=FACE_OUTER_BOUND('',#83890,.T.);
#83910=ADVANCED_FACE('',(#83900),#83840,.T.);
#83920=COLOUR_RGB('',0.639215707778931,0.0901960805058479,
0.10196079313755);
#83930=FILL_AREA_STYLE_COLOUR('',#83920);
#83940=FILL_AREA_STYLE('',(#83930));
#83950=SURFACE_STYLE_FILL_AREA(#83940);
#83960=SURFACE_SIDE_STYLE('',(#83950));
#83970=SURFACE_STYLE_USAGE(.BOTH.,#83960);
#83980=PRESENTATION_STYLE_ASSIGNMENT((#83970));
#83990=CLOSED_SHELL('',(#82130,#82510,#82970,#83260,#83550,#83670,#83790
,#83910));
#84000=MANIFOLD_SOLID_BREP('',#83990);
#84010=APPLICATION_CONTEXT(' ');
#84020=APPLICATION_PROTOCOL_DEFINITION(' ','automotive_design',1998,
#84010);
#84030=PRODUCT_CONTEXT('',#84010,'mechanical');
#84040=PRODUCT_DEFINITION_CONTEXT('part definition',#84010,'design');
#84050=PRODUCT('aussenteil.1','aussenteil.1','',(#84030));
#84060=PRODUCT_RELATED_PRODUCT_CATEGORY('part',' ',(#84050));
#84070=PRODUCT_DEFINITION_FORMATION_WITH_SPECIFIED_SOURCE('','',#84050,
.BOUGHT.);
#84080=PRODUCT_DEFINITION('',' ',#84070,#84040);
#84090=PRODUCT_DEFINITION_SHAPE('','',#84080);
#84100=DIMENSIONAL_EXPONENTS(1.,0.,0.,0.,0.,0.,0.);
#84110=DIMENSIONAL_EXPONENTS(0.,0.,0.,0.,0.,0.,0.);
#84120=DIMENSIONAL_EXPONENTS(0.,0.,0.,0.,0.,0.,0.);
#84130=(LENGTH_UNIT() NAMED_UNIT(*) SI_UNIT(.MILLI.,.METRE.));
#84140=(NAMED_UNIT(*) PLANE_ANGLE_UNIT() SI_UNIT($,.RADIAN.));
#84150=(NAMED_UNIT(*) SI_UNIT($,.STERADIAN.) SOLID_ANGLE_UNIT());
#84160=(GEOMETRIC_REPRESENTATION_CONTEXT(3) 
GLOBAL_UNCERTAINTY_ASSIGNED_CONTEXT((#84170)) 
GLOBAL_UNIT_ASSIGNED_CONTEXT((#84130,#84140,#84150)) 
REPRESENTATION_CONTEXT('',''));
#84170=UNCERTAINTY_MEASURE_WITH_UNIT(LENGTH_MEASURE(1.E-6),#84130,
'distance_accuracy_value','maximum gap value');
#84180=ADVANCED_BREP_SHAPE_REPRESENTATION('',(#80490,#84000),#84160);
#84190=SHAPE_DEFINITION_REPRESENTATION(#84090,#84180);
#84200=COLOUR_RGB('',0.34901961684227,0.34901961684227,0.34901961684227)
;
#84210=FILL_AREA_STYLE_COLOUR('',#84200);
#84220=FILL_AREA_STYLE('',(#84210));
#84230=SURFACE_STYLE_FILL_AREA(#84220);
#84240=SURFACE_SIDE_STYLE('',(#84230));
#84250=SURFACE_STYLE_USAGE(.BOTH.,#84240);
#84260=PRESENTATION_STYLE_ASSIGNMENT((#84250));
#84270=STYLED_ITEM('',(#84260),#84000);
#84280=OVER_RIDING_STYLED_ITEM('',(#82200),#82130,#84270);
#84290=OVER_RIDING_STYLED_ITEM('',(#83040),#82970,#84270);
#84300=OVER_RIDING_STYLED_ITEM('',(#83330),#83260,#84270);
#84310=OVER_RIDING_STYLED_ITEM('',(#83980),#83910,#84270);
#84320=DRAUGHTING_MODEL('',(#84270,#84280,#84290,#84300,#84310),#84160);
#84330=CARTESIAN_POINT('',(-24.8836462030954,-42.5702563333333,
24.2782861188324));
#84340=DIRECTION('',(0.,1.4210854715202E-14,1.));
#84350=DIRECTION('',(1.,-1.4210854715202E-14,2.01948391736579E-28));
#84360=AXIS2_PLACEMENT_3D('',#84330,#84340,#84350);
#84370=ITEM_DEFINED_TRANSFORMATION('aussenteil.1','',#80490,#84360);
#84380=CARTESIAN_POINT('',(20.6436462030947,40.6002563333335,
-33.5832861188319));
#84390=DIRECTION('',(1.4210854715202E-14,-1.,0.));
#84400=DIRECTION('',(0.,0.,-1.));
#84410=AXIS2_PLACEMENT_3D('',#84380,#84390,#84400);
#84420=CYLINDRICAL_SURFACE('',#84410,0.6);
#84430=CARTESIAN_POINT('',(20.6436462030947,40.6002563333335,
-32.9832861188319));
#84440=DIRECTION('',(1.4210854715202E-14,-1.,0.));
#84450=VECTOR('',#84440,1.);
#84460=LINE('',#84430,#84450);
#84470=CARTESIAN_POINT('',(20.6436462030947,40.6002563333335,
-32.9832861188319));
#84480=VERTEX_POINT('',#84470);
#84490=CARTESIAN_POINT('',(20.6436462030947,40.1002563333335,
-32.9832861188319));
#84500=VERTEX_POINT('',#84490);
#84510=EDGE_CURVE('',#84480,#84500,#84460,.T.);
#84520=ORIENTED_EDGE('',*,*,#84510,.T.);
#84530=CARTESIAN_POINT('',(20.6436462030947,40.6002563333335,
-33.5832861188319));
#84540=DIRECTION('',(1.4210854715202E-14,-1.,0.));
#84550=DIRECTION('',(0.,0.,-1.));
#84560=AXIS2_PLACEMENT_3D('',#84530,#84540,#84550);
#84570=CIRCLE('',#84560,0.6);
#84580=CARTESIAN_POINT('',(20.6436462030947,40.6002563333335,
-34.1832861188319));
#84590=VERTEX_POINT('',#84580);
#84600=EDGE_CURVE('',#84590,#84480,#84570,.T.);
#84610=ORIENTED_EDGE('',*,*,#84600,.T.);
#84620=CARTESIAN_POINT('',(20.6436462030947,40.6002563333335,
-34.1832861188319));
#84630=DIRECTION('',(1.4210854715202E-14,-1.,0.));
#84640=VECTOR('',#84630,1.);
#84650=LINE('',#84620,#84640);
#84660=CARTESIAN_POINT('',(20.6436462030947,40.1002563333335,
-34.1832861188319));
#84670=VERTEX_POINT('',#84660);
#84680=EDGE_CURVE('',#84590,#84670,#84650,.T.);
#84690=ORIENTED_EDGE('',*,*,#84680,.F.);
#84700=CARTESIAN_POINT('',(20.6436462030947,40.1002563333335,
-33.5832861188319));
#84710=DIRECTION('',(1.4210854715202E-14,-1.,0.));
#84720=DIRECTION('',(0.,0.,-1.));
#84730=AXIS2_PLACEMENT_3D('',#84700,#84710,#84720);
#84740=CIRCLE('',#84730,0.6);
#84750=EDGE_CURVE('',#84670,#84500,#84740,.T.);
#84760=ORIENTED_EDGE('',*,*,#84750,.F.);
#84770=EDGE_LOOP('',(#84760,#84690,#84610,#84520));
#84780=FACE_OUTER_BOUND('',#84770,.T.);
#84790=ADVANCED_FACE('',(#84780),#84420,.T.);
#84800=COLOUR_RGB('',0.639215707778931,0.0901960805058479,
0.10196079313755);
#84810=FILL_AREA_STYLE_COLOUR('',#84800);
#84820=FILL_AREA_STYLE('',(#84810));
#84830=SURFACE_STYLE_FILL_AREA(#84820);
#84840=SURFACE_SIDE_STYLE('',(#84830));
#84850=SURFACE_STYLE_USAGE(.BOTH.,#84840);
#84860=PRESENTATION_STYLE_ASSIGNMENT((#84850));
#84870=CARTESIAN_POINT('',(22.4336462030947,40.1002563333335,
-38.9339765318755));
#84880=DIRECTION('',(1.4210854715202E-14,-1.,0.));
#84890=DIRECTION('',(0.,0.,-1.));
#84900=AXIS2_PLACEMENT_3D('',#84870,#84880,#84890);
#84910=PLANE('',#84900);
#84920=EDGE_CURVE('',#84500,#84670,#84740,.T.);
#84930=ORIENTED_EDGE('',*,*,#84920,.T.);
#84940=ORIENTED_EDGE('',*,*,#84750,.T.);
#84950=EDGE_LOOP('',(#84940,#84930));
#84960=FACE_OUTER_BOUND('',#84950,.T.);
#84970=CARTESIAN_POINT('',(29.8169795364281,40.1002563333336,
-33.9032861188319));
#84980=DIRECTION('',(-1.,-1.4210854715202E-14,0.));
#84990=VECTOR('',#84980,1.);
#85000=LINE('',#84970,#84990);
#85010=CARTESIAN_POINT('',(20.9636462030947,40.1002563333335,
-33.9032861188319));
#85020=VERTEX_POINT('',#85010);
#85030=CARTESIAN_POINT('',(20.3236462030947,40.1002563333335,
-33.9032861188319));
#85040=VERTEX_POINT('',#85030);
#85050=EDGE_CURVE('',#85020,#85040,#85000,.T.);
#85060=ORIENTED_EDGE('',*,*,#85050,.T.);
#85070=CARTESIAN_POINT('',(20.9636462030947,40.1002563333335,
-37.3932861188318));
#85080=DIRECTION('',(0.,0.,-1.));
#85090=VECTOR('',#85080,1.);
#85100=LINE('',#85070,#85090);
#85110=CARTESIAN_POINT('',(20.9636462030947,40.1002563333335,
-33.2632861188319));
#85120=VERTEX_POINT('',#85110);
#85130=EDGE_CURVE('',#85120,#85020,#85100,.T.);
#85140=ORIENTED_EDGE('',*,*,#85130,.T.);
#85150=CARTESIAN_POINT('',(29.8169795364281,40.1002563333336,
-33.2632861188319));
#85160=DIRECTION('',(1.,1.4210854715202E-14,0.));
#85170=VECTOR('',#85160,1.);
#85180=LINE('',#85150,#85170);
#85190=CARTESIAN_POINT('',(20.3236462030947,40.1002563333335,
-33.2632861188319));
#85200=VERTEX_POINT('',#85190);
#85210=EDGE_CURVE('',#85200,#85120,#85180,.T.);
#85220=ORIENTED_EDGE('',*,*,#85210,.T.);
#85230=CARTESIAN_POINT('',(20.3236462030947,40.1002563333335,
-37.3932861188318));
#85240=DIRECTION('',(0.,0.,1.));
#85250=VECTOR('',#85240,1.);
#85260=LINE('',#85230,#85250);
#85270=EDGE_CURVE('',#85040,#85200,#85260,.T.);
#85280=ORIENTED_EDGE('',*,*,#85270,.T.);
#85290=EDGE_LOOP('',(#85280,#85220,#85140,#85060));
#85300=FACE_BOUND('',#85290,.T.);
#85310=ADVANCED_FACE('',(#84960,#85300),#84910,.T.);
#85320=COLOUR_RGB('',0.639215707778931,0.0901960805058479,
0.10196079313755);
#85330=FILL_AREA_STYLE_COLOUR('',#85320);
#85340=FILL_AREA_STYLE('',(#85330));
#85350=SURFACE_STYLE_FILL_AREA(#85340);
#85360=SURFACE_SIDE_STYLE('',(#85350));
#85370=SURFACE_STYLE_USAGE(.BOTH.,#85360);
#85380=PRESENTATION_STYLE_ASSIGNMENT((#85370));
#85390=CARTESIAN_POINT('',(20.9636462030947,37.9152539333334,
-33.9032861188319));
#85400=DIRECTION('',(0.,0.,1.));
#85410=DIRECTION('',(-1.,-1.4210854715202E-14,0.));
#85420=AXIS2_PLACEMENT_3D('',#85390,#85400,#85410);
#85430=PLANE('',#85420);
#85440=CARTESIAN_POINT('',(20.3236462030948,37.9152539333334,
-33.9032861188319));
#85450=DIRECTION('',(-1.4210854715202E-14,1.,0.));
#85460=VECTOR('',#85450,1.);
#85470=LINE('',#85440,#85460);
#85480=CARTESIAN_POINT('',(20.3236462030947,40.6002563333335,
-33.9032861188319));
#85490=VERTEX_POINT('',#85480);
#85500=EDGE_CURVE('',#85040,#85490,#85470,.T.);
#85510=ORIENTED_EDGE('',*,*,#85500,.F.);
#85520=CARTESIAN_POINT('',(29.8169795364281,40.6002563333336,
-33.9032861188319));
#85530=DIRECTION('',(-1.,-1.4210854715202E-14,0.));
#85540=VECTOR('',#85530,1.);
#85550=LINE('',#85520,#85540);
#85560=CARTESIAN_POINT('',(20.9636462030947,40.6002563333335,
-33.9032861188319));
#85570=VERTEX_POINT('',#85560);
#85580=EDGE_CURVE('',#85570,#85490,#85550,.T.);
#85590=ORIENTED_EDGE('',*,*,#85580,.T.);
#85600=CARTESIAN_POINT('',(20.9636462030947,37.9152539333334,
-33.9032861188319));
#85610=DIRECTION('',(-1.4210854715202E-14,1.,0.));
#85620=VECTOR('',#85610,1.);
#85630=LINE('',#85600,#85620);
#85640=EDGE_CURVE('',#85020,#85570,#85630,.T.);
#85650=ORIENTED_EDGE('',*,*,#85640,.T.);
#85660=ORIENTED_EDGE('',*,*,#85050,.F.);
#85670=EDGE_LOOP('',(#85660,#85650,#85590,#85510));
#85680=FACE_OUTER_BOUND('',#85670,.T.);
#85690=ADVANCED_FACE('',(#85680),#85430,.T.);
#85700=CARTESIAN_POINT('',(22.4336462030947,40.6002563333335,
-38.9339765318755));
#85710=DIRECTION('',(1.4210854715202E-14,-1.,0.));
#85720=DIRECTION('',(0.,0.,-1.));
#85730=AXIS2_PLACEMENT_3D('',#85700,#85710,#85720);
#85740=PLANE('',#85730);
#85750=CARTESIAN_POINT('',(20.3236462030947,40.6002563333335,
-37.3932861188318));
#85760=DIRECTION('',(0.,0.,1.));
#85770=VECTOR('',#85760,1.);
#85780=LINE('',#85750,#85770);
#85790=CARTESIAN_POINT('',(20.3236462030947,40.6002563333335,
-33.2632861188319));
#85800=VERTEX_POINT('',#85790);
#85810=EDGE_CURVE('',#85490,#85800,#85780,.T.);
#85820=ORIENTED_EDGE('',*,*,#85810,.F.);
#85830=CARTESIAN_POINT('',(29.8169795364281,40.6002563333336,
-33.2632861188319));
#85840=DIRECTION('',(1.,1.4210854715202E-14,0.));
#85850=VECTOR('',#85840,1.);
#85860=LINE('',#85830,#85850);
#85870=CARTESIAN_POINT('',(20.9636462030947,40.6002563333335,
-33.2632861188319));
#85880=VERTEX_POINT('',#85870);
#85890=EDGE_CURVE('',#85800,#85880,#85860,.T.);
#85900=ORIENTED_EDGE('',*,*,#85890,.F.);
#85910=CARTESIAN_POINT('',(20.9636462030947,40.6002563333335,
-37.3932861188318));
#85920=DIRECTION('',(0.,0.,-1.));
#85930=VECTOR('',#85920,1.);
#85940=LINE('',#85910,#85930);
#85950=EDGE_CURVE('',#85880,#85570,#85940,.T.);
#85960=ORIENTED_EDGE('',*,*,#85950,.F.);
#85970=ORIENTED_EDGE('',*,*,#85580,.F.);
#85980=EDGE_LOOP('',(#85970,#85960,#85900,#85820));
#85990=FACE_BOUND('',#85980,.T.);
#86000=EDGE_CURVE('',#84480,#84590,#84570,.T.);
#86010=ORIENTED_EDGE('',*,*,#86000,.F.);
#86020=ORIENTED_EDGE('',*,*,#84600,.F.);
#86030=EDGE_LOOP('',(#86020,#86010));
#86040=FACE_OUTER_BOUND('',#86030,.T.);
#86050=ADVANCED_FACE('',(#85990,#86040),#85740,.F.);
#86060=COLOUR_RGB('',0.639215707778931,0.0901960805058479,
0.10196079313755);
#86070=FILL_AREA_STYLE_COLOUR('',#86060);
#86080=FILL_AREA_STYLE('',(#86070));
#86090=SURFACE_STYLE_FILL_AREA(#86080);
#86100=SURFACE_SIDE_STYLE('',(#86090));
#86110=SURFACE_STYLE_USAGE(.BOTH.,#86100);
#86120=PRESENTATION_STYLE_ASSIGNMENT((#86110));
#86130=CARTESIAN_POINT('',(20.3236462030948,37.9152539333334,
-33.2632861188319));
#86140=DIRECTION('',(0.,0.,-1.));
#86150=DIRECTION('',(1.,1.4210854715202E-14,0.));
#86160=AXIS2_PLACEMENT_3D('',#86130,#86140,#86150);
#86170=PLANE('',#86160);
#86180=CARTESIAN_POINT('',(20.9636462030947,37.9152539333334,
-33.2632861188319));
#86190=DIRECTION('',(-1.4210854715202E-14,1.,0.));
#86200=VECTOR('',#86190,1.);
#86210=LINE('',#86180,#86200);
#86220=EDGE_CURVE('',#85120,#85880,#86210,.T.);
#86230=ORIENTED_EDGE('',*,*,#86220,.F.);
#86240=ORIENTED_EDGE('',*,*,#85890,.T.);
#86250=CARTESIAN_POINT('',(20.3236462030948,37.9152539333334,
-33.2632861188319));
#86260=DIRECTION('',(-1.4210854715202E-14,1.,0.));
#86270=VECTOR('',#86260,1.);
#86280=LINE('',#86250,#86270);
#86290=EDGE_CURVE('',#85200,#85800,#86280,.T.);
#86300=ORIENTED_EDGE('',*,*,#86290,.T.);
#86310=ORIENTED_EDGE('',*,*,#85210,.F.);
#86320=EDGE_LOOP('',(#86310,#86300,#86240,#86230));
#86330=FACE_OUTER_BOUND('',#86320,.T.);
#86340=ADVANCED_FACE('',(#86330),#86170,.T.);
#86350=CARTESIAN_POINT('',(20.9636462030947,37.9152539333334,
-33.2632861188319));
#86360=DIRECTION('',(-1.,-1.4210854715202E-14,-0.));
#86370=DIRECTION('',(0.,0.,-1.));
#86380=AXIS2_PLACEMENT_3D('',#86350,#86360,#86370);
#86390=PLANE('',#86380);
#86400=ORIENTED_EDGE('',*,*,#86220,.T.);
#86410=ORIENTED_EDGE('',*,*,#85130,.F.);
#86420=ORIENTED_EDGE('',*,*,#85640,.F.);
#86430=ORIENTED_EDGE('',*,*,#85950,.T.);
#86440=EDGE_LOOP('',(#86430,#86420,#86410,#86400));
#86450=FACE_OUTER_BOUND('',#86440,.T.);
#86460=ADVANCED_FACE('',(#86450),#86390,.T.);
#86470=CARTESIAN_POINT('',(20.3236462030948,37.9152539333334,
-33.9032861188319));
#86480=DIRECTION('',(1.,1.4210854715202E-14,-0.));
#86490=DIRECTION('',(0.,0.,1.));
#86500=AXIS2_PLACEMENT_3D('',#86470,#86480,#86490);
#86510=PLANE('',#86500);
#86520=ORIENTED_EDGE('',*,*,#85500,.T.);
#86530=ORIENTED_EDGE('',*,*,#85270,.F.);
#86540=ORIENTED_EDGE('',*,*,#86290,.F.);
#86550=ORIENTED_EDGE('',*,*,#85810,.T.);
#86560=EDGE_LOOP('',(#86550,#86540,#86530,#86520));
#86570=FACE_OUTER_BOUND('',#86560,.T.);
#86580=ADVANCED_FACE('',(#86570),#86510,.T.);
#86590=CARTESIAN_POINT('',(20.6436462030947,40.6002563333335,
-33.5832861188319));
#86600=DIRECTION('',(1.4210854715202E-14,-1.,0.));
#86610=DIRECTION('',(0.,0.,-1.));
#86620=AXIS2_PLACEMENT_3D('',#86590,#86600,#86610);
#86630=CYLINDRICAL_SURFACE('',#86620,0.6);
#86640=ORIENTED_EDGE('',*,*,#86000,.T.);
#86650=ORIENTED_EDGE('',*,*,#84510,.F.);
#86660=ORIENTED_EDGE('',*,*,#84920,.F.);
#86670=ORIENTED_EDGE('',*,*,#84680,.T.);
#86680=EDGE_LOOP('',(#86670,#86660,#86650,#86640));
#86690=FACE_OUTER_BOUND('',#86680,.T.);
#86700=ADVANCED_FACE('',(#86690),#86630,.T.);
#86710=COLOUR_RGB('',0.639215707778931,0.0901960805058479,
0.10196079313755);
#86720=FILL_AREA_STYLE_COLOUR('',#86710);
#86730=FILL_AREA_STYLE('',(#86720));
#86740=SURFACE_STYLE_FILL_AREA(#86730);
#86750=SURFACE_SIDE_STYLE('',(#86740));
#86760=SURFACE_STYLE_USAGE(.BOTH.,#86750);
#86770=PRESENTATION_STYLE_ASSIGNMENT((#86760));
#86780=CLOSED_SHELL('',(#84790,#85310,#85690,#86050,#86340,#86460,#86580
,#86700));
#86790=MANIFOLD_SOLID_BREP('',#86780);
#86800=APPLICATION_CONTEXT(' ');
#86810=APPLICATION_PROTOCOL_DEFINITION(' ','automotive_design',1998,
#86800);
#86820=PRODUCT_CONTEXT('',#86800,'mechanical');
#86830=PRODUCT_DEFINITION_CONTEXT('part definition',#86800,'design');
#86840=PRODUCT('aussenteil.3.1.1.3','aussenteil.3.1.1.3','',(#86820));
#86850=PRODUCT_RELATED_PRODUCT_CATEGORY('part',' ',(#86840));
#86860=PRODUCT_DEFINITION_FORMATION_WITH_SPECIFIED_SOURCE('','',#86840,
.BOUGHT.);
#86870=PRODUCT_DEFINITION('',' ',#86860,#86830);
#86880=PRODUCT_DEFINITION_SHAPE('','',#86870);
#86890=DIMENSIONAL_EXPONENTS(1.,0.,0.,0.,0.,0.,0.);
#86900=DIMENSIONAL_EXPONENTS(0.,0.,0.,0.,0.,0.,0.);
#86910=DIMENSIONAL_EXPONENTS(0.,0.,0.,0.,0.,0.,0.);
#86920=(LENGTH_UNIT() NAMED_UNIT(*) SI_UNIT(.MILLI.,.METRE.));
#86930=(NAMED_UNIT(*) PLANE_ANGLE_UNIT() SI_UNIT($,.RADIAN.));
#86940=(NAMED_UNIT(*) SI_UNIT($,.STERADIAN.) SOLID_ANGLE_UNIT());
#86950=(GEOMETRIC_REPRESENTATION_CONTEXT(3) 
GLOBAL_UNCERTAINTY_ASSIGNED_CONTEXT((#86960)) 
GLOBAL_UNIT_ASSIGNED_CONTEXT((#86920,#86930,#86940)) 
REPRESENTATION_CONTEXT('',''));
#86960=UNCERTAINTY_MEASURE_WITH_UNIT(LENGTH_MEASURE(1.E-6),#86920,
'distance_accuracy_value','maximum gap value');
#86970=ADVANCED_BREP_SHAPE_REPRESENTATION('',(#80490,#86790),#86950);
#86980=SHAPE_DEFINITION_REPRESENTATION(#86880,#86970);
#86990=COLOUR_RGB('',0.34901961684227,0.34901961684227,0.34901961684227)
;
#87000=FILL_AREA_STYLE_COLOUR('',#86990);
#87010=FILL_AREA_STYLE('',(#87000));
#87020=SURFACE_STYLE_FILL_AREA(#87010);
#87030=SURFACE_SIDE_STYLE('',(#87020));
#87040=SURFACE_STYLE_USAGE(.BOTH.,#87030);
#87050=PRESENTATION_STYLE_ASSIGNMENT((#87040));
#87060=STYLED_ITEM('',(#87050),#86790);
#87070=OVER_RIDING_STYLED_ITEM('',(#84860),#84790,#87060);
#87080=OVER_RIDING_STYLED_ITEM('',(#85380),#85310,#87060);
#87090=OVER_RIDING_STYLED_ITEM('',(#86120),#86050,#87060);
#87100=OVER_RIDING_STYLED_ITEM('',(#86770),#86700,#87060);
#87110=DRAUGHTING_MODEL('',(#87060,#87070,#87080,#87090,#87100),#86950);
#87120=CARTESIAN_POINT('',(-24.8836462030954,-42.5702563333333,
24.2782861188324));
#87130=DIRECTION('',(0.,1.4210854715202E-14,1.));
#87140=DIRECTION('',(1.,-1.4210854715202E-14,2.01948391736579E-28));
#87150=AXIS2_PLACEMENT_3D('',#87120,#87130,#87140);
#87160=ITEM_DEFINED_TRANSFORMATION('aussenteil.3.1.1.3','',#80490,#87150
);
#87170=CARTESIAN_POINT('',(22.4336462030947,40.6002563333335,
-38.9339765318755));
#87180=DIRECTION('',(1.4210854715202E-14,-1.,0.));
#87190=DIRECTION('',(0.,0.,-1.));
#87200=AXIS2_PLACEMENT_3D('',#87170,#87180,#87190);
#87210=PLANE('',#87200);
#87220=CARTESIAN_POINT('',(29.8169795364281,40.6002563333336,
-38.3432861188318));
#87230=DIRECTION('',(1.,1.4210854715202E-14,0.));
#87240=VECTOR('',#87230,1.);
#87250=LINE('',#87220,#87240);
#87260=CARTESIAN_POINT('',(17.7836462030947,40.6002563333334,
-38.3432861188318));
#87270=VERTEX_POINT('',#87260);
#87280=CARTESIAN_POINT('',(18.4236462030947,40.6002563333335,
-38.3432861188318));
#87290=VERTEX_POINT('',#87280);
#87300=EDGE_CURVE('',#87270,#87290,#87250,.T.);
#87310=ORIENTED_EDGE('',*,*,#87300,.F.);
#87320=CARTESIAN_POINT('',(18.4236462030947,40.6002563333335,
-37.3932861188318));
#87330=DIRECTION('',(0.,0.,-1.));
#87340=VECTOR('',#87330,1.);
#87350=LINE('',#87320,#87340);
#87360=CARTESIAN_POINT('',(18.4236462030947,40.6002563333335,
-38.9832861188318));
#87370=VERTEX_POINT('',#87360);
#87380=EDGE_CURVE('',#87290,#87370,#87350,.T.);
#87390=ORIENTED_EDGE('',*,*,#87380,.F.);
#87400=CARTESIAN_POINT('',(29.8169795364281,40.6002563333336,
-38.9832861188318));
#87410=DIRECTION('',(-1.,-1.4210854715202E-14,0.));
#87420=VECTOR('',#87410,1.);
#87430=LINE('',#87400,#87420);
#87440=CARTESIAN_POINT('',(17.7836462030947,40.6002563333334,
-38.9832861188318));
#87450=VERTEX_POINT('',#87440);
#87460=EDGE_CURVE('',#87370,#87450,#87430,.T.);
#87470=ORIENTED_EDGE('',*,*,#87460,.F.);
#87480=CARTESIAN_POINT('',(17.7836462030947,40.6002563333334,
-37.3932861188318));
#87490=DIRECTION('',(0.,0.,1.));
#87500=VECTOR('',#87490,1.);
#87510=LINE('',#87480,#87500);
#87520=EDGE_CURVE('',#87450,#87270,#87510,.T.);
#87530=ORIENTED_EDGE('',*,*,#87520,.F.);
#87540=EDGE_LOOP('',(#87530,#87470,#87390,#87310));
#87550=FACE_BOUND('',#87540,.T.);
#87560=CARTESIAN_POINT('',(18.1036462030947,40.6002563333335,
-38.6632861188318));
#87570=DIRECTION('',(1.4210854715202E-14,-1.,0.));
#87580=DIRECTION('',(0.,0.,-1.));
#87590=AXIS2_PLACEMENT_3D('',#87560,#87570,#87580);
#87600=CIRCLE('',#87590,0.6);
#87610=CARTESIAN_POINT('',(18.1036462030947,40.6002563333335,
-38.0632861188318));
#87620=VERTEX_POINT('',#87610);
#87630=CARTESIAN_POINT('',(18.1036462030947,40.6002563333335,
-39.2632861188318));
#87640=VERTEX_POINT('',#87630);
#87650=EDGE_CURVE('',#87620,#87640,#87600,.T.);
#87660=ORIENTED_EDGE('',*,*,#87650,.F.);
#87670=EDGE_CURVE('',#87640,#87620,#87600,.T.);
#87680=ORIENTED_EDGE('',*,*,#87670,.F.);
#87690=EDGE_LOOP('',(#87680,#87660));
#87700=FACE_OUTER_BOUND('',#87690,.T.);
#87710=ADVANCED_FACE('',(#87550,#87700),#87210,.F.);
#87720=COLOUR_RGB('',0.639215707778931,0.0901960805058479,
0.10196079313755);
#87730=FILL_AREA_STYLE_COLOUR('',#87720);
#87740=FILL_AREA_STYLE('',(#87730));
#87750=SURFACE_STYLE_FILL_AREA(#87740);
#87760=SURFACE_SIDE_STYLE('',(#87750));
#87770=SURFACE_STYLE_USAGE(.BOTH.,#87760);
#87780=PRESENTATION_STYLE_ASSIGNMENT((#87770));
#87790=CARTESIAN_POINT('',(18.4236462030947,37.9152539333334,
-38.9832861188318));
#87800=DIRECTION('',(0.,0.,1.));
#87810=DIRECTION('',(-1.,-1.4210854715202E-14,0.));
#87820=AXIS2_PLACEMENT_3D('',#87790,#87800,#87810);
#87830=PLANE('',#87820);
#87840=CARTESIAN_POINT('',(18.4236462030946,43.7769229999999,
-38.9832861188318));
#87850=DIRECTION('',(-1.4210854715202E-14,1.,0.));
#87860=VECTOR('',#87850,1.);
#87870=LINE('',#87840,#87860);
#87880=CARTESIAN_POINT('',(18.4236462030947,40.1002563333335,
-38.9832861188318));
#87890=VERTEX_POINT('',#87880);
#87900=EDGE_CURVE('',#87890,#87370,#87870,.T.);
#87910=ORIENTED_EDGE('',*,*,#87900,.T.);
#87920=CARTESIAN_POINT('',(29.8169795364281,40.1002563333336,
-38.9832861188318));
#87930=DIRECTION('',(-1.,-1.4210854715202E-14,0.));
#87940=VECTOR('',#87930,1.);
#87950=LINE('',#87920,#87940);
#87960=CARTESIAN_POINT('',(17.7836462030947,40.1002563333334,
-38.9832861188318));
#87970=VERTEX_POINT('',#87960);
#87980=EDGE_CURVE('',#87890,#87970,#87950,.T.);
#87990=ORIENTED_EDGE('',*,*,#87980,.F.);
#88000=CARTESIAN_POINT('',(17.7836462030946,43.7769229999999,
-38.9832861188318));
#88010=DIRECTION('',(1.4210854715202E-14,-1.,0.));
#88020=VECTOR('',#88010,1.);
#88030=LINE('',#88000,#88020);
#88040=EDGE_CURVE('',#87450,#87970,#88030,.T.);
#88050=ORIENTED_EDGE('',*,*,#88040,.T.);
#88060=ORIENTED_EDGE('',*,*,#87460,.T.);
#88070=EDGE_LOOP('',(#88060,#88050,#87990,#87910));
#88080=FACE_OUTER_BOUND('',#88070,.T.);
#88090=ADVANCED_FACE('',(#88080),#87830,.T.);
#88100=CARTESIAN_POINT('',(18.4236462030947,37.9152539333334,
-38.3432861188318));
#88110=DIRECTION('',(-1.,-1.4210854715202E-14,-0.));
#88120=DIRECTION('',(0.,0.,-1.));
#88130=AXIS2_PLACEMENT_3D('',#88100,#88110,#88120);
#88140=PLANE('',#88130);
#88150=CARTESIAN_POINT('',(18.4236462030946,43.7769229999999,
-38.3432861188318));
#88160=DIRECTION('',(-1.4210854715202E-14,1.,0.));
#88170=VECTOR('',#88160,1.);
#88180=LINE('',#88150,#88170);
#88190=CARTESIAN_POINT('',(18.4236462030947,40.1002563333335,
-38.3432861188318));
#88200=VERTEX_POINT('',#88190);
#88210=EDGE_CURVE('',#88200,#87290,#88180,.T.);
#88220=ORIENTED_EDGE('',*,*,#88210,.T.);
#88230=CARTESIAN_POINT('',(18.4236462030947,40.1002563333335,
-37.3932861188318));
#88240=DIRECTION('',(0.,0.,-1.));
#88250=VECTOR('',#88240,1.);
#88260=LINE('',#88230,#88250);
#88270=EDGE_CURVE('',#88200,#87890,#88260,.T.);
#88280=ORIENTED_EDGE('',*,*,#88270,.F.);
#88290=ORIENTED_EDGE('',*,*,#87900,.F.);
#88300=ORIENTED_EDGE('',*,*,#87380,.T.);
#88310=EDGE_LOOP('',(#88300,#88290,#88280,#88220));
#88320=FACE_OUTER_BOUND('',#88310,.T.);
#88330=ADVANCED_FACE('',(#88320),#88140,.T.);
#88340=CARTESIAN_POINT('',(22.4336462030947,40.1002563333335,
-38.9339765318755));
#88350=DIRECTION('',(1.4210854715202E-14,-1.,0.));
#88360=DIRECTION('',(0.,0.,-1.));
#88370=AXIS2_PLACEMENT_3D('',#88340,#88350,#88360);
#88380=PLANE('',#88370);
#88390=CARTESIAN_POINT('',(18.1036462030947,40.1002563333335,
-38.6632861188318));
#88400=DIRECTION('',(1.4210854715202E-14,-1.,0.));
#88410=DIRECTION('',(0.,0.,-1.));
#88420=AXIS2_PLACEMENT_3D('',#88390,#88400,#88410);
#88430=CIRCLE('',#88420,0.6);
#88440=CARTESIAN_POINT('',(18.1036462030947,40.1002563333335,
-38.0632861188318));
#88450=VERTEX_POINT('',#88440);
#88460=CARTESIAN_POINT('',(18.1036462030947,40.1002563333335,
-39.2632861188318));
#88470=VERTEX_POINT('',#88460);
#88480=EDGE_CURVE('',#88450,#88470,#88430,.T.);
#88490=ORIENTED_EDGE('',*,*,#88480,.T.);
#88500=EDGE_CURVE('',#88470,#88450,#88430,.T.);
#88510=ORIENTED_EDGE('',*,*,#88500,.T.);
#88520=EDGE_LOOP('',(#88510,#88490));
#88530=FACE_OUTER_BOUND('',#88520,.T.);
#88540=ORIENTED_EDGE('',*,*,#87980,.T.);
#88550=ORIENTED_EDGE('',*,*,#88270,.T.);
#88560=CARTESIAN_POINT('',(29.8169795364281,40.1002563333336,
-38.3432861188318));
#88570=DIRECTION('',(1.,1.4210854715202E-14,0.));
#88580=VECTOR('',#88570,1.);
#88590=LINE('',#88560,#88580);
#88600=CARTESIAN_POINT('',(17.7836462030947,40.1002563333334,
-38.3432861188318));
#88610=VERTEX_POINT('',#88600);
#88620=EDGE_CURVE('',#88610,#88200,#88590,.T.);
#88630=ORIENTED_EDGE('',*,*,#88620,.T.);
#88640=CARTESIAN_POINT('',(17.7836462030947,40.1002563333334,
-37.3932861188318));
#88650=DIRECTION('',(0.,0.,1.));
#88660=VECTOR('',#88650,1.);
#88670=LINE('',#88640,#88660);
#88680=EDGE_CURVE('',#87970,#88610,#88670,.T.);
#88690=ORIENTED_EDGE('',*,*,#88680,.T.);
#88700=EDGE_LOOP('',(#88690,#88630,#88550,#88540));
#88710=FACE_BOUND('',#88700,.T.);
#88720=ADVANCED_FACE('',(#88530,#88710),#88380,.T.);
#88730=COLOUR_RGB('',0.639215707778931,0.0901960805058479,
0.10196079313755);
#88740=FILL_AREA_STYLE_COLOUR('',#88730);
#88750=FILL_AREA_STYLE('',(#88740));
#88760=SURFACE_STYLE_FILL_AREA(#88750);
#88770=SURFACE_SIDE_STYLE('',(#88760));
#88780=SURFACE_STYLE_USAGE(.BOTH.,#88770);
#88790=PRESENTATION_STYLE_ASSIGNMENT((#88780));
#88800=CARTESIAN_POINT('',(18.1036462030947,40.6002563333335,
-38.6632861188318));
#88810=DIRECTION('',(1.4210854715202E-14,-1.,0.));
#88820=DIRECTION('',(0.,0.,-1.));
#88830=AXIS2_PLACEMENT_3D('',#88800,#88810,#88820);
#88840=CYLINDRICAL_SURFACE('',#88830,0.6);
#88850=CARTESIAN_POINT('',(18.1036462030947,40.6002563333335,
-39.2632861188318));
#88860=DIRECTION('',(1.4210854715202E-14,-1.,0.));
#88870=VECTOR('',#88860,1.);
#88880=LINE('',#88850,#88870);
#88890=EDGE_CURVE('',#87640,#88470,#88880,.T.);
#88900=ORIENTED_EDGE('',*,*,#88890,.F.);
#88910=ORIENTED_EDGE('',*,*,#88500,.F.);
#88920=CARTESIAN_POINT('',(18.1036462030947,40.6002563333335,
-38.0632861188318));
#88930=DIRECTION('',(1.4210854715202E-14,-1.,0.));
#88940=VECTOR('',#88930,1.);
#88950=LINE('',#88920,#88940);
#88960=EDGE_CURVE('',#87620,#88450,#88950,.T.);
#88970=ORIENTED_EDGE('',*,*,#88960,.T.);
#88980=ORIENTED_EDGE('',*,*,#87670,.T.);
#88990=EDGE_LOOP('',(#88980,#88970,#88910,#88900));
#89000=FACE_OUTER_BOUND('',#88990,.T.);
#89010=ADVANCED_FACE('',(#89000),#88840,.T.);
#89020=COLOUR_RGB('',0.639215707778931,0.0901960805058479,
0.10196079313755);
#89030=FILL_AREA_STYLE_COLOUR('',#89020);
#89040=FILL_AREA_STYLE('',(#89030));
#89050=SURFACE_STYLE_FILL_AREA(#89040);
#89060=SURFACE_SIDE_STYLE('',(#89050));
#89070=SURFACE_STYLE_USAGE(.BOTH.,#89060);
#89080=PRESENTATION_STYLE_ASSIGNMENT((#89070));
#89090=CARTESIAN_POINT('',(17.7836462030947,37.9152539333334,
-38.3432861188318));
#89100=DIRECTION('',(0.,0.,-1.));
#89110=DIRECTION('',(1.,1.4210854715202E-14,0.));
#89120=AXIS2_PLACEMENT_3D('',#89090,#89100,#89110);
#89130=PLANE('',#89120);
#89140=CARTESIAN_POINT('',(17.7836462030946,43.7769229999999,
-38.3432861188318));
#89150=DIRECTION('',(-1.4210854715202E-14,1.,0.));
#89160=VECTOR('',#89150,1.);
#89170=LINE('',#89140,#89160);
#89180=EDGE_CURVE('',#88610,#87270,#89170,.T.);
#89190=ORIENTED_EDGE('',*,*,#89180,.T.);
#89200=ORIENTED_EDGE('',*,*,#88620,.F.);
#89210=ORIENTED_EDGE('',*,*,#88210,.F.);
#89220=ORIENTED_EDGE('',*,*,#87300,.T.);
#89230=EDGE_LOOP('',(#89220,#89210,#89200,#89190));
#89240=FACE_OUTER_BOUND('',#89230,.T.);
#89250=ADVANCED_FACE('',(#89240),#89130,.T.);
#89260=CARTESIAN_POINT('',(17.7836462030947,37.9152539333334,
-38.9832861188318));
#89270=DIRECTION('',(1.,1.4210854715202E-14,-0.));
#89280=DIRECTION('',(0.,0.,1.));
#89290=AXIS2_PLACEMENT_3D('',#89260,#89270,#89280);
#89300=PLANE('',#89290);
#89310=ORIENTED_EDGE('',*,*,#89180,.F.);
#89320=ORIENTED_EDGE('',*,*,#87520,.T.);
#89330=ORIENTED_EDGE('',*,*,#88040,.F.);
#89340=ORIENTED_EDGE('',*,*,#88680,.F.);
#89350=EDGE_LOOP('',(#89340,#89330,#89320,#89310));
#89360=FACE_OUTER_BOUND('',#89350,.T.);
#89370=ADVANCED_FACE('',(#89360),#89300,.T.);
#89380=CARTESIAN_POINT('',(18.1036462030947,40.6002563333335,
-38.6632861188318));
#89390=DIRECTION('',(1.4210854715202E-14,-1.,0.));
#89400=DIRECTION('',(0.,0.,-1.));
#89410=AXIS2_PLACEMENT_3D('',#89380,#89390,#89400);
#89420=CYLINDRICAL_SURFACE('',#89410,0.6);
#89430=ORIENTED_EDGE('',*,*,#87650,.T.);
#89440=ORIENTED_EDGE('',*,*,#88960,.F.);
#89450=ORIENTED_EDGE('',*,*,#88480,.F.);
#89460=ORIENTED_EDGE('',*,*,#88890,.T.);
#89470=EDGE_LOOP('',(#89460,#89450,#89440,#89430));
#89480=FACE_OUTER_BOUND('',#89470,.T.);
#89490=ADVANCED_FACE('',(#89480),#89420,.T.);
#89500=COLOUR_RGB('',0.639215707778931,0.0901960805058479,
0.10196079313755);
#89510=FILL_AREA_STYLE_COLOUR('',#89500);
#89520=FILL_AREA_STYLE('',(#89510));
#89530=SURFACE_STYLE_FILL_AREA(#89520);
#89540=SURFACE_SIDE_STYLE('',(#89530));
#89550=SURFACE_STYLE_USAGE(.BOTH.,#89540);
#89560=PRESENTATION_STYLE_ASSIGNMENT((#89550));
#89570=CLOSED_SHELL('',(#87710,#88090,#88330,#88720,#89010,#89250,#89370
,#89490));
#89580=MANIFOLD_SOLID_BREP('',#89570);
#89590=APPLICATION_CONTEXT(' ');
#89600=APPLICATION_PROTOCOL_DEFINITION(' ','automotive_design',1998,
#89590);
#89610=PRODUCT_CONTEXT('',#89590,'mechanical');
#89620=PRODUCT_DEFINITION_CONTEXT('part definition',#89590,'design');
#89630=PRODUCT('aussenteil.3.3','aussenteil.3.3','',(#89610));
#89640=PRODUCT_RELATED_PRODUCT_CATEGORY('part',' ',(#89630));
#89650=PRODUCT_DEFINITION_FORMATION_WITH_SPECIFIED_SOURCE('','',#89630,
.BOUGHT.);
#89660=PRODUCT_DEFINITION('',' ',#89650,#89620);
#89670=PRODUCT_DEFINITION_SHAPE('','',#89660);
#89680=DIMENSIONAL_EXPONENTS(1.,0.,0.,0.,0.,0.,0.);
#89690=DIMENSIONAL_EXPONENTS(0.,0.,0.,0.,0.,0.,0.);
#89700=DIMENSIONAL_EXPONENTS(0.,0.,0.,0.,0.,0.,0.);
#89710=(LENGTH_UNIT() NAMED_UNIT(*) SI_UNIT(.MILLI.,.METRE.));
#89720=(NAMED_UNIT(*) PLANE_ANGLE_UNIT() SI_UNIT($,.RADIAN.));
#89730=(NAMED_UNIT(*) SI_UNIT($,.STERADIAN.) SOLID_ANGLE_UNIT());
#89740=(GEOMETRIC_REPRESENTATION_CONTEXT(3) 
GLOBAL_UNCERTAINTY_ASSIGNED_CONTEXT((#89750)) 
GLOBAL_UNIT_ASSIGNED_CONTEXT((#89710,#89720,#89730)) 
REPRESENTATION_CONTEXT('',''));
#89750=UNCERTAINTY_MEASURE_WITH_UNIT(LENGTH_MEASURE(1.E-6),#89710,
'distance_accuracy_value','maximum gap value');
#89760=ADVANCED_BREP_SHAPE_REPRESENTATION('',(#80490,#89580),#89740);
#89770=SHAPE_DEFINITION_REPRESENTATION(#89670,#89760);
#89780=COLOUR_RGB('',0.34901961684227,0.34901961684227,0.34901961684227)
;
#89790=FILL_AREA_STYLE_COLOUR('',#89780);
#89800=FILL_AREA_STYLE('',(#89790));
#89810=SURFACE_STYLE_FILL_AREA(#89800);
#89820=SURFACE_SIDE_STYLE('',(#89810));
#89830=SURFACE_STYLE_USAGE(.BOTH.,#89820);
#89840=PRESENTATION_STYLE_ASSIGNMENT((#89830));
#89850=STYLED_ITEM('',(#89840),#89580);
#89860=OVER_RIDING_STYLED_ITEM('',(#87780),#87710,#89850);
#89870=OVER_RIDING_STYLED_ITEM('',(#88790),#88720,#89850);
#89880=OVER_RIDING_STYLED_ITEM('',(#89080),#89010,#89850);
#89890=OVER_RIDING_STYLED_ITEM('',(#89560),#89490,#89850);
#89900=DRAUGHTING_MODEL('',(#89850,#89860,#89870,#89880,#89890),#89740);
#89910=CARTESIAN_POINT('',(-24.8836462030954,-42.5702563333333,
24.2782861188324));
#89920=DIRECTION('',(0.,1.4210854715202E-14,1.));
#89930=DIRECTION('',(1.,-1.4210854715202E-14,2.01948391736579E-28));
#89940=AXIS2_PLACEMENT_3D('',#89910,#89920,#89930);
#89950=ITEM_DEFINED_TRANSFORMATION('aussenteil.3.3','',#80490,#89940);
#89960=CARTESIAN_POINT('',(18.1036462030947,40.6002563333335,
-36.1232861188318));
#89970=DIRECTION('',(1.4210854715202E-14,-1.,0.));
#89980=DIRECTION('',(0.,0.,-1.));
#89990=AXIS2_PLACEMENT_3D('',#89960,#89970,#89980);
#90000=CYLINDRICAL_SURFACE('',#89990,0.6);
#90010=CARTESIAN_POINT('',(18.1036462030947,40.6002563333335,
-35.5232861188318));
#90020=DIRECTION('',(1.4210854715202E-14,-1.,0.));
#90030=VECTOR('',#90020,1.);
#90040=LINE('',#90010,#90030);
#90050=CARTESIAN_POINT('',(18.1036462030947,40.6002563333335,
-35.5232861188318));
#90060=VERTEX_POINT('',#90050);
#90070=CARTESIAN_POINT('',(18.1036462030947,40.1002563333335,
-35.5232861188318));
#90080=VERTEX_POINT('',#90070);
#90090=EDGE_CURVE('',#90060,#90080,#90040,.T.);
#90100=ORIENTED_EDGE('',*,*,#90090,.F.);
#90110=CARTESIAN_POINT('',(18.1036462030947,40.1002563333335,
-36.1232861188318));
#90120=DIRECTION('',(1.4210854715202E-14,-1.,0.));
#90130=DIRECTION('',(0.,0.,-1.));
#90140=AXIS2_PLACEMENT_3D('',#90110,#90120,#90130);
#90150=CIRCLE('',#90140,0.6);
#90160=CARTESIAN_POINT('',(17.5036462030947,40.1002563333334,
-36.1232861188318));
#90170=VERTEX_POINT('',#90160);
#90180=EDGE_CURVE('',#90080,#90170,#90150,.T.);
#90190=ORIENTED_EDGE('',*,*,#90180,.F.);
#90200=CARTESIAN_POINT('',(18.1036462030947,40.1002563333335,
-36.7232861188318));
#90210=VERTEX_POINT('',#90200);
#90220=EDGE_CURVE('',#90170,#90210,#90150,.T.);
#90230=ORIENTED_EDGE('',*,*,#90220,.F.);
#90240=CARTESIAN_POINT('',(18.1036462030947,40.6002563333335,
-36.7232861188318));
#90250=DIRECTION('',(1.4210854715202E-14,-1.,0.));
#90260=VECTOR('',#90250,1.);
#90270=LINE('',#90240,#90260);
#90280=CARTESIAN_POINT('',(18.1036462030947,40.6002563333335,
-36.7232861188318));
#90290=VERTEX_POINT('',#90280);
#90300=EDGE_CURVE('',#90290,#90210,#90270,.T.);
#90310=ORIENTED_EDGE('',*,*,#90300,.T.);
#90320=CARTESIAN_POINT('',(18.1036462030947,40.6002563333335,
-36.1232861188318));
#90330=DIRECTION('',(1.4210854715202E-14,-1.,0.));
#90340=DIRECTION('',(0.,0.,-1.));
#90350=AXIS2_PLACEMENT_3D('',#90320,#90330,#90340);
#90360=CIRCLE('',#90350,0.6);
#90370=CARTESIAN_POINT('',(17.5036462030947,40.6002563333334,
-36.1232861188318));
#90380=VERTEX_POINT('',#90370);
#90390=EDGE_CURVE('',#90380,#90290,#90360,.T.);
#90400=ORIENTED_EDGE('',*,*,#90390,.T.);
#90410=EDGE_CURVE('',#90060,#90380,#90360,.T.);
#90420=ORIENTED_EDGE('',*,*,#90410,.T.);
#90430=EDGE_LOOP('',(#90420,#90400,#90310,#90230,#90190,#90100));
#90440=FACE_OUTER_BOUND('',#90430,.T.);
#90450=ADVANCED_FACE('',(#90440),#90000,.T.);
#90460=COLOUR_RGB('',0.639215707778931,0.0901960805058479,
0.10196079313755);
#90470=FILL_AREA_STYLE_COLOUR('',#90460);
#90480=FILL_AREA_STYLE('',(#90470));
#90490=SURFACE_STYLE_FILL_AREA(#90480);
#90500=SURFACE_SIDE_STYLE('',(#90490));
#90510=SURFACE_STYLE_USAGE(.BOTH.,#90500);
#90520=PRESENTATION_STYLE_ASSIGNMENT((#90510));
#90530=CARTESIAN_POINT('',(22.4336462030947,40.6002563333335,
-38.9339765318755));
#90540=DIRECTION('',(1.4210854715202E-14,-1.,0.));
#90550=DIRECTION('',(0.,0.,-1.));
#90560=AXIS2_PLACEMENT_3D('',#90530,#90540,#90550);
#90570=PLANE('',#90560);
#90580=ORIENTED_EDGE('',*,*,#90390,.F.);
#90590=EDGE_CURVE('',#90290,#90060,#90360,.T.);
#90600=ORIENTED_EDGE('',*,*,#90590,.F.);
#90610=ORIENTED_EDGE('',*,*,#90410,.F.);
#90620=EDGE_LOOP('',(#90610,#90600,#90580));
#90630=FACE_OUTER_BOUND('',#90620,.T.);
#90640=CARTESIAN_POINT('',(29.8169795364281,40.6002563333336,
-36.4432861188318));
#90650=DIRECTION('',(-1.,-1.4210854715202E-14,0.));
#90660=VECTOR('',#90650,1.);
#90670=LINE('',#90640,#90660);
#90680=CARTESIAN_POINT('',(18.4236462030947,40.6002563333335,
-36.4432861188318));
#90690=VERTEX_POINT('',#90680);
#90700=CARTESIAN_POINT('',(17.7836462030947,40.6002563333334,
-36.4432861188318));
#90710=VERTEX_POINT('',#90700);
#90720=EDGE_CURVE('',#90690,#90710,#90670,.T.);
#90730=ORIENTED_EDGE('',*,*,#90720,.F.);
#90740=CARTESIAN_POINT('',(17.7836462030947,40.6002563333334,
-37.3932861188318));
#90750=DIRECTION('',(0.,0.,1.));
#90760=VECTOR('',#90750,1.);
#90770=LINE('',#90740,#90760);
#90780=CARTESIAN_POINT('',(17.7836462030947,40.6002563333334,
-35.8032861188318));
#90790=VERTEX_POINT('',#90780);
#90800=EDGE_CURVE('',#90710,#90790,#90770,.T.);
#90810=ORIENTED_EDGE('',*,*,#90800,.F.);
#90820=CARTESIAN_POINT('',(29.8169795364281,40.6002563333336,
-35.8032861188318));
#90830=DIRECTION('',(1.,1.4210854715202E-14,0.));
#90840=VECTOR('',#90830,1.);
#90850=LINE('',#90820,#90840);
#90860=CARTESIAN_POINT('',(18.4236462030947,40.6002563333335,
-35.8032861188318));
#90870=VERTEX_POINT('',#90860);
#90880=EDGE_CURVE('',#90790,#90870,#90850,.T.);
#90890=ORIENTED_EDGE('',*,*,#90880,.F.);
#90900=CARTESIAN_POINT('',(18.4236462030947,40.6002563333335,
-37.3932861188318));
#90910=DIRECTION('',(0.,0.,-1.));
#90920=VECTOR('',#90910,1.);
#90930=LINE('',#90900,#90920);
#90940=EDGE_CURVE('',#90870,#90690,#90930,.T.);
#90950=ORIENTED_EDGE('',*,*,#90940,.F.);
#90960=EDGE_LOOP('',(#90950,#90890,#90810,#90730));
#90970=FACE_BOUND('',#90960,.T.);
#90980=ADVANCED_FACE('',(#90630,#90970),#90570,.F.);
#90990=COLOUR_RGB('',0.639215707778931,0.0901960805058479,
0.10196079313755);
#91000=FILL_AREA_STYLE_COLOUR('',#90990);
#91010=FILL_AREA_STYLE('',(#91000));
#91020=SURFACE_STYLE_FILL_AREA(#91010);
#91030=SURFACE_SIDE_STYLE('',(#91020));
#91040=SURFACE_STYLE_USAGE(.BOTH.,#91030);
#91050=PRESENTATION_STYLE_ASSIGNMENT((#91040));
#91060=CARTESIAN_POINT('',(18.4236462030947,37.9152539333334,
-36.4432861188318));
#91070=DIRECTION('',(0.,0.,1.));
#91080=DIRECTION('',(-1.,-1.4210854715202E-14,0.));
#91090=AXIS2_PLACEMENT_3D('',#91060,#91070,#91080);
#91100=PLANE('',#91090);
#91110=CARTESIAN_POINT('',(17.7836462030947,37.9152539333334,
-36.4432861188318));
#91120=DIRECTION('',(-1.4210854715202E-14,1.,0.));
#91130=VECTOR('',#91120,1.);
#91140=LINE('',#91110,#91130);
#91150=CARTESIAN_POINT('',(17.7836462030947,40.1002563333334,
-36.4432861188318));
#91160=VERTEX_POINT('',#91150);
#91170=EDGE_CURVE('',#91160,#90710,#91140,.T.);
#91180=ORIENTED_EDGE('',*,*,#91170,.F.);
#91190=ORIENTED_EDGE('',*,*,#90720,.T.);
#91200=CARTESIAN_POINT('',(18.4236462030947,37.9152539333334,
-36.4432861188318));
#91210=DIRECTION('',(-1.4210854715202E-14,1.,0.));
#91220=VECTOR('',#91210,1.);
#91230=LINE('',#91200,#91220);
#91240=CARTESIAN_POINT('',(18.4236462030947,40.1002563333335,
-36.4432861188318));
#91250=VERTEX_POINT('',#91240);
#91260=EDGE_CURVE('',#91250,#90690,#91230,.T.);
#91270=ORIENTED_EDGE('',*,*,#91260,.T.);
#91280=CARTESIAN_POINT('',(29.8169795364281,40.1002563333336,
-36.4432861188318));
#91290=DIRECTION('',(-1.,-1.4210854715202E-14,0.));
#91300=VECTOR('',#91290,1.);
#91310=LINE('',#91280,#91300);
#91320=EDGE_CURVE('',#91250,#91160,#91310,.T.);
#91330=ORIENTED_EDGE('',*,*,#91320,.F.);
#91340=EDGE_LOOP('',(#91330,#91270,#91190,#91180));
#91350=FACE_OUTER_BOUND('',#91340,.T.);
#91360=ADVANCED_FACE('',(#91350),#91100,.T.);
#91370=CARTESIAN_POINT('',(18.4236462030947,37.9152539333334,
-35.8032861188318));
#91380=DIRECTION('',(-1.,-1.4210854715202E-14,-0.));
#91390=DIRECTION('',(0.,0.,-1.));
#91400=AXIS2_PLACEMENT_3D('',#91370,#91380,#91390);
#91410=PLANE('',#91400);
#91420=ORIENTED_EDGE('',*,*,#91260,.F.);
#91430=ORIENTED_EDGE('',*,*,#90940,.T.);
#91440=CARTESIAN_POINT('',(18.4236462030947,37.9152539333334,
-35.8032861188318));
#91450=DIRECTION('',(-1.4210854715202E-14,1.,0.));
#91460=VECTOR('',#91450,1.);
#91470=LINE('',#91440,#91460);
#91480=CARTESIAN_POINT('',(18.4236462030947,40.1002563333335,
-35.8032861188318));
#91490=VERTEX_POINT('',#91480);
#91500=EDGE_CURVE('',#91490,#90870,#91470,.T.);
#91510=ORIENTED_EDGE('',*,*,#91500,.T.);
#91520=CARTESIAN_POINT('',(18.4236462030947,40.1002563333335,
-37.3932861188318));
#91530=DIRECTION('',(0.,0.,-1.));
#91540=VECTOR('',#91530,1.);
#91550=LINE('',#91520,#91540);
#91560=EDGE_CURVE('',#91490,#91250,#91550,.T.);
#91570=ORIENTED_EDGE('',*,*,#91560,.F.);
#91580=EDGE_LOOP('',(#91570,#91510,#91430,#91420));
#91590=FACE_OUTER_BOUND('',#91580,.T.);
#91600=ADVANCED_FACE('',(#91590),#91410,.T.);
#91610=CARTESIAN_POINT('',(17.7836462030947,37.9152539333334,
-35.8032861188318));
#91620=DIRECTION('',(0.,0.,-1.));
#91630=DIRECTION('',(1.,1.4210854715202E-14,0.));
#91640=AXIS2_PLACEMENT_3D('',#91610,#91620,#91630);
#91650=PLANE('',#91640);
#91660=CARTESIAN_POINT('',(17.7836462030947,37.9152539333334,
-35.8032861188318));
#91670=DIRECTION('',(-1.4210854715202E-14,1.,0.));
#91680=VECTOR('',#91670,1.);
#91690=LINE('',#91660,#91680);
#91700=CARTESIAN_POINT('',(17.7836462030947,40.1002563333334,
-35.8032861188318));
#91710=VERTEX_POINT('',#91700);
#91720=EDGE_CURVE('',#91710,#90790,#91690,.T.);
#91730=ORIENTED_EDGE('',*,*,#91720,.T.);
#91740=CARTESIAN_POINT('',(29.8169795364281,40.1002563333336,
-35.8032861188318));
#91750=DIRECTION('',(1.,1.4210854715202E-14,0.));
#91760=VECTOR('',#91750,1.);
#91770=LINE('',#91740,#91760);
#91780=EDGE_CURVE('',#91710,#91490,#91770,.T.);
#91790=ORIENTED_EDGE('',*,*,#91780,.F.);
#91800=ORIENTED_EDGE('',*,*,#91500,.F.);
#91810=ORIENTED_EDGE('',*,*,#90880,.T.);
#91820=EDGE_LOOP('',(#91810,#91800,#91790,#91730));
#91830=FACE_OUTER_BOUND('',#91820,.T.);
#91840=ADVANCED_FACE('',(#91830),#91650,.T.);
#91850=CARTESIAN_POINT('',(22.4336462030947,40.1002563333335,
-38.9339765318755));
#91860=DIRECTION('',(1.4210854715202E-14,-1.,0.));
#91870=DIRECTION('',(0.,0.,-1.));
#91880=AXIS2_PLACEMENT_3D('',#91850,#91860,#91870);
#91890=PLANE('',#91880);
#91900=EDGE_CURVE('',#90210,#90080,#90150,.T.);
#91910=ORIENTED_EDGE('',*,*,#91900,.T.);
#91920=ORIENTED_EDGE('',*,*,#90220,.T.);
#91930=ORIENTED_EDGE('',*,*,#90180,.T.);
#91940=EDGE_LOOP('',(#91930,#91920,#91910));
#91950=FACE_OUTER_BOUND('',#91940,.T.);
#91960=ORIENTED_EDGE('',*,*,#91780,.T.);
#91970=CARTESIAN_POINT('',(17.7836462030947,40.1002563333334,
-37.3932861188318));
#91980=DIRECTION('',(0.,0.,1.));
#91990=VECTOR('',#91980,1.);
#92000=LINE('',#91970,#91990);
#92010=EDGE_CURVE('',#91160,#91710,#92000,.T.);
#92020=ORIENTED_EDGE('',*,*,#92010,.T.);
#92030=ORIENTED_EDGE('',*,*,#91320,.T.);
#92040=ORIENTED_EDGE('',*,*,#91560,.T.);
#92050=EDGE_LOOP('',(#92040,#92030,#92020,#91960));
#92060=FACE_BOUND('',#92050,.T.);
#92070=ADVANCED_FACE('',(#91950,#92060),#91890,.T.);
#92080=COLOUR_RGB('',0.639215707778931,0.0901960805058479,
0.10196079313755);
#92090=FILL_AREA_STYLE_COLOUR('',#92080);
#92100=FILL_AREA_STYLE('',(#92090));
#92110=SURFACE_STYLE_FILL_AREA(#92100);
#92120=SURFACE_SIDE_STYLE('',(#92110));
#92130=SURFACE_STYLE_USAGE(.BOTH.,#92120);
#92140=PRESENTATION_STYLE_ASSIGNMENT((#92130));
#92150=CARTESIAN_POINT('',(17.7836462030947,37.9152539333334,
-36.4432861188318));
#92160=DIRECTION('',(1.,1.4210854715202E-14,-0.));
#92170=DIRECTION('',(0.,0.,1.));
#92180=AXIS2_PLACEMENT_3D('',#92150,#92160,#92170);
#92190=PLANE('',#92180);
#92200=ORIENTED_EDGE('',*,*,#91720,.F.);
#92210=ORIENTED_EDGE('',*,*,#90800,.T.);
#92220=ORIENTED_EDGE('',*,*,#91170,.T.);
#92230=ORIENTED_EDGE('',*,*,#92010,.F.);
#92240=EDGE_LOOP('',(#92230,#92220,#92210,#92200));
#92250=FACE_OUTER_BOUND('',#92240,.T.);
#92260=ADVANCED_FACE('',(#92250),#92190,.T.);
#92270=CARTESIAN_POINT('',(18.1036462030947,40.6002563333335,
-36.1232861188318));
#92280=DIRECTION('',(1.4210854715202E-14,-1.,0.));
#92290=DIRECTION('',(0.,0.,-1.));
#92300=AXIS2_PLACEMENT_3D('',#92270,#92280,#92290);
#92310=CYLINDRICAL_SURFACE('',#92300,0.6);
#92320=ORIENTED_EDGE('',*,*,#91900,.F.);
#92330=ORIENTED_EDGE('',*,*,#90090,.T.);
#92340=ORIENTED_EDGE('',*,*,#90590,.T.);
#92350=ORIENTED_EDGE('',*,*,#90300,.F.);
#92360=EDGE_LOOP('',(#92350,#92340,#92330,#92320));
#92370=FACE_OUTER_BOUND('',#92360,.T.);
#92380=ADVANCED_FACE('',(#92370),#92310,.T.);
#92390=COLOUR_RGB('',0.639215707778931,0.0901960805058479,
0.10196079313755);
#92400=FILL_AREA_STYLE_COLOUR('',#92390);
#92410=FILL_AREA_STYLE('',(#92400));
#92420=SURFACE_STYLE_FILL_AREA(#92410);
#92430=SURFACE_SIDE_STYLE('',(#92420));
#92440=SURFACE_STYLE_USAGE(.BOTH.,#92430);
#92450=PRESENTATION_STYLE_ASSIGNMENT((#92440));
#92460=CLOSED_SHELL('',(#90450,#90980,#91360,#91600,#91840,#92070,#92260
,#92380));
#92470=MANIFOLD_SOLID_BREP('',#92460);
#92480=APPLICATION_CONTEXT(' ');
#92490=APPLICATION_PROTOCOL_DEFINITION(' ','automotive_design',1998,
#92480);
#92500=PRODUCT_CONTEXT('',#92480,'mechanical');
#92510=PRODUCT_DEFINITION_CONTEXT('part definition',#92480,'design');
#92520=PRODUCT('aussenteil.3.6','aussenteil.3.6','',(#92500));
#92530=PRODUCT_RELATED_PRODUCT_CATEGORY('part',' ',(#92520));
#92540=PRODUCT_DEFINITION_FORMATION_WITH_SPECIFIED_SOURCE('','',#92520,
.BOUGHT.);
#92550=PRODUCT_DEFINITION('',' ',#92540,#92510);
#92560=PRODUCT_DEFINITION_SHAPE('','',#92550);
#92570=DIMENSIONAL_EXPONENTS(1.,0.,0.,0.,0.,0.,0.);
#92580=DIMENSIONAL_EXPONENTS(0.,0.,0.,0.,0.,0.,0.);
#92590=DIMENSIONAL_EXPONENTS(0.,0.,0.,0.,0.,0.,0.);
#92600=(LENGTH_UNIT() NAMED_UNIT(*) SI_UNIT(.MILLI.,.METRE.));
#92610=(NAMED_UNIT(*) PLANE_ANGLE_UNIT() SI_UNIT($,.RADIAN.));
#92620=(NAMED_UNIT(*) SI_UNIT($,.STERADIAN.) SOLID_ANGLE_UNIT());
#92630=(GEOMETRIC_REPRESENTATION_CONTEXT(3) 
GLOBAL_UNCERTAINTY_ASSIGNED_CONTEXT((#92640)) 
GLOBAL_UNIT_ASSIGNED_CONTEXT((#92600,#92610,#92620)) 
REPRESENTATION_CONTEXT('',''));
#92640=UNCERTAINTY_MEASURE_WITH_UNIT(LENGTH_MEASURE(1.E-6),#92600,
'distance_accuracy_value','maximum gap value');
#92650=ADVANCED_BREP_SHAPE_REPRESENTATION('',(#80490,#92470),#92630);
#92660=SHAPE_DEFINITION_REPRESENTATION(#92560,#92650);
#92670=COLOUR_RGB('',0.34901961684227,0.34901961684227,0.34901961684227)
;
#92680=FILL_AREA_STYLE_COLOUR('',#92670);
#92690=FILL_AREA_STYLE('',(#92680));
#92700=SURFACE_STYLE_FILL_AREA(#92690);
#92710=SURFACE_SIDE_STYLE('',(#92700));
#92720=SURFACE_STYLE_USAGE(.BOTH.,#92710);
#92730=PRESENTATION_STYLE_ASSIGNMENT((#92720));
#92740=STYLED_ITEM('',(#92730),#92470);
#92750=OVER_RIDING_STYLED_ITEM('',(#90520),#90450,#92740);
#92760=OVER_RIDING_STYLED_ITEM('',(#91050),#90980,#92740);
#92770=OVER_RIDING_STYLED_ITEM('',(#92140),#92070,#92740);
#92780=OVER_RIDING_STYLED_ITEM('',(#92450),#92380,#92740);
#92790=DRAUGHTING_MODEL('',(#92740,#92750,#92760,#92770,#92780),#92630);
#92800=CARTESIAN_POINT('',(-24.8836462030954,-42.5702563333333,
24.2782861188324));
#92810=DIRECTION('',(0.,1.4210854715202E-14,1.));
#92820=DIRECTION('',(1.,-1.4210854715202E-14,2.01948391736579E-28));
#92830=AXIS2_PLACEMENT_3D('',#92800,#92810,#92820);
#92840=ITEM_DEFINED_TRANSFORMATION('aussenteil.3.6','',#80490,#92830);
#92850=APPLICATION_CONTEXT(' ');
#92860=APPLICATION_PROTOCOL_DEFINITION(' ','automotive_design',1998,
#92850);
#92870=PRODUCT_CONTEXT('',#92850,'mechanical');
#92880=PRODUCT_DEFINITION_CONTEXT('part definition',#92850,'design');
#92890=PRODUCT('Bohrlochdurchmesser','Bohrlochdurchmesser','',(#92870));
#92900=PRODUCT_RELATED_PRODUCT_CATEGORY('part',' ',(#92890));
#92910=PRODUCT_DEFINITION_FORMATION_WITH_SPECIFIED_SOURCE('','',#92890,
.BOUGHT.);
#92920=PRODUCT_DEFINITION('',' ',#92910,#92880);
#92930=PRODUCT_DEFINITION_SHAPE('','',#92920);
#92940=DIMENSIONAL_EXPONENTS(1.,0.,0.,0.,0.,0.,0.);
#92950=DIMENSIONAL_EXPONENTS(0.,0.,0.,0.,0.,0.,0.);
#92960=DIMENSIONAL_EXPONENTS(0.,0.,0.,0.,0.,0.,0.);
#92970=(LENGTH_UNIT() NAMED_UNIT(*) SI_UNIT(.MILLI.,.METRE.));
#92980=(NAMED_UNIT(*) PLANE_ANGLE_UNIT() SI_UNIT($,.RADIAN.));
#92990=(NAMED_UNIT(*) SI_UNIT($,.STERADIAN.) SOLID_ANGLE_UNIT());
#93000=(GEOMETRIC_REPRESENTATION_CONTEXT(3) 
GLOBAL_UNCERTAINTY_ASSIGNED_CONTEXT((#93010)) 
GLOBAL_UNIT_ASSIGNED_CONTEXT((#92970,#92980,#92990)) 
REPRESENTATION_CONTEXT('',''));
#93010=UNCERTAINTY_MEASURE_WITH_UNIT(LENGTH_MEASURE(1.E-6),#92970,
'distance_accuracy_value','maximum gap value');
#93020=SHAPE_REPRESENTATION('',(#80490,#92830,#89940,#87150,#84360),
#93000);
#93030=SHAPE_DEFINITION_REPRESENTATION(#92930,#93020);
#93040=(REPRESENTATION_RELATIONSHIP('','',#92650,#93020) 
REPRESENTATION_RELATIONSHIP_WITH_TRANSFORMATION(#92840) 
SHAPE_REPRESENTATION_RELATIONSHIP());
#93050=NEXT_ASSEMBLY_USAGE_OCCURRENCE('1','','aussenteil.3.6',#92920,
#92550,'');
#93060=PRODUCT_DEFINITION_SHAPE('','',#93050);
#93070=CONTEXT_DEPENDENT_SHAPE_REPRESENTATION(#93040,#93060);
#93080=(REPRESENTATION_RELATIONSHIP('','',#89760,#93020) 
REPRESENTATION_RELATIONSHIP_WITH_TRANSFORMATION(#89950) 
SHAPE_REPRESENTATION_RELATIONSHIP());
#93090=NEXT_ASSEMBLY_USAGE_OCCURRENCE('2','','aussenteil.3.3',#92920,
#89660,'');
#93100=PRODUCT_DEFINITION_SHAPE('','',#93090);
#93110=CONTEXT_DEPENDENT_SHAPE_REPRESENTATION(#93080,#93100);
#93120=(REPRESENTATION_RELATIONSHIP('','',#86970,#93020) 
REPRESENTATION_RELATIONSHIP_WITH_TRANSFORMATION(#87160) 
SHAPE_REPRESENTATION_RELATIONSHIP());
#93130=NEXT_ASSEMBLY_USAGE_OCCURRENCE('3','','aussenteil.3.1.1.3',#92920
,#86870,'');
#93140=PRODUCT_DEFINITION_SHAPE('','',#93130);
#93150=CONTEXT_DEPENDENT_SHAPE_REPRESENTATION(#93120,#93140);
#93160=(REPRESENTATION_RELATIONSHIP('','',#84180,#93020) 
REPRESENTATION_RELATIONSHIP_WITH_TRANSFORMATION(#84370) 
SHAPE_REPRESENTATION_RELATIONSHIP());
#93170=NEXT_ASSEMBLY_USAGE_OCCURRENCE('4','','aussenteil.1',#92920,
#84080,'');
#93180=PRODUCT_DEFINITION_SHAPE('','',#93170);
#93190=CONTEXT_DEPENDENT_SHAPE_REPRESENTATION(#93160,#93180);
#93200=CARTESIAN_POINT('',(-10.325022,1.50000002117068E-5,
1.97000000000044));
#93210=DIRECTION('',(-1.,1.44328993201264E-14,-1.39888101102774E-14));
#93220=DIRECTION('',(-1.44328993201268E-14,-1.,2.8421709430404E-14));
#93230=AXIS2_PLACEMENT_3D('',#93200,#93210,#93220);
#93240=ITEM_DEFINED_TRANSFORMATION('Bohrlochdurchmesser','',#80490,
#93230);
#93250=APPLICATION_CONTEXT(' ');
#93260=APPLICATION_PROTOCOL_DEFINITION(' ','automotive_design',1998,
#93250);
#93270=PRODUCT_CONTEXT('',#93250,'mechanical');
#93280=PRODUCT_DEFINITION_CONTEXT('part definition',#93250,'design');
#93290=PRODUCT('MC_0.5_2-G-2.54_P20_THR_R24',
'MC_0.5_2-G-2.54_P20_THR_R24','',(#93270));
#93300=PRODUCT_RELATED_PRODUCT_CATEGORY('part',' ',(#93290));
#93310=PRODUCT_DEFINITION_FORMATION_WITH_SPECIFIED_SOURCE('','',#93290,
.BOUGHT.);
#93320=PRODUCT_DEFINITION('',' ',#93310,#93280);
#93330=PRODUCT_DEFINITION_SHAPE('','',#93320);
#93340=DIMENSIONAL_EXPONENTS(1.,0.,0.,0.,0.,0.,0.);
#93350=DIMENSIONAL_EXPONENTS(0.,0.,0.,0.,0.,0.,0.);
#93360=DIMENSIONAL_EXPONENTS(0.,0.,0.,0.,0.,0.,0.);
#93370=(LENGTH_UNIT() NAMED_UNIT(*) SI_UNIT(.MILLI.,.METRE.));
#93380=(NAMED_UNIT(*) PLANE_ANGLE_UNIT() SI_UNIT($,.RADIAN.));
#93390=(NAMED_UNIT(*) SI_UNIT($,.STERADIAN.) SOLID_ANGLE_UNIT());
#93400=(GEOMETRIC_REPRESENTATION_CONTEXT(3) 
GLOBAL_UNCERTAINTY_ASSIGNED_CONTEXT((#93410)) 
GLOBAL_UNIT_ASSIGNED_CONTEXT((#93370,#93380,#93390)) 
REPRESENTATION_CONTEXT('',''));
#93410=UNCERTAINTY_MEASURE_WITH_UNIT(LENGTH_MEASURE(1.E-6),#93370,
'distance_accuracy_value','maximum gap value');
#93420=SHAPE_REPRESENTATION('',(#80490,#93230,#81570),#93400);
#93430=SHAPE_DEFINITION_REPRESENTATION(#93330,#93420);
#93440=(REPRESENTATION_RELATIONSHIP('','',#93020,#93420) 
REPRESENTATION_RELATIONSHIP_WITH_TRANSFORMATION(#93240) 
SHAPE_REPRESENTATION_RELATIONSHIP());
#93450=NEXT_ASSEMBLY_USAGE_OCCURRENCE('5','','Bohrlochdurchmesser',
#93320,#92920,'');
#93460=PRODUCT_DEFINITION_SHAPE('','',#93450);
#93470=CONTEXT_DEPENDENT_SHAPE_REPRESENTATION(#93440,#93460);
#93480=(REPRESENTATION_RELATIONSHIP('','',#80670,#93420) 
REPRESENTATION_RELATIONSHIP_WITH_TRANSFORMATION(#81580) 
SHAPE_REPRESENTATION_RELATIONSHIP());
#93490=NEXT_ASSEMBLY_USAGE_OCCURRENCE('6','','MC_0.5_2-G-2.54',#93320,
#80570,'');
#93500=PRODUCT_DEFINITION_SHAPE('','',#93490);
#93510=CONTEXT_DEPENDENT_SHAPE_REPRESENTATION(#93480,#93500);
ENDSEC;
END-ISO-10303-21;
